#VRML V2.0 utf8
# 3D model generated by easyeda2kicad.py (https://github.com/uPesy/easyeda2kicad.py)

Shape{
    appearance Appearance {
        material  Material 	{
            diffuseColor 1.0 0.7450980392156863 0.3411764705882353
            specularColor 0.5019607843137255 0.37254901960784315 0.16862745098039217
            ambientIntensity 0.7753
            transparency 0.0
            shininess 0.5
        }
    }
    geometry IndexedFaceSet {
        ccw TRUE
        solid FALSE
        coord DEF co Coordinate {
            point [
                -0.0547 0.8957 0.5519, -0.038 0.8957 0.552, -0.038 0.8957 0.5515, -0.0012 0.8957 0.6094, 0.0221 0.8957 0.5515, -0.0064 0.8957 0.5515, 0.0908 0.8957 0.5524, 0.0928 0.8957 0.5531, 0.0928 0.8957 0.5515, 1.4169 0.8957 0.8735, 1.6929 0.8957 0.8735, 1.6929 0.8957 0.7604, 0.1406 0.8957 0.7578, 0.1327 0.8957 0.7604, 0.1604 0.8957 0.7604, 0.2845 0.8957 0.6697, 0.2791 0.8957 0.6561, 0.2426 0.8957 0.6561, 0.4621 0.8957 0.5545, 0.4638 0.8957 0.5515, 0.2426 0.8957 0.5515, 0.469 0.8957 0.5419, 0.4723 0.8957 0.5382, 0.2426 0.8957 0.5382, 0.3113 0.8957 0.6991, 0.296 0.8957 0.686, 0.2426 0.8957 0.7604, 0.3711 0.8957 0.7604, 0.3614 0.8957 0.7538, 0.3427 0.8957 0.7318, 0.331 0.8957 0.7086, 0.3282 0.8957 0.7077, 0.4152 0.8957 0.7813, 0.3867 0.8957 0.771, 0.2426 0.8957 1.1024, 0.4386 0.8957 0.7839, 0.5092 0.8957 0.7604, 0.5071 0.8957 0.7622, 1.1656 0.8957 1.1024, 0.4931 0.8957 0.7707, 0.4668 0.8957 0.7807, 0.5678 0.8957 0.736, 0.5454 0.8957 0.7386, 1.1656 0.8957 0.679, 0.6317 0.8957 0.679, 1.1656 0.8957 0.7604, 0.6249 0.8957 0.6943, 0.611 0.8957 0.7117, 0.5205 0.8957 0.7509, 0.5388 0.8957 0.7382, 0.5323 0.8957 0.7374, 0.6072 0.8957 0.7153, 0.589 0.8957 0.7279, 0.5971 0.8957 0.5695, 0.6148 0.8957 0.5848, 1.1656 0.8957 0.5515, 0.5766 0.8957 0.5594, 0.6276 0.8957 0.6034, 0.6357 0.8957 0.6247, 1.1656 0.8957 0.6561, 0.6383 0.8957 0.647, 0.6381 0.8957 0.6525, 0.6374 0.8957 0.6561, 0.6341 0.8957 0.6738, 0.5694 0.8957 0.5572, 0.5669 0.8957 0.5515, 0.5638 0.8957 0.5449, 1.1656 0.8957 0.5382, 0.5585 0.8957 0.5382, 0.5554 0.8957 0.5344, 1.1656 0.8957 0.3771, 0.5443 0.8957 0.5259, 0.4777 0.8957 0.5323, 0.2426 0.8957 0.3771, 0.4891 0.8957 0.5245, 0.5018 0.8957 0.5197, 0.5156 0.8957 0.5181, 0.5178 0.8957 0.5181, 0.5312 0.8957 0.5203, 0.3891 0.8957 0.5879, 0.3852 0.8957 0.5894, 0.3783 0.8957 0.6218, 0.4723 0.8957 0.6128, 0.3957 0.8957 0.6521, 0.4822 0.8957 0.622, 0.4942 0.8957 0.6285, 0.3926 0.8957 0.5855, 0.3107 0.8957 0.6384, 0.3133 0.8957 0.6493, 0.3169 0.8957 0.6561, 0.6013 0.8957 0.6561, 0.2852 0.8957 0.5954, 0.2966 0.8957 0.5797, 0.3122 0.8957 0.5667, 0.3296 0.8957 0.5583, 0.3808 0.8957 0.59, 0.3802 0.8957 0.5899, 0.3785 0.8957 0.5895, 0.2776 0.8957 0.6523, 0.2751 0.8957 0.6336, 0.2779 0.8957 0.6134, 0.5977 0.8957 0.6251, 0.5911 0.8957 0.6136, 0.5622 0.8957 0.6075, 0.581 0.8957 0.603, 0.5686 0.8957 0.5953, 0.5411 0.8957 0.6262, 0.5528 0.8957 0.6182, 0.6024 0.8957 0.6479, 0.6018 0.8957 0.639, 0.5285 0.8957 0.6309, 0.5148 0.8957 0.6325, 0.5079 0.8957 0.632, 0.3222 0.8957 0.6033, 0.3159 0.8957 0.6121, 0.3119 0.8957 0.6222, 0.3104 0.8957 0.6333, 0.3985 0.8957 0.5725, 0.3984 0.8957 0.5747, 0.4583 0.8957 0.5803, 0.3972 0.8957 0.579, 0.395 0.8957 0.5829, 0.3891 0.8957 0.5567, 0.3928 0.8957 0.5594, 0.3941 0.8957 0.5607, 0.3966 0.8957 0.5643, 0.398 0.8957 0.5682, 0.4587 0.8957 0.5686, 0.4583 0.8957 0.5746, 0.3774 0.8957 0.5894, 0.3517 0.8957 0.5892, 0.3414 0.8957 0.5911, 0.3486 0.8957 0.5544, 0.3822 0.8957 0.5547, 0.3854 0.8957 0.5552, 0.3314 0.8957 0.5957, 0.3229 0.8957 0.6025, 0.3591 0.8957 0.6781, 0.5956 0.8957 0.6744, 0.6006 0.8957 0.6617, 0.3545 0.8957 0.678, 0.3186 0.8957 0.6592, 0.325 0.8957 0.6665, 0.3338 0.8957 0.6727, 0.3437 0.8957 0.6766, 0.3712 0.8957 0.7124, 0.3839 0.8957 0.7279, 0.5149 0.8957 0.6957, 0.3852 0.8957 0.7291, 0.4012 0.8957 0.7403, 0.5061 0.8957 0.7136, 0.5923 0.8957 0.679, 0.5189 0.8957 0.6979, 0.3593 0.8957 0.679, 0.3625 0.8957 0.6941, 0.5316 0.8957 0.7026, 0.5451 0.8957 0.7044, 0.5511 0.8957 0.7042, 0.4932 0.8957 0.7288, 0.419 0.8957 0.7473, 0.4779 0.8957 0.7398, 0.4383 0.8957 0.7498, 0.4593 0.8957 0.7472, 0.5652 0.8957 0.7009, 0.5779 0.8957 0.6942, 0.5876 0.8957 0.6856, 0.2911 0.8957 0.679, 0.2426 0.8957 0.679, 0.1708 0.8957 0.5987, 0.1709 0.8957 0.5895, 0.1652 0.8957 0.5515, 0.1684 0.8957 0.6243, 0.1993 0.8957 0.6245, 0.1995 0.8957 0.5989, 0.2101 0.8957 0.5537, 0.2097 0.8957 0.5515, 0.1995 0.8957 0.5897, 0.1997 0.8957 0.5628, 0.167 0.8957 0.5626, 0.1671 0.8957 0.5534, 0.2097 0.8957 0.5537, 0.2097 0.8957 0.6173, 0.2097 0.8957 0.6561, 0.2096 0.8957 0.6338, 0.1652 0.8957 0.6561, 0.1683 0.8957 0.6335, -0.038 0.8957 0.679, -0.0401 0.8957 0.679, -0.0623 0.8957 0.7361, -0.0401 0.8957 0.679, -0.038 0.8957 0.6561, -0.0515 0.8957 0.6789, -0.0623 0.8957 0.6561, -0.0515 0.8957 0.679, -0.0623 0.8957 0.679, -0.0623 0.8957 0.7007, -0.0593 0.8957 0.7008, -1.3021 0.8957 0.7604, -0.0822 0.8957 0.7588, -1.3021 0.8957 0.679, -0.1119 0.8957 0.679, -1.3021 0.8957 0.6561, -0.1121 0.8957 0.6785, -0.0927 0.8957 0.7005, -0.1005 0.8957 0.679, -0.1007 0.8957 0.6786, 0.0371 0.8957 0.7604, 0.0564 0.8957 0.7604, 0.0459 0.8957 0.7597, 0.0564 0.8957 0.7598, 0.0564 0.8957 0.7249, 0.0485 0.8957 0.7249, 0.046 0.8957 0.7505, 0.0485 0.8957 0.7157, 0.0371 0.8957 0.679, 0.0564 0.8957 0.7505, 0.0769 0.8957 0.7507, 0.0771 0.8957 0.7251, 0.0878 0.8957 0.6799, 0.0928 0.8957 0.679, 0.0564 0.8957 0.679, 0.0872 0.8957 0.76, 0.0928 0.8957 0.7604, 0.0772 0.8957 0.7159, 0.0774 0.8957 0.689, 0.0564 0.8957 0.7157, 0.0564 0.8957 0.6888, 0.0446 0.8957 0.6887, 0.0447 0.8957 0.6796, 0.0564 0.8957 0.6797, 0.1105 0.8957 0.7604, 0.1032 0.8957 0.7582, 0.1033 0.8957 0.7474, 0.1037 0.8957 0.6932, 0.1038 0.8957 0.6833, 0.1051 0.8957 0.6827, 0.1137 0.8957 0.6799, 0.1234 0.8957 0.679, 0.1201 0.8957 0.6882, 0.1112 0.8957 0.6899, 0.1526 0.8957 0.7187, 0.1526 0.8957 0.7195, 0.1453 0.8957 0.7421, 0.149 0.8957 0.7363, 0.1516 0.8957 0.7291, 0.1049 0.8957 0.7482, 0.1131 0.8957 0.7512, 0.1433 0.8957 0.695, 0.1381 0.8957 0.6913, 0.1221 0.8957 0.7522, 0.1257 0.8957 0.7521, 0.1326 0.8957 0.7507, 0.1449 0.8957 0.6966, 0.1514 0.8957 0.7089, 0.1489 0.8957 0.7024, 0.1324 0.8957 0.689, 0.1244 0.8957 0.688, 0.1389 0.8957 0.7478, 0.144 0.8957 0.7435, 0.1604 0.8957 1.1024, 0.132 0.8957 0.7607, 0.1222 0.8957 0.7616, 0.0928 0.8957 1.1024, 0.1109 0.8957 0.7605, 0.1212 0.8957 0.7616, 0.1571 0.8957 0.7432, 0.1517 0.8957 0.75, 0.1487 0.8957 0.7527, 0.1652 0.8957 0.679, 0.1604 0.8957 0.679, 0.1604 0.8957 0.7019, 0.1652 0.8957 0.7604, 0.1611 0.8957 0.7344, 0.1604 0.8957 0.7359, 0.162 0.8957 0.7061, 0.1635 0.8957 0.719, 0.1632 0.8957 0.7242, 0.1311 0.8957 0.6791, 0.1397 0.8957 0.681, 0.1472 0.8957 0.6847, 0.1534 0.8957 0.6899, 0.1541 0.8957 0.6908, 0.1588 0.8957 0.6977, 0.1299 0.8957 0.679, 0.1604 0.8957 0.6561, 0.126 0.8957 0.6788, 0.0928 0.8957 0.6561, 0.1669 0.8957 0.6896, 0.167 0.8957 0.6805, 0.2097 0.8957 0.679, 0.2092 0.8957 0.6808, 0.1983 0.8957 0.7608, 0.1983 0.8957 0.7604, 0.1988 0.8957 0.6898, 0.1652 0.8957 1.1024, 0.2087 0.8957 0.7608, 0.2097 0.8957 0.7604, 0.2087 0.8957 0.7604, 1.3188 0.8957 1.1024, -0.0711 0.8957 0.7588, -0.0623 0.8957 0.7604, -1.1239 0.8957 0.8735, -1.3021 0.8957 0.8735, -0.0623 0.8957 0.2362, -1.0259 0.8957 0.2362, -1.0862 0.8957 0.3771, 1.3792 0.8957 0.3771, 1.3188 0.8957 0.2362, 1.4169 0.8957 0.4651, -0.038 0.8957 0.7604, -0.0064 0.8957 0.7604, -0.0072 0.8957 0.7577, -0.0334 0.8957 0.705, -0.0293 0.8957 0.6968, -0.0356 0.8957 0.7142, -0.0064 0.8957 0.681, -0.0064 0.8957 0.679, -0.0151 0.8957 0.6843, -0.0236 0.8957 0.6903, -0.0167 0.8957 0.7538, -0.024 0.8957 0.7486, -0.0276 0.8957 0.7449, -0.0323 0.8957 0.7376, -0.035 0.8957 0.7297, -0.0359 0.8957 0.7201, 0.0062 0.8957 0.7594, -0.0064 0.8957 0.7578, -0.0059 0.8957 0.6808, 0.0075 0.8957 0.6793, 0.0296 0.8957 0.6795, 0.029 0.8957 0.7596, 0.0979 0.8957 0.555, 0.0978 0.8957 0.5653, 0.1115 0.8957 0.553, 0.1265 0.8957 0.5562, 0.1301 0.8957 0.5539, 0.1215 0.8957 0.5531, 0.0939 0.8957 0.5629, 0.0928 0.8957 0.5624, 0.0928 0.8957 0.5837, 0.1294 0.8957 0.6032, 0.1328 0.8957 0.6035, 0.1383 0.8957 0.5872, 0.0948 0.8957 0.5856, 0.0961 0.8957 0.5877, 0.0972 0.8957 0.5908, 0.1535 0.8957 0.5803, 0.1506 0.8957 0.5829, 0.1516 0.8957 0.5968, 0.1465 0.8957 0.5851, 0.1447 0.8957 0.601, 0.1384 0.8957 0.603, 0.0932 0.8957 0.5839, 0.1215 0.8957 0.562, 0.1218 0.8957 0.562, 0.1233 0.8957 0.5596, 0.1557 0.8957 0.5607, 0.1569 0.8957 0.5641, 0.1604 0.8957 0.5515, 0.1574 0.8957 0.5687, 0.1213 0.8957 0.5895, 0.1216 0.8957 0.5939, 0.1226 0.8957 0.5975, 0.1238 0.8957 0.5996, 0.1393 0.8957 0.5519, 0.1453 0.8957 0.5526, 0.1492 0.8957 0.5541, 0.1525 0.8957 0.5565, 0.1536 0.8957 0.5576, 0.0976 0.8957 0.5947, 0.1122 0.8957 0.5983, 0.1113 0.8957 0.5898, 0.1486 0.8957 0.6081, 0.1515 0.8957 0.6065, 0.1569 0.8957 0.5733, 0.1556 0.8957 0.577, 0.1253 0.8957 0.6012, 0.1271 0.8957 0.6023, 0.1409 0.8957 0.6108, 0.1318 0.8957 0.6117, 0.1249 0.8957 0.6109, 0.1342 0.8957 0.5524, 0.1209 0.8957 0.6095, 0.1177 0.8957 0.6074, 0.094 0.8957 0.6042, 0.0971 0.8957 0.5983, 0.0959 0.8957 0.6015, 0.1138 0.8957 0.6026, 0.1159 0.8957 0.6057, 0.0928 0.8957 0.5382, 0.0564 0.8957 0.5382, 0.0564 0.8957 0.5515, 0.0824 0.8957 0.5515, 0.0827 0.8957 0.5515, 0.0822 0.8957 0.5515, 0.0737 0.8957 0.5524, 0.0617 0.8957 0.6087, 0.0617 0.8957 0.5989, 0.0911 0.8957 0.6069, 0.0886 0.8957 0.6083, 0.0928 0.8957 0.6053, 0.0597 0.8957 0.5642, 0.061 0.8957 0.561, 0.0628 0.8957 0.5584, 0.0832 0.8957 0.6104, 0.0752 0.8957 0.6113, 0.0564 0.8957 0.6561, 0.0692 0.8957 0.6108, 0.0625 0.8957 0.5777, 0.0606 0.8957 0.5749, 0.0596 0.8957 0.572, 0.0592 0.8957 0.5682, 0.0657 0.8957 0.5559, 0.0684 0.8957 0.5544, 0.0762 0.8957 0.6031, 0.0792 0.8957 0.6029, 0.0872 0.8957 0.5955, 0.0819 0.8957 0.6023, 0.0841 0.8957 0.6011, 0.0871 0.8957 0.5942, 0.0868 0.8957 0.5926, 0.086 0.8957 0.5913, 0.0851 0.8957 0.5902, 0.0816 0.8957 0.588, 0.0696 0.8957 0.6023, 0.0754 0.8957 0.5852, 0.064 0.8957 0.6002, 0.0715 0.8957 0.5836, 0.0649 0.8957 0.5799, 0.0857 0.8957 0.5997, 0.0865 0.8957 0.5985, 0.087 0.8957 0.5971, 0.0877 0.8957 0.5604, 0.0825 0.8957 0.578, 0.0885 0.8957 0.5808, 0.0814 0.8957 0.5597, 0.0809 0.8957 0.5597, 0.0759 0.8957 0.5752, 0.0758 0.8957 0.5602, 0.0695 0.8957 0.5673, 0.0696 0.8957 0.5686, 0.0732 0.8957 0.5611, 0.0723 0.8957 0.5617, 0.0711 0.8957 0.5627, 0.0702 0.8957 0.564, 0.0697 0.8957 0.5654, 0.07 0.8957 0.5701, 0.0708 0.8957 0.5715, 0.072 0.8957 0.5728, 0.0278 0.8957 0.5667, 0.0266 0.8957 0.5619, 0.0264 0.8957 0.5619, -0.0064 0.8957 0.6561, 0.0371 0.8957 0.6561, 0.0092 0.8957 0.6095, 0.0371 0.8957 0.5939, 0.0251 0.8957 0.5666, 0.0259 0.8957 0.5639, 0.0371 0.8957 0.5515, 0.0371 0.8957 0.5667, 0.0537 0.8957 0.6098, 0.0425 0.8957 0.6097, 0.0317 0.8957 0.5526, 0.0321 0.8957 0.5515, 0.0361 0.8957 0.5422, 0.0385 0.8957 0.5382, 0.0381 0.8957 0.5387, 0.0371 0.8957 0.5405, 0.0441 0.8957 0.5345, 0.0418 0.8957 0.5353, 0.04 0.8957 0.5366, 0.0521 0.8957 0.5354, 0.0501 0.8957 0.5347, 0.0465 0.8957 0.5342, 0.0377 0.8957 0.5276, 0.0417 0.8957 0.5261, 0.0371 0.8957 0.3771, 0.0457 0.8957 0.5256, 0.0564 0.8957 0.3771, 0.048 0.8957 0.5257, 0.0522 0.8957 0.5265, -0.0064 0.8957 0.5382, 0.0281 0.8957 0.5382, 0.0298 0.8957 0.535, -0.0064 0.8957 0.3771, 0.0335 0.8957 0.5306, 0.0342 0.8957 0.53, 0.0371 0.8957 0.528, 0.0252 0.8957 0.5438, -0.0222 0.8957 0.5882, -0.022 0.8957 0.5612, -0.038 0.8957 0.5881, -0.038 0.8957 0.5611, -0.0508 0.8957 0.588, -0.0623 0.8957 0.5515, -0.0547 0.8957 0.561, -0.0509 0.8957 0.5971, -0.0534 0.8957 0.6227, -0.038 0.8957 0.5972, -0.038 0.8957 0.6228, -0.0225 0.8957 0.623, -0.0223 0.8957 0.5973, -0.0122 0.8957 0.6322, -0.038 0.8957 0.6321, -0.0534 0.8957 0.6319, -0.0116 0.8957 0.5522, -0.0704 0.8957 0.6318, -0.0698 0.8957 0.5518, -0.0918 0.8957 0.5516, -0.1286 0.8957 0.5691, -0.123 0.8957 0.5626, -0.1395 0.8957 0.5515, -0.1144 0.8957 0.5566, -0.1053 0.8957 0.5531, -0.1705 0.8957 0.6311, -0.1815 0.8957 0.631, -0.1344 0.8957 0.6019, -0.1353 0.8957 0.5924, -0.1349 0.8957 0.5865, -0.1328 0.8957 0.5773, -0.1234 0.8957 0.6208, -0.127 0.8957 0.6171, -0.1317 0.8957 0.6099, -0.0932 0.8957 0.6317, -0.1066 0.8957 0.6299, -0.1161 0.8957 0.6261, -0.1394 0.8957 0.5513, -0.0623 0.8957 0.5382, -0.1509 0.8957 0.5512, -0.151 0.8957 0.5515, -0.2001 0.8957 0.5508, -0.2115 0.8957 0.5508, -1.3021 0.8957 0.5382, -0.2112 0.8957 0.5515, -1.3021 0.8957 0.5515, -0.1998 0.8957 0.5515, -0.192 0.8957 0.5728, -0.1587 0.8957 0.573, 0.0564 0.8957 1.1024, 0.0371 0.8957 1.1024, -0.0064 0.8957 1.1024, -0.038 0.8957 1.1024, -0.0623 0.8957 1.1024, -1.0259 0.8957 1.1024, 0.2097 0.8957 1.1024, 0.2097 0.8957 0.5382, 0.1652 0.8957 0.5382, 0.1604 0.8957 0.5382, 1.6929 0.8957 0.679, 1.6929 0.8957 0.6561, 1.6929 0.8957 0.5515, 1.6929 0.8957 0.5382, 1.6929 0.8957 0.4651, -0.038 0.8957 0.5382, -0.0623 0.8957 0.3771, -0.038 0.8957 0.3771, 0.2097 0.8957 0.3771, 0.1652 0.8957 0.3771, 0.1604 0.8957 0.3771, 0.0928 0.8957 0.3771, 1.1656 0.8957 0.2362, 0.2426 0.8957 0.2362, 0.2097 0.8957 0.2362, 0.1652 0.8957 0.2362, 0.1604 0.8957 0.2362, 0.0928 0.8957 0.2362, 0.0564 0.8957 0.2362, 0.0371 0.8957 0.2362, -0.0064 0.8957 0.2362, -0.038 0.8957 0.2362, -1.1239 0.8957 0.4651, -1.3021 0.8957 0.4651
            ]
        }
        coordIndex [
            0,1,2,-1,3,4,5,-1,6,7,8,-1,9,10,11,-1,12,13,14,-1,15,16,17,-1,18,19,20,-1,21,22,23,-1,24,25,26,-1,27,28,26,-1,26,28,29,-1,29,30,26,-1,26,30,31,-1,26,31,24,-1,32,33,34,-1,32,34,35,-1,36,37,38,-1,38,37,39,-1,38,39,34,-1,34,39,40,-1,34,40,35,-1,41,42,36,-1,43,44,45,-1,45,44,46,-1,45,46,47,-1,36,42,48,-1,48,42,49,-1,48,49,50,-1,47,51,45,-1,45,51,52,-1,45,52,41,-1,53,54,55,-1,53,55,56,-1,54,57,55,-1,55,57,58,-1,55,58,59,-1,59,58,60,-1,60,61,59,-1,59,61,62,-1,59,62,43,-1,43,62,63,-1,43,63,44,-1,64,56,65,-1,65,56,55,-1,65,55,66,-1,66,55,67,-1,66,67,68,-1,68,67,69,-1,70,71,69,-1,22,72,73,-1,73,72,74,-1,73,74,75,-1,75,76,73,-1,73,76,77,-1,73,77,70,-1,70,77,78,-1,70,78,71,-1,21,23,19,-1,79,80,81,-1,82,83,84,-1,84,83,85,-1,79,81,86,-1,87,88,83,-1,83,88,89,-1,83,89,90,-1,91,92,20,-1,20,92,93,-1,20,93,94,-1,80,95,81,-1,81,95,96,-1,81,96,97,-1,16,98,17,-1,17,98,99,-1,17,99,20,-1,20,99,100,-1,20,100,91,-1,101,102,103,-1,103,102,104,-1,103,104,105,-1,106,90,107,-1,107,90,108,-1,107,108,103,-1,103,108,109,-1,103,109,101,-1,106,110,90,-1,90,110,111,-1,90,111,83,-1,83,111,112,-1,83,112,85,-1,113,114,81,-1,81,114,115,-1,81,115,83,-1,83,115,116,-1,83,116,87,-1,117,118,119,-1,119,118,120,-1,119,120,81,-1,81,120,121,-1,81,121,86,-1,122,123,18,-1,18,123,124,-1,124,125,18,-1,18,125,126,-1,18,126,127,-1,127,126,117,-1,127,117,128,-1,128,117,119,-1,97,129,81,-1,81,129,130,-1,81,130,131,-1,94,132,20,-1,20,132,133,-1,20,133,18,-1,18,133,134,-1,18,134,122,-1,131,135,81,-1,81,135,136,-1,81,136,113,-1,137,138,139,-1,139,90,137,-1,137,90,89,-1,137,89,140,-1,140,89,141,-1,141,142,140,-1,140,142,143,-1,140,143,144,-1,145,146,147,-1,146,148,147,-1,147,148,149,-1,147,149,150,-1,151,147,152,-1,138,137,151,-1,151,137,153,-1,151,153,147,-1,147,153,154,-1,147,154,145,-1,152,155,151,-1,151,155,156,-1,151,156,157,-1,150,149,158,-1,158,149,159,-1,158,159,160,-1,160,159,161,-1,160,161,162,-1,163,164,157,-1,157,164,165,-1,157,165,151,-1,25,166,167,-1,167,166,15,-1,168,169,170,-1,171,172,173,-1,174,20,175,-1,176,177,169,-1,169,177,178,-1,169,178,170,-1,170,178,179,-1,170,179,175,-1,175,179,180,-1,175,180,174,-1,20,174,17,-1,17,174,181,-1,17,181,182,-1,182,181,183,-1,182,183,184,-1,184,183,185,-1,184,185,171,-1,186,187,188,-1,189,190,191,-1,191,190,192,-1,191,192,193,-1,192,194,193,-1,193,194,195,-1,193,195,196,-1,197,198,199,-1,199,198,200,-1,199,200,201,-1,201,200,202,-1,203,195,204,-1,204,195,194,-1,204,194,205,-1,205,194,192,-1,206,207,208,-1,208,207,209,-1,210,211,212,-1,213,214,211,-1,211,214,206,-1,211,206,212,-1,212,206,208,-1,212,215,210,-1,210,215,216,-1,210,216,217,-1,218,219,220,-1,209,207,221,-1,221,207,222,-1,221,222,218,-1,223,224,225,-1,225,224,226,-1,225,226,213,-1,213,226,227,-1,213,227,214,-1,214,227,228,-1,214,228,220,-1,220,228,229,-1,220,229,218,-1,230,231,222,-1,222,231,232,-1,233,234,219,-1,234,235,219,-1,219,235,236,-1,219,236,237,-1,238,239,240,-1,240,239,233,-1,240,233,241,-1,242,243,233,-1,233,243,244,-1,233,244,241,-1,218,222,219,-1,219,222,232,-1,219,232,233,-1,233,232,245,-1,233,245,246,-1,240,247,248,-1,246,249,233,-1,233,249,250,-1,233,250,251,-1,247,240,252,-1,252,240,253,-1,252,253,254,-1,248,255,240,-1,240,255,256,-1,240,256,238,-1,251,257,233,-1,233,257,258,-1,233,258,242,-1,259,260,261,-1,262,263,230,-1,259,261,262,-1,262,261,264,-1,262,264,263,-1,265,266,14,-1,14,266,267,-1,14,267,12,-1,268,269,270,-1,271,272,14,-1,14,272,273,-1,14,273,265,-1,270,274,268,-1,268,274,275,-1,268,275,271,-1,271,275,276,-1,271,276,272,-1,277,278,269,-1,269,278,279,-1,269,279,280,-1,280,281,269,-1,269,281,282,-1,269,282,270,-1,283,284,285,-1,285,284,286,-1,285,286,237,-1,271,287,268,-1,268,287,288,-1,268,288,289,-1,289,288,290,-1,291,292,271,-1,271,292,293,-1,271,293,287,-1,291,294,295,-1,295,294,296,-1,295,296,297,-1,41,36,45,-1,45,36,38,-1,45,38,298,-1,299,198,300,-1,300,198,197,-1,300,197,301,-1,301,197,302,-1,303,304,305,-1,70,306,307,-1,69,67,70,-1,70,67,308,-1,70,308,306,-1,309,310,311,-1,312,313,186,-1,312,186,314,-1,315,316,317,-1,317,316,186,-1,317,186,318,-1,318,186,313,-1,311,319,309,-1,309,319,320,-1,309,320,321,-1,321,322,309,-1,309,322,323,-1,309,323,324,-1,299,300,188,-1,188,300,309,-1,188,309,186,-1,186,309,324,-1,186,324,314,-1,206,325,310,-1,310,325,326,-1,310,326,311,-1,315,327,316,-1,316,327,328,-1,316,328,214,-1,214,328,329,-1,214,329,206,-1,206,329,330,-1,206,330,325,-1,331,332,333,-1,334,335,336,-1,337,338,339,-1,340,341,342,-1,343,344,332,-1,332,344,345,-1,332,345,333,-1,346,347,348,-1,348,347,349,-1,348,349,350,-1,350,349,342,-1,350,342,351,-1,351,342,341,-1,337,339,332,-1,332,339,352,-1,332,352,343,-1,353,354,336,-1,336,354,355,-1,336,355,334,-1,356,357,358,-1,358,357,359,-1,360,361,342,-1,342,361,362,-1,342,362,363,-1,8,364,358,-1,358,364,365,-1,358,365,366,-1,366,367,358,-1,358,367,368,-1,358,368,356,-1,369,370,345,-1,345,370,371,-1,345,371,333,-1,372,284,373,-1,373,284,374,-1,373,374,348,-1,348,374,375,-1,348,375,346,-1,363,376,342,-1,342,376,377,-1,342,377,340,-1,372,378,284,-1,284,378,379,-1,284,379,380,-1,335,381,336,-1,336,381,364,-1,336,364,333,-1,333,364,8,-1,333,8,331,-1,331,8,7,-1,382,383,384,-1,369,385,370,-1,370,385,386,-1,370,386,387,-1,387,386,384,-1,387,384,388,-1,388,384,383,-1,389,390,391,-1,389,392,393,-1,392,389,394,-1,394,389,391,-1,394,391,395,-1,396,397,391,-1,398,399,286,-1,380,382,284,-1,284,382,384,-1,284,384,286,-1,286,384,400,-1,286,400,398,-1,401,402,391,-1,391,402,403,-1,399,404,286,-1,286,404,405,-1,286,405,406,-1,406,405,407,-1,406,407,396,-1,408,409,397,-1,397,409,410,-1,397,410,391,-1,391,410,411,-1,391,411,401,-1,403,412,391,-1,391,412,413,-1,391,413,395,-1,414,415,416,-1,416,415,417,-1,416,417,418,-1,416,419,414,-1,414,419,420,-1,414,420,421,-1,421,422,414,-1,414,422,423,-1,414,423,424,-1,424,423,425,-1,424,425,426,-1,426,425,427,-1,426,427,397,-1,397,427,428,-1,397,428,408,-1,429,430,418,-1,418,430,431,-1,418,431,416,-1,432,433,338,-1,338,433,434,-1,338,434,339,-1,432,435,433,-1,433,435,436,-1,433,436,437,-1,437,436,438,-1,437,439,440,-1,438,441,437,-1,437,441,442,-1,437,442,443,-1,443,444,437,-1,437,444,445,-1,437,445,439,-1,440,446,437,-1,437,446,447,-1,437,447,448,-1,449,450,451,-1,452,453,454,-1,454,453,455,-1,454,455,456,-1,456,455,449,-1,456,449,457,-1,457,449,451,-1,458,459,391,-1,391,459,460,-1,396,391,406,-1,406,391,460,-1,406,460,453,-1,453,460,461,-1,453,461,455,-1,462,459,463,-1,463,459,458,-1,463,458,464,-1,390,465,391,-1,391,465,466,-1,391,466,458,-1,458,466,467,-1,458,467,464,-1,468,469,470,-1,390,471,465,-1,465,471,472,-1,465,472,470,-1,470,472,473,-1,470,473,468,-1,474,475,476,-1,476,475,477,-1,476,477,478,-1,478,477,479,-1,478,479,480,-1,481,482,483,-1,481,483,484,-1,483,485,484,-1,484,485,486,-1,484,486,476,-1,476,486,487,-1,476,487,474,-1,5,4,481,-1,481,4,488,-1,481,488,482,-1,489,490,491,-1,491,490,492,-1,491,492,493,-1,494,192,495,-1,492,495,493,-1,493,495,192,-1,493,192,496,-1,496,192,497,-1,496,497,498,-1,497,499,498,-1,498,499,500,-1,498,500,501,-1,452,502,190,-1,190,502,503,-1,190,503,192,-1,192,503,504,-1,192,504,497,-1,454,3,452,-1,452,3,5,-1,452,5,502,-1,502,5,505,-1,506,192,507,-1,507,192,494,-1,507,494,508,-1,509,510,511,-1,511,510,512,-1,511,512,513,-1,192,514,515,-1,516,517,514,-1,514,517,518,-1,514,518,511,-1,511,518,519,-1,511,519,509,-1,520,521,514,-1,514,521,522,-1,514,522,516,-1,506,523,192,-1,192,523,524,-1,192,524,514,-1,514,524,525,-1,514,525,520,-1,513,508,511,-1,511,508,494,-1,511,494,526,-1,526,494,527,-1,526,527,528,-1,529,528,530,-1,530,528,527,-1,530,527,531,-1,531,527,532,-1,531,532,533,-1,533,532,534,-1,533,534,515,-1,515,534,201,-1,515,201,192,-1,192,201,202,-1,192,202,205,-1,530,535,529,-1,529,535,536,-1,529,536,537,-1,230,222,262,-1,262,222,207,-1,262,207,538,-1,538,207,206,-1,538,206,539,-1,539,206,310,-1,539,310,540,-1,540,310,309,-1,540,309,541,-1,541,309,300,-1,541,300,542,-1,542,300,301,-1,542,301,543,-1,291,271,294,-1,294,271,14,-1,294,14,259,-1,259,14,13,-1,259,13,260,-1,294,544,296,-1,296,544,34,-1,296,34,26,-1,26,34,33,-1,26,33,27,-1,25,167,26,-1,26,167,289,-1,26,289,296,-1,296,289,290,-1,296,290,297,-1,237,286,219,-1,219,286,406,-1,219,406,220,-1,220,406,453,-1,220,453,214,-1,214,453,452,-1,214,452,316,-1,316,452,190,-1,316,190,186,-1,186,190,189,-1,186,189,187,-1,15,17,167,-1,167,17,182,-1,167,182,289,-1,289,182,184,-1,289,184,268,-1,268,184,284,-1,268,284,269,-1,269,284,283,-1,269,283,277,-1,173,168,171,-1,171,168,170,-1,171,170,184,-1,184,170,358,-1,184,358,284,-1,284,358,359,-1,284,359,374,-1,19,23,20,-1,20,23,545,-1,20,545,175,-1,175,545,546,-1,175,546,170,-1,170,546,547,-1,170,547,358,-1,358,547,389,-1,358,389,8,-1,8,389,393,-1,8,393,6,-1,298,9,45,-1,45,9,11,-1,45,11,43,-1,43,11,548,-1,43,548,59,-1,59,548,549,-1,59,549,55,-1,55,549,550,-1,55,550,67,-1,67,550,551,-1,67,551,308,-1,308,551,552,-1,495,0,494,-1,494,0,2,-1,494,2,527,-1,527,2,553,-1,527,553,554,-1,554,553,555,-1,1,505,2,-1,2,505,5,-1,2,5,553,-1,553,5,481,-1,553,481,555,-1,555,481,484,-1,22,73,23,-1,23,73,556,-1,23,556,545,-1,545,556,557,-1,545,557,546,-1,546,557,558,-1,546,558,547,-1,547,558,559,-1,547,559,389,-1,389,559,478,-1,389,478,390,-1,390,478,480,-1,390,480,471,-1,307,560,70,-1,70,560,561,-1,70,561,73,-1,73,561,562,-1,73,562,556,-1,556,562,563,-1,556,563,557,-1,557,563,564,-1,557,564,558,-1,558,564,565,-1,558,565,559,-1,559,565,566,-1,559,566,478,-1,478,566,567,-1,478,567,476,-1,476,567,568,-1,476,568,484,-1,484,568,569,-1,484,569,555,-1,555,569,303,-1,555,303,554,-1,554,303,305,-1,554,305,527,-1,527,305,570,-1,527,570,532,-1,532,570,571,-1,
        ]
    }
}
Shape{
    appearance Appearance {
        material  Material 	{
            diffuseColor 0.9686274509803922 0.8784313725490196 0.6
            specularColor 0.6784313725490196 0.615686274509804 0.4196078431372549
            ambientIntensity 0.8737
            transparency 0.0
            shininess 0.5
        }
    }
    geometry IndexedFaceSet {
        ccw TRUE
        solid FALSE
        coord DEF co Coordinate {
            point [
                0.9843 -0.2953 -0.2033, 0.9843 -0.2953 -1.1811, 0.9078 -0.2852 -1.1811, 0.9843 0.2953 -1.1811, 0.9843 0.2953 -0.2033, 0.9078 0.2852 -1.1811, 0.9078 0.2852 0.1579, 0.8366 0.2557 -1.1811, 0.8366 0.2557 0.1579, 0.7755 0.2088 -1.1811, 0.7755 0.2088 0.1579, 0.7285 0.1476 -1.1811, 0.7285 0.1476 0.1579, 0.699 0.0764 -1.1811, 0.699 0.0764 0.1579, 0.689 -0.0 -1.1811, 0.689 -0.0 0.1579, 0.699 -0.0764 -1.1811, 0.699 -0.0764 0.1579, 0.7285 -0.1476 -1.1811, 0.7285 -0.1476 0.1579, 0.7755 -0.2088 -1.1811, 0.7755 -0.2088 0.1579, 0.8366 -0.2557 -1.1811, 0.8366 -0.2557 0.1579, 0.9078 -0.2852 0.1579, 0.9843 -0.2953 0.1579, 1.0607 -0.2852 -0.2033, 1.0607 -0.2852 0.1579, 1.1319 -0.2557 -0.2033, 1.1319 -0.2557 0.1579, 1.193 -0.2088 -0.2033, 1.193 -0.2088 0.1579, 1.24 -0.1476 -0.2033, 1.24 -0.1476 0.1579, 1.2695 -0.0764 -0.2033, 1.2695 -0.0764 0.1579, 1.2795 0.0 -0.2033, 1.2795 0.0 0.1579, 1.2695 0.0764 -0.2033, 1.2695 0.0764 0.1579, 1.24 0.1476 -0.2033, 1.24 0.1476 0.1579, 1.193 0.2088 -0.2033, 1.193 0.2088 0.1579, 1.1319 0.2557 -0.2033, 1.1319 0.2557 0.1579, 1.0607 0.2852 -0.2033, 1.0607 0.2852 0.1579, 0.9843 0.2953 0.1579, 0.9843 0.4921 -0.2033, 0.9843 0.4921 -1.1081, 0.8923 0.481 -1.1081, 1.0152 0.4912 -0.2033, 0.892 0.4834 0.3937, 1.0152 0.4912 0.3937, 1.1363 0.468 0.3937, 1.1363 0.468 -0.2033, 1.2479 0.4155 0.3937, 1.2479 0.4155 -0.2033, 1.343 0.3369 0.3937, 1.343 0.3369 -0.2033, 1.4155 0.2371 0.3937, 1.4155 0.2371 -0.2033, 1.4609 0.1224 0.3937, 1.4609 0.1224 -0.2033, 1.4764 0.0 0.3937, 1.4764 0.0 -0.2033, 1.4609 -0.1224 0.3937, 1.4609 -0.1224 -0.2033, 1.4155 -0.2371 0.3937, 1.4155 -0.2371 -0.2033, 1.343 -0.3369 0.3937, 1.343 -0.3369 -0.2033, 1.2479 -0.4155 0.3937, 1.2479 -0.4155 -0.2033, 1.1363 -0.468 0.3937, 1.1363 -0.468 -0.2033, 1.0152 -0.4912 0.3937, 0.892 -0.4834 0.3937, 0.9843 -0.4921 -0.2033, 1.0152 -0.4912 -0.2033, 0.8665 0.4778 -1.1081, 0.7747 0.4453 0.3937, 0.7755 0.4433 -1.1081, 0.7555 0.4358 -1.1081, 0.6706 0.3792 0.3937, 0.6715 0.3778 -1.1081, 0.6579 0.3684 -1.1081, 0.5861 0.2893 0.3937, 0.5871 0.2884 -1.1081, 0.5792 0.2796 -1.1081, 0.5267 0.1812 0.3937, 0.5274 0.1808 -1.1081, 0.496 0.0617 0.3937, 0.496 -0.0617 0.3937, 0.4921 -0.0 0.3937, 0.4957 -0.0593 -1.1081, 0.5241 0.1745 -1.1081, 0.4963 0.0616 -1.1081, 0.4957 0.0593 -1.1081, 0.4963 -0.0616 -1.1081, 0.5241 -0.1745 -1.1081, 0.5267 -0.1812 0.3937, 0.5274 -0.1808 -1.1081, 0.5792 -0.2796 -1.1081, 0.5861 -0.2893 0.3937, 0.5871 -0.2884 -1.1081, 0.6579 -0.3684 -1.1081, 0.6706 -0.3792 0.3937, 0.6715 -0.3778 -1.1081, 0.7555 -0.4358 -1.1081, 0.7747 -0.4453 0.3937, 0.9843 -0.4921 -1.1081, 0.8923 -0.481 -1.1081, 0.8665 -0.4778 -1.1081, 0.7755 -0.4433 -1.1081, 0.9843 -0.4126 -1.1811, 0.8855 -0.4006 -1.1811, 0.7925 -0.3654 -1.1811, 0.7106 -0.3089 -1.1811, 0.6447 -0.2344 -1.1811, 0.5984 -0.1463 -1.1811, 0.5746 -0.0497 -1.1811, 0.5746 0.0497 -1.1811, 0.5984 0.1463 -1.1811, 0.6447 0.2344 -1.1811, 0.7106 0.3089 -1.1811, 0.7925 0.3654 -1.1811, 0.8855 0.4006 -1.1811, 0.9843 0.4126 -1.1811
            ]
        }
        coordIndex [
            0,1,2,-1,3,4,5,-1,5,4,6,-1,5,6,7,-1,7,6,8,-1,7,8,9,-1,9,8,10,-1,9,10,11,-1,11,10,12,-1,11,12,13,-1,13,12,14,-1,13,14,15,-1,15,14,16,-1,15,16,17,-1,17,16,18,-1,17,18,19,-1,19,18,20,-1,19,20,21,-1,21,20,22,-1,21,22,23,-1,23,22,24,-1,23,24,2,-1,2,24,25,-1,2,25,0,-1,0,25,26,-1,0,26,27,-1,27,26,28,-1,27,28,29,-1,29,28,30,-1,29,30,31,-1,31,30,32,-1,31,32,33,-1,33,32,34,-1,33,34,35,-1,35,34,36,-1,35,36,37,-1,37,36,38,-1,37,38,39,-1,39,38,40,-1,39,40,41,-1,41,40,42,-1,41,42,43,-1,43,42,44,-1,43,44,45,-1,45,44,46,-1,45,46,47,-1,47,46,48,-1,47,48,4,-1,4,48,49,-1,4,49,6,-1,50,51,52,-1,53,50,54,-1,54,55,53,-1,53,55,56,-1,53,56,57,-1,57,56,58,-1,57,58,59,-1,59,58,60,-1,59,60,61,-1,61,60,62,-1,61,62,63,-1,63,62,64,-1,63,64,65,-1,65,64,66,-1,65,66,67,-1,67,66,68,-1,67,68,69,-1,69,68,70,-1,69,70,71,-1,71,70,72,-1,71,72,73,-1,73,72,74,-1,73,74,75,-1,75,74,76,-1,75,76,77,-1,77,76,78,-1,79,80,78,-1,78,80,81,-1,78,81,77,-1,50,52,54,-1,54,52,82,-1,54,82,83,-1,82,84,83,-1,83,84,85,-1,83,85,86,-1,85,87,86,-1,86,87,88,-1,86,88,89,-1,88,90,89,-1,89,90,91,-1,89,91,92,-1,92,91,93,-1,92,93,94,-1,95,96,97,-1,93,98,94,-1,94,98,99,-1,94,99,96,-1,96,99,100,-1,96,100,97,-1,97,101,95,-1,95,101,102,-1,95,102,103,-1,102,104,103,-1,103,104,105,-1,103,105,106,-1,105,107,106,-1,106,107,108,-1,106,108,109,-1,108,110,109,-1,109,110,111,-1,109,111,112,-1,113,80,114,-1,114,80,79,-1,114,79,115,-1,115,79,112,-1,115,112,116,-1,116,112,111,-1,113,114,117,-1,117,114,118,-1,114,115,118,-1,118,115,116,-1,118,116,119,-1,116,111,119,-1,119,111,110,-1,119,110,120,-1,110,108,120,-1,120,108,107,-1,120,107,121,-1,107,105,121,-1,121,105,104,-1,121,104,122,-1,104,102,122,-1,122,102,101,-1,122,101,123,-1,101,97,123,-1,123,97,100,-1,123,100,124,-1,124,100,99,-1,124,99,125,-1,99,98,125,-1,125,98,93,-1,125,93,126,-1,93,91,126,-1,126,91,90,-1,126,90,127,-1,90,88,127,-1,127,88,87,-1,127,87,128,-1,87,85,128,-1,128,85,84,-1,128,84,129,-1,51,130,52,-1,52,130,129,-1,52,129,82,-1,82,129,84,-1,130,3,129,-1,129,3,5,-1,129,5,128,-1,128,5,7,-1,128,7,127,-1,127,7,9,-1,127,9,126,-1,126,9,11,-1,126,11,125,-1,125,11,13,-1,125,13,124,-1,124,13,15,-1,1,117,2,-1,2,117,118,-1,2,118,23,-1,23,118,119,-1,23,119,21,-1,21,119,120,-1,21,120,19,-1,19,120,121,-1,19,121,17,-1,17,121,122,-1,17,122,15,-1,15,122,123,-1,15,123,124,-1,
        ]
    }
}
Shape{
    appearance Appearance {
        material  Material 	{
            diffuseColor 1.0 0.7450980392156863 0.3411764705882353
            specularColor 0.5019607843137255 0.37254901960784315 0.16862745098039217
            ambientIntensity 0.7753
            transparency 0.0
            shininess 0.5
        }
    }
    geometry IndexedFaceSet {
        ccw TRUE
        solid FALSE
        coord DEF co Coordinate {
            point [
                1.8898 0.0364 0.9688, 1.8898 0.0364 0.6912, 1.8898 0.3249 0.6912, 1.8898 -0.0364 0.3385, 1.8898 -0.6988 0.2362, 1.8898 0.0364 0.3385, 1.8898 0.6988 0.2362, 1.8898 0.0364 0.6161, 1.8898 -0.0364 0.6161, 1.8898 -0.3249 0.6161, 1.8898 -0.6988 1.1024, 1.8898 -0.3249 0.6912, 1.8898 -0.0364 0.6912, 1.8898 -0.0364 0.9688, 1.8898 0.6988 1.1024, 1.8898 0.3249 0.6161, -1.8898 -0.2953 1.1024, -1.8898 -0.2146 0.7124, -1.8898 -0.2146 0.632, -1.8898 0.2146 0.7124, -1.8898 0.2953 1.1024, -1.8898 0.2146 0.632, -1.8898 0.2953 0.2362, -1.8898 -0.2953 0.2362, 1.8081 -1.0138 1.1024, 1.811 -1.0138 1.1024, 1.811 -1.0138 1.3386, -1.3268 -1.0138 0.8735, -1.1239 -1.0138 0.8735, -1.3268 -1.0138 1.3386, -1.0259 -1.0138 1.1024, 1.3188 -1.0138 1.1024, 1.4169 -1.0138 0.8735, 1.7147 -1.0138 0.8735, 1.811 1.0138 1.3386, 1.811 1.0138 1.1024, 1.8081 1.0138 1.1024, -1.1239 1.0138 0.8735, -1.3268 1.0138 0.8735, -1.0259 1.0138 1.1024, -1.3268 1.0138 1.3386, 1.3188 1.0138 1.1024, 1.7147 1.0138 0.8735, 1.4169 1.0138 0.8735, 1.8081 1.0138 0.2362, 1.811 1.0138 0.2362, 1.811 1.0138 0.0, -1.3268 1.0138 0.4651, -1.1239 1.0138 0.4651, -1.3268 1.0138 0.0, -1.0259 1.0138 0.2362, 1.3188 1.0138 0.2362, 1.4169 1.0138 0.4651, 1.7147 1.0138 0.4651, 1.811 -1.0138 0.0, 1.811 -1.0138 0.2362, 1.8081 -1.0138 0.2362, -1.1239 -1.0138 0.4651, -1.3268 -1.0138 0.4651, -1.0259 -1.0138 0.2362, -1.3268 -1.0138 0.0, 1.3188 -1.0138 0.2362, 1.7147 -1.0138 0.4651, 1.4169 -1.0138 0.4651, -1.1239 -0.8957 0.4651, -1.3021 -0.8957 0.4651, -1.3656 -1.0099 0.4651, -1.3438 -0.8912 0.4651, -1.4029 -0.9985 0.4651, -1.3836 -0.878 0.4651, -1.4217 -0.9904 0.4651, -1.4217 -0.8597 0.4651, -1.5151 -0.8053 0.2362, -1.5151 -0.9436 0.2362, -1.51 -0.8083 0.2487, -1.1239 0.8957 0.4651, -1.3021 0.8957 0.4651, -1.3438 0.8912 0.4651, -1.3656 1.0099 0.4651, -1.4029 0.9985 0.4651, -1.3836 0.878 0.4651, -1.4217 0.9904 0.4651, -1.4217 0.8597 0.4651, -1.51 0.8083 0.2487, -1.5151 0.9436 0.2362, -1.5151 0.8053 0.2362, -1.4217 -0.8597 0.8735, -1.4217 -0.9904 0.8735, -1.51 -0.8083 1.0899, -1.5151 -0.9436 1.1024, -1.5151 -0.8053 1.1024, -1.1239 -0.8957 0.8735, -1.3021 -0.8957 0.8735, -1.3438 -0.8912 0.8735, -1.3656 -1.0099 0.8735, -1.4029 -0.9985 0.8735, -1.3836 -0.878 0.8735, -1.1239 0.8957 0.8735, -1.3021 0.8957 0.8735, -1.3656 1.0099 0.8735, -1.3438 0.8912 0.8735, -1.4029 0.9985 0.8735, -1.3836 0.878 0.8735, -1.4217 0.9904 0.8735, -1.4217 0.8597 0.8735, -1.5151 0.8053 1.1024, -1.5151 0.9436 1.1024, -1.51 0.8083 1.0899, 1.6929 -0.8957 0.4651, 1.6929 -0.8957 0.8735, 1.4169 -0.8957 0.4651, 1.4169 -0.8957 0.8735, 1.3188 -0.8957 1.1024, -1.0259 -0.8957 1.1024, 1.3188 -0.8957 0.2362, -1.0259 -0.8957 0.2362, 1.9502 0.9561 0.2362, 1.8321 0.838 0.2362, 1.9815 0.9154 0.2362, 1.8634 0.7972 0.2362, 2.0012 0.8679 0.2362, 2.0079 0.8169 0.2362, 1.8081 -0.8585 0.2362, 1.9094 0.9874 0.2362, 1.862 1.0071 0.2362, 1.8081 0.8585 0.2362, 1.8831 0.7498 0.2362, 2.0079 -0.8169 0.2362, 1.862 -1.0071 0.2362, 1.9094 -0.9874 0.2362, 1.8321 -0.838 0.2362, 1.9502 -0.9561 0.2362, 1.9815 -0.9154 0.2362, 1.8634 -0.7972 0.2362, 2.0012 -0.8679 0.2362, 1.8831 -0.7498 0.2362, -1.0259 0.8957 0.2362, 1.3188 0.8957 0.2362, 1.8081 -0.8585 1.1024, 2.0079 -0.8169 1.1024, 2.0012 -0.8679 1.1024, 1.8634 -0.7972 1.1024, 1.9815 -0.9154 1.1024, 1.8321 -0.838 1.1024, 2.0079 0.8169 1.1024, 1.8831 0.7498 1.1024, 2.0012 0.8679 1.1024, 1.8634 0.7972 1.1024, 1.9815 0.9154 1.1024, 1.8321 0.838 1.1024, 1.9502 0.9561 1.1024, 1.8081 0.8585 1.1024, 1.862 1.0071 1.1024, 1.9094 0.9874 1.1024, 1.9502 -0.9561 1.1024, 1.9094 -0.9874 1.1024, 1.862 -1.0071 1.1024, 1.8831 -0.7498 1.1024, 1.3188 0.8957 1.1024, -1.0259 0.8957 1.1024, -1.625 0.721 0.2362, -1.625 0.721 1.1024, -1.7254 0.6173 0.2362, -1.7254 0.6173 1.1024, -1.8093 0.4997 0.2362, -1.8093 0.4997 1.1024, -1.8746 0.371 0.2362, -1.8746 0.371 1.1024, -1.625 -0.721 1.1024, -1.625 -0.721 0.2362, -1.7254 -0.6173 1.1024, -1.7254 -0.6173 0.2362, -1.8093 -0.4997 1.1024, -1.8093 -0.4997 0.2362, -1.8746 -0.371 1.1024, -1.8746 -0.371 0.2362, -1.5578 0.9183 1.1024, -1.6979 0.8142 1.1024, -1.8194 0.689 1.1024, -1.9192 0.546 1.1024, -1.9948 0.3887 1.1024, -2.0046 0.354 1.1024, -1.8859 0.3339 1.1024, -2.0079 0.318 1.1024, -2.0079 -0.318 1.1024, -2.0046 -0.354 1.1024, -1.8859 -0.3339 1.1024, -1.9948 -0.3887 1.1024, -1.9192 -0.546 1.1024, -1.8194 -0.689 1.1024, -1.6979 -0.8142 1.1024, -1.5578 -0.9183 1.1024, -1.5578 -0.9183 0.2362, -1.6979 -0.8142 0.2362, -1.8194 -0.689 0.2362, -1.9192 -0.546 0.2362, -1.9948 -0.3887 0.2362, -2.0046 -0.354 0.2362, -1.8859 -0.3339 0.2362, -2.0079 -0.318 0.2362, -2.0079 0.318 0.2362, -2.0046 0.354 0.2362, -1.8859 0.3339 0.2362, -1.9948 0.3887 0.2362, -1.9192 0.546 0.2362, -1.8194 0.689 0.2362, -1.6979 0.8142 0.2362, -1.5578 0.9183 0.2362, 2.0079 0.8169 1.3386, 2.0079 -0.8169 1.3386, -2.0079 -0.318 1.3386, -2.0079 0.318 1.3386, -1.4029 -0.9985 1.3386, -1.5578 -0.9183 1.3386, -1.6979 -0.8142 1.3386, -1.8194 -0.689 1.3386, -1.9192 -0.546 1.3386, -1.9948 -0.3887 1.3386, -1.4029 0.9985 1.3386, -1.5578 0.9183 1.3386, -1.6979 0.8142 1.3386, -1.8194 0.689 1.3386, -1.9192 0.546 1.3386, -1.9948 0.3887 1.3386, -0.3537 -0.7087 2.7511, -1.2177 -0.7087 3.7008, -0.3537 -0.7087 2.1606, -1.2177 -0.7087 1.3386, 0.5715 -0.7087 2.1606, 1.4961 -0.7087 1.3386, 0.5715 -0.7087 2.7511, 1.4961 -0.7087 3.7008, 1.9094 -0.9874 1.3386, 1.9502 -0.9561 1.3386, 1.6353 -0.651 1.3386, 1.6929 -0.5118 1.3386, 1.6929 0.5118 1.3386, 1.6862 0.5628 1.3386, 1.6665 0.6102 1.3386, 1.6862 -0.5628 1.3386, 1.6665 -0.6102 1.3386, 2.0012 -0.8679 1.3386, 1.9815 -0.9154 1.3386, 1.862 -1.0071 1.3386, 1.5945 -0.6823 1.3386, 1.9815 0.9154 1.3386, 1.9502 0.9561 1.3386, 1.6353 0.651 1.3386, 1.547 -0.702 1.3386, -1.3656 -1.0099 1.3386, -1.2686 -0.702 1.3386, -1.3161 -0.6823 1.3386, -1.3569 -0.651 1.3386, -1.6353 0.3726 1.3386, -1.6665 0.3318 1.3386, -1.6862 0.2844 1.3386, -2.0046 0.354 1.3386, -1.6929 0.2334 1.3386, -1.6929 -0.2334 1.3386, -1.6862 -0.2844 1.3386, 2.0012 0.8679 1.3386, -2.0046 -0.354 1.3386, -1.6665 -0.3318 1.3386, -1.6353 -0.3726 1.3386, 1.4961 0.7087 1.3386, -1.2177 0.7087 1.3386, -1.2686 0.702 1.3386, -1.3656 1.0099 1.3386, -1.3161 0.6823 1.3386, -1.3569 0.651 1.3386, 1.547 0.702 1.3386, 1.5945 0.6823 1.3386, 1.862 1.0071 1.3386, 1.9094 0.9874 1.3386, 1.6929 -0.5118 3.7008, 1.6929 0.5118 3.7008, -1.6353 -0.3726 3.7008, -1.3569 -0.651 3.7008, -1.6929 0.2334 3.7008, -1.6929 -0.2334 3.7008, -1.3569 0.651 3.7008, -1.6353 0.3726 3.7008, -1.2177 0.7087 3.7008, 1.4961 0.7087 3.7008, 1.4857 -0.0 3.7008, 1.2529 -0.4234 3.7008, 1.1392 -0.4769 3.7008, 1.4699 -0.1247 3.7008, 1.4237 -0.2416 3.7008, 1.6862 -0.5628 3.7008, 1.3498 -0.3433 3.7008, 1.5945 -0.6823 3.7008, 1.6353 -0.651 3.7008, 1.6665 -0.6102 3.7008, -0.5448 -0.2416 3.7008, -0.6187 -0.3433 3.7008, -1.3899 0.2947 3.7008, -1.6665 0.3318 3.7008, 1.547 -0.702 3.7008, 0.7708 -0.4537 3.7008, 0.6646 -0.3864 3.7008, -0.4828 0.0 3.7008, 0.5786 -0.2947 3.7008, 0.518 -0.1846 3.7008, -0.7156 -0.4234 3.7008, -0.8293 -0.4769 3.7008, 1.3498 0.3433 3.7008, 1.4237 0.2416 3.7008, 1.4699 0.1247 3.7008, 1.0157 -0.5004 3.7008, 0.8903 -0.4926 3.7008, -0.4986 -0.1247 3.7008, -1.4505 -0.1846 3.7008, -1.6665 -0.3318 3.7008, -1.3899 -0.2947 3.7008, -1.3039 -0.3864 3.7008, -1.1978 -0.4537 3.7008, -1.4505 0.1846 3.7008, -1.6862 0.2844 3.7008, -1.4817 0.0628 3.7008, -1.4817 -0.0628 3.7008, -1.6862 -0.2844 3.7008, -1.3039 0.3864 3.7008, -1.3161 0.6823 3.7008, -1.1978 0.4537 3.7008, -1.2686 0.702 3.7008, -1.0782 0.4926 3.7008, -0.9528 -0.5004 3.7008, -1.0782 -0.4926 3.7008, -1.2686 -0.702 3.7008, -1.3161 -0.6823 3.7008, -0.9528 0.5004 3.7008, -0.8293 0.4769 3.7008, -0.7156 0.4234 3.7008, -0.6187 0.3433 3.7008, 0.6646 0.3864 3.7008, 0.7708 0.4537 3.7008, 0.8903 0.4926 3.7008, 1.0157 0.5004 3.7008, -0.5448 0.2416 3.7008, -0.4986 0.1247 3.7008, 0.5786 0.2947 3.7008, 0.518 0.1846 3.7008, 1.6862 0.5628 3.7008, 1.6665 0.6102 3.7008, 1.6353 0.651 3.7008, 1.1392 0.4769 3.7008, 1.2529 0.4234 3.7008, 1.547 0.702 3.7008, 1.5945 0.6823 3.7008, 0.4868 -0.0628 3.7008, 0.4828 0.0 3.7008, 0.4868 0.0628 3.7008, 0.3353 -0.9449 2.5149, 0.3353 -0.9449 2.3968, -0.1175 -0.9449 2.5149, -0.1175 -0.9449 2.3968, -2.0079 -0.318 0.0, -2.0079 0.318 0.0, -1.752 -0.3069 0.0, -1.752 0.3069 0.0, -1.678 -0.4497 0.0, -1.9948 -0.3887 0.0, -2.0046 -0.354 0.0, -1.3147 -0.7579 0.0, 1.752 -0.7579 0.0, 1.862 -1.0071 0.0, 1.9094 -0.9874 0.0, 1.9815 0.9154 0.0, 2.0012 0.8679 0.0, 1.752 0.7579 0.0, 2.0079 0.8169 0.0, 2.0079 -0.8169 0.0, 2.0012 -0.8679 0.0, 1.9815 -0.9154 0.0, 1.9502 -0.9561 0.0, -1.3147 0.7579 0.0, 1.862 1.0071 0.0, -2.0046 0.354 0.0, -1.9948 0.3887 0.0, -1.678 0.4497 0.0, -1.9192 0.546 0.0, -1.5778 0.5755 0.0, -1.4552 -0.6796 0.0, -1.6979 -0.8142 0.0, -1.5778 -0.5755 0.0, -1.8194 -0.689 0.0, -1.9192 -0.546 0.0, 1.9094 0.9874 0.0, 1.9502 0.9561 0.0, -1.4552 0.6796 0.0, -1.4029 0.9985 0.0, -1.3656 1.0099 0.0, -1.3656 -1.0099 0.0, -1.4029 -0.9985 0.0, -1.5578 -0.9183 0.0, -1.8194 0.689 0.0, -1.6979 0.8142 0.0, -1.5578 0.9183 0.0, 1.4169 0.8957 0.8735, 1.7913 0.8693 1.0613, 1.7682 0.8807 1.0048, 1.7439 0.889 0.945, 1.7147 0.8945 0.8735, 1.6929 0.8957 0.8735, 1.7907 -0.8682 1.0598, 1.7682 -0.8807 1.0048, 1.7439 -0.889 0.945, 1.7147 -0.8945 0.8735, 1.7913 -0.8693 0.2773, 1.7682 -0.8807 0.3338, 1.7439 -0.889 0.3936, 1.7147 -0.8945 0.4651, 1.4169 0.8957 0.4651, 1.6929 0.8957 0.4651, 1.7147 0.8945 0.4651, 1.7907 0.8682 0.2788, 1.7682 0.8807 0.3338, 1.7439 0.889 0.3936, -1.9291 0.2146 0.7124, -1.9291 -0.2146 0.7124, -1.9291 0.2146 0.632, -1.9291 -0.2146 0.632, 1.9291 0.3249 0.6912, 1.9291 0.3249 0.6161, 1.9291 0.0364 0.6912, 1.9291 0.0364 0.6161, 1.9291 -0.0364 0.3385, 1.9291 0.0364 0.3385, 1.9291 -0.0364 0.6161, 1.9291 0.0364 0.9688, 1.9291 -0.0364 0.9688, 1.9291 -0.0364 0.6912, 1.9291 -0.3249 0.6912, 1.9291 -0.3249 0.6161, 1.4857 -0.0 1.3386, 1.4699 0.1247 1.3386, 1.4237 0.2416 1.3386, 1.3498 0.3433 1.3386, 1.2529 0.4234 1.3386, 1.1392 0.4769 1.3386, 1.0157 0.5004 1.3386, 0.8903 0.4926 1.3386, 0.7708 0.4537 1.3386, 0.6646 0.3864 1.3386, 0.5786 0.2947 1.3386, 0.518 0.1846 1.3386, 0.4868 0.0628 1.3386, 0.4828 0.0 1.3386, 0.4868 -0.0628 1.3386, 0.518 -0.1846 1.3386, 0.5786 -0.2947 1.3386, 0.6646 -0.3864 1.3386, 0.7708 -0.4537 1.3386, 0.8903 -0.4926 1.3386, 1.0157 -0.5004 1.3386, 1.1392 -0.4769 1.3386, 1.2529 -0.4234 1.3386, 1.3498 -0.3433 1.3386, 1.4237 -0.2416 1.3386, 1.4699 -0.1247 1.3386, 0.4921 -0.0 1.3386, 0.496 -0.0617 1.3386, 0.5267 -0.1812 1.3386, 0.5861 -0.2893 1.3386, 0.6706 -0.3792 1.3386, 0.7747 -0.4453 1.3386, 0.892 -0.4834 1.3386, 1.0152 -0.4912 1.3386, 1.1363 -0.468 1.3386, 1.2479 -0.4155 1.3386, 1.343 -0.3369 1.3386, 1.4155 -0.2371 1.3386, 1.4609 -0.1224 1.3386, 1.4764 0.0 1.3386, 1.4609 0.1224 1.3386, 1.4155 0.2371 1.3386, 1.343 0.3369 1.3386, 1.2479 0.4155 1.3386, 1.1363 0.468 1.3386, 1.0152 0.4912 1.3386, 0.892 0.4834 1.3386, 0.7747 0.4453 1.3386, 0.6706 0.3792 1.3386, 0.5861 0.2893 1.3386, 0.5267 0.1812 1.3386, 0.496 0.0617 1.3386, -0.4828 -0.0 1.3386, -0.4986 0.1247 1.3386, -0.5448 0.2416 1.3386, -0.6187 0.3433 1.3386, -0.7156 0.4234 1.3386, -0.8293 0.4769 1.3386, -0.9528 0.5004 1.3386, -1.0782 0.4926 1.3386, -1.1978 0.4537 1.3386, -1.3039 0.3864 1.3386, -1.3899 0.2947 1.3386, -1.4505 0.1846 1.3386, -1.4817 0.0628 1.3386, -1.4817 -0.0628 1.3386, -1.4505 -0.1846 1.3386, -1.3899 -0.2947 1.3386, -1.3039 -0.3864 1.3386, -1.1978 -0.4537 1.3386, -1.0782 -0.4926 1.3386, -0.9528 -0.5004 1.3386, -0.8293 -0.4769 1.3386, -0.7156 -0.4234 1.3386, -0.6187 -0.3433 1.3386, -0.5448 -0.2416 1.3386, -0.4986 -0.1247 1.3386, -0.496 0.0617 1.3386, -0.4921 0.0 1.3386, -0.496 -0.0617 1.3386, -0.5267 -0.1812 1.3386, -0.5861 -0.2893 1.3386, -0.6706 -0.3792 1.3386, -0.7747 -0.4453 1.3386, -0.892 -0.4834 1.3386, -1.0152 -0.4912 1.3386, -1.1363 -0.468 1.3386, -1.2479 -0.4155 1.3386, -1.343 -0.3369 1.3386, -1.4155 -0.2371 1.3386, -1.4609 -0.1224 1.3386, -1.4764 -0.0 1.3386, -1.4609 0.1224 1.3386, -1.4155 0.2371 1.3386, -1.343 0.3369 1.3386, -1.2479 0.4155 1.3386, -1.1363 0.468 1.3386, -1.0152 0.4912 1.3386, -0.892 0.4834 1.3386, -0.7747 0.4453 1.3386, -0.6706 0.3792 1.3386, -0.5861 0.2893 1.3386, -0.5267 0.1812 1.3386, 1.752 -0.7579 0.3937, 1.752 0.7579 0.3937, -1.3147 0.7579 0.3937, -1.752 0.3069 0.3937, -1.678 0.4497 0.3937, -1.5778 0.5755 0.3937, -1.4552 0.6796 0.3937, -1.752 -0.3069 0.3937, -1.3147 -0.7579 0.3937, -1.4552 -0.6796 0.3937, -1.5778 -0.5755 0.3937, -1.678 -0.4497 0.3937, -1.1363 -0.468 0.3937, -1.2479 -0.4155 0.3937, -1.343 -0.3369 0.3937, -1.4155 -0.2371 0.3937, -1.4609 -0.1224 0.3937, -1.4764 0.0 0.3937, 0.6706 -0.3792 0.3937, 0.7747 -0.4453 0.3937, 0.892 -0.4834 0.3937, 1.0152 -0.4912 0.3937, 1.1363 -0.468 0.3937, 1.2479 -0.4155 0.3937, 1.343 -0.3369 0.3937, 1.4155 -0.2371 0.3937, 1.4609 -0.1224 0.3937, 1.4764 0.0 0.3937, 1.4609 0.1224 0.3937, 1.4155 0.2371 0.3937, 1.343 0.3369 0.3937, 1.2479 0.4155 0.3937, 1.1363 0.468 0.3937, -1.0152 -0.4912 0.3937, -0.892 -0.4834 0.3937, -0.7747 -0.4453 0.3937, 1.0152 0.4912 0.3937, 0.892 0.4834 0.3937, 0.7747 0.4453 0.3937, -0.6706 -0.3792 0.3937, 0.4921 -0.0 0.3937, -0.5861 -0.2893 0.3937, 0.6706 0.3792 0.3937, 0.5861 0.2893 0.3937, 0.5267 0.1812 0.3937, 0.496 -0.0617 0.3937, 0.5267 -0.1812 0.3937, 0.5861 -0.2893 0.3937, -1.4609 0.1224 0.3937, -1.4155 0.2371 0.3937, -1.343 0.3369 0.3937, -1.2479 0.4155 0.3937, -1.1363 0.468 0.3937, -1.0152 0.4912 0.3937, -0.5267 -0.1812 0.3937, -0.496 -0.0617 0.3937, 0.496 0.0617 0.3937, -0.496 0.0617 0.3937, -0.5267 0.1812 0.3937, -0.5861 0.2893 0.3937, -0.6706 0.3792 0.3937, -0.7747 0.4453 0.3937, -0.892 0.4834 0.3937
            ]
        }
        coordIndex [
            0,1,2,-1,3,4,5,-1,5,4,6,-1,5,6,7,-1,3,8,4,-1,4,8,9,-1,4,9,10,-1,10,9,11,-1,10,11,12,-1,12,13,10,-1,10,13,0,-1,10,0,14,-1,14,0,2,-1,14,2,6,-1,6,2,15,-1,6,15,7,-1,16,17,18,-1,17,16,19,-1,19,16,20,-1,19,20,21,-1,21,20,22,-1,21,22,18,-1,18,22,23,-1,18,23,16,-1,24,25,26,-1,27,28,29,-1,29,28,30,-1,29,30,26,-1,26,30,31,-1,26,31,24,-1,24,31,32,-1,24,32,33,-1,34,35,36,-1,37,38,39,-1,39,38,40,-1,39,40,41,-1,42,43,36,-1,36,43,41,-1,36,41,34,-1,34,41,40,-1,44,45,46,-1,47,48,49,-1,49,48,50,-1,49,50,46,-1,46,50,51,-1,46,51,44,-1,44,51,52,-1,44,52,53,-1,54,55,56,-1,57,58,59,-1,59,58,60,-1,59,60,61,-1,62,63,56,-1,56,63,61,-1,56,61,54,-1,54,61,60,-1,57,64,58,-1,58,64,65,-1,58,65,66,-1,66,65,67,-1,66,67,68,-1,68,67,69,-1,68,69,70,-1,70,69,71,-1,72,73,74,-1,74,73,70,-1,74,70,71,-1,75,48,76,-1,76,48,47,-1,76,47,77,-1,47,78,77,-1,77,78,79,-1,77,79,80,-1,80,79,81,-1,80,81,82,-1,82,81,83,-1,83,81,84,-1,83,84,85,-1,86,87,88,-1,88,87,89,-1,88,89,90,-1,91,28,92,-1,92,28,27,-1,92,27,93,-1,27,94,93,-1,93,94,95,-1,93,95,96,-1,96,95,87,-1,96,87,86,-1,37,97,38,-1,38,97,98,-1,38,98,99,-1,99,98,100,-1,99,100,101,-1,101,100,102,-1,101,102,103,-1,103,102,104,-1,105,106,107,-1,107,106,103,-1,107,103,104,-1,108,109,110,-1,110,109,111,-1,110,111,112,-1,112,113,110,-1,110,113,91,-1,110,91,114,-1,114,91,115,-1,92,65,91,-1,91,65,64,-1,91,64,115,-1,116,117,118,-1,118,117,119,-1,118,119,120,-1,120,119,121,-1,122,56,55,-1,116,123,117,-1,117,123,124,-1,117,124,125,-1,125,124,45,-1,125,45,44,-1,119,126,121,-1,121,126,6,-1,121,6,127,-1,55,128,122,-1,122,128,129,-1,122,129,130,-1,129,131,130,-1,130,131,132,-1,130,132,133,-1,133,132,134,-1,133,134,135,-1,135,134,127,-1,135,127,4,-1,4,127,6,-1,50,136,51,-1,51,136,137,-1,115,59,114,-1,114,59,61,-1,25,24,138,-1,139,140,141,-1,141,140,142,-1,141,142,143,-1,144,145,146,-1,146,145,147,-1,146,147,148,-1,148,147,149,-1,148,149,150,-1,36,35,151,-1,151,35,152,-1,151,152,149,-1,149,152,153,-1,149,153,150,-1,142,154,143,-1,143,154,155,-1,143,155,138,-1,138,155,156,-1,138,156,25,-1,141,157,139,-1,139,157,10,-1,139,10,144,-1,144,10,14,-1,144,14,145,-1,158,159,41,-1,41,159,39,-1,31,30,112,-1,112,30,113,-1,83,85,160,-1,104,102,80,-1,161,105,107,-1,80,82,104,-1,104,82,83,-1,104,83,107,-1,107,83,160,-1,107,160,161,-1,161,160,162,-1,161,162,163,-1,163,162,164,-1,163,164,165,-1,165,164,166,-1,165,166,167,-1,88,90,168,-1,71,69,96,-1,96,86,71,-1,71,86,88,-1,71,88,74,-1,74,88,169,-1,74,169,72,-1,88,168,169,-1,169,168,170,-1,169,170,171,-1,171,170,172,-1,171,172,173,-1,173,172,174,-1,173,174,175,-1,106,105,176,-1,176,105,161,-1,176,161,177,-1,177,161,178,-1,178,161,163,-1,178,163,179,-1,179,163,165,-1,179,165,180,-1,180,165,167,-1,180,167,181,-1,181,167,182,-1,181,182,183,-1,183,182,20,-1,183,20,184,-1,184,20,16,-1,184,16,185,-1,185,16,186,-1,185,186,187,-1,187,186,174,-1,187,174,188,-1,188,174,172,-1,188,172,189,-1,189,172,170,-1,189,170,190,-1,190,170,168,-1,190,168,191,-1,191,168,90,-1,191,90,89,-1,73,72,192,-1,192,72,169,-1,192,169,193,-1,193,169,194,-1,194,169,171,-1,194,171,195,-1,195,171,173,-1,195,173,196,-1,196,173,175,-1,196,175,197,-1,197,175,198,-1,197,198,199,-1,199,198,23,-1,199,23,200,-1,200,23,22,-1,200,22,201,-1,201,22,202,-1,201,202,203,-1,203,202,166,-1,203,166,204,-1,204,166,164,-1,204,164,205,-1,205,164,162,-1,205,162,206,-1,206,162,160,-1,206,160,207,-1,207,160,85,-1,207,85,84,-1,208,209,144,-1,144,209,139,-1,210,211,184,-1,184,211,183,-1,87,95,89,-1,89,95,212,-1,89,212,191,-1,212,213,191,-1,191,213,214,-1,191,214,190,-1,190,214,215,-1,190,215,189,-1,189,215,216,-1,189,216,188,-1,188,216,217,-1,188,217,187,-1,101,103,218,-1,218,103,106,-1,218,106,219,-1,106,176,219,-1,219,176,177,-1,219,177,220,-1,220,177,178,-1,220,178,221,-1,221,178,179,-1,221,179,222,-1,222,179,180,-1,222,180,223,-1,224,225,226,-1,226,225,227,-1,226,227,228,-1,228,227,229,-1,228,229,230,-1,230,229,231,-1,230,231,224,-1,224,231,225,-1,232,233,234,-1,235,209,236,-1,236,209,208,-1,236,208,237,-1,237,208,238,-1,235,239,209,-1,209,239,240,-1,209,240,241,-1,241,240,234,-1,241,234,242,-1,242,234,233,-1,232,234,243,-1,243,234,244,-1,243,244,26,-1,245,246,247,-1,244,248,26,-1,26,248,229,-1,26,229,29,-1,29,229,227,-1,29,227,249,-1,249,227,250,-1,249,250,212,-1,212,250,251,-1,212,251,213,-1,213,251,252,-1,253,222,254,-1,254,222,223,-1,254,223,255,-1,255,223,256,-1,255,256,257,-1,257,256,211,-1,257,211,258,-1,258,211,210,-1,258,210,259,-1,238,208,247,-1,247,208,260,-1,247,260,245,-1,210,261,259,-1,259,261,217,-1,259,217,262,-1,262,217,216,-1,262,216,263,-1,263,216,215,-1,263,215,252,-1,252,215,214,-1,252,214,213,-1,264,34,265,-1,265,34,40,-1,265,40,266,-1,266,40,267,-1,266,267,268,-1,268,267,218,-1,268,218,269,-1,264,270,34,-1,34,270,271,-1,34,271,272,-1,272,271,247,-1,272,247,273,-1,273,247,246,-1,218,219,269,-1,269,219,220,-1,269,220,253,-1,253,220,221,-1,253,221,222,-1,235,236,274,-1,274,236,275,-1,263,252,276,-1,276,252,277,-1,257,258,278,-1,278,258,279,-1,269,253,280,-1,280,253,281,-1,282,283,265,-1,265,283,264,-1,284,274,275,-1,285,286,231,-1,284,287,274,-1,274,287,288,-1,274,288,289,-1,289,288,290,-1,291,292,290,-1,290,292,293,-1,290,293,289,-1,231,294,295,-1,296,281,297,-1,285,231,290,-1,290,231,298,-1,290,298,291,-1,299,300,301,-1,301,300,302,-1,301,302,303,-1,295,304,231,-1,231,304,305,-1,231,305,225,-1,306,307,275,-1,275,307,308,-1,275,308,284,-1,286,309,231,-1,231,309,310,-1,231,310,294,-1,294,310,299,-1,294,299,311,-1,311,299,301,-1,312,313,314,-1,314,313,276,-1,314,276,315,-1,315,276,277,-1,315,277,316,-1,296,297,317,-1,317,297,318,-1,317,318,319,-1,319,318,278,-1,319,278,320,-1,320,278,279,-1,320,279,312,-1,312,279,321,-1,312,321,313,-1,281,296,280,-1,280,296,322,-1,280,322,323,-1,323,322,324,-1,323,324,325,-1,325,324,326,-1,325,326,282,-1,305,327,225,-1,225,327,328,-1,225,328,329,-1,329,328,316,-1,329,316,330,-1,330,316,277,-1,326,331,282,-1,282,331,332,-1,282,332,283,-1,283,332,333,-1,283,333,334,-1,335,336,334,-1,334,336,337,-1,334,337,283,-1,283,337,338,-1,334,339,335,-1,335,339,340,-1,335,340,341,-1,341,340,342,-1,275,343,306,-1,306,343,344,-1,306,344,345,-1,338,346,283,-1,283,346,347,-1,283,347,348,-1,348,347,306,-1,348,306,349,-1,349,306,345,-1,303,350,301,-1,301,350,351,-1,301,351,340,-1,340,351,352,-1,340,352,342,-1,269,280,323,-1,269,323,268,-1,268,323,325,-1,268,325,266,-1,266,325,282,-1,266,282,265,-1,257,278,318,-1,257,318,255,-1,255,318,297,-1,255,297,254,-1,254,297,281,-1,254,281,253,-1,263,276,313,-1,263,313,262,-1,262,313,321,-1,262,321,259,-1,259,321,279,-1,259,279,258,-1,227,225,329,-1,227,329,250,-1,250,329,330,-1,250,330,251,-1,251,330,277,-1,251,277,252,-1,235,274,289,-1,235,289,239,-1,239,289,293,-1,239,293,240,-1,240,293,292,-1,240,292,234,-1,234,292,291,-1,234,291,244,-1,244,291,298,-1,244,298,248,-1,248,298,231,-1,248,231,229,-1,264,283,348,-1,264,348,270,-1,270,348,349,-1,270,349,271,-1,271,349,345,-1,271,345,247,-1,247,345,344,-1,247,344,238,-1,238,344,343,-1,238,343,237,-1,237,343,275,-1,237,275,236,-1,353,354,230,-1,230,354,228,-1,355,353,224,-1,224,353,230,-1,356,355,226,-1,226,355,224,-1,354,356,228,-1,228,356,226,-1,355,356,353,-1,353,356,354,-1,357,358,359,-1,359,358,360,-1,361,362,359,-1,359,362,363,-1,359,363,357,-1,60,364,54,-1,54,364,365,-1,54,365,366,-1,366,365,367,-1,368,369,370,-1,370,369,371,-1,370,371,365,-1,365,371,372,-1,365,372,373,-1,373,374,365,-1,365,374,375,-1,365,375,367,-1,376,49,370,-1,370,49,46,-1,370,46,377,-1,358,378,360,-1,360,378,379,-1,360,379,380,-1,380,379,381,-1,380,381,382,-1,383,384,385,-1,385,384,386,-1,385,386,361,-1,361,386,387,-1,361,387,362,-1,377,388,370,-1,370,388,389,-1,370,389,368,-1,390,391,376,-1,376,391,392,-1,376,392,49,-1,60,393,364,-1,364,393,394,-1,364,394,383,-1,383,394,395,-1,383,395,384,-1,381,396,382,-1,382,396,397,-1,382,397,390,-1,390,397,398,-1,390,398,391,-1,81,79,84,-1,84,79,391,-1,84,391,207,-1,391,398,207,-1,207,398,397,-1,207,397,206,-1,206,397,396,-1,206,396,205,-1,205,396,381,-1,205,381,204,-1,204,381,379,-1,204,379,203,-1,395,193,384,-1,384,193,194,-1,384,194,386,-1,386,194,195,-1,386,195,387,-1,387,195,196,-1,387,196,362,-1,68,70,394,-1,394,70,73,-1,394,73,395,-1,395,73,192,-1,395,192,193,-1,199,200,357,-1,357,200,358,-1,372,371,127,-1,127,371,121,-1,57,59,64,-1,64,59,115,-1,50,48,136,-1,136,48,75,-1,30,28,113,-1,113,28,91,-1,37,39,97,-1,97,39,159,-1,41,43,158,-1,158,43,399,-1,151,400,36,-1,36,400,401,-1,36,401,42,-1,42,401,402,-1,42,402,403,-1,399,43,404,-1,404,43,42,-1,404,42,403,-1,138,24,405,-1,405,24,406,-1,406,24,407,-1,407,24,33,-1,407,33,408,-1,32,111,33,-1,33,111,109,-1,33,109,408,-1,32,31,111,-1,111,31,112,-1,61,63,114,-1,114,63,110,-1,122,409,56,-1,56,409,410,-1,56,410,62,-1,62,410,411,-1,62,411,412,-1,110,63,108,-1,108,63,62,-1,108,62,412,-1,52,413,53,-1,53,413,414,-1,53,414,415,-1,125,44,416,-1,416,44,417,-1,417,44,418,-1,418,44,53,-1,418,53,415,-1,52,51,413,-1,413,51,137,-1,400,151,149,-1,117,125,416,-1,401,416,417,-1,401,417,402,-1,415,414,404,-1,417,418,402,-1,402,418,415,-1,402,415,403,-1,403,415,404,-1,401,400,416,-1,416,400,149,-1,416,149,117,-1,117,149,147,-1,117,147,119,-1,119,147,145,-1,119,145,126,-1,126,145,14,-1,126,14,6,-1,409,122,130,-1,109,108,408,-1,408,108,412,-1,408,412,407,-1,407,412,411,-1,407,411,406,-1,406,411,410,-1,406,410,405,-1,143,138,405,-1,410,409,405,-1,405,409,130,-1,405,130,143,-1,143,130,133,-1,143,133,141,-1,141,133,135,-1,141,135,157,-1,157,135,4,-1,157,4,10,-1,96,69,67,-1,96,67,93,-1,93,67,65,-1,93,65,92,-1,98,76,77,-1,98,77,100,-1,100,77,80,-1,100,80,102,-1,16,23,198,-1,16,198,186,-1,186,198,175,-1,186,175,174,-1,167,166,202,-1,167,202,182,-1,182,202,22,-1,182,22,20,-1,27,29,249,-1,27,249,94,-1,94,249,212,-1,94,212,95,-1,187,217,261,-1,187,261,185,-1,185,261,210,-1,185,210,184,-1,183,211,256,-1,183,256,181,-1,181,256,223,-1,181,223,180,-1,208,144,146,-1,208,146,260,-1,260,146,148,-1,260,148,245,-1,245,148,150,-1,245,150,246,-1,246,150,153,-1,246,153,273,-1,273,153,152,-1,273,152,272,-1,272,152,35,-1,272,35,34,-1,26,25,156,-1,26,156,243,-1,243,156,155,-1,243,155,232,-1,232,155,154,-1,232,154,233,-1,233,154,142,-1,233,142,242,-1,242,142,140,-1,242,140,241,-1,241,140,139,-1,241,139,209,-1,101,218,267,-1,101,267,99,-1,99,267,40,-1,99,40,38,-1,60,58,66,-1,60,66,393,-1,393,66,68,-1,393,68,394,-1,362,196,197,-1,362,197,363,-1,363,197,199,-1,363,199,357,-1,358,200,201,-1,358,201,378,-1,378,201,203,-1,378,203,379,-1,391,79,78,-1,391,78,392,-1,392,78,47,-1,392,47,49,-1,55,54,366,-1,55,366,128,-1,128,366,367,-1,128,367,129,-1,129,367,375,-1,129,375,131,-1,131,375,374,-1,131,374,132,-1,132,374,373,-1,132,373,134,-1,134,373,372,-1,134,372,127,-1,121,371,369,-1,121,369,120,-1,120,369,368,-1,120,368,118,-1,118,368,389,-1,118,389,116,-1,116,389,388,-1,116,388,123,-1,123,388,377,-1,123,377,124,-1,124,377,46,-1,124,46,45,-1,419,420,19,-1,19,420,17,-1,421,419,21,-1,21,419,19,-1,422,421,18,-1,18,421,21,-1,420,422,17,-1,17,422,18,-1,421,422,419,-1,419,422,420,-1,423,424,2,-1,2,424,15,-1,425,423,1,-1,1,423,2,-1,15,424,7,-1,7,424,426,-1,427,428,429,-1,429,428,426,-1,430,431,425,-1,425,431,432,-1,433,434,432,-1,432,434,429,-1,432,429,425,-1,425,429,426,-1,425,426,423,-1,423,426,424,-1,11,433,12,-1,12,433,432,-1,434,433,9,-1,9,433,11,-1,429,434,8,-1,8,434,9,-1,428,427,5,-1,5,427,3,-1,426,428,7,-1,7,428,5,-1,3,427,8,-1,8,427,429,-1,0,430,1,-1,1,430,425,-1,431,430,13,-1,13,430,0,-1,432,431,12,-1,12,431,13,-1,435,284,436,-1,436,284,308,-1,436,308,437,-1,437,308,307,-1,437,307,438,-1,438,307,306,-1,438,306,439,-1,439,306,347,-1,439,347,440,-1,440,347,346,-1,440,346,441,-1,441,346,338,-1,441,338,442,-1,442,338,337,-1,442,337,443,-1,443,337,336,-1,443,336,444,-1,444,336,335,-1,444,335,445,-1,445,335,341,-1,445,341,446,-1,446,341,342,-1,446,342,447,-1,447,342,352,-1,447,352,448,-1,448,352,351,-1,448,351,449,-1,449,351,350,-1,449,350,450,-1,450,350,303,-1,450,303,451,-1,451,303,302,-1,451,302,452,-1,452,302,300,-1,452,300,453,-1,453,300,299,-1,453,299,454,-1,454,299,310,-1,454,310,455,-1,455,310,309,-1,455,309,456,-1,456,309,286,-1,456,286,457,-1,457,286,285,-1,457,285,458,-1,458,285,290,-1,458,290,459,-1,459,290,288,-1,459,288,460,-1,460,288,287,-1,460,287,435,-1,435,287,284,-1,461,448,462,-1,462,448,449,-1,462,449,463,-1,463,449,450,-1,463,450,464,-1,464,450,451,-1,464,451,465,-1,465,451,452,-1,465,452,466,-1,466,452,453,-1,466,453,467,-1,467,453,454,-1,467,454,468,-1,468,454,455,-1,468,455,469,-1,469,455,456,-1,469,456,470,-1,470,456,457,-1,470,457,471,-1,471,457,458,-1,471,458,472,-1,472,458,459,-1,472,459,473,-1,473,459,460,-1,473,460,474,-1,474,460,435,-1,474,435,475,-1,475,435,436,-1,475,436,476,-1,476,436,437,-1,476,437,477,-1,477,437,438,-1,477,438,478,-1,478,438,439,-1,478,439,479,-1,479,439,440,-1,479,440,480,-1,480,440,441,-1,480,441,481,-1,481,441,442,-1,481,442,482,-1,482,442,443,-1,482,443,483,-1,483,443,444,-1,483,444,484,-1,484,444,445,-1,484,445,485,-1,485,445,446,-1,485,446,486,-1,486,446,447,-1,486,447,461,-1,461,447,448,-1,487,301,488,-1,488,301,340,-1,488,340,489,-1,489,340,339,-1,489,339,490,-1,490,339,334,-1,490,334,491,-1,491,334,333,-1,491,333,492,-1,492,333,332,-1,492,332,493,-1,493,332,331,-1,493,331,494,-1,494,331,326,-1,494,326,495,-1,495,326,324,-1,495,324,496,-1,496,324,322,-1,496,322,497,-1,497,322,296,-1,497,296,498,-1,498,296,317,-1,498,317,499,-1,499,317,319,-1,499,319,500,-1,500,319,320,-1,500,320,501,-1,501,320,312,-1,501,312,502,-1,502,312,314,-1,502,314,503,-1,503,314,315,-1,503,315,504,-1,504,315,316,-1,504,316,505,-1,505,316,328,-1,505,328,506,-1,506,328,327,-1,506,327,507,-1,507,327,305,-1,507,305,508,-1,508,305,304,-1,508,304,509,-1,509,304,295,-1,509,295,510,-1,510,295,294,-1,510,294,511,-1,511,294,311,-1,511,311,487,-1,487,311,301,-1,512,513,487,-1,487,513,514,-1,487,514,511,-1,511,514,515,-1,511,515,510,-1,510,515,516,-1,510,516,509,-1,509,516,517,-1,509,517,508,-1,508,517,518,-1,508,518,507,-1,507,518,519,-1,507,519,506,-1,506,519,520,-1,506,520,505,-1,505,520,521,-1,505,521,504,-1,504,521,522,-1,504,522,503,-1,503,522,523,-1,503,523,502,-1,502,523,524,-1,502,524,501,-1,501,524,525,-1,501,525,500,-1,500,525,526,-1,500,526,499,-1,499,526,527,-1,499,527,498,-1,498,527,528,-1,498,528,497,-1,497,528,529,-1,497,529,496,-1,496,529,530,-1,496,530,495,-1,495,530,531,-1,495,531,494,-1,494,531,532,-1,494,532,493,-1,493,532,533,-1,493,533,492,-1,492,533,534,-1,492,534,491,-1,491,534,535,-1,491,535,490,-1,490,535,536,-1,490,536,489,-1,489,536,537,-1,489,537,488,-1,488,537,512,-1,488,512,487,-1,538,539,365,-1,365,539,370,-1,539,540,370,-1,370,540,376,-1,541,360,542,-1,542,360,380,-1,542,380,543,-1,543,380,382,-1,543,382,544,-1,544,382,390,-1,544,390,540,-1,540,390,376,-1,541,545,360,-1,360,545,359,-1,546,364,547,-1,547,364,383,-1,547,383,548,-1,548,383,385,-1,548,385,549,-1,549,385,361,-1,549,361,545,-1,545,361,359,-1,546,538,364,-1,364,538,365,-1,550,546,551,-1,551,546,547,-1,551,547,552,-1,552,547,548,-1,552,548,553,-1,553,548,549,-1,553,549,554,-1,554,549,545,-1,554,545,555,-1,556,557,546,-1,546,557,558,-1,546,558,538,-1,538,558,559,-1,538,559,560,-1,560,561,538,-1,538,561,562,-1,538,562,563,-1,563,564,538,-1,538,564,565,-1,538,565,539,-1,539,565,566,-1,539,566,567,-1,567,568,539,-1,539,568,569,-1,539,569,570,-1,550,571,546,-1,546,571,572,-1,546,572,573,-1,570,574,539,-1,539,574,575,-1,539,575,540,-1,540,575,576,-1,573,577,578,-1,578,577,579,-1,576,580,540,-1,540,580,581,-1,540,581,582,-1,578,583,573,-1,573,583,584,-1,573,584,546,-1,546,584,585,-1,546,585,556,-1,555,545,586,-1,586,545,541,-1,586,541,587,-1,587,541,542,-1,587,542,588,-1,588,542,543,-1,588,543,589,-1,589,543,544,-1,589,544,590,-1,590,544,540,-1,590,540,591,-1,579,592,578,-1,578,592,593,-1,578,593,594,-1,594,593,595,-1,594,595,582,-1,582,595,596,-1,582,596,597,-1,597,598,582,-1,582,598,599,-1,582,599,540,-1,540,599,600,-1,540,600,591,-1,
        ]
    }
}
Shape{
    appearance Appearance {
        material  Material 	{
            diffuseColor 0.9686274509803922 0.8784313725490196 0.6
            specularColor 0.6784313725490196 0.615686274509804 0.4196078431372549
            ambientIntensity 0.8737
            transparency 0.0
            shininess 0.5
        }
    }
    geometry IndexedFaceSet {
        ccw TRUE
        solid FALSE
        coord DEF co Coordinate {
            point [
                -0.9843 0.2953 -0.2033, -0.9843 0.2953 -1.1811, -0.9078 0.2852 -1.1811, -0.9843 -0.2953 -1.1811, -0.9843 -0.2953 -0.2033, -0.9078 -0.2852 -1.1811, -0.9078 -0.2852 0.1579, -0.8366 -0.2557 -1.1811, -0.8366 -0.2557 0.1579, -0.7755 -0.2088 -1.1811, -0.7755 -0.2088 0.1579, -0.7285 -0.1476 -1.1811, -0.7285 -0.1476 0.1579, -0.699 -0.0764 -1.1811, -0.699 -0.0764 0.1579, -0.689 0.0 -1.1811, -0.689 0.0 0.1579, -0.699 0.0764 -1.1811, -0.699 0.0764 0.1579, -0.7285 0.1476 -1.1811, -0.7285 0.1476 0.1579, -0.7755 0.2088 -1.1811, -0.7755 0.2088 0.1579, -0.8366 0.2557 -1.1811, -0.8366 0.2557 0.1579, -0.9078 0.2852 0.1579, -0.9843 0.2953 0.1579, -1.0607 0.2852 -0.2033, -1.0607 0.2852 0.1579, -1.1319 0.2557 -0.2033, -1.1319 0.2557 0.1579, -1.193 0.2088 -0.2033, -1.193 0.2088 0.1579, -1.24 0.1476 -0.2033, -1.24 0.1476 0.1579, -1.2695 0.0764 -0.2033, -1.2695 0.0764 0.1579, -1.2795 -0.0 -0.2033, -1.2795 -0.0 0.1579, -1.2695 -0.0764 -0.2033, -1.2695 -0.0764 0.1579, -1.24 -0.1476 -0.2033, -1.24 -0.1476 0.1579, -1.193 -0.2088 -0.2033, -1.193 -0.2088 0.1579, -1.1319 -0.2557 -0.2033, -1.1319 -0.2557 0.1579, -1.0607 -0.2852 -0.2033, -1.0607 -0.2852 0.1579, -0.9843 -0.2953 0.1579, -0.9843 0.0 0.3691, -0.9843 -0.4921 -0.2033, -0.9843 -0.4921 -1.1081, -0.8923 -0.481 -1.1081, -1.0152 -0.4912 -0.2033, -0.892 -0.4834 0.3937, -1.0152 -0.4912 0.3937, -1.1363 -0.468 0.3937, -1.1363 -0.468 -0.2033, -1.2479 -0.4155 0.3937, -1.2479 -0.4155 -0.2033, -1.343 -0.3369 0.3937, -1.343 -0.3369 -0.2033, -1.4155 -0.2371 0.3937, -1.4155 -0.2371 -0.2033, -1.4609 -0.1224 0.3937, -1.4609 -0.1224 -0.2033, -1.4764 0.0 0.3937, -1.4764 0.0 -0.2033, -1.4609 0.1224 0.3937, -1.4609 0.1224 -0.2033, -1.4155 0.2371 0.3937, -1.4155 0.2371 -0.2033, -1.343 0.3369 0.3937, -1.343 0.3369 -0.2033, -1.2479 0.4155 0.3937, -1.2479 0.4155 -0.2033, -1.1363 0.468 0.3937, -1.1363 0.468 -0.2033, -1.0152 0.4912 0.3937, -0.892 0.4834 0.3937, -0.9843 0.4921 -0.2033, -1.0152 0.4912 -0.2033, -0.8665 -0.4778 -1.1081, -0.7747 -0.4453 0.3937, -0.7755 -0.4433 -1.1081, -0.7555 -0.4358 -1.1081, -0.6706 -0.3792 0.3937, -0.6715 -0.3778 -1.1081, -0.6579 -0.3684 -1.1081, -0.5861 -0.2893 0.3937, -0.5871 -0.2884 -1.1081, -0.5792 -0.2796 -1.1081, -0.5267 -0.1812 0.3937, -0.5274 -0.1808 -1.1081, -0.496 -0.0617 0.3937, -0.5241 -0.1745 -1.1081, -0.4963 -0.0616 -1.1081, -0.496 0.0617 0.3937, -0.4957 -0.0593 -1.1081, -0.4957 0.0593 -1.1081, -0.4963 0.0616 -1.1081, -0.5241 0.1745 -1.1081, -0.5267 0.1812 0.3937, -0.5274 0.1808 -1.1081, -0.5792 0.2796 -1.1081, -0.5861 0.2893 0.3937, -0.5871 0.2884 -1.1081, -0.6579 0.3684 -1.1081, -0.6706 0.3792 0.3937, -0.6715 0.3778 -1.1081, -0.7555 0.4358 -1.1081, -0.7747 0.4453 0.3937, -0.9843 0.4921 -1.1081, -0.8923 0.481 -1.1081, -0.8665 0.4778 -1.1081, -0.7755 0.4433 -1.1081, -0.9843 0.4126 -1.1811, -0.8855 0.4006 -1.1811, -0.7925 0.3654 -1.1811, -0.7106 0.3089 -1.1811, -0.6447 0.2344 -1.1811, -0.5984 0.1463 -1.1811, -0.5746 0.0497 -1.1811, -0.5746 -0.0497 -1.1811, -0.5984 -0.1463 -1.1811, -0.6447 -0.2344 -1.1811, -0.7106 -0.3089 -1.1811, -0.7925 -0.3654 -1.1811, -0.8855 -0.4006 -1.1811, -0.9843 -0.4126 -1.1811, -1.4764 -0.0 1.3386, -1.4609 -0.1224 1.3386, -1.4685 -0.0879 3.4689, -1.4155 -0.2371 1.3386, -1.445 -0.1729 3.4689, -1.4591 -0.1219 3.4689, -1.3421 -0.336 3.4689, -1.3549 -0.3238 3.4689, -1.343 -0.3369 1.3386, -1.4067 -0.2524 3.4689, -1.4144 -0.2365 3.4689, -1.2911 -0.3848 3.4689, -1.2479 -0.4155 1.3386, -1.2469 -0.4139 3.4689, -1.2175 -0.4334 3.4689, -1.1363 -0.468 1.3386, -1.1363 -0.468 3.4689, -1.0503 -0.4877 3.4689, -1.0152 -0.4912 1.3386, -1.0151 -0.4893 3.4689, -0.9622 -0.4916 3.4689, -0.892 -0.4834 1.3386, -0.8922 -0.4822 3.4689, -0.8747 -0.4798 3.4689, -0.7747 -0.4453 1.3386, -0.7908 -0.4525 3.4689, -0.6706 -0.3792 1.3386, -0.7131 -0.4107 3.4689, -0.7753 -0.4442 3.4689, -0.5861 -0.2893 1.3386, -0.6442 -0.3557 3.4689, -0.6717 -0.3777 3.4689, -0.5267 -0.1812 1.3386, -0.5409 -0.2135 3.4689, -0.5861 -0.2893 3.4689, -0.496 -0.0617 1.3386, -0.5099 -0.1309 3.4689, -0.5285 -0.1805 3.4689, -0.496 0.0617 1.3386, -0.4941 0.0441 3.4689, -0.4921 0.0 1.3386, -0.4941 -0.0441 3.4689, -0.4973 -0.0615 3.4689, -0.5267 0.1812 1.3386, -0.5099 0.1309 3.4689, -0.4973 0.0615 3.4689, -0.5861 0.2893 1.3386, -0.5409 0.2135 3.4689, -0.5285 0.1805 3.4689, -0.6706 0.3792 1.3386, -0.6442 0.3557 3.4689, -0.5861 0.2893 3.4689, -0.7747 0.4453 1.3386, -0.7131 0.4107 3.4689, -0.6717 0.3777 3.4689, -0.8922 0.4822 3.4689, -0.8747 0.4798 3.4689, -0.892 0.4834 1.3386, -0.7908 0.4525 3.4689, -0.7753 0.4442 3.4689, -0.9622 0.4916 3.4689, -1.0152 0.4912 1.3386, -1.0151 0.4893 3.4689, -1.0503 0.4877 3.4689, -1.1363 0.468 1.3386, -1.1363 0.468 3.4689, -1.2175 0.4334 3.4689, -1.2479 0.4155 1.3386, -1.2469 0.4139 3.4689, -1.2911 0.3848 3.4689, -1.343 0.3369 1.3386, -1.3421 0.336 3.4689, -1.3549 0.3238 3.4689, -1.4155 0.2371 1.3386, -1.4067 0.2524 3.4689, -1.4609 0.1224 1.3386, -1.445 0.1729 3.4689, -1.4144 0.2365 3.4689, -1.4764 0.0 3.4689, -1.4685 0.0879 3.4689, -1.4591 0.1219 3.4689, -1.3346 0.0939 3.2265, -1.3251 0.1279 3.2265, -1.3303 0.1299 3.2832, -1.2992 0.1819 3.2265, -1.2968 0.1868 3.2265, -1.3016 0.1896 3.2832, -1.2408 0.2565 3.2265, -1.2113 0.2847 3.2265, -1.2147 0.289 3.2832, -1.1659 0.3146 3.2265, -1.1568 0.3206 3.2265, -1.1594 0.3255 3.2832, -1.0782 0.3505 3.2265, -1.0331 0.3608 3.2265, -1.0339 0.3663 3.2832, -0.9842 0.363 3.2265, -0.9679 0.3637 3.2265, -0.9677 0.3693 3.2832, -0.8903 0.3508 3.2265, -0.8411 0.3348 3.2265, -0.839 0.3399 3.2832, -0.8028 0.3142 3.2265, -0.7837 0.3039 3.2265, -0.7806 0.3085 3.2832, -0.7273 0.257 3.2265, -0.6897 0.214 3.2265, -0.6852 0.2173 3.2832, -0.6701 0.1813 3.2265, -0.6562 0.158 3.2265, -0.6512 0.1604 3.2832, -0.6328 0.0942 3.2265, -0.6216 0.0326 3.2265, -0.6161 0.0331 3.2832, -0.6216 0.0 3.2265, -0.6216 -0.0326 3.2265, -0.6161 -0.0331 3.2832, -0.6328 -0.0942 3.2265, -0.6333 -0.0969 3.2265, -0.6279 -0.0983 3.2832, -0.6701 -0.1813 3.2265, -0.6897 -0.214 3.2265, -0.6852 -0.2173 3.2832, -0.7273 -0.257 3.2265, -0.7326 -0.2632 3.2265, -0.7288 -0.2672 3.2832, -0.8028 -0.3142 3.2265, -0.8411 -0.3348 3.2265, -0.839 -0.3399 3.2832, -0.8903 -0.3508 3.2265, -0.9032 -0.355 3.2265, -0.902 -0.3604 3.2832, -0.9842 -0.363 3.2265, -1.0331 -0.3608 3.2265, -1.0339 -0.3663 3.2832, -1.0782 -0.3505 3.2265, -1.0968 -0.3463 3.2265, -1.0985 -0.3515 3.2832, -1.1659 -0.3146 3.2265, -1.2113 -0.2847 3.2265, -1.2147 -0.289 3.2832, -1.2408 -0.2565 3.2265, -1.2585 -0.2396 3.2265, -1.2626 -0.2432 3.2832, -1.2992 -0.1819 3.2265, -1.3251 -0.1279 3.2265, -1.3303 -0.1299 3.2832, -1.3346 -0.0939 3.2265, -1.3425 -0.065 3.2265, -1.3479 -0.066 3.2832, -1.4255 0.0801 3.4324, -1.4041 0.1576 3.4324, -1.3219 0.295 3.4324, -1.2638 0.3506 3.4324, -1.0444 0.4444 3.4324, -0.9641 0.448 3.4324, -0.808 0.4123 3.4324, -0.7372 0.3742 3.4324, -0.5802 0.1946 3.4324, -0.552 0.1193 3.4324, -0.5376 -0.0402 3.4324, -0.552 -0.1193 3.4324, -0.6744 -0.3241 3.4324, -0.7372 -0.3742 3.4324, -0.8845 -0.4372 3.4324, -0.9641 -0.448 3.4324, -1.1967 -0.3949 3.4324, -1.2638 -0.3506 3.4324, -1.3692 -0.23 3.4324, -1.4041 -0.1576 3.4324, -1.4327 0.0 3.4324, -1.4255 -0.0801 3.4324, -1.3969 0.0 3.3881, -1.3902 -0.0737 3.3881, -1.3703 0.0 3.3377, -1.3641 -0.0689 3.3377, -1.3539 0.0 3.2832, -1.3484 0.0 3.2265, -1.3456 -0.1356 3.3377, -1.3705 -0.145 3.3881, -1.2968 -0.1868 3.2265, -1.3016 -0.1896 3.2832, -1.3156 -0.198 3.3377, -1.3384 -0.2116 3.3881, -1.3219 -0.295 3.4324, -1.295 -0.2715 3.3881, -1.2749 -0.254 3.3377, -1.2249 -0.3018 3.3377, -1.2415 -0.3226 3.3881, -1.1568 -0.3206 3.2265, -1.1594 -0.3255 3.2832, -1.1672 -0.3399 3.3377, -1.1798 -0.3633 3.3881, -1.1228 -0.4265 3.4324, -1.1118 -0.3924 3.3881, -1.1035 -0.3671 3.3377, -1.0361 -0.3825 3.3377, -1.0396 -0.4089 3.3881, -1.0444 -0.4444 3.4324, -0.9679 -0.3637 3.2265, -0.9677 -0.3693 3.2832, -0.9669 -0.3856 3.3377, -0.9657 -0.4122 3.3881, -0.8924 -0.4023 3.3881, -0.8984 -0.3763 3.3377, -0.8325 -0.3549 3.3377, -0.8221 -0.3794 3.3881, -0.808 -0.4123 3.4324, -0.7837 -0.3039 3.2265, -0.7806 -0.3085 3.2832, -0.7716 -0.3221 3.3377, -0.757 -0.3443 3.3881, -0.6991 -0.2982 3.3881, -0.7175 -0.279 3.3377, -0.672 -0.2269 3.3377, -0.6505 -0.2425 3.3881, -0.6215 -0.2636 3.4324, -0.6562 -0.158 3.2265, -0.6512 -0.1604 3.2832, -0.6365 -0.1675 3.3377, -0.6125 -0.179 3.3881, -0.5802 -0.1946 3.4324, -0.5865 -0.1098 3.3881, -0.6122 -0.1027 3.3377, -0.5998 -0.0346 3.3377, -0.5733 -0.037 3.3881, -0.5998 0.0346 3.3377, -0.5733 0.037 3.3881, -0.5376 0.0402 3.4324, -0.6333 0.0969 3.2265, -0.6279 0.0983 3.2832, -0.6122 0.1027 3.3377, -0.5865 0.1098 3.3881, -0.6125 0.179 3.3881, -0.6365 0.1675 3.3377, -0.672 0.2269 3.3377, -0.6505 0.2425 3.3881, -0.6215 0.2636 3.4324, -0.7326 0.2632 3.2265, -0.7288 0.2672 3.2832, -0.7175 0.279 3.3377, -0.6991 0.2982 3.3881, -0.6744 0.3241 3.4324, -0.757 0.3443 3.3881, -0.7716 0.3221 3.3377, -0.8325 0.3549 3.3377, -0.8221 0.3794 3.3881, -0.9032 0.355 3.2265, -0.902 0.3604 3.2832, -0.8984 0.3763 3.3377, -0.8924 0.4023 3.3881, -0.8845 0.4372 3.4324, -0.9657 0.4122 3.3881, -0.9669 0.3856 3.3377, -1.0361 0.3825 3.3377, -1.0396 0.4089 3.3881, -1.0968 0.3463 3.2265, -1.0985 0.3515 3.2832, -1.1035 0.3671 3.3377, -1.1118 0.3924 3.3881, -1.1228 0.4265 3.4324, -1.1967 0.3949 3.4324, -1.1798 0.3633 3.3881, -1.1672 0.3399 3.3377, -1.2249 0.3018 3.3377, -1.2415 0.3226 3.3881, -1.2585 0.2396 3.2265, -1.2626 0.2432 3.2832, -1.2749 0.254 3.3377, -1.295 0.2715 3.3881, -1.3692 0.23 3.4324, -1.3384 0.2116 3.3881, -1.3156 0.198 3.3377, -1.3456 0.1356 3.3377, -1.3705 0.145 3.3881, -1.3425 0.065 3.2265, -1.3479 0.066 3.2832, -1.3641 0.0689 3.3377, -1.3902 0.0737 3.3881, -1.0968 0.3463 1.7537, -1.1663 0.3153 1.7537, -1.2279 0.2706 1.7537, -1.2406 0.2565 1.7537, -0.8903 0.3502 1.7537, -0.9462 0.3621 1.7537, -0.9843 0.3621 1.7537, -1.0223 0.3621 1.7537, -1.0782 0.3502 1.7537, -0.7279 0.2565 1.7537, -0.7406 0.2706 1.7537, -0.8022 0.3153 1.7537, -0.8717 0.3463 1.7537, -0.6707 0.1811 1.7537, -0.6516 0.1481 1.7537, -0.6897 0.214 1.7537, -0.6201 0.0 1.7537, -0.6281 0.0757 1.7537, -0.634 0.0938 1.7537, -0.6516 -0.1481 1.7537, -0.634 -0.0938 1.7537, -0.6281 -0.0757 1.7537, -0.8022 -0.3153 1.7537, -0.7406 -0.2706 1.7537, -0.7279 -0.2565 1.7537, -0.6897 -0.214 1.7537, -0.6707 -0.1811 1.7537, -0.9843 -0.3621 1.7537, -0.9462 -0.3621 1.7537, -0.8903 -0.3502 1.7537, -0.8717 -0.3463 1.7537, -1.1663 -0.3153 1.7537, -1.0968 -0.3463 1.7537, -1.0782 -0.3502 1.7537, -1.0223 -0.3621 1.7537, -1.2406 -0.2565 1.7537, -1.2279 -0.2706 1.7537, -1.2788 0.214 1.7537, -1.2979 0.1811 1.7537, -1.3169 0.1481 1.7537, -1.3345 0.0938 1.7537, -1.3404 0.0757 1.7537, -1.3484 -0.0 1.7537, -1.3404 -0.0757 1.7537, -1.3345 -0.0938 1.7537, -1.3169 -0.1481 1.7537, -1.2979 -0.1811 1.7537, -1.2788 -0.214 1.7537, -0.9194 -0.0289 1.3966, -0.9148 -0.0148 1.3966, -0.9843 0.0 1.3896, -0.9268 -0.0418 1.3966, -0.9367 -0.0528 1.3966, -0.9487 -0.0615 1.3966, -0.9623 -0.0676 1.3966, -0.9768 -0.0706 1.3966, -0.9917 -0.0706 1.3966, -1.0062 -0.0676 1.3966, -1.0198 -0.0615 1.3966, -1.0318 -0.0528 1.3966, -1.0417 -0.0418 1.3966, -1.0491 -0.0289 1.3966, -1.0537 -0.0148 1.3966, -1.0553 -0.0 1.3966, -1.0537 0.0148 1.3966, -1.0491 0.0289 1.3966, -1.0417 0.0418 1.3966, -1.0318 0.0528 1.3966, -1.0198 0.0615 1.3966, -1.0062 0.0676 1.3966, -0.9917 0.0706 1.3966, -0.9768 0.0706 1.3966, -0.9623 0.0676 1.3966, -0.9487 0.0615 1.3966, -0.9367 0.0528 1.3966, -0.9268 0.0418 1.3966, -0.9194 0.0289 1.3966, -0.9148 0.0148 1.3966, -0.9132 0.0 1.3966, -0.658 0.1453 1.6826, -0.6349 0.0742 1.6826, -0.6953 0.2099 1.6826, -0.7453 0.2654 1.6826, -0.8057 0.3093 1.6826, -0.8739 0.3396 1.6826, -0.9469 0.3552 1.6826, -1.0216 0.3552 1.6826, -1.0946 0.3396 1.6826, -1.1628 0.3093 1.6826, -1.2232 0.2654 1.6826, -1.2732 0.2099 1.6826, -1.3105 0.1453 1.6826, -1.3336 0.0742 1.6826, -1.3414 -0.0 1.6826, -1.3336 -0.0742 1.6826, -1.3105 -0.1453 1.6826, -1.2732 -0.2099 1.6826, -1.2232 -0.2654 1.6826, -1.1628 -0.3093 1.6826, -1.0946 -0.3396 1.6826, -1.0216 -0.3552 1.6826, -0.9469 -0.3552 1.6826, -0.8739 -0.3396 1.6826, -0.8057 -0.3093 1.6826, -0.7453 -0.2654 1.6826, -0.6953 -0.2099 1.6826, -0.658 -0.1453 1.6826, -0.6349 -0.0742 1.6826, -0.6271 0.0 1.6826, -0.6552 -0.0699 1.6143, -0.6769 -0.1368 1.6143, -0.7121 -0.1977 1.6143, -0.7592 -0.25 1.6143, -0.8161 -0.2913 1.6143, -0.8803 -0.3199 1.6143, -0.9491 -0.3345 1.6143, -1.0194 -0.3345 1.6143, -1.0882 -0.3199 1.6143, -1.1524 -0.2913 1.6143, -1.2093 -0.25 1.6143, -1.2564 -0.1977 1.6143, -1.2916 -0.1368 1.6143, -1.3133 -0.0699 1.6143, -1.3206 -0.0 1.6143, -1.3133 0.0699 1.6143, -1.2916 0.1368 1.6143, -1.2564 0.1977 1.6143, -1.2093 0.25 1.6143, -1.1524 0.2913 1.6143, -1.0882 0.3199 1.6143, -1.0194 0.3345 1.6143, -0.9491 0.3345 1.6143, -0.8803 0.3199 1.6143, -0.8161 0.2913 1.6143, -0.7592 0.25 1.6143, -0.7121 0.1977 1.6143, -0.6769 0.1368 1.6143, -0.6552 0.0699 1.6143, -0.6479 0.0 1.6143, -0.6881 -0.0629 1.5514, -0.7077 -0.1231 1.5514, -0.7393 -0.1779 1.5514, -0.7817 -0.225 1.5514, -0.8329 -0.2622 1.5514, -0.8907 -0.2879 1.5514, -0.9526 -0.3011 1.5514, -1.0159 -0.3011 1.5514, -1.0778 -0.2879 1.5514, -1.1356 -0.2622 1.5514, -1.1868 -0.225 1.5514, -1.2292 -0.1779 1.5514, -1.2608 -0.1231 1.5514, -1.2804 -0.0629 1.5514, -1.287 -0.0 1.5514, -1.2804 0.0629 1.5514, -1.2608 0.1231 1.5514, -1.2292 0.1779 1.5514, -1.1868 0.225 1.5514, -1.1356 0.2622 1.5514, -1.0778 0.2879 1.5514, -1.0159 0.3011 1.5514, -0.9526 0.3011 1.5514, -0.8907 0.2879 1.5514, -0.8329 0.2622 1.5514, -0.7817 0.225 1.5514, -0.7393 0.1779 1.5514, -0.7077 0.1231 1.5514, -0.6881 0.0629 1.5514, -0.6815 0.0 1.5514, -0.7324 -0.0535 1.4962, -0.749 -0.1047 1.4962, -0.776 -0.1513 1.4962, -0.812 -0.1913 1.4962, -0.8555 -0.223 1.4962, -0.9047 -0.2449 1.4962, -0.9573 -0.2561 1.4962, -1.0112 -0.2561 1.4962, -1.0638 -0.2449 1.4962, -1.113 -0.223 1.4962, -1.1565 -0.1913 1.4962, -1.1925 -0.1513 1.4962, -1.2195 -0.1047 1.4962, -1.2361 -0.0535 1.4962, -1.2417 -0.0 1.4962, -1.2361 0.0535 1.4962, -1.2195 0.1047 1.4962, -1.1925 0.1513 1.4962, -1.1565 0.1913 1.4962, -1.113 0.223 1.4962, -1.0638 0.2449 1.4962, -1.0112 0.2561 1.4962, -0.9573 0.2561 1.4962, -0.9047 0.2449 1.4962, -0.8555 0.223 1.4962, -0.812 0.1913 1.4962, -0.776 0.1513 1.4962, -0.749 0.1047 1.4962, -0.7324 0.0535 1.4962, -0.7268 0.0 1.4962, -0.7864 -0.0421 1.4509, -0.7995 -0.0823 1.4509, -0.8206 -0.1189 1.4509, -0.8489 -0.1503 1.4509, -0.8831 -0.1752 1.4509, -0.9217 -0.1924 1.4509, -0.9631 -0.2012 1.4509, -1.0054 -0.2012 1.4509, -1.0468 -0.1924 1.4509, -1.0854 -0.1752 1.4509, -1.1196 -0.1503 1.4509, -1.1479 -0.1189 1.4509, -1.1691 -0.0823 1.4509, -1.1821 -0.0421 1.4509, -1.1865 -0.0 1.4509, -1.1821 0.0421 1.4509, -1.1691 0.0823 1.4509, -1.1479 0.1189 1.4509, -1.1196 0.1503 1.4509, -1.0854 0.1752 1.4509, -1.0468 0.1924 1.4509, -1.0054 0.2012 1.4509, -0.9631 0.2012 1.4509, -0.9217 0.1924 1.4509, -0.8831 0.1752 1.4509, -0.8489 0.1503 1.4509, -0.8206 0.1189 1.4509, -0.7995 0.0823 1.4509, -0.7864 0.0421 1.4509, -0.782 0.0 1.4509, -0.848 -0.029 1.4173, -0.857 -0.0567 1.4173, -0.8715 -0.0819 1.4173, -0.891 -0.1035 1.4173, -0.9146 -0.1207 1.4173, -0.9412 -0.1325 1.4173, -0.9697 -0.1386 1.4173, -0.9988 -0.1386 1.4173, -1.0273 -0.1325 1.4173, -1.0539 -0.1207 1.4173, -1.0775 -0.1035 1.4173, -1.097 -0.0819 1.4173, -1.1115 -0.0567 1.4173, -1.1205 -0.029 1.4173, -1.1236 -0.0 1.4173, -1.1205 0.029 1.4173, -1.1115 0.0567 1.4173, -1.097 0.0819 1.4173, -1.0775 0.1035 1.4173, -1.0539 0.1207 1.4173, -1.0273 0.1325 1.4173, -0.9988 0.1386 1.4173, -0.9697 0.1386 1.4173, -0.9412 0.1325 1.4173, -0.9146 0.1207 1.4173, -0.891 0.1035 1.4173, -0.8715 0.0819 1.4173, -0.857 0.0567 1.4173, -0.848 0.029 1.4173, -0.8449 0.0 1.4173, 0.9843 0.0 0.3691, 1.2695 -0.0764 0.1579, 1.24 -0.1476 0.1579, 1.2795 0.0 0.1579, 1.1319 -0.2557 0.1579, 1.0607 -0.2852 0.1579, 1.193 -0.2088 0.1579, 0.9078 -0.2852 0.1579, 0.8366 -0.2557 0.1579, 0.9843 -0.2953 0.1579, 0.7285 -0.1476 0.1579, 0.699 -0.0764 0.1579, 0.7755 -0.2088 0.1579, 0.699 0.0764 0.1579, 0.7285 0.1476 0.1579, 0.689 -0.0 0.1579, 0.8366 0.2557 0.1579, 0.9078 0.2852 0.1579, 0.7755 0.2088 0.1579, 1.0607 0.2852 0.1579, 1.1319 0.2557 0.1579, 0.9843 0.2953 0.1579, 1.24 0.1476 0.1579, 1.2695 0.0764 0.1579, 1.193 0.2088 0.1579, 1.4764 0.0 1.3386, 1.4609 0.1224 1.3386, 1.4685 0.0879 3.4689, 1.4155 0.2371 1.3386, 1.445 0.1729 3.4689, 1.4591 0.1219 3.4689, 1.3421 0.336 3.4689, 1.3549 0.3238 3.4689, 1.343 0.3369 1.3386, 1.4067 0.2524 3.4689, 1.4144 0.2365 3.4689, 1.2911 0.3848 3.4689, 1.2479 0.4155 1.3386, 1.2469 0.4139 3.4689, 1.2175 0.4334 3.4689, 1.1363 0.468 1.3386, 1.1363 0.468 3.4689, 1.0503 0.4877 3.4689, 1.0152 0.4912 1.3386, 1.0151 0.4893 3.4689, 0.9622 0.4916 3.4689, 0.892 0.4834 1.3386, 0.8922 0.4822 3.4689, 0.8747 0.4798 3.4689, 0.7747 0.4453 1.3386, 0.7908 0.4525 3.4689, 0.6706 0.3792 1.3386, 0.7131 0.4107 3.4689, 0.7753 0.4442 3.4689, 0.5861 0.2893 1.3386, 0.6442 0.3557 3.4689, 0.6717 0.3777 3.4689, 0.5267 0.1812 1.3386, 0.5409 0.2135 3.4689, 0.5861 0.2893 3.4689, 0.496 0.0617 1.3386, 0.5099 0.1309 3.4689, 0.5285 0.1805 3.4689, 0.496 -0.0617 1.3386, 0.4941 -0.0441 3.4689, 0.4921 -0.0 1.3386, 0.4941 0.0441 3.4689, 0.4973 0.0615 3.4689, 0.5267 -0.1812 1.3386, 0.5099 -0.1309 3.4689, 0.4973 -0.0615 3.4689, 0.5861 -0.2893 1.3386, 0.5409 -0.2135 3.4689, 0.5285 -0.1805 3.4689, 0.6706 -0.3792 1.3386, 0.6442 -0.3557 3.4689, 0.5861 -0.2893 3.4689, 0.7747 -0.4453 1.3386, 0.7131 -0.4107 3.4689, 0.6717 -0.3777 3.4689, 0.8922 -0.4822 3.4689, 0.8747 -0.4798 3.4689, 0.892 -0.4834 1.3386, 0.7908 -0.4525 3.4689, 0.7753 -0.4442 3.4689, 0.9622 -0.4916 3.4689, 1.0152 -0.4912 1.3386, 1.0151 -0.4893 3.4689, 1.0503 -0.4877 3.4689, 1.1363 -0.468 1.3386, 1.1363 -0.468 3.4689, 1.2175 -0.4334 3.4689, 1.2479 -0.4155 1.3386, 1.2469 -0.4139 3.4689, 1.2911 -0.3848 3.4689, 1.343 -0.3369 1.3386, 1.3421 -0.336 3.4689, 1.3549 -0.3238 3.4689, 1.4155 -0.2371 1.3386, 1.4067 -0.2524 3.4689, 1.4609 -0.1224 1.3386, 1.445 -0.1729 3.4689, 1.4144 -0.2365 3.4689, 1.4764 0.0 3.4689, 1.4685 -0.0879 3.4689, 1.4591 -0.1219 3.4689, 1.3346 -0.0939 3.2265, 1.3251 -0.1279 3.2265, 1.3303 -0.1299 3.2832, 1.2992 -0.1819 3.2265, 1.2968 -0.1868 3.2265, 1.3016 -0.1896 3.2832, 1.2408 -0.2565 3.2265, 1.2113 -0.2847 3.2265, 1.2147 -0.289 3.2832, 1.1659 -0.3146 3.2265, 1.1568 -0.3206 3.2265, 1.1594 -0.3255 3.2832, 1.0782 -0.3505 3.2265, 1.0331 -0.3608 3.2265, 1.0339 -0.3663 3.2832, 0.9842 -0.363 3.2265, 0.9679 -0.3637 3.2265, 0.9677 -0.3693 3.2832, 0.8903 -0.3508 3.2265, 0.8411 -0.3348 3.2265, 0.839 -0.3399 3.2832, 0.8028 -0.3142 3.2265, 0.7837 -0.3039 3.2265, 0.7806 -0.3085 3.2832, 0.7273 -0.257 3.2265, 0.6897 -0.214 3.2265, 0.6852 -0.2173 3.2832, 0.6701 -0.1813 3.2265, 0.6562 -0.158 3.2265, 0.6512 -0.1604 3.2832, 0.6328 -0.0942 3.2265, 0.6216 -0.0326 3.2265, 0.6161 -0.0331 3.2832, 0.6216 -0.0 3.2265, 0.6216 0.0326 3.2265, 0.6161 0.0331 3.2832, 0.6328 0.0942 3.2265, 0.6333 0.0969 3.2265, 0.6279 0.0983 3.2832, 0.6701 0.1813 3.2265, 0.6897 0.214 3.2265, 0.6852 0.2173 3.2832, 0.7273 0.257 3.2265, 0.7326 0.2632 3.2265, 0.7288 0.2672 3.2832, 0.8028 0.3142 3.2265, 0.8411 0.3348 3.2265, 0.839 0.3399 3.2832, 0.8903 0.3508 3.2265, 0.9032 0.355 3.2265, 0.902 0.3604 3.2832, 0.9842 0.363 3.2265, 1.0331 0.3608 3.2265, 1.0339 0.3663 3.2832, 1.0782 0.3505 3.2265, 1.0968 0.3463 3.2265, 1.0985 0.3515 3.2832, 1.1659 0.3146 3.2265, 1.2113 0.2847 3.2265, 1.2147 0.289 3.2832, 1.2408 0.2565 3.2265, 1.2585 0.2396 3.2265, 1.2626 0.2432 3.2832, 1.2992 0.1819 3.2265, 1.3251 0.1279 3.2265, 1.3303 0.1299 3.2832, 1.3346 0.0939 3.2265, 1.3425 0.065 3.2265, 1.3479 0.066 3.2832, 1.4255 -0.0801 3.4324, 1.4041 -0.1576 3.4324, 1.3219 -0.295 3.4324, 1.2638 -0.3506 3.4324, 1.0444 -0.4444 3.4324, 0.9641 -0.448 3.4324, 0.808 -0.4123 3.4324, 0.7372 -0.3742 3.4324, 0.5802 -0.1946 3.4324, 0.552 -0.1193 3.4324, 0.5376 0.0402 3.4324, 0.552 0.1193 3.4324, 0.6744 0.3241 3.4324, 0.7372 0.3742 3.4324, 0.8845 0.4372 3.4324, 0.9641 0.448 3.4324, 1.1967 0.3949 3.4324, 1.2638 0.3506 3.4324, 1.3692 0.23 3.4324, 1.4041 0.1576 3.4324, 1.4327 0.0 3.4324, 1.4255 0.0801 3.4324, 1.3969 0.0 3.3881, 1.3902 0.0737 3.3881, 1.3703 0.0 3.3377, 1.3641 0.0689 3.3377, 1.3539 0.0 3.2832, 1.3484 0.0 3.2265, 1.3456 0.1356 3.3377, 1.3705 0.145 3.3881, 1.2968 0.1868 3.2265, 1.3016 0.1896 3.2832, 1.3156 0.198 3.3377, 1.3384 0.2116 3.3881, 1.3219 0.295 3.4324, 1.295 0.2715 3.3881, 1.2749 0.254 3.3377, 1.2249 0.3018 3.3377, 1.2415 0.3226 3.3881, 1.1568 0.3206 3.2265, 1.1594 0.3255 3.2832, 1.1672 0.3399 3.3377, 1.1798 0.3633 3.3881, 1.1228 0.4265 3.4324, 1.1118 0.3924 3.3881, 1.1035 0.3671 3.3377, 1.0361 0.3825 3.3377, 1.0396 0.4089 3.3881, 1.0444 0.4444 3.4324, 0.9679 0.3637 3.2265, 0.9677 0.3693 3.2832, 0.9669 0.3856 3.3377, 0.9657 0.4122 3.3881, 0.8924 0.4023 3.3881, 0.8984 0.3763 3.3377, 0.8325 0.3549 3.3377, 0.8221 0.3794 3.3881, 0.808 0.4123 3.4324, 0.7837 0.3039 3.2265, 0.7806 0.3085 3.2832, 0.7716 0.3221 3.3377, 0.757 0.3443 3.3881, 0.6991 0.2982 3.3881, 0.7175 0.279 3.3377, 0.672 0.2269 3.3377, 0.6505 0.2425 3.3881, 0.6215 0.2636 3.4324, 0.6562 0.158 3.2265, 0.6512 0.1604 3.2832, 0.6365 0.1675 3.3377, 0.6125 0.179 3.3881, 0.5802 0.1946 3.4324, 0.5865 0.1098 3.3881, 0.6122 0.1027 3.3377, 0.5998 0.0346 3.3377, 0.5733 0.037 3.3881, 0.5998 -0.0346 3.3377, 0.5733 -0.037 3.3881, 0.5376 -0.0402 3.4324, 0.6333 -0.0969 3.2265, 0.6279 -0.0983 3.2832, 0.6122 -0.1027 3.3377, 0.5865 -0.1098 3.3881, 0.6125 -0.179 3.3881, 0.6365 -0.1675 3.3377, 0.672 -0.2269 3.3377, 0.6505 -0.2425 3.3881, 0.6215 -0.2636 3.4324, 0.7326 -0.2632 3.2265, 0.7288 -0.2672 3.2832, 0.7175 -0.279 3.3377, 0.6991 -0.2982 3.3881, 0.6744 -0.3241 3.4324, 0.757 -0.3443 3.3881, 0.7716 -0.3221 3.3377, 0.8325 -0.3549 3.3377, 0.8221 -0.3794 3.3881, 0.9032 -0.355 3.2265, 0.902 -0.3604 3.2832, 0.8984 -0.3763 3.3377, 0.8924 -0.4023 3.3881, 0.8845 -0.4372 3.4324, 0.9657 -0.4122 3.3881, 0.9669 -0.3856 3.3377, 1.0361 -0.3825 3.3377, 1.0396 -0.4089 3.3881, 1.0968 -0.3463 3.2265, 1.0985 -0.3515 3.2832, 1.1035 -0.3671 3.3377, 1.1118 -0.3924 3.3881, 1.1228 -0.4265 3.4324, 1.1967 -0.3949 3.4324, 1.1798 -0.3633 3.3881, 1.1672 -0.3399 3.3377, 1.2249 -0.3018 3.3377, 1.2415 -0.3226 3.3881, 1.2585 -0.2396 3.2265, 1.2626 -0.2432 3.2832, 1.2749 -0.254 3.3377, 1.295 -0.2715 3.3881, 1.3692 -0.23 3.4324, 1.3384 -0.2116 3.3881, 1.3156 -0.198 3.3377, 1.3456 -0.1356 3.3377, 1.3705 -0.145 3.3881, 1.3425 -0.065 3.2265, 1.3479 -0.066 3.2832, 1.3641 -0.0689 3.3377, 1.3902 -0.0737 3.3881, 1.0968 -0.3463 1.7537, 1.1663 -0.3153 1.7537, 1.2279 -0.2706 1.7537, 1.2406 -0.2565 1.7537, 0.8903 -0.3502 1.7537, 0.9462 -0.3621 1.7537, 0.9843 -0.3621 1.7537, 1.0223 -0.3621 1.7537, 1.0782 -0.3502 1.7537, 0.7279 -0.2565 1.7537, 0.7406 -0.2706 1.7537, 0.8022 -0.3153 1.7537, 0.8717 -0.3463 1.7537, 0.6707 -0.1811 1.7537, 0.6516 -0.1481 1.7537, 0.6897 -0.214 1.7537, 0.6201 -0.0 1.7537, 0.6281 -0.0757 1.7537, 0.634 -0.0938 1.7537, 0.6516 0.1481 1.7537, 0.634 0.0938 1.7537, 0.6281 0.0757 1.7537, 0.8022 0.3153 1.7537, 0.7406 0.2706 1.7537, 0.7279 0.2565 1.7537, 0.6897 0.214 1.7537, 0.6707 0.1811 1.7537, 0.9843 0.3621 1.7537, 0.9462 0.3621 1.7537, 0.8903 0.3502 1.7537, 0.8717 0.3463 1.7537, 1.1663 0.3153 1.7537, 1.0968 0.3463 1.7537, 1.0782 0.3502 1.7537, 1.0223 0.3621 1.7537, 1.2406 0.2565 1.7537, 1.2279 0.2706 1.7537, 1.2788 -0.214 1.7537, 1.2979 -0.1811 1.7537, 1.3169 -0.1481 1.7537, 1.3345 -0.0938 1.7537, 1.3404 -0.0757 1.7537, 1.3484 0.0 1.7537, 1.3404 0.0757 1.7537, 1.3345 0.0938 1.7537, 1.3169 0.1481 1.7537, 1.2979 0.1811 1.7537, 1.2788 0.214 1.7537, 0.9194 0.0289 1.3966, 0.9148 0.0148 1.3966, 0.9843 0.0 1.3896, 0.9268 0.0418 1.3966, 0.9367 0.0528 1.3966, 0.9487 0.0615 1.3966, 0.9623 0.0676 1.3966, 0.9768 0.0706 1.3966, 0.9917 0.0706 1.3966, 1.0062 0.0676 1.3966, 1.0198 0.0615 1.3966, 1.0318 0.0528 1.3966, 1.0417 0.0418 1.3966, 1.0491 0.0289 1.3966, 1.0537 0.0148 1.3966, 1.0553 0.0 1.3966, 1.0537 -0.0148 1.3966, 1.0491 -0.0289 1.3966, 1.0417 -0.0418 1.3966, 1.0318 -0.0528 1.3966, 1.0198 -0.0615 1.3966, 1.0062 -0.0676 1.3966, 0.9917 -0.0706 1.3966, 0.9768 -0.0706 1.3966, 0.9623 -0.0676 1.3966, 0.9487 -0.0615 1.3966, 0.9367 -0.0528 1.3966, 0.9268 -0.0418 1.3966, 0.9194 -0.0289 1.3966, 0.9148 -0.0148 1.3966, 0.9132 0.0 1.3966, 0.658 -0.1453 1.6826, 0.6349 -0.0742 1.6826, 0.6953 -0.2099 1.6826, 0.7453 -0.2654 1.6826, 0.8057 -0.3093 1.6826, 0.8739 -0.3396 1.6826, 0.9469 -0.3552 1.6826, 1.0216 -0.3552 1.6826, 1.0946 -0.3396 1.6826, 1.1628 -0.3093 1.6826, 1.2232 -0.2654 1.6826, 1.2732 -0.2099 1.6826, 1.3105 -0.1453 1.6826, 1.3336 -0.0742 1.6826, 1.3414 0.0 1.6826, 1.3336 0.0742 1.6826, 1.3105 0.1453 1.6826, 1.2732 0.2099 1.6826, 1.2232 0.2654 1.6826, 1.1628 0.3093 1.6826, 1.0946 0.3396 1.6826, 1.0216 0.3552 1.6826, 0.9469 0.3552 1.6826, 0.8739 0.3396 1.6826, 0.8057 0.3093 1.6826, 0.7453 0.2654 1.6826, 0.6953 0.2099 1.6826, 0.658 0.1453 1.6826, 0.6349 0.0742 1.6826, 0.6271 0.0 1.6826, 0.6552 0.0699 1.6143, 0.6769 0.1368 1.6143, 0.7121 0.1977 1.6143, 0.7592 0.25 1.6143, 0.8161 0.2913 1.6143, 0.8803 0.3199 1.6143, 0.9491 0.3345 1.6143, 1.0194 0.3345 1.6143, 1.0882 0.3199 1.6143, 1.1524 0.2913 1.6143, 1.2093 0.25 1.6143, 1.2564 0.1977 1.6143, 1.2916 0.1368 1.6143, 1.3133 0.0699 1.6143, 1.3206 0.0 1.6143, 1.3133 -0.0699 1.6143, 1.2916 -0.1368 1.6143, 1.2564 -0.1977 1.6143, 1.2093 -0.25 1.6143, 1.1524 -0.2913 1.6143, 1.0882 -0.3199 1.6143, 1.0194 -0.3345 1.6143, 0.9491 -0.3345 1.6143, 0.8803 -0.3199 1.6143, 0.8161 -0.2913 1.6143, 0.7592 -0.25 1.6143, 0.7121 -0.1977 1.6143, 0.6769 -0.1368 1.6143, 0.6552 -0.0699 1.6143, 0.6479 0.0 1.6143, 0.6881 0.0629 1.5514, 0.7077 0.1231 1.5514, 0.7393 0.1779 1.5514, 0.7817 0.225 1.5514, 0.8329 0.2622 1.5514, 0.8907 0.2879 1.5514, 0.9526 0.3011 1.5514, 1.0159 0.3011 1.5514, 1.0778 0.2879 1.5514, 1.1356 0.2622 1.5514, 1.1868 0.225 1.5514, 1.2292 0.1779 1.5514, 1.2608 0.1231 1.5514, 1.2804 0.0629 1.5514, 1.287 0.0 1.5514, 1.2804 -0.0629 1.5514, 1.2608 -0.1231 1.5514, 1.2292 -0.1779 1.5514, 1.1868 -0.225 1.5514, 1.1356 -0.2622 1.5514, 1.0778 -0.2879 1.5514, 1.0159 -0.3011 1.5514, 0.9526 -0.3011 1.5514, 0.8907 -0.2879 1.5514, 0.8329 -0.2622 1.5514, 0.7817 -0.225 1.5514, 0.7393 -0.1779 1.5514, 0.7077 -0.1231 1.5514, 0.6881 -0.0629 1.5514, 0.6815 0.0 1.5514, 0.7324 0.0535 1.4962, 0.749 0.1047 1.4962, 0.776 0.1513 1.4962, 0.812 0.1913 1.4962, 0.8555 0.223 1.4962, 0.9047 0.2449 1.4962, 0.9573 0.2561 1.4962, 1.0112 0.2561 1.4962, 1.0638 0.2449 1.4962, 1.113 0.223 1.4962, 1.1565 0.1913 1.4962, 1.1925 0.1513 1.4962, 1.2195 0.1047 1.4962, 1.2361 0.0535 1.4962, 1.2417 0.0 1.4962, 1.2361 -0.0535 1.4962, 1.2195 -0.1047 1.4962, 1.1925 -0.1513 1.4962, 1.1565 -0.1913 1.4962, 1.113 -0.223 1.4962, 1.0638 -0.2449 1.4962, 1.0112 -0.2561 1.4962, 0.9573 -0.2561 1.4962, 0.9047 -0.2449 1.4962, 0.8555 -0.223 1.4962, 0.812 -0.1913 1.4962, 0.776 -0.1513 1.4962, 0.749 -0.1047 1.4962, 0.7324 -0.0535 1.4962, 0.7268 0.0 1.4962, 0.7864 0.0421 1.4509, 0.7995 0.0823 1.4509, 0.8206 0.1189 1.4509, 0.8489 0.1503 1.4509, 0.8831 0.1752 1.4509, 0.9217 0.1924 1.4509, 0.9631 0.2012 1.4509, 1.0054 0.2012 1.4509, 1.0468 0.1924 1.4509, 1.0854 0.1752 1.4509, 1.1196 0.1503 1.4509, 1.1479 0.1189 1.4509, 1.1691 0.0823 1.4509, 1.1821 0.0421 1.4509, 1.1865 0.0 1.4509, 1.1821 -0.0421 1.4509, 1.1691 -0.0823 1.4509, 1.1479 -0.1189 1.4509, 1.1196 -0.1503 1.4509, 1.0854 -0.1752 1.4509, 1.0468 -0.1924 1.4509, 1.0054 -0.2012 1.4509, 0.9631 -0.2012 1.4509, 0.9217 -0.1924 1.4509, 0.8831 -0.1752 1.4509, 0.8489 -0.1503 1.4509, 0.8206 -0.1189 1.4509, 0.7995 -0.0823 1.4509, 0.7864 -0.0421 1.4509, 0.782 0.0 1.4509, 0.848 0.029 1.4173, 0.857 0.0567 1.4173, 0.8715 0.0819 1.4173, 0.891 0.1035 1.4173, 0.9146 0.1207 1.4173, 0.9412 0.1325 1.4173, 0.9697 0.1386 1.4173, 0.9988 0.1386 1.4173, 1.0273 0.1325 1.4173, 1.0539 0.1207 1.4173, 1.0775 0.1035 1.4173, 1.097 0.0819 1.4173, 1.1115 0.0567 1.4173, 1.1205 0.029 1.4173, 1.1236 0.0 1.4173, 1.1205 -0.029 1.4173, 1.1115 -0.0567 1.4173, 1.097 -0.0819 1.4173, 1.0775 -0.1035 1.4173, 1.0539 -0.1207 1.4173, 1.0273 -0.1325 1.4173, 0.9988 -0.1386 1.4173, 0.9697 -0.1386 1.4173, 0.9412 -0.1325 1.4173, 0.9146 -0.1207 1.4173, 0.891 -0.1035 1.4173, 0.8715 -0.0819 1.4173, 0.857 -0.0567 1.4173, 0.848 -0.029 1.4173, 0.8449 0.0 1.4173, 0.9843 -0.4921 -0.2033, 0.9843 -0.2953 -0.2033, 1.0152 -0.4912 -0.2033, 1.0607 -0.2852 -0.2033, 0.9843 0.2953 -0.2033, 0.9843 0.4921 -0.2033, 1.0152 0.4912 -0.2033, 1.0607 0.2852 -0.2033, 1.1363 0.468 -0.2033, 1.1319 0.2557 -0.2033, 1.2479 0.4155 -0.2033, 1.193 0.2088 -0.2033, 1.343 0.3369 -0.2033, 1.24 0.1476 -0.2033, 1.4155 0.2371 -0.2033, 1.2695 0.0764 -0.2033, 1.4609 0.1224 -0.2033, 1.2795 0.0 -0.2033, 1.4764 0.0 -0.2033, 1.2695 -0.0764 -0.2033, 1.4609 -0.1224 -0.2033, 1.24 -0.1476 -0.2033, 1.4155 -0.2371 -0.2033, 1.193 -0.2088 -0.2033, 1.343 -0.3369 -0.2033, 1.1319 -0.2557 -0.2033, 1.2479 -0.4155 -0.2033, 1.1363 -0.468 -0.2033, 0.9843 -0.4921 -1.1081, 0.9843 -0.4126 -1.1811, 0.9843 -0.2953 -1.1811, 0.9843 0.4921 -1.1081, 0.9843 0.4126 -1.1811, 0.9843 0.2953 -1.1811
            ]
        }
        coordIndex [
            0,1,2,-1,3,4,5,-1,5,4,6,-1,5,6,7,-1,7,6,8,-1,7,8,9,-1,9,8,10,-1,9,10,11,-1,11,10,12,-1,11,12,13,-1,13,12,14,-1,13,14,15,-1,15,14,16,-1,15,16,17,-1,17,16,18,-1,17,18,19,-1,19,18,20,-1,19,20,21,-1,21,20,22,-1,21,22,23,-1,23,22,24,-1,23,24,2,-1,2,24,25,-1,2,25,0,-1,0,25,26,-1,0,26,27,-1,27,26,28,-1,27,28,29,-1,29,28,30,-1,29,30,31,-1,31,30,32,-1,31,32,33,-1,33,32,34,-1,33,34,35,-1,35,34,36,-1,35,36,37,-1,37,36,38,-1,37,38,39,-1,39,38,40,-1,39,40,41,-1,41,40,42,-1,41,42,43,-1,43,42,44,-1,43,44,45,-1,45,44,46,-1,45,46,47,-1,47,46,48,-1,47,48,4,-1,4,48,49,-1,4,49,6,-1,50,36,34,-1,38,36,50,-1,50,30,28,-1,32,30,50,-1,34,32,50,-1,50,25,24,-1,26,25,50,-1,28,26,50,-1,50,20,18,-1,22,20,50,-1,24,22,50,-1,50,14,12,-1,16,14,50,-1,18,16,50,-1,50,8,6,-1,10,8,50,-1,12,10,50,-1,50,48,46,-1,49,48,50,-1,6,49,50,-1,50,42,40,-1,44,42,50,-1,46,44,50,-1,40,38,50,-1,51,52,53,-1,54,51,55,-1,55,56,54,-1,54,56,57,-1,54,57,58,-1,58,57,59,-1,58,59,60,-1,60,59,61,-1,60,61,62,-1,62,61,63,-1,62,63,64,-1,64,63,65,-1,64,65,66,-1,66,65,67,-1,66,67,68,-1,68,67,69,-1,68,69,70,-1,70,69,71,-1,70,71,72,-1,72,71,73,-1,72,73,74,-1,74,73,75,-1,74,75,76,-1,76,75,77,-1,76,77,78,-1,78,77,79,-1,80,81,79,-1,79,81,82,-1,79,82,78,-1,51,53,55,-1,55,53,83,-1,55,83,84,-1,83,85,84,-1,84,85,86,-1,84,86,87,-1,86,88,87,-1,87,88,89,-1,87,89,90,-1,89,91,90,-1,90,91,92,-1,90,92,93,-1,93,92,94,-1,93,94,95,-1,94,96,95,-1,95,96,97,-1,95,97,98,-1,98,97,99,-1,98,99,100,-1,100,101,98,-1,98,101,102,-1,98,102,103,-1,102,104,103,-1,103,104,105,-1,103,105,106,-1,105,107,106,-1,106,107,108,-1,106,108,109,-1,108,110,109,-1,109,110,111,-1,109,111,112,-1,113,81,114,-1,114,81,80,-1,114,80,115,-1,115,80,112,-1,115,112,116,-1,116,112,111,-1,113,114,117,-1,117,114,118,-1,114,115,118,-1,118,115,116,-1,118,116,119,-1,116,111,119,-1,119,111,110,-1,119,110,120,-1,110,108,120,-1,120,108,107,-1,120,107,121,-1,107,105,121,-1,121,105,104,-1,121,104,122,-1,104,102,122,-1,122,102,101,-1,122,101,123,-1,101,100,123,-1,123,100,99,-1,123,99,124,-1,124,99,97,-1,124,97,125,-1,97,96,125,-1,125,96,94,-1,125,94,126,-1,94,92,126,-1,126,92,91,-1,126,91,127,-1,91,89,127,-1,127,89,88,-1,127,88,128,-1,88,86,128,-1,128,86,85,-1,128,85,129,-1,52,130,53,-1,53,130,129,-1,53,129,83,-1,83,129,85,-1,1,117,2,-1,2,117,118,-1,2,118,23,-1,23,118,119,-1,23,119,21,-1,21,119,120,-1,21,120,19,-1,19,120,121,-1,19,121,17,-1,17,121,122,-1,17,122,15,-1,130,3,129,-1,129,3,5,-1,129,5,128,-1,128,5,7,-1,128,7,127,-1,127,7,9,-1,127,9,126,-1,126,9,11,-1,126,11,125,-1,125,11,13,-1,125,13,124,-1,124,13,15,-1,124,15,123,-1,123,15,122,-1,131,132,133,-1,134,135,132,-1,132,135,136,-1,132,136,133,-1,137,138,139,-1,139,138,140,-1,139,140,134,-1,134,140,141,-1,134,141,135,-1,137,139,142,-1,142,139,143,-1,142,143,144,-1,144,143,145,-1,145,143,146,-1,145,146,147,-1,147,146,148,-1,148,146,149,-1,148,149,150,-1,150,149,151,-1,151,149,152,-1,151,152,153,-1,153,152,154,-1,154,152,155,-1,154,155,156,-1,157,158,155,-1,155,158,159,-1,155,159,156,-1,160,161,157,-1,157,161,162,-1,157,162,158,-1,163,164,160,-1,160,164,165,-1,160,165,161,-1,166,167,163,-1,163,167,168,-1,163,168,164,-1,169,170,171,-1,171,170,172,-1,171,172,166,-1,166,172,173,-1,166,173,167,-1,174,175,169,-1,169,175,176,-1,169,176,170,-1,177,178,174,-1,174,178,179,-1,174,179,175,-1,180,181,177,-1,177,181,182,-1,177,182,178,-1,183,184,180,-1,180,184,185,-1,180,185,181,-1,186,187,188,-1,188,187,189,-1,188,189,183,-1,183,189,190,-1,183,190,184,-1,186,188,191,-1,191,188,192,-1,191,192,193,-1,193,192,194,-1,194,192,195,-1,194,195,196,-1,196,195,197,-1,197,195,198,-1,197,198,199,-1,199,198,200,-1,200,198,201,-1,200,201,202,-1,202,201,203,-1,203,201,204,-1,203,204,205,-1,206,207,204,-1,204,207,208,-1,204,208,205,-1,133,209,131,-1,131,209,210,-1,131,210,206,-1,206,210,211,-1,206,211,207,-1,212,213,214,-1,215,216,217,-1,218,219,220,-1,221,222,223,-1,224,225,226,-1,227,228,229,-1,230,231,232,-1,233,234,235,-1,236,237,238,-1,239,240,241,-1,242,243,244,-1,245,246,247,-1,248,249,250,-1,251,252,253,-1,254,255,256,-1,257,258,259,-1,260,261,262,-1,263,264,265,-1,266,267,268,-1,269,270,271,-1,272,273,274,-1,275,276,277,-1,278,279,280,-1,211,210,281,-1,208,207,282,-1,202,203,283,-1,199,200,284,-1,193,194,285,-1,186,191,286,-1,190,189,287,-1,185,184,288,-1,179,178,289,-1,176,175,290,-1,173,172,291,-1,168,167,292,-1,162,161,293,-1,159,158,294,-1,153,154,295,-1,150,151,296,-1,144,145,297,-1,137,142,298,-1,141,140,299,-1,136,135,300,-1,209,133,301,-1,301,133,302,-1,301,302,303,-1,303,302,304,-1,303,304,305,-1,305,304,306,-1,305,306,307,-1,307,306,280,-1,307,280,308,-1,308,280,279,-1,276,278,277,-1,277,278,280,-1,277,280,309,-1,309,280,306,-1,309,306,310,-1,310,306,304,-1,310,304,300,-1,300,304,302,-1,300,302,136,-1,136,302,133,-1,311,275,312,-1,312,275,277,-1,312,277,313,-1,313,277,309,-1,313,309,314,-1,314,309,310,-1,314,310,299,-1,299,310,300,-1,299,300,141,-1,141,300,135,-1,140,138,299,-1,299,138,315,-1,299,315,314,-1,314,315,316,-1,314,316,313,-1,313,316,317,-1,313,317,312,-1,312,317,274,-1,312,274,311,-1,311,274,273,-1,270,272,271,-1,271,272,274,-1,271,274,318,-1,318,274,317,-1,318,317,319,-1,319,317,316,-1,319,316,298,-1,298,316,315,-1,298,315,137,-1,137,315,138,-1,320,269,321,-1,321,269,271,-1,321,271,322,-1,322,271,318,-1,322,318,323,-1,323,318,319,-1,323,319,297,-1,297,319,298,-1,297,298,144,-1,144,298,142,-1,145,147,297,-1,297,147,324,-1,297,324,323,-1,323,324,325,-1,323,325,322,-1,322,325,326,-1,322,326,321,-1,321,326,268,-1,321,268,320,-1,320,268,267,-1,264,266,265,-1,265,266,268,-1,265,268,327,-1,327,268,326,-1,327,326,328,-1,328,326,325,-1,328,325,329,-1,329,325,324,-1,329,324,148,-1,148,324,147,-1,330,263,331,-1,331,263,265,-1,331,265,332,-1,332,265,327,-1,332,327,333,-1,333,327,328,-1,333,328,296,-1,296,328,329,-1,296,329,150,-1,150,329,148,-1,151,153,296,-1,296,153,295,-1,296,295,333,-1,333,295,334,-1,333,334,332,-1,332,334,335,-1,332,335,331,-1,331,335,262,-1,331,262,330,-1,330,262,261,-1,258,260,259,-1,259,260,262,-1,259,262,336,-1,336,262,335,-1,336,335,337,-1,337,335,334,-1,337,334,338,-1,338,334,295,-1,338,295,156,-1,156,295,154,-1,339,257,340,-1,340,257,259,-1,340,259,341,-1,341,259,336,-1,341,336,342,-1,342,336,337,-1,342,337,294,-1,294,337,338,-1,294,338,159,-1,159,338,156,-1,158,162,294,-1,294,162,293,-1,294,293,342,-1,342,293,343,-1,342,343,341,-1,341,343,344,-1,341,344,340,-1,340,344,256,-1,340,256,339,-1,339,256,255,-1,252,254,253,-1,253,254,256,-1,253,256,345,-1,345,256,344,-1,345,344,346,-1,346,344,343,-1,346,343,347,-1,347,343,293,-1,347,293,165,-1,165,293,161,-1,348,251,349,-1,349,251,253,-1,349,253,350,-1,350,253,345,-1,350,345,351,-1,351,345,346,-1,351,346,352,-1,352,346,347,-1,352,347,164,-1,164,347,165,-1,164,168,352,-1,352,168,292,-1,352,292,351,-1,351,292,353,-1,351,353,350,-1,350,353,354,-1,350,354,349,-1,349,354,250,-1,349,250,348,-1,348,250,249,-1,246,248,247,-1,247,248,250,-1,247,250,355,-1,355,250,354,-1,355,354,356,-1,356,354,353,-1,356,353,291,-1,291,353,292,-1,291,292,173,-1,173,292,167,-1,243,245,244,-1,244,245,247,-1,244,247,357,-1,357,247,355,-1,357,355,358,-1,358,355,356,-1,358,356,359,-1,359,356,291,-1,359,291,170,-1,170,291,172,-1,360,242,361,-1,361,242,244,-1,361,244,362,-1,362,244,357,-1,362,357,363,-1,363,357,358,-1,363,358,290,-1,290,358,359,-1,290,359,176,-1,176,359,170,-1,175,179,290,-1,290,179,289,-1,290,289,363,-1,363,289,364,-1,363,364,362,-1,362,364,365,-1,362,365,361,-1,361,365,241,-1,361,241,360,-1,360,241,240,-1,237,239,238,-1,238,239,241,-1,238,241,366,-1,366,241,365,-1,366,365,367,-1,367,365,364,-1,367,364,368,-1,368,364,289,-1,368,289,182,-1,182,289,178,-1,369,236,370,-1,370,236,238,-1,370,238,371,-1,371,238,366,-1,371,366,372,-1,372,366,367,-1,372,367,373,-1,373,367,368,-1,373,368,181,-1,181,368,182,-1,181,185,373,-1,373,185,288,-1,373,288,372,-1,372,288,374,-1,372,374,371,-1,371,374,375,-1,371,375,370,-1,370,375,235,-1,370,235,369,-1,369,235,234,-1,231,233,232,-1,232,233,235,-1,232,235,376,-1,376,235,375,-1,376,375,377,-1,377,375,374,-1,377,374,287,-1,287,374,288,-1,287,288,190,-1,190,288,184,-1,378,230,379,-1,379,230,232,-1,379,232,380,-1,380,232,376,-1,380,376,381,-1,381,376,377,-1,381,377,382,-1,382,377,287,-1,382,287,187,-1,187,287,189,-1,187,186,382,-1,382,186,286,-1,382,286,381,-1,381,286,383,-1,381,383,380,-1,380,383,384,-1,380,384,379,-1,379,384,229,-1,379,229,378,-1,378,229,228,-1,225,227,226,-1,226,227,229,-1,226,229,385,-1,385,229,384,-1,385,384,386,-1,386,384,383,-1,386,383,285,-1,285,383,286,-1,285,286,193,-1,193,286,191,-1,387,224,388,-1,388,224,226,-1,388,226,389,-1,389,226,385,-1,389,385,390,-1,390,385,386,-1,390,386,391,-1,391,386,285,-1,391,285,196,-1,196,285,194,-1,196,197,391,-1,391,197,392,-1,391,392,390,-1,390,392,393,-1,390,393,389,-1,389,393,394,-1,389,394,388,-1,388,394,223,-1,388,223,387,-1,387,223,222,-1,219,221,220,-1,220,221,223,-1,220,223,395,-1,395,223,394,-1,395,394,396,-1,396,394,393,-1,396,393,284,-1,284,393,392,-1,284,392,199,-1,199,392,197,-1,397,218,398,-1,398,218,220,-1,398,220,399,-1,399,220,395,-1,399,395,400,-1,400,395,396,-1,400,396,283,-1,283,396,284,-1,283,284,202,-1,202,284,200,-1,203,205,283,-1,283,205,401,-1,283,401,400,-1,400,401,402,-1,400,402,399,-1,399,402,403,-1,399,403,398,-1,398,403,217,-1,398,217,397,-1,397,217,216,-1,213,215,214,-1,214,215,217,-1,214,217,404,-1,404,217,403,-1,404,403,405,-1,405,403,402,-1,405,402,282,-1,282,402,401,-1,282,401,208,-1,208,401,205,-1,406,212,407,-1,407,212,214,-1,407,214,408,-1,408,214,404,-1,408,404,409,-1,409,404,405,-1,409,405,281,-1,281,405,282,-1,281,282,211,-1,211,282,207,-1,210,209,281,-1,281,209,301,-1,281,301,409,-1,409,301,303,-1,409,303,408,-1,408,303,305,-1,408,305,407,-1,407,305,307,-1,407,307,406,-1,406,307,308,-1,410,222,411,-1,411,222,221,-1,411,221,412,-1,412,221,219,-1,412,219,413,-1,414,378,415,-1,415,378,228,-1,415,228,416,-1,416,228,227,-1,416,227,417,-1,417,227,225,-1,417,225,418,-1,418,225,224,-1,418,224,410,-1,410,224,387,-1,410,387,222,-1,419,369,420,-1,420,369,234,-1,420,234,421,-1,421,234,233,-1,421,233,422,-1,422,233,231,-1,422,231,414,-1,414,231,230,-1,414,230,378,-1,360,423,424,-1,360,424,242,-1,360,240,423,-1,423,240,239,-1,423,239,425,-1,425,239,237,-1,425,237,419,-1,419,237,236,-1,419,236,369,-1,426,243,427,-1,427,243,242,-1,427,242,428,-1,428,242,424,-1,429,249,430,-1,430,249,248,-1,430,248,431,-1,431,248,246,-1,431,246,426,-1,426,246,245,-1,426,245,243,-1,432,339,433,-1,433,339,255,-1,433,255,434,-1,434,255,254,-1,434,254,435,-1,435,254,252,-1,435,252,436,-1,436,252,251,-1,436,251,429,-1,429,251,348,-1,429,348,249,-1,437,330,438,-1,438,330,261,-1,438,261,439,-1,439,261,260,-1,439,260,440,-1,440,260,258,-1,440,258,432,-1,432,258,257,-1,432,257,339,-1,441,320,442,-1,442,320,267,-1,442,267,443,-1,443,267,266,-1,443,266,444,-1,444,266,264,-1,444,264,437,-1,437,264,263,-1,437,263,330,-1,445,272,446,-1,446,272,270,-1,446,270,441,-1,441,270,269,-1,441,269,320,-1,219,218,413,-1,413,218,397,-1,413,397,447,-1,447,397,216,-1,447,216,448,-1,448,216,215,-1,448,215,449,-1,449,215,213,-1,449,213,450,-1,450,213,212,-1,450,212,451,-1,451,212,406,-1,451,406,452,-1,452,406,308,-1,452,308,453,-1,453,308,279,-1,453,279,454,-1,454,279,278,-1,454,278,455,-1,455,278,276,-1,455,276,456,-1,456,276,275,-1,456,275,457,-1,457,275,311,-1,457,311,445,-1,445,311,273,-1,445,273,272,-1,458,459,460,-1,458,460,461,-1,462,461,460,-1,463,462,460,-1,464,463,460,-1,465,464,460,-1,466,465,460,-1,467,466,460,-1,468,467,460,-1,469,468,460,-1,470,469,460,-1,471,470,460,-1,472,471,460,-1,473,472,460,-1,474,473,460,-1,475,474,460,-1,476,475,460,-1,477,476,460,-1,478,477,460,-1,479,478,460,-1,480,479,460,-1,481,480,460,-1,482,481,460,-1,483,482,460,-1,484,483,460,-1,485,484,460,-1,486,485,460,-1,487,486,460,-1,488,487,460,-1,459,488,460,-1,489,490,428,-1,428,424,489,-1,489,424,423,-1,489,423,491,-1,423,425,491,-1,491,425,419,-1,491,419,492,-1,492,419,420,-1,492,420,493,-1,493,420,421,-1,493,421,494,-1,421,422,494,-1,494,422,414,-1,494,414,495,-1,414,415,495,-1,495,415,416,-1,495,416,496,-1,416,417,496,-1,496,417,418,-1,496,418,497,-1,497,418,410,-1,497,410,498,-1,498,410,411,-1,498,411,499,-1,411,412,499,-1,499,412,413,-1,499,413,500,-1,413,447,500,-1,500,447,448,-1,500,448,501,-1,448,449,501,-1,501,449,450,-1,501,450,502,-1,502,450,451,-1,502,451,503,-1,503,451,452,-1,503,452,504,-1,452,453,504,-1,504,453,454,-1,504,454,505,-1,454,455,505,-1,505,455,456,-1,505,456,506,-1,456,457,506,-1,506,457,445,-1,506,445,507,-1,507,445,446,-1,507,446,508,-1,508,446,441,-1,508,441,509,-1,441,442,509,-1,509,442,443,-1,509,443,510,-1,443,444,510,-1,510,444,437,-1,510,437,511,-1,437,438,511,-1,511,438,439,-1,511,439,512,-1,512,439,440,-1,512,440,513,-1,513,440,432,-1,513,432,514,-1,432,433,514,-1,514,433,434,-1,514,434,515,-1,434,435,515,-1,515,435,436,-1,515,436,516,-1,436,429,516,-1,516,429,430,-1,516,430,517,-1,517,430,431,-1,517,431,518,-1,518,431,426,-1,518,426,490,-1,490,426,427,-1,490,427,428,-1,517,519,516,-1,516,519,520,-1,516,520,515,-1,515,520,521,-1,515,521,514,-1,514,521,522,-1,514,522,513,-1,513,522,523,-1,513,523,512,-1,512,523,524,-1,512,524,511,-1,511,524,525,-1,511,525,510,-1,510,525,526,-1,510,526,509,-1,509,526,527,-1,509,527,508,-1,508,527,528,-1,508,528,507,-1,507,528,529,-1,507,529,506,-1,506,529,530,-1,506,530,505,-1,505,530,531,-1,505,531,504,-1,504,531,532,-1,504,532,503,-1,503,532,533,-1,503,533,502,-1,502,533,534,-1,502,534,501,-1,501,534,535,-1,501,535,500,-1,500,535,536,-1,500,536,499,-1,499,536,537,-1,499,537,498,-1,498,537,538,-1,498,538,497,-1,497,538,539,-1,497,539,496,-1,496,539,540,-1,496,540,495,-1,495,540,541,-1,495,541,494,-1,494,541,542,-1,494,542,493,-1,493,542,543,-1,493,543,492,-1,492,543,544,-1,492,544,491,-1,491,544,545,-1,491,545,489,-1,489,545,546,-1,489,546,490,-1,490,546,547,-1,490,547,518,-1,518,547,548,-1,518,548,517,-1,517,548,519,-1,519,549,520,-1,520,549,550,-1,520,550,521,-1,521,550,551,-1,521,551,522,-1,522,551,552,-1,522,552,523,-1,523,552,553,-1,523,553,524,-1,524,553,554,-1,524,554,525,-1,525,554,555,-1,525,555,526,-1,526,555,556,-1,526,556,527,-1,527,556,557,-1,527,557,528,-1,528,557,558,-1,528,558,529,-1,529,558,559,-1,529,559,530,-1,530,559,560,-1,530,560,531,-1,531,560,561,-1,531,561,532,-1,532,561,562,-1,532,562,533,-1,533,562,563,-1,533,563,534,-1,534,563,564,-1,534,564,535,-1,535,564,565,-1,535,565,536,-1,536,565,566,-1,536,566,537,-1,537,566,567,-1,537,567,538,-1,538,567,568,-1,538,568,539,-1,539,568,569,-1,539,569,540,-1,540,569,570,-1,540,570,541,-1,541,570,571,-1,541,571,542,-1,542,571,572,-1,542,572,543,-1,543,572,573,-1,543,573,544,-1,544,573,574,-1,544,574,545,-1,545,574,575,-1,545,575,546,-1,546,575,576,-1,546,576,547,-1,547,576,577,-1,547,577,548,-1,548,577,578,-1,548,578,519,-1,519,578,549,-1,549,579,550,-1,550,579,580,-1,550,580,551,-1,551,580,581,-1,551,581,552,-1,552,581,582,-1,552,582,553,-1,553,582,583,-1,553,583,554,-1,554,583,584,-1,554,584,555,-1,555,584,585,-1,555,585,556,-1,556,585,586,-1,556,586,557,-1,557,586,587,-1,557,587,558,-1,558,587,588,-1,558,588,559,-1,559,588,589,-1,559,589,560,-1,560,589,590,-1,560,590,561,-1,561,590,591,-1,561,591,562,-1,562,591,592,-1,562,592,563,-1,563,592,593,-1,563,593,564,-1,564,593,594,-1,564,594,565,-1,565,594,595,-1,565,595,566,-1,566,595,596,-1,566,596,567,-1,567,596,597,-1,567,597,568,-1,568,597,598,-1,568,598,569,-1,569,598,599,-1,569,599,570,-1,570,599,600,-1,570,600,571,-1,571,600,601,-1,571,601,572,-1,572,601,602,-1,572,602,573,-1,573,602,603,-1,573,603,574,-1,574,603,604,-1,574,604,575,-1,575,604,605,-1,575,605,576,-1,576,605,606,-1,576,606,577,-1,577,606,607,-1,577,607,578,-1,578,607,608,-1,578,608,549,-1,549,608,579,-1,579,609,580,-1,580,609,610,-1,580,610,581,-1,581,610,611,-1,581,611,582,-1,582,611,612,-1,582,612,583,-1,583,612,613,-1,583,613,584,-1,584,613,614,-1,584,614,585,-1,585,614,615,-1,585,615,586,-1,586,615,616,-1,586,616,587,-1,587,616,617,-1,587,617,588,-1,588,617,618,-1,588,618,589,-1,589,618,619,-1,589,619,590,-1,590,619,620,-1,590,620,591,-1,591,620,621,-1,591,621,592,-1,592,621,622,-1,592,622,593,-1,593,622,623,-1,593,623,594,-1,594,623,624,-1,594,624,595,-1,595,624,625,-1,595,625,596,-1,596,625,626,-1,596,626,597,-1,597,626,627,-1,597,627,598,-1,598,627,628,-1,598,628,599,-1,599,628,629,-1,599,629,600,-1,600,629,630,-1,600,630,601,-1,601,630,631,-1,601,631,602,-1,602,631,632,-1,602,632,603,-1,603,632,633,-1,603,633,604,-1,604,633,634,-1,604,634,605,-1,605,634,635,-1,605,635,606,-1,606,635,636,-1,606,636,607,-1,607,636,637,-1,607,637,608,-1,608,637,638,-1,608,638,579,-1,579,638,609,-1,609,639,610,-1,610,639,640,-1,610,640,611,-1,611,640,641,-1,611,641,612,-1,612,641,642,-1,612,642,613,-1,613,642,643,-1,613,643,614,-1,614,643,644,-1,614,644,615,-1,615,644,645,-1,615,645,616,-1,616,645,646,-1,616,646,617,-1,617,646,647,-1,617,647,618,-1,618,647,648,-1,618,648,619,-1,619,648,649,-1,619,649,620,-1,620,649,650,-1,620,650,621,-1,621,650,651,-1,621,651,622,-1,622,651,652,-1,622,652,623,-1,623,652,653,-1,623,653,624,-1,624,653,654,-1,624,654,625,-1,625,654,655,-1,625,655,626,-1,626,655,656,-1,626,656,627,-1,627,656,657,-1,627,657,628,-1,628,657,658,-1,628,658,629,-1,629,658,659,-1,629,659,630,-1,630,659,660,-1,630,660,631,-1,631,660,661,-1,631,661,632,-1,632,661,662,-1,632,662,633,-1,633,662,663,-1,633,663,634,-1,634,663,664,-1,634,664,635,-1,635,664,665,-1,635,665,636,-1,636,665,666,-1,636,666,637,-1,637,666,667,-1,637,667,638,-1,638,667,668,-1,638,668,609,-1,609,668,639,-1,639,459,640,-1,640,459,458,-1,640,458,641,-1,641,458,461,-1,641,461,642,-1,642,461,462,-1,642,462,643,-1,643,462,463,-1,643,463,644,-1,644,463,464,-1,644,464,645,-1,645,464,465,-1,645,465,646,-1,646,465,466,-1,646,466,647,-1,647,466,467,-1,647,467,648,-1,648,467,468,-1,648,468,649,-1,649,468,469,-1,649,469,650,-1,650,469,470,-1,650,470,651,-1,651,470,471,-1,651,471,652,-1,652,471,472,-1,652,472,653,-1,653,472,473,-1,653,473,654,-1,654,473,474,-1,654,474,655,-1,655,474,475,-1,655,475,656,-1,656,475,476,-1,656,476,657,-1,657,476,477,-1,657,477,658,-1,658,477,478,-1,658,478,659,-1,659,478,479,-1,659,479,660,-1,660,479,480,-1,660,480,661,-1,661,480,481,-1,661,481,662,-1,662,481,482,-1,662,482,663,-1,663,482,483,-1,663,483,664,-1,664,483,484,-1,664,484,665,-1,665,484,485,-1,665,485,666,-1,666,485,486,-1,666,486,667,-1,667,486,487,-1,667,487,668,-1,668,487,488,-1,668,488,639,-1,639,488,459,-1,81,0,82,-1,82,0,27,-1,4,51,54,-1,4,54,47,-1,47,54,58,-1,47,58,45,-1,45,58,60,-1,45,60,43,-1,43,60,62,-1,43,62,41,-1,41,62,64,-1,41,64,39,-1,39,64,66,-1,39,66,37,-1,37,66,68,-1,37,68,35,-1,35,68,70,-1,35,70,33,-1,33,70,72,-1,33,72,31,-1,31,72,74,-1,31,74,29,-1,29,74,76,-1,29,76,27,-1,27,76,78,-1,27,78,82,-1,52,51,130,-1,130,51,4,-1,130,4,3,-1,81,113,0,-1,0,113,117,-1,0,117,1,-1,669,670,671,-1,672,670,669,-1,669,673,674,-1,675,673,669,-1,671,675,669,-1,669,676,677,-1,678,676,669,-1,674,678,669,-1,669,679,680,-1,681,679,669,-1,677,681,669,-1,669,682,683,-1,684,682,669,-1,680,684,669,-1,669,685,686,-1,687,685,669,-1,683,687,669,-1,669,688,689,-1,690,688,669,-1,686,690,669,-1,669,691,692,-1,693,691,669,-1,689,693,669,-1,692,672,669,-1,694,695,696,-1,697,698,695,-1,695,698,699,-1,695,699,696,-1,700,701,702,-1,702,701,703,-1,702,703,697,-1,697,703,704,-1,697,704,698,-1,700,702,705,-1,705,702,706,-1,705,706,707,-1,707,706,708,-1,708,706,709,-1,708,709,710,-1,710,709,711,-1,711,709,712,-1,711,712,713,-1,713,712,714,-1,714,712,715,-1,714,715,716,-1,716,715,717,-1,717,715,718,-1,717,718,719,-1,720,721,718,-1,718,721,722,-1,718,722,719,-1,723,724,720,-1,720,724,725,-1,720,725,721,-1,726,727,723,-1,723,727,728,-1,723,728,724,-1,729,730,726,-1,726,730,731,-1,726,731,727,-1,732,733,734,-1,734,733,735,-1,734,735,729,-1,729,735,736,-1,729,736,730,-1,737,738,732,-1,732,738,739,-1,732,739,733,-1,740,741,737,-1,737,741,742,-1,737,742,738,-1,743,744,740,-1,740,744,745,-1,740,745,741,-1,746,747,743,-1,743,747,748,-1,743,748,744,-1,749,750,751,-1,751,750,752,-1,751,752,746,-1,746,752,753,-1,746,753,747,-1,749,751,754,-1,754,751,755,-1,754,755,756,-1,756,755,757,-1,757,755,758,-1,757,758,759,-1,759,758,760,-1,760,758,761,-1,760,761,762,-1,762,761,763,-1,763,761,764,-1,763,764,765,-1,765,764,766,-1,766,764,767,-1,766,767,768,-1,769,770,767,-1,767,770,771,-1,767,771,768,-1,696,772,694,-1,694,772,773,-1,694,773,769,-1,769,773,774,-1,769,774,770,-1,775,776,777,-1,778,779,780,-1,781,782,783,-1,784,785,786,-1,787,788,789,-1,790,791,792,-1,793,794,795,-1,796,797,798,-1,799,800,801,-1,802,803,804,-1,805,806,807,-1,808,809,810,-1,811,812,813,-1,814,815,816,-1,817,818,819,-1,820,821,822,-1,823,824,825,-1,826,827,828,-1,829,830,831,-1,832,833,834,-1,835,836,837,-1,838,839,840,-1,841,842,843,-1,774,773,844,-1,771,770,845,-1,765,766,846,-1,762,763,847,-1,756,757,848,-1,749,754,849,-1,753,752,850,-1,748,747,851,-1,742,741,852,-1,739,738,853,-1,736,735,854,-1,731,730,855,-1,725,724,856,-1,722,721,857,-1,716,717,858,-1,713,714,859,-1,707,708,860,-1,700,705,861,-1,704,703,862,-1,699,698,863,-1,772,696,864,-1,864,696,865,-1,864,865,866,-1,866,865,867,-1,866,867,868,-1,868,867,869,-1,868,869,870,-1,870,869,843,-1,870,843,871,-1,871,843,842,-1,839,841,840,-1,840,841,843,-1,840,843,872,-1,872,843,869,-1,872,869,873,-1,873,869,867,-1,873,867,863,-1,863,867,865,-1,863,865,699,-1,699,865,696,-1,874,838,875,-1,875,838,840,-1,875,840,876,-1,876,840,872,-1,876,872,877,-1,877,872,873,-1,877,873,862,-1,862,873,863,-1,862,863,704,-1,704,863,698,-1,703,701,862,-1,862,701,878,-1,862,878,877,-1,877,878,879,-1,877,879,876,-1,876,879,880,-1,876,880,875,-1,875,880,837,-1,875,837,874,-1,874,837,836,-1,833,835,834,-1,834,835,837,-1,834,837,881,-1,881,837,880,-1,881,880,882,-1,882,880,879,-1,882,879,861,-1,861,879,878,-1,861,878,700,-1,700,878,701,-1,883,832,884,-1,884,832,834,-1,884,834,885,-1,885,834,881,-1,885,881,886,-1,886,881,882,-1,886,882,860,-1,860,882,861,-1,860,861,707,-1,707,861,705,-1,708,710,860,-1,860,710,887,-1,860,887,886,-1,886,887,888,-1,886,888,885,-1,885,888,889,-1,885,889,884,-1,884,889,831,-1,884,831,883,-1,883,831,830,-1,827,829,828,-1,828,829,831,-1,828,831,890,-1,890,831,889,-1,890,889,891,-1,891,889,888,-1,891,888,892,-1,892,888,887,-1,892,887,711,-1,711,887,710,-1,893,826,894,-1,894,826,828,-1,894,828,895,-1,895,828,890,-1,895,890,896,-1,896,890,891,-1,896,891,859,-1,859,891,892,-1,859,892,713,-1,713,892,711,-1,714,716,859,-1,859,716,858,-1,859,858,896,-1,896,858,897,-1,896,897,895,-1,895,897,898,-1,895,898,894,-1,894,898,825,-1,894,825,893,-1,893,825,824,-1,821,823,822,-1,822,823,825,-1,822,825,899,-1,899,825,898,-1,899,898,900,-1,900,898,897,-1,900,897,901,-1,901,897,858,-1,901,858,719,-1,719,858,717,-1,902,820,903,-1,903,820,822,-1,903,822,904,-1,904,822,899,-1,904,899,905,-1,905,899,900,-1,905,900,857,-1,857,900,901,-1,857,901,722,-1,722,901,719,-1,721,725,857,-1,857,725,856,-1,857,856,905,-1,905,856,906,-1,905,906,904,-1,904,906,907,-1,904,907,903,-1,903,907,819,-1,903,819,902,-1,902,819,818,-1,815,817,816,-1,816,817,819,-1,816,819,908,-1,908,819,907,-1,908,907,909,-1,909,907,906,-1,909,906,910,-1,910,906,856,-1,910,856,728,-1,728,856,724,-1,911,814,912,-1,912,814,816,-1,912,816,913,-1,913,816,908,-1,913,908,914,-1,914,908,909,-1,914,909,915,-1,915,909,910,-1,915,910,727,-1,727,910,728,-1,727,731,915,-1,915,731,855,-1,915,855,914,-1,914,855,916,-1,914,916,913,-1,913,916,917,-1,913,917,912,-1,912,917,813,-1,912,813,911,-1,911,813,812,-1,809,811,810,-1,810,811,813,-1,810,813,918,-1,918,813,917,-1,918,917,919,-1,919,917,916,-1,919,916,854,-1,854,916,855,-1,854,855,736,-1,736,855,730,-1,806,808,807,-1,807,808,810,-1,807,810,920,-1,920,810,918,-1,920,918,921,-1,921,918,919,-1,921,919,922,-1,922,919,854,-1,922,854,733,-1,733,854,735,-1,923,805,924,-1,924,805,807,-1,924,807,925,-1,925,807,920,-1,925,920,926,-1,926,920,921,-1,926,921,853,-1,853,921,922,-1,853,922,739,-1,739,922,733,-1,738,742,853,-1,853,742,852,-1,853,852,926,-1,926,852,927,-1,926,927,925,-1,925,927,928,-1,925,928,924,-1,924,928,804,-1,924,804,923,-1,923,804,803,-1,800,802,801,-1,801,802,804,-1,801,804,929,-1,929,804,928,-1,929,928,930,-1,930,928,927,-1,930,927,931,-1,931,927,852,-1,931,852,745,-1,745,852,741,-1,932,799,933,-1,933,799,801,-1,933,801,934,-1,934,801,929,-1,934,929,935,-1,935,929,930,-1,935,930,936,-1,936,930,931,-1,936,931,744,-1,744,931,745,-1,744,748,936,-1,936,748,851,-1,936,851,935,-1,935,851,937,-1,935,937,934,-1,934,937,938,-1,934,938,933,-1,933,938,798,-1,933,798,932,-1,932,798,797,-1,794,796,795,-1,795,796,798,-1,795,798,939,-1,939,798,938,-1,939,938,940,-1,940,938,937,-1,940,937,850,-1,850,937,851,-1,850,851,753,-1,753,851,747,-1,941,793,942,-1,942,793,795,-1,942,795,943,-1,943,795,939,-1,943,939,944,-1,944,939,940,-1,944,940,945,-1,945,940,850,-1,945,850,750,-1,750,850,752,-1,750,749,945,-1,945,749,849,-1,945,849,944,-1,944,849,946,-1,944,946,943,-1,943,946,947,-1,943,947,942,-1,942,947,792,-1,942,792,941,-1,941,792,791,-1,788,790,789,-1,789,790,792,-1,789,792,948,-1,948,792,947,-1,948,947,949,-1,949,947,946,-1,949,946,848,-1,848,946,849,-1,848,849,756,-1,756,849,754,-1,950,787,951,-1,951,787,789,-1,951,789,952,-1,952,789,948,-1,952,948,953,-1,953,948,949,-1,953,949,954,-1,954,949,848,-1,954,848,759,-1,759,848,757,-1,759,760,954,-1,954,760,955,-1,954,955,953,-1,953,955,956,-1,953,956,952,-1,952,956,957,-1,952,957,951,-1,951,957,786,-1,951,786,950,-1,950,786,785,-1,782,784,783,-1,783,784,786,-1,783,786,958,-1,958,786,957,-1,958,957,959,-1,959,957,956,-1,959,956,847,-1,847,956,955,-1,847,955,762,-1,762,955,760,-1,960,781,961,-1,961,781,783,-1,961,783,962,-1,962,783,958,-1,962,958,963,-1,963,958,959,-1,963,959,846,-1,846,959,847,-1,846,847,765,-1,765,847,763,-1,766,768,846,-1,846,768,964,-1,846,964,963,-1,963,964,965,-1,963,965,962,-1,962,965,966,-1,962,966,961,-1,961,966,780,-1,961,780,960,-1,960,780,779,-1,776,778,777,-1,777,778,780,-1,777,780,967,-1,967,780,966,-1,967,966,968,-1,968,966,965,-1,968,965,845,-1,845,965,964,-1,845,964,771,-1,771,964,768,-1,969,775,970,-1,970,775,777,-1,970,777,971,-1,971,777,967,-1,971,967,972,-1,972,967,968,-1,972,968,844,-1,844,968,845,-1,844,845,774,-1,774,845,770,-1,773,772,844,-1,844,772,864,-1,844,864,972,-1,972,864,866,-1,972,866,971,-1,971,866,868,-1,971,868,970,-1,970,868,870,-1,970,870,969,-1,969,870,871,-1,973,785,974,-1,974,785,784,-1,974,784,975,-1,975,784,782,-1,975,782,976,-1,977,941,978,-1,978,941,791,-1,978,791,979,-1,979,791,790,-1,979,790,980,-1,980,790,788,-1,980,788,981,-1,981,788,787,-1,981,787,973,-1,973,787,950,-1,973,950,785,-1,982,932,983,-1,983,932,797,-1,983,797,984,-1,984,797,796,-1,984,796,985,-1,985,796,794,-1,985,794,977,-1,977,794,793,-1,977,793,941,-1,923,986,987,-1,923,987,805,-1,923,803,986,-1,986,803,802,-1,986,802,988,-1,988,802,800,-1,988,800,982,-1,982,800,799,-1,982,799,932,-1,989,806,990,-1,990,806,805,-1,990,805,991,-1,991,805,987,-1,992,812,993,-1,993,812,811,-1,993,811,994,-1,994,811,809,-1,994,809,989,-1,989,809,808,-1,989,808,806,-1,995,902,996,-1,996,902,818,-1,996,818,997,-1,997,818,817,-1,997,817,998,-1,998,817,815,-1,998,815,999,-1,999,815,814,-1,999,814,992,-1,992,814,911,-1,992,911,812,-1,1000,893,1001,-1,1001,893,824,-1,1001,824,1002,-1,1002,824,823,-1,1002,823,1003,-1,1003,823,821,-1,1003,821,995,-1,995,821,820,-1,995,820,902,-1,1004,883,1005,-1,1005,883,830,-1,1005,830,1006,-1,1006,830,829,-1,1006,829,1007,-1,1007,829,827,-1,1007,827,1000,-1,1000,827,826,-1,1000,826,893,-1,1008,835,1009,-1,1009,835,833,-1,1009,833,1004,-1,1004,833,832,-1,1004,832,883,-1,782,781,976,-1,976,781,960,-1,976,960,1010,-1,1010,960,779,-1,1010,779,1011,-1,1011,779,778,-1,1011,778,1012,-1,1012,778,776,-1,1012,776,1013,-1,1013,776,775,-1,1013,775,1014,-1,1014,775,969,-1,1014,969,1015,-1,1015,969,871,-1,1015,871,1016,-1,1016,871,842,-1,1016,842,1017,-1,1017,842,841,-1,1017,841,1018,-1,1018,841,839,-1,1018,839,1019,-1,1019,839,838,-1,1019,838,1020,-1,1020,838,874,-1,1020,874,1008,-1,1008,874,836,-1,1008,836,835,-1,1021,1022,1023,-1,1021,1023,1024,-1,1025,1024,1023,-1,1026,1025,1023,-1,1027,1026,1023,-1,1028,1027,1023,-1,1029,1028,1023,-1,1030,1029,1023,-1,1031,1030,1023,-1,1032,1031,1023,-1,1033,1032,1023,-1,1034,1033,1023,-1,1035,1034,1023,-1,1036,1035,1023,-1,1037,1036,1023,-1,1038,1037,1023,-1,1039,1038,1023,-1,1040,1039,1023,-1,1041,1040,1023,-1,1042,1041,1023,-1,1043,1042,1023,-1,1044,1043,1023,-1,1045,1044,1023,-1,1046,1045,1023,-1,1047,1046,1023,-1,1048,1047,1023,-1,1049,1048,1023,-1,1050,1049,1023,-1,1051,1050,1023,-1,1022,1051,1023,-1,1052,1053,991,-1,991,987,1052,-1,1052,987,986,-1,1052,986,1054,-1,986,988,1054,-1,1054,988,982,-1,1054,982,1055,-1,1055,982,983,-1,1055,983,1056,-1,1056,983,984,-1,1056,984,1057,-1,984,985,1057,-1,1057,985,977,-1,1057,977,1058,-1,977,978,1058,-1,1058,978,979,-1,1058,979,1059,-1,979,980,1059,-1,1059,980,981,-1,1059,981,1060,-1,1060,981,973,-1,1060,973,1061,-1,1061,973,974,-1,1061,974,1062,-1,974,975,1062,-1,1062,975,976,-1,1062,976,1063,-1,976,1010,1063,-1,1063,1010,1011,-1,1063,1011,1064,-1,1011,1012,1064,-1,1064,1012,1013,-1,1064,1013,1065,-1,1065,1013,1014,-1,1065,1014,1066,-1,1066,1014,1015,-1,1066,1015,1067,-1,1015,1016,1067,-1,1067,1016,1017,-1,1067,1017,1068,-1,1017,1018,1068,-1,1068,1018,1019,-1,1068,1019,1069,-1,1019,1020,1069,-1,1069,1020,1008,-1,1069,1008,1070,-1,1070,1008,1009,-1,1070,1009,1071,-1,1071,1009,1004,-1,1071,1004,1072,-1,1004,1005,1072,-1,1072,1005,1006,-1,1072,1006,1073,-1,1006,1007,1073,-1,1073,1007,1000,-1,1073,1000,1074,-1,1000,1001,1074,-1,1074,1001,1002,-1,1074,1002,1075,-1,1075,1002,1003,-1,1075,1003,1076,-1,1076,1003,995,-1,1076,995,1077,-1,995,996,1077,-1,1077,996,997,-1,1077,997,1078,-1,997,998,1078,-1,1078,998,999,-1,1078,999,1079,-1,999,992,1079,-1,1079,992,993,-1,1079,993,1080,-1,1080,993,994,-1,1080,994,1081,-1,1081,994,989,-1,1081,989,1053,-1,1053,989,990,-1,1053,990,991,-1,1080,1082,1079,-1,1079,1082,1083,-1,1079,1083,1078,-1,1078,1083,1084,-1,1078,1084,1077,-1,1077,1084,1085,-1,1077,1085,1076,-1,1076,1085,1086,-1,1076,1086,1075,-1,1075,1086,1087,-1,1075,1087,1074,-1,1074,1087,1088,-1,1074,1088,1073,-1,1073,1088,1089,-1,1073,1089,1072,-1,1072,1089,1090,-1,1072,1090,1071,-1,1071,1090,1091,-1,1071,1091,1070,-1,1070,1091,1092,-1,1070,1092,1069,-1,1069,1092,1093,-1,1069,1093,1068,-1,1068,1093,1094,-1,1068,1094,1067,-1,1067,1094,1095,-1,1067,1095,1066,-1,1066,1095,1096,-1,1066,1096,1065,-1,1065,1096,1097,-1,1065,1097,1064,-1,1064,1097,1098,-1,1064,1098,1063,-1,1063,1098,1099,-1,1063,1099,1062,-1,1062,1099,1100,-1,1062,1100,1061,-1,1061,1100,1101,-1,1061,1101,1060,-1,1060,1101,1102,-1,1060,1102,1059,-1,1059,1102,1103,-1,1059,1103,1058,-1,1058,1103,1104,-1,1058,1104,1057,-1,1057,1104,1105,-1,1057,1105,1056,-1,1056,1105,1106,-1,1056,1106,1055,-1,1055,1106,1107,-1,1055,1107,1054,-1,1054,1107,1108,-1,1054,1108,1052,-1,1052,1108,1109,-1,1052,1109,1053,-1,1053,1109,1110,-1,1053,1110,1081,-1,1081,1110,1111,-1,1081,1111,1080,-1,1080,1111,1082,-1,1082,1112,1083,-1,1083,1112,1113,-1,1083,1113,1084,-1,1084,1113,1114,-1,1084,1114,1085,-1,1085,1114,1115,-1,1085,1115,1086,-1,1086,1115,1116,-1,1086,1116,1087,-1,1087,1116,1117,-1,1087,1117,1088,-1,1088,1117,1118,-1,1088,1118,1089,-1,1089,1118,1119,-1,1089,1119,1090,-1,1090,1119,1120,-1,1090,1120,1091,-1,1091,1120,1121,-1,1091,1121,1092,-1,1092,1121,1122,-1,1092,1122,1093,-1,1093,1122,1123,-1,1093,1123,1094,-1,1094,1123,1124,-1,1094,1124,1095,-1,1095,1124,1125,-1,1095,1125,1096,-1,1096,1125,1126,-1,1096,1126,1097,-1,1097,1126,1127,-1,1097,1127,1098,-1,1098,1127,1128,-1,1098,1128,1099,-1,1099,1128,1129,-1,1099,1129,1100,-1,1100,1129,1130,-1,1100,1130,1101,-1,1101,1130,1131,-1,1101,1131,1102,-1,1102,1131,1132,-1,1102,1132,1103,-1,1103,1132,1133,-1,1103,1133,1104,-1,1104,1133,1134,-1,1104,1134,1105,-1,1105,1134,1135,-1,1105,1135,1106,-1,1106,1135,1136,-1,1106,1136,1107,-1,1107,1136,1137,-1,1107,1137,1108,-1,1108,1137,1138,-1,1108,1138,1109,-1,1109,1138,1139,-1,1109,1139,1110,-1,1110,1139,1140,-1,1110,1140,1111,-1,1111,1140,1141,-1,1111,1141,1082,-1,1082,1141,1112,-1,1112,1142,1113,-1,1113,1142,1143,-1,1113,1143,1114,-1,1114,1143,1144,-1,1114,1144,1115,-1,1115,1144,1145,-1,1115,1145,1116,-1,1116,1145,1146,-1,1116,1146,1117,-1,1117,1146,1147,-1,1117,1147,1118,-1,1118,1147,1148,-1,1118,1148,1119,-1,1119,1148,1149,-1,1119,1149,1120,-1,1120,1149,1150,-1,1120,1150,1121,-1,1121,1150,1151,-1,1121,1151,1122,-1,1122,1151,1152,-1,1122,1152,1123,-1,1123,1152,1153,-1,1123,1153,1124,-1,1124,1153,1154,-1,1124,1154,1125,-1,1125,1154,1155,-1,1125,1155,1126,-1,1126,1155,1156,-1,1126,1156,1127,-1,1127,1156,1157,-1,1127,1157,1128,-1,1128,1157,1158,-1,1128,1158,1129,-1,1129,1158,1159,-1,1129,1159,1130,-1,1130,1159,1160,-1,1130,1160,1131,-1,1131,1160,1161,-1,1131,1161,1132,-1,1132,1161,1162,-1,1132,1162,1133,-1,1133,1162,1163,-1,1133,1163,1134,-1,1134,1163,1164,-1,1134,1164,1135,-1,1135,1164,1165,-1,1135,1165,1136,-1,1136,1165,1166,-1,1136,1166,1137,-1,1137,1166,1167,-1,1137,1167,1138,-1,1138,1167,1168,-1,1138,1168,1139,-1,1139,1168,1169,-1,1139,1169,1140,-1,1140,1169,1170,-1,1140,1170,1141,-1,1141,1170,1171,-1,1141,1171,1112,-1,1112,1171,1142,-1,1142,1172,1143,-1,1143,1172,1173,-1,1143,1173,1144,-1,1144,1173,1174,-1,1144,1174,1145,-1,1145,1174,1175,-1,1145,1175,1146,-1,1146,1175,1176,-1,1146,1176,1147,-1,1147,1176,1177,-1,1147,1177,1148,-1,1148,1177,1178,-1,1148,1178,1149,-1,1149,1178,1179,-1,1149,1179,1150,-1,1150,1179,1180,-1,1150,1180,1151,-1,1151,1180,1181,-1,1151,1181,1152,-1,1152,1181,1182,-1,1152,1182,1153,-1,1153,1182,1183,-1,1153,1183,1154,-1,1154,1183,1184,-1,1154,1184,1155,-1,1155,1184,1185,-1,1155,1185,1156,-1,1156,1185,1186,-1,1156,1186,1157,-1,1157,1186,1187,-1,1157,1187,1158,-1,1158,1187,1188,-1,1158,1188,1159,-1,1159,1188,1189,-1,1159,1189,1160,-1,1160,1189,1190,-1,1160,1190,1161,-1,1161,1190,1191,-1,1161,1191,1162,-1,1162,1191,1192,-1,1162,1192,1163,-1,1163,1192,1193,-1,1163,1193,1164,-1,1164,1193,1194,-1,1164,1194,1165,-1,1165,1194,1195,-1,1165,1195,1166,-1,1166,1195,1196,-1,1166,1196,1167,-1,1167,1196,1197,-1,1167,1197,1168,-1,1168,1197,1198,-1,1168,1198,1169,-1,1169,1198,1199,-1,1169,1199,1170,-1,1170,1199,1200,-1,1170,1200,1171,-1,1171,1200,1201,-1,1171,1201,1142,-1,1142,1201,1172,-1,1172,1202,1173,-1,1173,1202,1203,-1,1173,1203,1174,-1,1174,1203,1204,-1,1174,1204,1175,-1,1175,1204,1205,-1,1175,1205,1176,-1,1176,1205,1206,-1,1176,1206,1177,-1,1177,1206,1207,-1,1177,1207,1178,-1,1178,1207,1208,-1,1178,1208,1179,-1,1179,1208,1209,-1,1179,1209,1180,-1,1180,1209,1210,-1,1180,1210,1181,-1,1181,1210,1211,-1,1181,1211,1182,-1,1182,1211,1212,-1,1182,1212,1183,-1,1183,1212,1213,-1,1183,1213,1184,-1,1184,1213,1214,-1,1184,1214,1185,-1,1185,1214,1215,-1,1185,1215,1186,-1,1186,1215,1216,-1,1186,1216,1187,-1,1187,1216,1217,-1,1187,1217,1188,-1,1188,1217,1218,-1,1188,1218,1189,-1,1189,1218,1219,-1,1189,1219,1190,-1,1190,1219,1220,-1,1190,1220,1191,-1,1191,1220,1221,-1,1191,1221,1192,-1,1192,1221,1222,-1,1192,1222,1193,-1,1193,1222,1223,-1,1193,1223,1194,-1,1194,1223,1224,-1,1194,1224,1195,-1,1195,1224,1225,-1,1195,1225,1196,-1,1196,1225,1226,-1,1196,1226,1197,-1,1197,1226,1227,-1,1197,1227,1198,-1,1198,1227,1228,-1,1198,1228,1199,-1,1199,1228,1229,-1,1199,1229,1200,-1,1200,1229,1230,-1,1200,1230,1201,-1,1201,1230,1231,-1,1201,1231,1172,-1,1172,1231,1202,-1,1202,1022,1203,-1,1203,1022,1021,-1,1203,1021,1204,-1,1204,1021,1024,-1,1204,1024,1205,-1,1205,1024,1025,-1,1205,1025,1206,-1,1206,1025,1026,-1,1206,1026,1207,-1,1207,1026,1027,-1,1207,1027,1208,-1,1208,1027,1028,-1,1208,1028,1209,-1,1209,1028,1029,-1,1209,1029,1210,-1,1210,1029,1030,-1,1210,1030,1211,-1,1211,1030,1031,-1,1211,1031,1212,-1,1212,1031,1032,-1,1212,1032,1213,-1,1213,1032,1033,-1,1213,1033,1214,-1,1214,1033,1034,-1,1214,1034,1215,-1,1215,1034,1035,-1,1215,1035,1216,-1,1216,1035,1036,-1,1216,1036,1217,-1,1217,1036,1037,-1,1217,1037,1218,-1,1218,1037,1038,-1,1218,1038,1219,-1,1219,1038,1039,-1,1219,1039,1220,-1,1220,1039,1040,-1,1220,1040,1221,-1,1221,1040,1041,-1,1221,1041,1222,-1,1222,1041,1042,-1,1222,1042,1223,-1,1223,1042,1043,-1,1223,1043,1224,-1,1224,1043,1044,-1,1224,1044,1225,-1,1225,1044,1045,-1,1225,1045,1226,-1,1226,1045,1046,-1,1226,1046,1227,-1,1227,1046,1047,-1,1227,1047,1228,-1,1228,1047,1048,-1,1228,1048,1229,-1,1229,1048,1049,-1,1229,1049,1230,-1,1230,1049,1050,-1,1230,1050,1231,-1,1231,1050,1051,-1,1231,1051,1202,-1,1202,1051,1022,-1,1232,1233,1234,-1,1234,1233,1235,-1,1236,1237,1238,-1,1236,1238,1239,-1,1239,1238,1240,-1,1239,1240,1241,-1,1241,1240,1242,-1,1241,1242,1243,-1,1243,1242,1244,-1,1243,1244,1245,-1,1245,1244,1246,-1,1245,1246,1247,-1,1247,1246,1248,-1,1247,1248,1249,-1,1249,1248,1250,-1,1249,1250,1251,-1,1251,1250,1252,-1,1251,1252,1253,-1,1253,1252,1254,-1,1253,1254,1255,-1,1255,1254,1256,-1,1255,1256,1257,-1,1257,1256,1258,-1,1257,1258,1235,-1,1235,1258,1259,-1,1235,1259,1234,-1,1232,1260,1233,-1,1233,1260,1261,-1,1233,1261,1262,-1,1263,1237,1264,-1,1264,1237,1236,-1,1264,1236,1265,-1,
        ]
    }
}
Shape{
    appearance Appearance {
        material  Material 	{
            diffuseColor 0.0 0.0 0.0
            specularColor 0.0 0.0 0.0
            ambientIntensity 0.0
            transparency 0.0
            shininess 0.5
        }
    }
    geometry IndexedFaceSet {
        ccw TRUE
        solid FALSE
        coord DEF co Coordinate {
            point [
                0.1669 0.8961 0.6896, 0.167 0.8961 0.6805, 0.1669 0.8957 0.6896, 0.167 0.8957 0.6805, 0.1988 0.8961 0.6898, 0.1988 0.8957 0.6898, 0.1983 0.8961 0.7608, 0.1983 0.8957 0.7604, 0.1983 0.8957 0.7608, 0.2087 0.8961 0.7608, 0.2087 0.8957 0.7608, 0.2092 0.8957 0.6808, 0.2092 0.8961 0.6808, 0.2087 0.8957 0.7604, 0.126 0.8961 0.6788, 0.126 0.8957 0.6788, 0.1234 0.8957 0.679, 0.1137 0.8961 0.6799, 0.1137 0.8957 0.6799, 0.1051 0.8957 0.6827, 0.1051 0.8961 0.6827, 0.1038 0.8957 0.6833, 0.1038 0.8961 0.6833, 0.1037 0.8961 0.6932, 0.1037 0.8957 0.6932, 0.1112 0.8957 0.6899, 0.1112 0.8961 0.6899, 0.1201 0.8957 0.6882, 0.1201 0.8961 0.6882, 0.1244 0.8957 0.688, 0.1244 0.8961 0.688, 0.1324 0.8957 0.689, 0.1324 0.8961 0.689, 0.1381 0.8957 0.6913, 0.1381 0.8961 0.6913, 0.1433 0.8957 0.695, 0.1433 0.8961 0.695, 0.1449 0.8957 0.6966, 0.1449 0.8961 0.6966, 0.1489 0.8957 0.7024, 0.1489 0.8961 0.7024, 0.1514 0.8957 0.7089, 0.1514 0.8961 0.7089, 0.1526 0.8957 0.7187, 0.1526 0.8961 0.7187, 0.1526 0.8957 0.7195, 0.1526 0.8961 0.7195, 0.1516 0.8957 0.7291, 0.1516 0.8961 0.7291, 0.149 0.8957 0.7363, 0.149 0.8961 0.7363, 0.1453 0.8957 0.7421, 0.1453 0.8961 0.7421, 0.144 0.8957 0.7435, 0.144 0.8961 0.7435, 0.1389 0.8957 0.7478, 0.1389 0.8961 0.7478, 0.1326 0.8957 0.7507, 0.1326 0.8961 0.7507, 0.1257 0.8957 0.7521, 0.1257 0.8961 0.7521, 0.1221 0.8957 0.7522, 0.1221 0.8961 0.7522, 0.1131 0.8957 0.7512, 0.1131 0.8961 0.7512, 0.1049 0.8957 0.7482, 0.1049 0.8961 0.7482, 0.1033 0.8957 0.7474, 0.1033 0.8961 0.7474, 0.1032 0.8961 0.7582, 0.1032 0.8957 0.7582, 0.1109 0.8961 0.7605, 0.1105 0.8957 0.7604, 0.1109 0.8957 0.7605, 0.1212 0.8957 0.7616, 0.1212 0.8961 0.7616, 0.1222 0.8957 0.7616, 0.1222 0.8961 0.7616, 0.132 0.8957 0.7607, 0.132 0.8961 0.7607, 0.1327 0.8957 0.7604, 0.1406 0.8961 0.7578, 0.1406 0.8957 0.7578, 0.1487 0.8957 0.7527, 0.1487 0.8961 0.7527, 0.1517 0.8957 0.75, 0.1517 0.8961 0.75, 0.1571 0.8957 0.7432, 0.1571 0.8961 0.7432, 0.1604 0.8957 0.7359, 0.1611 0.8961 0.7344, 0.1611 0.8957 0.7344, 0.1632 0.8957 0.7242, 0.1632 0.8961 0.7242, 0.1635 0.8957 0.719, 0.1635 0.8961 0.719, 0.162 0.8957 0.7061, 0.162 0.8961 0.7061, 0.1604 0.8957 0.7019, 0.1588 0.8961 0.6977, 0.1588 0.8957 0.6977, 0.1541 0.8957 0.6908, 0.1541 0.8961 0.6908, 0.1534 0.8957 0.6899, 0.1534 0.8961 0.6899, 0.1299 0.8957 0.679, 0.1311 0.8961 0.6791, 0.1311 0.8957 0.6791, 0.1397 0.8961 0.681, 0.1397 0.8957 0.681, 0.1472 0.8961 0.6847, 0.1472 0.8957 0.6847, 0.0446 0.8961 0.6887, 0.0447 0.8961 0.6796, 0.0446 0.8957 0.6887, 0.0447 0.8957 0.6796, 0.0774 0.8957 0.689, 0.0774 0.8961 0.689, 0.0564 0.8957 0.6888, 0.0772 0.8961 0.7159, 0.0772 0.8957 0.7159, 0.0485 0.8957 0.7157, 0.0485 0.8961 0.7157, 0.0564 0.8957 0.7157, 0.0485 0.8961 0.7249, 0.0485 0.8957 0.7249, 0.0771 0.8957 0.7251, 0.0771 0.8961 0.7251, 0.0564 0.8957 0.7249, 0.0769 0.8961 0.7507, 0.0769 0.8957 0.7507, 0.046 0.8957 0.7505, 0.046 0.8961 0.7505, 0.0564 0.8957 0.7505, 0.0459 0.8961 0.7597, 0.0459 0.8957 0.7597, 0.0872 0.8957 0.76, 0.0872 0.8961 0.76, 0.0564 0.8957 0.7598, 0.0878 0.8961 0.6799, 0.0878 0.8957 0.6799, 0.0564 0.8957 0.6797, -0.0205 0.8961 0.7019, -0.0163 0.8961 0.6966, -0.0236 0.8961 0.6903, -0.0146 0.8961 0.6951, -0.0151 0.8961 0.6843, -0.0092 0.8961 0.6917, -0.0059 0.8961 0.6808, -0.0022 0.8961 0.6894, 0.0075 0.8961 0.6793, 0.0075 0.8961 0.6885, 0.0296 0.8961 0.6795, 0.0192 0.8961 0.6885, 0.029 0.8961 0.7596, 0.0187 0.8961 0.7503, 0.0062 0.8961 0.7594, 0.0066 0.8961 0.7502, -0.0072 0.8961 0.7577, -0.0033 0.8961 0.7491, -0.0167 0.8961 0.7538, -0.0103 0.8961 0.7466, -0.024 0.8961 0.7486, -0.0164 0.8961 0.7425, -0.0276 0.8961 0.7449, -0.019 0.8961 0.7398, -0.0323 0.8961 0.7376, -0.022 0.8961 0.7352, -0.035 0.8961 0.7297, -0.0241 0.8961 0.7291, -0.0359 0.8961 0.7201, -0.025 0.8961 0.7199, -0.0356 0.8961 0.7142, -0.0248 0.8961 0.7153, -0.0334 0.8961 0.705, -0.0233 0.8961 0.7079, -0.0293 0.8961 0.6968, 0.0075 0.8957 0.6793, 0.0296 0.8957 0.6795, -0.0236 0.8957 0.6903, -0.0059 0.8957 0.6808, -0.0064 0.8957 0.681, -0.0151 0.8957 0.6843, -0.0293 0.8957 0.6968, -0.0334 0.8957 0.705, -0.0356 0.8957 0.7142, -0.0359 0.8957 0.7201, -0.035 0.8957 0.7297, -0.0323 0.8957 0.7376, -0.0276 0.8957 0.7449, -0.024 0.8957 0.7486, 0.0062 0.8957 0.7594, -0.0064 0.8957 0.7578, -0.0072 0.8957 0.7577, -0.0167 0.8957 0.7538, 0.029 0.8957 0.7596, 0.0066 0.8957 0.7502, 0.0187 0.8957 0.7503, 0.0192 0.8957 0.6885, 0.0075 0.8957 0.6885, -0.0163 0.8957 0.6966, -0.0146 0.8957 0.6951, -0.0092 0.8957 0.6917, -0.0022 0.8957 0.6894, -0.025 0.8957 0.7199, -0.0248 0.8957 0.7153, -0.0233 0.8957 0.7079, -0.0205 0.8957 0.7019, -0.0164 0.8957 0.7425, -0.019 0.8957 0.7398, -0.022 0.8957 0.7352, -0.0241 0.8957 0.7291, -0.0033 0.8957 0.7491, -0.0103 0.8957 0.7466
            ]
        }
        coordIndex [
            0,1,2,-1,2,1,3,-1,4,0,5,-1,5,0,2,-1,4,5,6,-1,6,5,7,-1,6,7,8,-1,9,6,10,-1,10,6,8,-1,11,12,13,-1,13,12,9,-1,13,9,10,-1,1,12,3,-1,3,12,11,-1,6,9,4,-1,4,9,12,-1,4,12,0,-1,0,12,1,-1,14,15,16,-1,14,16,17,-1,16,18,17,-1,17,18,19,-1,17,19,20,-1,20,19,21,-1,20,21,22,-1,23,22,24,-1,24,22,21,-1,23,24,25,-1,23,25,26,-1,26,25,27,-1,26,27,28,-1,28,27,29,-1,28,29,30,-1,30,29,31,-1,30,31,32,-1,32,31,33,-1,32,33,34,-1,34,33,35,-1,34,35,36,-1,36,35,37,-1,36,37,38,-1,38,37,39,-1,38,39,40,-1,40,39,41,-1,40,41,42,-1,42,41,43,-1,42,43,44,-1,44,43,45,-1,44,45,46,-1,46,45,47,-1,46,47,48,-1,48,47,49,-1,48,49,50,-1,50,49,51,-1,50,51,52,-1,52,51,53,-1,52,53,54,-1,54,53,55,-1,54,55,56,-1,56,55,57,-1,56,57,58,-1,58,57,59,-1,58,59,60,-1,60,59,61,-1,60,61,62,-1,62,61,63,-1,62,63,64,-1,64,63,65,-1,64,65,66,-1,66,65,67,-1,66,67,68,-1,69,68,70,-1,70,68,67,-1,69,70,71,-1,71,70,72,-1,72,73,71,-1,71,73,74,-1,71,74,75,-1,75,74,76,-1,75,76,77,-1,77,76,78,-1,77,78,79,-1,79,78,80,-1,79,80,81,-1,80,82,81,-1,81,82,83,-1,81,83,84,-1,84,83,85,-1,84,85,86,-1,86,85,87,-1,86,87,88,-1,88,87,89,-1,88,89,90,-1,89,91,90,-1,90,91,92,-1,90,92,93,-1,93,92,94,-1,93,94,95,-1,95,94,96,-1,95,96,97,-1,97,96,98,-1,97,98,99,-1,98,100,99,-1,99,100,101,-1,99,101,102,-1,102,101,103,-1,102,103,104,-1,15,14,105,-1,105,14,106,-1,105,106,107,-1,107,106,108,-1,107,108,109,-1,109,108,110,-1,109,110,111,-1,111,110,104,-1,111,104,103,-1,66,68,69,-1,56,58,79,-1,40,42,97,-1,48,50,88,-1,79,58,77,-1,66,69,64,-1,97,42,95,-1,88,50,86,-1,58,60,77,-1,77,60,62,-1,77,62,75,-1,75,62,64,-1,75,64,71,-1,71,64,69,-1,97,99,40,-1,40,99,102,-1,40,102,38,-1,38,102,104,-1,38,104,36,-1,36,104,110,-1,36,110,34,-1,34,110,108,-1,34,108,32,-1,32,108,106,-1,32,106,30,-1,30,106,14,-1,30,14,28,-1,28,14,17,-1,28,17,26,-1,26,17,20,-1,26,20,23,-1,23,20,22,-1,79,81,56,-1,56,81,84,-1,56,84,54,-1,54,84,86,-1,54,86,52,-1,52,86,50,-1,42,44,95,-1,95,44,46,-1,95,46,93,-1,93,46,48,-1,93,48,90,-1,90,48,88,-1,112,113,114,-1,114,113,115,-1,116,117,118,-1,118,117,112,-1,118,112,114,-1,119,117,120,-1,120,117,116,-1,121,122,123,-1,123,122,119,-1,123,119,120,-1,124,122,125,-1,125,122,121,-1,126,127,128,-1,128,127,124,-1,128,124,125,-1,129,127,130,-1,130,127,126,-1,131,132,133,-1,133,132,129,-1,133,129,130,-1,134,132,135,-1,135,132,131,-1,136,137,138,-1,138,137,134,-1,138,134,135,-1,139,137,140,-1,140,137,136,-1,115,113,141,-1,141,113,139,-1,141,139,140,-1,139,113,112,-1,112,117,139,-1,139,117,119,-1,139,119,137,-1,132,134,129,-1,129,134,137,-1,129,137,127,-1,127,137,119,-1,127,119,124,-1,124,119,122,-1,142,143,144,-1,144,143,145,-1,144,145,146,-1,146,145,147,-1,146,147,148,-1,148,147,149,-1,148,149,150,-1,150,149,151,-1,150,151,152,-1,152,151,153,-1,152,153,154,-1,154,153,155,-1,154,155,156,-1,156,155,157,-1,156,157,158,-1,158,157,159,-1,158,159,160,-1,160,159,161,-1,160,161,162,-1,162,161,163,-1,162,163,164,-1,164,163,165,-1,164,165,166,-1,166,165,167,-1,166,167,168,-1,168,167,169,-1,168,169,170,-1,170,169,171,-1,170,171,172,-1,172,171,173,-1,172,173,174,-1,174,173,175,-1,174,175,176,-1,176,175,142,-1,176,142,144,-1,150,152,177,-1,177,152,178,-1,179,144,146,-1,150,177,180,-1,150,180,148,-1,148,180,181,-1,148,181,146,-1,146,181,182,-1,146,182,179,-1,144,179,183,-1,144,183,176,-1,176,183,184,-1,176,184,174,-1,174,184,185,-1,174,185,172,-1,172,185,186,-1,172,186,170,-1,170,186,187,-1,170,187,168,-1,168,187,188,-1,168,188,166,-1,166,188,189,-1,166,189,164,-1,164,189,190,-1,164,190,162,-1,191,156,192,-1,192,156,158,-1,192,158,193,-1,193,158,160,-1,193,160,194,-1,194,160,162,-1,194,162,190,-1,154,156,195,-1,195,156,191,-1,152,154,178,-1,178,154,195,-1,157,155,196,-1,196,155,197,-1,155,153,197,-1,197,153,198,-1,153,151,198,-1,198,151,199,-1,143,200,201,-1,143,201,145,-1,145,201,202,-1,145,202,147,-1,147,202,203,-1,147,203,149,-1,149,203,199,-1,149,199,151,-1,171,204,205,-1,171,205,173,-1,173,205,206,-1,173,206,175,-1,175,206,207,-1,175,207,142,-1,142,207,200,-1,142,200,143,-1,163,208,209,-1,163,209,165,-1,165,209,210,-1,165,210,167,-1,167,210,211,-1,167,211,169,-1,169,211,204,-1,169,204,171,-1,157,196,212,-1,157,212,159,-1,159,212,213,-1,159,213,161,-1,161,213,208,-1,161,208,163,-1,
        ]
    }
}
Shape{
    appearance Appearance {
        material  Material 	{
            diffuseColor 1.0 0.7450980392156863 0.3411764705882353
            specularColor 0.5019607843137255 0.37254901960784315 0.16862745098039217
            ambientIntensity 0.7753
            transparency 0.0
            shininess 0.5
        }
    }
    geometry IndexedFaceSet {
        ccw TRUE
        solid FALSE
        coord DEF co Coordinate {
            point [
                0.0187 0.8957 0.7503, 0.0192 0.8957 0.6885, 0.0066 0.8957 0.7502, 0.0075 0.8957 0.6885, -0.0022 0.8957 0.6894, -0.0092 0.8957 0.6917, -0.0146 0.8957 0.6951, -0.0163 0.8957 0.6966, -0.0205 0.8957 0.7019, -0.0233 0.8957 0.7079, -0.0248 0.8957 0.7153, -0.025 0.8957 0.7199, -0.0241 0.8957 0.7291, -0.022 0.8957 0.7352, -0.019 0.8957 0.7398, -0.0164 0.8957 0.7425, -0.0033 0.8957 0.7491, -0.0103 0.8957 0.7466
            ]
        }
        coordIndex [
            0,1,2,-1,2,1,3,-1,2,3,4,-1,4,5,2,-1,2,5,6,-1,2,6,7,-1,7,8,2,-1,2,8,9,-1,2,9,10,-1,10,11,2,-1,2,11,12,-1,2,12,13,-1,13,14,2,-1,2,14,15,-1,2,15,16,-1,16,15,17,-1,
        ]
    }
}
Shape{
    appearance Appearance {
        material  Material 	{
            diffuseColor 0.0 0.0 0.0
            specularColor 0.0 0.0 0.0
            ambientIntensity 0.0
            transparency 0.0
            shininess 0.5
        }
    }
    geometry IndexedFaceSet {
        ccw TRUE
        solid FALSE
        coord DEF co Coordinate {
            point [
                -0.0627 0.8961 0.7098, -0.0749 0.8961 0.743, -0.0711 0.8961 0.7588, -0.0401 0.8961 0.679, -0.0515 0.8961 0.6789, -0.0593 0.8961 0.7008, -0.0756 0.8961 0.7454, -0.0762 0.8961 0.7486, -0.0822 0.8961 0.7588, -0.0765 0.8961 0.7486, -0.0771 0.8961 0.7452, -0.0777 0.8961 0.743, -0.0895 0.8961 0.7096, -0.1121 0.8961 0.6785, -0.1007 0.8961 0.6786, -0.0927 0.8961 0.7005, -0.0822 0.8957 0.7588, -0.1119 0.8957 0.679, -0.1121 0.8957 0.6785, -0.0711 0.8957 0.7588, -0.0401 0.8957 0.679, -0.0401 0.8957 0.679, -0.0623 0.8957 0.7361, -0.0515 0.8957 0.6789, -0.0593 0.8957 0.7008, -0.0515 0.8957 0.679, -0.0927 0.8957 0.7005, -0.0623 0.8957 0.7007, -0.1005 0.8957 0.679, -0.1007 0.8957 0.6786, -0.0627 0.8957 0.7098, -0.0895 0.8957 0.7096, -0.0777 0.8957 0.743, -0.0765 0.8957 0.7486, -0.0771 0.8957 0.7452, -0.0762 0.8957 0.7486, -0.0749 0.8957 0.743, -0.0756 0.8957 0.7454
            ]
        }
        coordIndex [
            0,1,2,-1,3,4,5,-1,1,6,2,-1,2,6,7,-1,2,7,8,-1,8,7,9,-1,8,9,10,-1,10,11,8,-1,8,11,12,-1,8,12,13,-1,14,13,15,-1,15,13,12,-1,15,12,5,-1,5,12,0,-1,5,0,3,-1,3,0,2,-1,16,8,17,-1,17,8,13,-1,17,13,18,-1,2,8,19,-1,19,8,16,-1,20,21,3,-1,20,3,22,-1,22,3,2,-1,22,2,19,-1,4,3,23,-1,23,3,21,-1,24,5,25,-1,25,5,4,-1,25,4,23,-1,26,15,27,-1,27,15,5,-1,27,5,24,-1,15,26,14,-1,14,26,28,-1,14,28,29,-1,13,14,18,-1,18,14,29,-1,0,12,30,-1,30,12,31,-1,12,11,31,-1,31,11,32,-1,9,33,34,-1,9,34,10,-1,10,34,32,-1,10,32,11,-1,9,7,33,-1,33,7,35,-1,1,36,37,-1,1,37,6,-1,6,37,35,-1,6,35,7,-1,1,0,36,-1,36,0,30,-1,
        ]
    }
}
Shape{
    appearance Appearance {
        material  Material 	{
            diffuseColor 1.0 0.7450980392156863 0.3411764705882353
            specularColor 0.5019607843137255 0.37254901960784315 0.16862745098039217
            ambientIntensity 0.7753
            transparency 0.0
            shininess 0.5
        }
    }
    geometry IndexedFaceSet {
        ccw TRUE
        solid FALSE
        coord DEF co Coordinate {
            point [
                -0.0765 0.8957 0.7486, -0.0762 0.8957 0.7486, -0.0771 0.8957 0.7452, -0.0756 0.8957 0.7454, -0.0777 0.8957 0.743, -0.0749 0.8957 0.743, -0.0895 0.8957 0.7096, -0.0627 0.8957 0.7098
            ]
        }
        coordIndex [
            0,1,2,-1,2,1,3,-1,2,3,4,-1,4,3,5,-1,4,5,6,-1,6,5,7,-1,
        ]
    }
}
Shape{
    appearance Appearance {
        material  Material 	{
            diffuseColor 0.0 0.0 0.0
            specularColor 0.0 0.0 0.0
            ambientIntensity 0.0
            transparency 0.0
            shininess 0.5
        }
    }
    geometry IndexedFaceSet {
        ccw TRUE
        solid FALSE
        coord DEF co Coordinate {
            point [
                0.167 0.8961 0.5626, 0.1671 0.8961 0.5534, 0.167 0.8957 0.5626, 0.1671 0.8957 0.5534, 0.1997 0.8961 0.5628, 0.1997 0.8957 0.5628, 0.1995 0.8961 0.5897, 0.1995 0.8957 0.5897, 0.1709 0.8961 0.5895, 0.1709 0.8957 0.5895, 0.1708 0.8961 0.5987, 0.1708 0.8957 0.5987, 0.1995 0.8961 0.5989, 0.1995 0.8957 0.5989, 0.1993 0.8961 0.6245, 0.1993 0.8957 0.6245, 0.1684 0.8961 0.6243, 0.1684 0.8957 0.6243, 0.1683 0.8961 0.6335, 0.1683 0.8957 0.6335, 0.2096 0.8961 0.6338, 0.2096 0.8957 0.6338, 0.2101 0.8957 0.5537, 0.2101 0.8961 0.5537, 0.2097 0.8957 0.6173, 0.2097 0.8957 0.5537, 0.1215 0.8961 0.5531, 0.1115 0.8961 0.553, 0.1215 0.8961 0.562, 0.1113 0.8961 0.5898, 0.1213 0.8961 0.5895, 0.1431 0.8961 0.5777, 0.1406 0.8961 0.5788, 0.1347 0.8961 0.5801, 0.1213 0.8961 0.5818, 0.1214 0.8961 0.5763, 0.1249 0.8961 0.6109, 0.1271 0.8961 0.6023, 0.1209 0.8961 0.6095, 0.1253 0.8961 0.6012, 0.1216 0.8961 0.5939, 0.1122 0.8961 0.5983, 0.1226 0.8961 0.5975, 0.1138 0.8961 0.6026, 0.1238 0.8961 0.5996, 0.1159 0.8961 0.6057, 0.1177 0.8961 0.6074, 0.1515 0.8961 0.6065, 0.1516 0.8961 0.5968, 0.1486 0.8961 0.6081, 0.1447 0.8961 0.601, 0.1409 0.8961 0.6108, 0.1384 0.8961 0.603, 0.1318 0.8961 0.6117, 0.1328 0.8961 0.6035, 0.1294 0.8961 0.6032, 0.1214 0.8961 0.5757, 0.1221 0.8961 0.5712, 0.1236 0.8961 0.5676, 0.1218 0.8961 0.562, 0.1258 0.8961 0.5647, 0.1233 0.8961 0.5596, 0.127 0.8961 0.5635, 0.1265 0.8961 0.5562, 0.1299 0.8961 0.5616, 0.1301 0.8961 0.5539, 0.1329 0.8961 0.5605, 0.1342 0.8961 0.5524, 0.1367 0.8961 0.5601, 0.1393 0.8961 0.5519, 0.1401 0.8961 0.5605, 0.1453 0.8961 0.5526, 0.1423 0.8961 0.5614, 0.1492 0.8961 0.5541, 0.1443 0.8961 0.5627, 0.1525 0.8961 0.5565, 0.1452 0.8961 0.5636, 0.1383 0.8961 0.5872, 0.1465 0.8961 0.5851, 0.1445 0.8961 0.5767, 0.1506 0.8961 0.5829, 0.1457 0.8961 0.5752, 0.1535 0.8961 0.5803, 0.1466 0.8961 0.5733, 0.1556 0.8961 0.577, 0.1471 0.8961 0.571, 0.1569 0.8961 0.5733, 0.1472 0.8961 0.5694, 0.1574 0.8961 0.5687, 0.1469 0.8961 0.5671, 0.1569 0.8961 0.5641, 0.1463 0.8961 0.5653, 0.1557 0.8961 0.5607, 0.1536 0.8961 0.5576, 0.1318 0.8957 0.6117, 0.1409 0.8957 0.6108, 0.1486 0.8957 0.6081, 0.1515 0.8957 0.6065, 0.1516 0.8957 0.5968, 0.1447 0.8957 0.601, 0.1384 0.8957 0.603, 0.1328 0.8957 0.6035, 0.1294 0.8957 0.6032, 0.1271 0.8957 0.6023, 0.1253 0.8957 0.6012, 0.1238 0.8957 0.5996, 0.1226 0.8957 0.5975, 0.1216 0.8957 0.5939, 0.1213 0.8957 0.5895, 0.1383 0.8957 0.5872, 0.1465 0.8957 0.5851, 0.1506 0.8957 0.5829, 0.1535 0.8957 0.5803, 0.1556 0.8957 0.577, 0.1569 0.8957 0.5733, 0.1574 0.8957 0.5687, 0.1569 0.8957 0.5641, 0.1557 0.8957 0.5607, 0.1536 0.8957 0.5576, 0.1525 0.8957 0.5565, 0.1492 0.8957 0.5541, 0.1453 0.8957 0.5526, 0.1393 0.8957 0.5519, 0.1342 0.8957 0.5524, 0.1301 0.8957 0.5539, 0.1265 0.8957 0.5562, 0.1233 0.8957 0.5596, 0.1218 0.8957 0.562, 0.1215 0.8957 0.562, 0.1215 0.8957 0.5531, 0.1115 0.8957 0.553, 0.1113 0.8957 0.5898, 0.1122 0.8957 0.5983, 0.1138 0.8957 0.6026, 0.1159 0.8957 0.6057, 0.1177 0.8957 0.6074, 0.1209 0.8957 0.6095, 0.1249 0.8957 0.6109, 0.1445 0.8957 0.5767, 0.1431 0.8957 0.5777, 0.1406 0.8957 0.5788, 0.1347 0.8957 0.5801, 0.1472 0.8957 0.5694, 0.1471 0.8957 0.571, 0.1466 0.8957 0.5733, 0.1457 0.8957 0.5752, 0.1443 0.8957 0.5627, 0.1452 0.8957 0.5636, 0.1463 0.8957 0.5653, 0.1469 0.8957 0.5671, 0.1367 0.8957 0.5601, 0.1401 0.8957 0.5605, 0.1423 0.8957 0.5614, 0.1258 0.8957 0.5647, 0.127 0.8957 0.5635, 0.1299 0.8957 0.5616, 0.1329 0.8957 0.5605, 0.1214 0.8957 0.5763, 0.1214 0.8957 0.5757, 0.1221 0.8957 0.5712, 0.1236 0.8957 0.5676, 0.1213 0.8957 0.5818
            ]
        }
        coordIndex [
            0,1,2,-1,2,1,3,-1,4,0,5,-1,5,0,2,-1,6,4,7,-1,7,4,5,-1,8,6,9,-1,9,6,7,-1,10,8,11,-1,11,8,9,-1,12,10,13,-1,13,10,11,-1,14,12,15,-1,15,12,13,-1,16,14,17,-1,17,14,15,-1,18,16,19,-1,19,16,17,-1,20,18,21,-1,21,18,19,-1,22,23,24,-1,24,23,20,-1,24,20,21,-1,3,1,25,-1,25,1,23,-1,25,23,22,-1,23,1,0,-1,0,4,23,-1,23,4,6,-1,23,6,20,-1,16,18,14,-1,14,18,20,-1,14,20,12,-1,12,20,6,-1,12,6,10,-1,10,6,8,-1,26,27,28,-1,28,27,29,-1,30,31,32,-1,33,34,29,-1,29,34,35,-1,36,37,38,-1,38,37,39,-1,32,33,30,-1,30,33,29,-1,30,29,40,-1,40,29,41,-1,40,41,42,-1,42,41,43,-1,42,43,44,-1,44,43,45,-1,44,45,39,-1,39,45,46,-1,39,46,38,-1,47,48,49,-1,49,48,50,-1,49,50,51,-1,51,50,52,-1,51,52,53,-1,53,52,54,-1,53,54,36,-1,36,54,55,-1,36,55,37,-1,35,56,29,-1,29,56,57,-1,29,57,28,-1,28,57,58,-1,28,58,59,-1,59,58,60,-1,59,60,61,-1,61,60,62,-1,61,62,63,-1,63,62,64,-1,63,64,65,-1,65,64,66,-1,65,66,67,-1,67,66,68,-1,67,68,69,-1,69,68,70,-1,69,70,71,-1,71,70,72,-1,71,72,73,-1,73,72,74,-1,73,74,75,-1,75,74,76,-1,30,77,31,-1,31,77,78,-1,31,78,79,-1,79,78,80,-1,79,80,81,-1,81,80,82,-1,81,82,83,-1,83,82,84,-1,83,84,85,-1,85,84,86,-1,85,86,87,-1,87,86,88,-1,87,88,89,-1,89,88,90,-1,89,90,91,-1,91,90,92,-1,91,92,76,-1,76,92,93,-1,76,93,75,-1,53,94,95,-1,53,95,51,-1,51,95,96,-1,51,96,49,-1,49,96,97,-1,49,97,47,-1,48,47,98,-1,98,47,97,-1,48,98,99,-1,48,99,50,-1,50,99,100,-1,50,100,52,-1,52,100,101,-1,52,101,54,-1,54,101,102,-1,54,102,55,-1,55,102,103,-1,55,103,37,-1,37,103,104,-1,37,104,39,-1,39,104,105,-1,39,105,44,-1,44,105,106,-1,44,106,42,-1,42,106,107,-1,42,107,40,-1,40,107,108,-1,40,108,30,-1,77,30,109,-1,109,30,108,-1,77,109,110,-1,77,110,78,-1,78,110,111,-1,78,111,80,-1,80,111,112,-1,80,112,82,-1,82,112,113,-1,82,113,84,-1,84,113,114,-1,84,114,86,-1,86,114,115,-1,86,115,88,-1,88,115,116,-1,88,116,90,-1,90,116,117,-1,90,117,92,-1,92,117,118,-1,92,118,93,-1,93,118,119,-1,93,119,75,-1,75,119,120,-1,75,120,73,-1,73,120,121,-1,73,121,71,-1,71,121,122,-1,71,122,69,-1,69,122,123,-1,69,123,67,-1,67,123,124,-1,67,124,65,-1,65,124,125,-1,65,125,63,-1,63,125,126,-1,63,126,61,-1,61,126,127,-1,61,127,59,-1,28,59,128,-1,128,59,127,-1,26,28,129,-1,129,28,128,-1,27,26,130,-1,130,26,129,-1,29,27,131,-1,131,27,130,-1,29,131,132,-1,29,132,41,-1,41,132,133,-1,41,133,43,-1,43,133,134,-1,43,134,45,-1,45,134,135,-1,45,135,46,-1,46,135,136,-1,46,136,38,-1,38,136,137,-1,38,137,36,-1,36,137,94,-1,36,94,53,-1,79,138,139,-1,79,139,31,-1,31,139,140,-1,31,140,32,-1,32,140,141,-1,32,141,33,-1,87,142,143,-1,87,143,85,-1,85,143,144,-1,85,144,83,-1,83,144,145,-1,83,145,81,-1,81,145,138,-1,81,138,79,-1,74,146,147,-1,74,147,76,-1,76,147,148,-1,76,148,91,-1,91,148,149,-1,91,149,89,-1,89,149,142,-1,89,142,87,-1,68,150,151,-1,68,151,70,-1,70,151,152,-1,70,152,72,-1,72,152,146,-1,72,146,74,-1,60,153,154,-1,60,154,62,-1,62,154,155,-1,62,155,64,-1,64,155,156,-1,64,156,66,-1,66,156,150,-1,66,150,68,-1,35,157,158,-1,35,158,56,-1,56,158,159,-1,56,159,57,-1,57,159,160,-1,57,160,58,-1,58,160,153,-1,58,153,60,-1,35,34,157,-1,157,34,161,-1,34,33,161,-1,161,33,141,-1,
        ]
    }
}
Shape{
    appearance Appearance {
        material  Material 	{
            diffuseColor 1.0 0.7450980392156863 0.3411764705882353
            specularColor 0.5019607843137255 0.37254901960784315 0.16862745098039217
            ambientIntensity 0.7753
            transparency 0.0
            shininess 0.5
        }
    }
    geometry IndexedFaceSet {
        ccw TRUE
        solid FALSE
        coord DEF co Coordinate {
            point [
                0.1213 0.8957 0.5818, 0.1347 0.8957 0.5801, 0.1214 0.8957 0.5763, 0.1406 0.8957 0.5788, 0.1431 0.8957 0.5777, 0.1445 0.8957 0.5767, 0.1214 0.8957 0.5757, 0.1221 0.8957 0.5712, 0.1457 0.8957 0.5752, 0.1236 0.8957 0.5676, 0.1452 0.8957 0.5636, 0.1443 0.8957 0.5627, 0.127 0.8957 0.5635, 0.1463 0.8957 0.5653, 0.1299 0.8957 0.5616, 0.1329 0.8957 0.5605, 0.1367 0.8957 0.5601, 0.1466 0.8957 0.5733, 0.1471 0.8957 0.571, 0.1258 0.8957 0.5647, 0.1472 0.8957 0.5694, 0.1469 0.8957 0.5671, 0.1423 0.8957 0.5614, 0.1401 0.8957 0.5605
            ]
        }
        coordIndex [
            0,1,2,-1,2,1,3,-1,3,4,2,-1,2,4,5,-1,2,5,6,-1,6,5,7,-1,7,5,8,-1,7,8,9,-1,10,11,12,-1,10,12,13,-1,14,12,15,-1,15,12,16,-1,8,17,9,-1,9,17,18,-1,9,18,19,-1,19,18,20,-1,19,20,12,-1,12,20,21,-1,12,21,13,-1,11,22,12,-1,12,22,23,-1,12,23,16,-1,
        ]
    }
}
Shape{
    appearance Appearance {
        material  Material 	{
            diffuseColor 0.0 0.0 0.0
            specularColor 0.0 0.0 0.0
            ambientIntensity 0.0
            transparency 0.0
            shininess 0.5
        }
    }
    geometry IndexedFaceSet {
        ccw TRUE
        solid FALSE
        coord DEF co Coordinate {
            point [
                0.0814 0.8961 0.5597, 0.0814 0.8957 0.5597, 0.0877 0.8957 0.5604, 0.0928 0.8957 0.5624, 0.0939 0.8961 0.5629, 0.0877 0.8961 0.5604, 0.0939 0.8957 0.5629, 0.0978 0.8957 0.5653, 0.0978 0.8961 0.5653, 0.0979 0.8961 0.555, 0.0979 0.8957 0.555, 0.0928 0.8957 0.5531, 0.0908 0.8961 0.5524, 0.0908 0.8957 0.5524, 0.0824 0.8961 0.5515, 0.0827 0.8957 0.5515, 0.0824 0.8957 0.5515, 0.0822 0.8957 0.5515, 0.0737 0.8961 0.5524, 0.0737 0.8957 0.5524, 0.0684 0.8957 0.5544, 0.0684 0.8961 0.5544, 0.0657 0.8957 0.5559, 0.0657 0.8961 0.5559, 0.0628 0.8957 0.5584, 0.0628 0.8961 0.5584, 0.061 0.8957 0.561, 0.061 0.8961 0.561, 0.0597 0.8957 0.5642, 0.0597 0.8961 0.5642, 0.0592 0.8957 0.5682, 0.0592 0.8961 0.5682, 0.0596 0.8957 0.572, 0.0596 0.8961 0.572, 0.0606 0.8957 0.5749, 0.0606 0.8961 0.5749, 0.0625 0.8957 0.5777, 0.0625 0.8961 0.5777, 0.0649 0.8957 0.5799, 0.0649 0.8961 0.5799, 0.0715 0.8957 0.5836, 0.0715 0.8961 0.5836, 0.0754 0.8957 0.5852, 0.0754 0.8961 0.5852, 0.0816 0.8957 0.588, 0.0816 0.8961 0.588, 0.0851 0.8957 0.5902, 0.0851 0.8961 0.5902, 0.086 0.8957 0.5913, 0.086 0.8961 0.5913, 0.0868 0.8957 0.5926, 0.0868 0.8961 0.5926, 0.0871 0.8957 0.5942, 0.0871 0.8961 0.5942, 0.0872 0.8957 0.5955, 0.0872 0.8961 0.5955, 0.087 0.8957 0.5971, 0.087 0.8961 0.5971, 0.0865 0.8957 0.5985, 0.0865 0.8961 0.5985, 0.0857 0.8957 0.5997, 0.0857 0.8961 0.5997, 0.0841 0.8957 0.6011, 0.0841 0.8961 0.6011, 0.0819 0.8957 0.6023, 0.0819 0.8961 0.6023, 0.0792 0.8957 0.6029, 0.0792 0.8961 0.6029, 0.0762 0.8957 0.6031, 0.0762 0.8961 0.6031, 0.0696 0.8957 0.6023, 0.0696 0.8961 0.6023, 0.064 0.8957 0.6002, 0.064 0.8961 0.6002, 0.0617 0.8957 0.5989, 0.0617 0.8961 0.5989, 0.0617 0.8961 0.6087, 0.0617 0.8957 0.6087, 0.0692 0.8957 0.6108, 0.0692 0.8961 0.6108, 0.0752 0.8957 0.6113, 0.0752 0.8961 0.6113, 0.0832 0.8957 0.6104, 0.0832 0.8961 0.6104, 0.0886 0.8957 0.6083, 0.0886 0.8961 0.6083, 0.0911 0.8957 0.6069, 0.0911 0.8961 0.6069, 0.094 0.8961 0.6042, 0.0928 0.8957 0.6053, 0.094 0.8957 0.6042, 0.0959 0.8957 0.6015, 0.0959 0.8961 0.6015, 0.0971 0.8957 0.5983, 0.0971 0.8961 0.5983, 0.0976 0.8957 0.5947, 0.0976 0.8961 0.5947, 0.0972 0.8957 0.5908, 0.0972 0.8961 0.5908, 0.0961 0.8957 0.5877, 0.0961 0.8961 0.5877, 0.0948 0.8957 0.5856, 0.0948 0.8961 0.5856, 0.0825 0.8957 0.578, 0.0825 0.8961 0.578, 0.0885 0.8961 0.5808, 0.0932 0.8957 0.5839, 0.0932 0.8961 0.5839, 0.0928 0.8957 0.5837, 0.0885 0.8957 0.5808, 0.0759 0.8957 0.5752, 0.0759 0.8961 0.5752, 0.072 0.8957 0.5728, 0.072 0.8961 0.5728, 0.0708 0.8957 0.5715, 0.0708 0.8961 0.5715, 0.07 0.8957 0.5701, 0.07 0.8961 0.5701, 0.0696 0.8957 0.5686, 0.0696 0.8961 0.5686, 0.0695 0.8957 0.5673, 0.0695 0.8961 0.5673, 0.0697 0.8957 0.5654, 0.0697 0.8961 0.5654, 0.0702 0.8957 0.564, 0.0702 0.8961 0.564, 0.0711 0.8957 0.5627, 0.0711 0.8961 0.5627, 0.0723 0.8957 0.5617, 0.0723 0.8961 0.5617, 0.0732 0.8957 0.5611, 0.0732 0.8961 0.5611, 0.0758 0.8957 0.5602, 0.0758 0.8961 0.5602, 0.0809 0.8957 0.5597, 0.0809 0.8961 0.5597, 0.0092 0.8961 0.6095, -0.0012 0.8961 0.6094, 0.0092 0.8957 0.6095, -0.0012 0.8957 0.6094, 0.0251 0.8961 0.5666, 0.0251 0.8957 0.5666, 0.0259 0.8957 0.5639, 0.0259 0.8961 0.5639, 0.0264 0.8957 0.5619, 0.0264 0.8961 0.5619, 0.0266 0.8961 0.5619, 0.0266 0.8957 0.5619, 0.0278 0.8961 0.5667, 0.0278 0.8957 0.5667, 0.0425 0.8957 0.6097, 0.0425 0.8961 0.6097, 0.0371 0.8957 0.5939, 0.0537 0.8961 0.6098, 0.0537 0.8957 0.6098, 0.0317 0.8957 0.5526, 0.0317 0.8961 0.5526, 0.0371 0.8957 0.5667, 0.0361 0.8957 0.5422, 0.0361 0.8961 0.5422, 0.0321 0.8957 0.5515, 0.0371 0.8957 0.5405, 0.0381 0.8961 0.5387, 0.0381 0.8957 0.5387, 0.0385 0.8957 0.5382, 0.04 0.8961 0.5366, 0.04 0.8957 0.5366, 0.0418 0.8957 0.5353, 0.0418 0.8961 0.5353, 0.0441 0.8957 0.5345, 0.0441 0.8961 0.5345, 0.0465 0.8957 0.5342, 0.0465 0.8961 0.5342, 0.0501 0.8957 0.5347, 0.0501 0.8961 0.5347, 0.0521 0.8957 0.5354, 0.0521 0.8961 0.5354, 0.0522 0.8961 0.5265, 0.0522 0.8957 0.5265, 0.048 0.8957 0.5257, 0.048 0.8961 0.5257, 0.0457 0.8957 0.5256, 0.0457 0.8961 0.5256, 0.0417 0.8957 0.5261, 0.0417 0.8961 0.5261, 0.0377 0.8957 0.5276, 0.0377 0.8961 0.5276, 0.0371 0.8957 0.528, 0.0342 0.8961 0.53, 0.0252 0.8957 0.5438, 0.0252 0.8961 0.5438, 0.0281 0.8957 0.5382, 0.0298 0.8961 0.535, 0.0298 0.8957 0.535, 0.0335 0.8961 0.5306, 0.0335 0.8957 0.5306, 0.0342 0.8957 0.53, 0.0221 0.8957 0.5515, -0.0547 0.8961 0.561, -0.0547 0.8961 0.5519, -0.0547 0.8957 0.561, -0.0547 0.8957 0.5519, -0.022 0.8957 0.5612, -0.022 0.8961 0.5612, -0.038 0.8957 0.5611, -0.0222 0.8961 0.5882, -0.0222 0.8957 0.5882, -0.0508 0.8957 0.588, -0.0508 0.8961 0.588, -0.038 0.8957 0.5881, -0.0509 0.8961 0.5971, -0.0509 0.8957 0.5971, -0.0223 0.8957 0.5973, -0.0223 0.8961 0.5973, -0.038 0.8957 0.5972, -0.0225 0.8961 0.623, -0.0225 0.8957 0.623, -0.0534 0.8957 0.6227, -0.0534 0.8961 0.6227, -0.038 0.8957 0.6228, -0.0534 0.8961 0.6319, -0.0534 0.8957 0.6319, -0.0122 0.8957 0.6322, -0.0122 0.8961 0.6322, -0.038 0.8957 0.6321, -0.0116 0.8961 0.5522, -0.0116 0.8957 0.5522, -0.038 0.8957 0.552, -0.1199 0.8961 0.5742, -0.1157 0.8961 0.5689, -0.123 0.8961 0.5626, -0.1139 0.8961 0.5674, -0.1144 0.8961 0.5566, -0.1085 0.8961 0.564, -0.1053 0.8961 0.5531, -0.1015 0.8961 0.5617, -0.0918 0.8961 0.5516, -0.0918 0.8961 0.5607, -0.0698 0.8961 0.5518, -0.0802 0.8961 0.5608, -0.0704 0.8961 0.6318, -0.0806 0.8961 0.6225, -0.0932 0.8961 0.6317, -0.0927 0.8961 0.6225, -0.1066 0.8961 0.6299, -0.1027 0.8961 0.6213, -0.1161 0.8961 0.6261, -0.1097 0.8961 0.6188, -0.1234 0.8961 0.6208, -0.1158 0.8961 0.6148, -0.127 0.8961 0.6171, -0.1184 0.8961 0.6121, -0.1317 0.8961 0.6099, -0.1214 0.8961 0.6074, -0.1344 0.8961 0.6019, -0.1235 0.8961 0.6014, -0.1353 0.8961 0.5924, -0.1244 0.8961 0.5921, -0.1349 0.8961 0.5865, -0.1242 0.8961 0.5876, -0.1328 0.8961 0.5773, -0.1226 0.8961 0.5802, -0.1286 0.8961 0.5691, -0.0918 0.8957 0.5516, -0.0698 0.8957 0.5518, -0.1053 0.8957 0.5531, -0.1144 0.8957 0.5566, -0.123 0.8957 0.5626, -0.1286 0.8957 0.5691, -0.1328 0.8957 0.5773, -0.1349 0.8957 0.5865, -0.1353 0.8957 0.5924, -0.1344 0.8957 0.6019, -0.1317 0.8957 0.6099, -0.127 0.8957 0.6171, -0.1234 0.8957 0.6208, -0.1161 0.8957 0.6261, -0.1066 0.8957 0.6299, -0.0932 0.8957 0.6317, -0.0704 0.8957 0.6318, -0.0927 0.8957 0.6225, -0.0806 0.8957 0.6225, -0.0802 0.8957 0.5608, -0.0918 0.8957 0.5607, -0.1157 0.8957 0.5689, -0.1139 0.8957 0.5674, -0.1085 0.8957 0.564, -0.1015 0.8957 0.5617, -0.1244 0.8957 0.5921, -0.1242 0.8957 0.5876, -0.1226 0.8957 0.5802, -0.1199 0.8957 0.5742, -0.1158 0.8957 0.6148, -0.1184 0.8957 0.6121, -0.1214 0.8957 0.6074, -0.1235 0.8957 0.6014, -0.1027 0.8957 0.6213, -0.1097 0.8957 0.6188
            ]
        }
        coordIndex [
            0,1,2,-1,3,4,2,-1,2,4,5,-1,2,5,0,-1,3,6,4,-1,4,6,7,-1,4,7,8,-1,9,8,10,-1,10,8,7,-1,9,10,11,-1,9,11,12,-1,12,11,13,-1,12,13,14,-1,14,13,15,-1,14,15,16,-1,14,16,17,-1,14,17,18,-1,17,19,18,-1,18,19,20,-1,18,20,21,-1,21,20,22,-1,21,22,23,-1,23,22,24,-1,23,24,25,-1,25,24,26,-1,25,26,27,-1,27,26,28,-1,27,28,29,-1,29,28,30,-1,29,30,31,-1,31,30,32,-1,31,32,33,-1,33,32,34,-1,33,34,35,-1,35,34,36,-1,35,36,37,-1,37,36,38,-1,37,38,39,-1,39,38,40,-1,39,40,41,-1,41,40,42,-1,41,42,43,-1,43,42,44,-1,43,44,45,-1,45,44,46,-1,45,46,47,-1,47,46,48,-1,47,48,49,-1,49,48,50,-1,49,50,51,-1,51,50,52,-1,51,52,53,-1,53,52,54,-1,53,54,55,-1,55,54,56,-1,55,56,57,-1,57,56,58,-1,57,58,59,-1,59,58,60,-1,59,60,61,-1,61,60,62,-1,61,62,63,-1,63,62,64,-1,63,64,65,-1,65,64,66,-1,65,66,67,-1,67,66,68,-1,67,68,69,-1,69,68,70,-1,69,70,71,-1,71,70,72,-1,71,72,73,-1,73,72,74,-1,73,74,75,-1,76,75,77,-1,77,75,74,-1,76,77,78,-1,76,78,79,-1,79,78,80,-1,79,80,81,-1,81,80,82,-1,81,82,83,-1,83,82,84,-1,83,84,85,-1,85,84,86,-1,85,86,87,-1,88,87,89,-1,89,87,86,-1,89,90,88,-1,88,90,91,-1,88,91,92,-1,92,91,93,-1,92,93,94,-1,94,93,95,-1,94,95,96,-1,96,95,97,-1,96,97,98,-1,98,97,99,-1,98,99,100,-1,100,99,101,-1,100,101,102,-1,103,104,105,-1,102,101,106,-1,102,106,107,-1,107,106,108,-1,107,108,105,-1,105,108,109,-1,105,109,103,-1,104,103,110,-1,104,110,111,-1,111,110,112,-1,111,112,113,-1,113,112,114,-1,113,114,115,-1,115,114,116,-1,115,116,117,-1,117,116,118,-1,117,118,119,-1,119,118,120,-1,119,120,121,-1,121,120,122,-1,121,122,123,-1,123,122,124,-1,123,124,125,-1,125,124,126,-1,125,126,127,-1,127,126,128,-1,127,128,129,-1,129,128,130,-1,129,130,131,-1,131,130,132,-1,131,132,133,-1,133,132,134,-1,133,134,135,-1,135,134,1,-1,135,1,0,-1,61,63,85,-1,85,63,83,-1,111,43,104,-1,104,43,45,-1,21,23,127,-1,127,23,25,-1,127,25,125,-1,125,25,27,-1,125,27,123,-1,123,27,29,-1,123,29,121,-1,121,29,31,-1,121,31,119,-1,119,31,33,-1,119,33,117,-1,117,33,35,-1,117,35,115,-1,115,35,37,-1,115,37,113,-1,113,37,39,-1,113,39,111,-1,111,39,41,-1,111,41,43,-1,14,0,12,-1,12,0,5,-1,12,5,9,-1,9,5,4,-1,9,4,8,-1,63,65,83,-1,83,65,67,-1,83,67,81,-1,81,67,69,-1,81,69,79,-1,79,69,71,-1,79,71,76,-1,76,71,73,-1,76,73,75,-1,127,129,21,-1,21,129,131,-1,21,131,18,-1,18,131,133,-1,18,133,14,-1,14,133,135,-1,14,135,0,-1,85,87,61,-1,61,87,88,-1,61,88,59,-1,59,88,92,-1,59,92,57,-1,57,92,94,-1,57,94,55,-1,55,94,96,-1,55,96,53,-1,53,96,98,-1,53,98,51,-1,51,98,100,-1,51,100,49,-1,49,100,102,-1,49,102,47,-1,47,102,107,-1,47,107,45,-1,45,107,105,-1,45,105,104,-1,136,137,138,-1,138,137,139,-1,140,136,141,-1,141,136,138,-1,140,141,142,-1,140,142,143,-1,143,142,144,-1,143,144,145,-1,146,145,147,-1,147,145,144,-1,148,146,149,-1,149,146,147,-1,150,151,152,-1,152,151,148,-1,152,148,149,-1,153,151,154,-1,154,151,150,-1,155,156,157,-1,157,156,153,-1,157,153,154,-1,158,159,160,-1,160,159,156,-1,160,156,155,-1,159,158,161,-1,159,161,162,-1,161,163,162,-1,162,163,164,-1,162,164,165,-1,164,166,165,-1,165,166,167,-1,165,167,168,-1,168,167,169,-1,168,169,170,-1,170,169,171,-1,170,171,172,-1,172,171,173,-1,172,173,174,-1,174,173,175,-1,174,175,176,-1,177,176,178,-1,178,176,175,-1,177,178,179,-1,177,179,180,-1,180,179,181,-1,180,181,182,-1,182,181,183,-1,182,183,184,-1,184,183,185,-1,184,185,186,-1,186,185,187,-1,186,187,188,-1,189,190,191,-1,191,190,192,-1,191,192,193,-1,193,192,194,-1,193,194,195,-1,195,194,188,-1,195,188,196,-1,196,188,187,-1,139,137,197,-1,197,137,190,-1,197,190,189,-1,143,145,190,-1,137,136,190,-1,190,136,140,-1,190,140,143,-1,151,153,148,-1,148,153,156,-1,148,156,146,-1,192,162,194,-1,194,162,165,-1,176,177,174,-1,174,177,180,-1,174,180,172,-1,172,180,182,-1,172,182,170,-1,170,182,184,-1,170,184,168,-1,168,184,186,-1,168,186,165,-1,165,186,188,-1,165,188,194,-1,145,146,190,-1,190,146,156,-1,190,156,192,-1,192,156,159,-1,192,159,162,-1,198,199,200,-1,200,199,201,-1,202,203,204,-1,204,203,198,-1,204,198,200,-1,205,203,206,-1,206,203,202,-1,207,208,209,-1,209,208,205,-1,209,205,206,-1,210,208,211,-1,211,208,207,-1,212,213,214,-1,214,213,210,-1,214,210,211,-1,215,213,216,-1,216,213,212,-1,217,218,219,-1,219,218,215,-1,219,215,216,-1,220,218,221,-1,221,218,217,-1,222,223,224,-1,224,223,220,-1,224,220,221,-1,225,223,226,-1,226,223,222,-1,201,199,227,-1,227,199,225,-1,227,225,226,-1,225,199,198,-1,198,203,225,-1,225,203,205,-1,225,205,223,-1,218,220,215,-1,215,220,223,-1,215,223,213,-1,213,223,205,-1,213,205,210,-1,210,205,208,-1,228,229,230,-1,230,229,231,-1,230,231,232,-1,232,231,233,-1,232,233,234,-1,234,233,235,-1,234,235,236,-1,236,235,237,-1,236,237,238,-1,238,237,239,-1,238,239,240,-1,240,239,241,-1,240,241,242,-1,242,241,243,-1,242,243,244,-1,244,243,245,-1,244,245,246,-1,246,245,247,-1,246,247,248,-1,248,247,249,-1,248,249,250,-1,250,249,251,-1,250,251,252,-1,252,251,253,-1,252,253,254,-1,254,253,255,-1,254,255,256,-1,256,255,257,-1,256,257,258,-1,258,257,259,-1,258,259,260,-1,260,259,261,-1,260,261,262,-1,262,261,228,-1,262,228,230,-1,236,238,263,-1,263,238,264,-1,236,263,265,-1,236,265,234,-1,234,265,266,-1,234,266,232,-1,232,266,267,-1,232,267,230,-1,230,267,268,-1,230,268,262,-1,262,268,269,-1,262,269,260,-1,260,269,270,-1,260,270,258,-1,258,270,271,-1,258,271,256,-1,256,271,272,-1,256,272,254,-1,254,272,273,-1,254,273,252,-1,252,273,274,-1,252,274,250,-1,250,274,275,-1,250,275,248,-1,248,275,276,-1,248,276,246,-1,246,276,277,-1,246,277,244,-1,244,277,278,-1,244,278,242,-1,240,242,279,-1,279,242,278,-1,238,240,264,-1,264,240,279,-1,243,241,280,-1,280,241,281,-1,241,239,281,-1,281,239,282,-1,239,237,282,-1,282,237,283,-1,229,284,285,-1,229,285,231,-1,231,285,286,-1,231,286,233,-1,233,286,287,-1,233,287,235,-1,235,287,283,-1,235,283,237,-1,257,288,289,-1,257,289,259,-1,259,289,290,-1,259,290,261,-1,261,290,291,-1,261,291,228,-1,228,291,284,-1,228,284,229,-1,249,292,293,-1,249,293,251,-1,251,293,294,-1,251,294,253,-1,253,294,295,-1,253,295,255,-1,255,295,288,-1,255,288,257,-1,243,280,296,-1,243,296,245,-1,245,296,297,-1,245,297,247,-1,247,297,292,-1,247,292,249,-1,
        ]
    }
}
Shape{
    appearance Appearance {
        material  Material 	{
            diffuseColor 1.0 0.7450980392156863 0.3411764705882353
            specularColor 0.5019607843137255 0.37254901960784315 0.16862745098039217
            ambientIntensity 0.7753
            transparency 0.0
            shininess 0.5
        }
    }
    geometry IndexedFaceSet {
        ccw TRUE
        solid FALSE
        coord DEF co Coordinate {
            point [
                -0.0806 0.8957 0.6225, -0.0802 0.8957 0.5608, -0.0927 0.8957 0.6225, -0.0918 0.8957 0.5607, -0.1015 0.8957 0.5617, -0.1085 0.8957 0.564, -0.1139 0.8957 0.5674, -0.1157 0.8957 0.5689, -0.1199 0.8957 0.5742, -0.1226 0.8957 0.5802, -0.1242 0.8957 0.5876, -0.1244 0.8957 0.5921, -0.1235 0.8957 0.6014, -0.1214 0.8957 0.6074, -0.1184 0.8957 0.6121, -0.1158 0.8957 0.6148, -0.1027 0.8957 0.6213, -0.1097 0.8957 0.6188
            ]
        }
        coordIndex [
            0,1,2,-1,2,1,3,-1,2,3,4,-1,4,5,2,-1,2,5,6,-1,2,6,7,-1,7,8,2,-1,2,8,9,-1,2,9,10,-1,10,11,2,-1,2,11,12,-1,2,12,13,-1,13,14,2,-1,2,14,15,-1,2,15,16,-1,16,15,17,-1,
        ]
    }
}
Shape{
    appearance Appearance {
        material  Material 	{
            diffuseColor 0.0 0.0 0.0
            specularColor 0.0 0.0 0.0
            ambientIntensity 0.0
            transparency 0.0
            shininess 0.5
        }
    }
    geometry IndexedFaceSet {
        ccw TRUE
        solid FALSE
        coord DEF co Coordinate {
            point [
                -0.162 0.8961 0.5821, -0.1742 0.8961 0.6152, -0.1705 0.8961 0.6311, -0.1394 0.8961 0.5513, -0.1509 0.8961 0.5512, -0.1587 0.8961 0.573, -0.175 0.8961 0.6176, -0.1756 0.8961 0.6208, -0.1815 0.8961 0.631, -0.1758 0.8961 0.6208, -0.1765 0.8961 0.6175, -0.1771 0.8961 0.6152, -0.1889 0.8961 0.5819, -0.2115 0.8961 0.5508, -0.2001 0.8961 0.5508, -0.192 0.8961 0.5728, -0.1815 0.8957 0.631, -0.2112 0.8957 0.5515, -0.2115 0.8957 0.5508, -0.1705 0.8957 0.6311, -0.1395 0.8957 0.5515, -0.1394 0.8957 0.5513, -0.1509 0.8957 0.5512, -0.1587 0.8957 0.573, -0.151 0.8957 0.5515, -0.192 0.8957 0.5728, -0.1998 0.8957 0.5515, -0.2001 0.8957 0.5508, -0.162 0.8957 0.5821, -0.1889 0.8957 0.5819, -0.1771 0.8957 0.6152, -0.1758 0.8957 0.6208, -0.1765 0.8957 0.6175, -0.1756 0.8957 0.6208, -0.1742 0.8957 0.6152, -0.175 0.8957 0.6176
            ]
        }
        coordIndex [
            0,1,2,-1,3,4,5,-1,1,6,2,-1,2,6,7,-1,2,7,8,-1,8,7,9,-1,8,9,10,-1,10,11,8,-1,8,11,12,-1,8,12,13,-1,14,13,15,-1,15,13,12,-1,15,12,5,-1,5,12,0,-1,5,0,3,-1,3,0,2,-1,16,8,17,-1,17,8,13,-1,17,13,18,-1,2,8,19,-1,19,8,16,-1,2,19,3,-1,3,19,20,-1,3,20,21,-1,4,3,22,-1,22,3,21,-1,23,5,24,-1,24,5,4,-1,24,4,22,-1,15,5,25,-1,25,5,23,-1,15,25,14,-1,14,25,26,-1,14,26,27,-1,13,14,18,-1,18,14,27,-1,0,12,28,-1,28,12,29,-1,12,11,29,-1,29,11,30,-1,9,31,32,-1,9,32,10,-1,10,32,30,-1,10,30,11,-1,9,7,31,-1,31,7,33,-1,1,34,35,-1,1,35,6,-1,6,35,33,-1,6,33,7,-1,1,0,34,-1,34,0,28,-1,
        ]
    }
}
Shape{
    appearance Appearance {
        material  Material 	{
            diffuseColor 1.0 0.7450980392156863 0.3411764705882353
            specularColor 0.5019607843137255 0.37254901960784315 0.16862745098039217
            ambientIntensity 0.7753
            transparency 0.0
            shininess 0.5
        }
    }
    geometry IndexedFaceSet {
        ccw TRUE
        solid FALSE
        coord DEF co Coordinate {
            point [
                -0.1758 0.8957 0.6208, -0.1756 0.8957 0.6208, -0.1765 0.8957 0.6175, -0.175 0.8957 0.6176, -0.1771 0.8957 0.6152, -0.1742 0.8957 0.6152, -0.1889 0.8957 0.5819, -0.162 0.8957 0.5821
            ]
        }
        coordIndex [
            0,1,2,-1,2,1,3,-1,2,3,4,-1,4,3,5,-1,4,5,6,-1,6,5,7,-1,
        ]
    }
}
Shape{
    appearance Appearance {
        material  Material 	{
            diffuseColor 0.0 0.0 0.0
            specularColor 0.0 0.0 0.0
            ambientIntensity 0.0
            transparency 0.0
            shininess 0.5
        }
    }
    geometry IndexedFaceSet {
        ccw TRUE
        solid FALSE
        coord DEF co Coordinate {
            point [
                0.5638 0.8961 0.5449, 0.5554 0.8961 0.5344, 0.5686 0.8961 0.5953, 0.3783 0.8961 0.6218, 0.3957 0.8961 0.6521, 0.4723 0.8961 0.6128, 0.5109 0.8961 0.5961, 0.5056 0.8961 0.5941, 0.5779 0.8961 0.6942, 0.5652 0.8961 0.7009, 0.5678 0.8961 0.736, 0.5323 0.8961 0.7374, 0.5149 0.8961 0.6957, 0.5061 0.8961 0.7136, 0.581 0.8961 0.603, 0.5766 0.8961 0.5594, 0.5694 0.8961 0.5572, 0.5454 0.8961 0.7386, 0.5011 0.8961 0.591, 0.4974 0.8961 0.5869, 0.4583 0.8961 0.5803, 0.5212 0.8961 0.5959, 0.5285 0.8961 0.6309, 0.5262 0.8961 0.594, 0.5411 0.8961 0.6262, 0.5307 0.8961 0.5909, 0.5528 0.8961 0.6182, 0.5329 0.8961 0.5885, 0.5622 0.8961 0.6075, 0.5359 0.8961 0.5838, 0.5376 0.8961 0.5785, 0.538 0.8961 0.5729, 0.4942 0.8961 0.6285, 0.5079 0.8961 0.632, 0.5148 0.8961 0.6325, 0.3591 0.8961 0.6781, 0.3545 0.8961 0.678, 0.331 0.8961 0.7086, 0.3437 0.8961 0.6766, 0.3282 0.8961 0.7077, 0.3338 0.8961 0.6727, 0.3113 0.8961 0.6991, 0.296 0.8961 0.686, 0.5205 0.8961 0.7509, 0.4932 0.8961 0.7288, 0.5071 0.8961 0.7622, 0.4779 0.8961 0.7398, 0.4931 0.8961 0.7707, 0.5511 0.8961 0.7042, 0.5451 0.8961 0.7044, 0.5388 0.8961 0.7382, 0.5316 0.8961 0.7026, 0.5189 0.8961 0.6979, 0.495 0.8961 0.5822, 0.4937 0.8961 0.5769, 0.4583 0.8961 0.5746, 0.4938 0.8961 0.5717, 0.4587 0.8961 0.5686, 0.2966 0.8961 0.5797, 0.3229 0.8961 0.6025, 0.3122 0.8961 0.5667, 0.3314 0.8961 0.5957, 0.3296 0.8961 0.5583, 0.3414 0.8961 0.5911, 0.3486 0.8961 0.5544, 0.3517 0.8961 0.5892, 0.3822 0.8961 0.5547, 0.3774 0.8961 0.5894, 0.3854 0.8961 0.5552, 0.5156 0.8961 0.5966, 0.4822 0.8961 0.622, 0.325 0.8961 0.6665, 0.3186 0.8961 0.6592, 0.2845 0.8961 0.6697, 0.3133 0.8961 0.6493, 0.2776 0.8961 0.6523, 0.3107 0.8961 0.6384, 0.2751 0.8961 0.6336, 0.3104 0.8961 0.6333, 0.2779 0.8961 0.6134, 0.3119 0.8961 0.6222, 0.2852 0.8961 0.5954, 0.3159 0.8961 0.6121, 0.3222 0.8961 0.6033, 0.3614 0.8961 0.7538, 0.3839 0.8961 0.7279, 0.3427 0.8961 0.7318, 0.3712 0.8961 0.7124, 0.3625 0.8961 0.6941, 0.6006 0.8961 0.6617, 0.6381 0.8961 0.6525, 0.6024 0.8961 0.6479, 0.6383 0.8961 0.647, 0.6018 0.8961 0.639, 0.6357 0.8961 0.6247, 0.5977 0.8961 0.6251, 0.6276 0.8961 0.6034, 0.5911 0.8961 0.6136, 0.6148 0.8961 0.5848, 0.5971 0.8961 0.5695, 0.5369 0.8961 0.5676, 0.5347 0.8961 0.5628, 0.4668 0.8961 0.7807, 0.4593 0.8961 0.7472, 0.4386 0.8961 0.7839, 0.4383 0.8961 0.7498, 0.4152 0.8961 0.7813, 0.419 0.8961 0.7473, 0.3867 0.8961 0.771, 0.4012 0.8961 0.7403, 0.3852 0.8961 0.7291, 0.589 0.8961 0.7279, 0.6072 0.8961 0.7153, 0.5876 0.8961 0.6856, 0.611 0.8961 0.7117, 0.5956 0.8961 0.6744, 0.6249 0.8961 0.6943, 0.6341 0.8961 0.6738, 0.4621 0.8961 0.5545, 0.4952 0.8961 0.5663, 0.469 0.8961 0.5419, 0.4978 0.8961 0.5614, 0.4777 0.8961 0.5323, 0.501 0.8961 0.5579, 0.4891 0.8961 0.5245, 0.5053 0.8961 0.5548, 0.5018 0.8961 0.5197, 0.5103 0.8961 0.5529, 0.5156 0.8961 0.5181, 0.516 0.8961 0.5522, 0.5178 0.8961 0.5181, 0.5169 0.8961 0.5522, 0.5312 0.8961 0.5203, 0.522 0.8961 0.5531, 0.5443 0.8961 0.5259, 0.5272 0.8961 0.5554, 0.5315 0.8961 0.5587, 0.3802 0.8961 0.5899, 0.3941 0.8961 0.5607, 0.3928 0.8961 0.5594, 0.3785 0.8961 0.5895, 0.3891 0.8961 0.5567, 0.3985 0.8961 0.5725, 0.398 0.8961 0.5682, 0.3966 0.8961 0.5643, 0.3852 0.8961 0.5894, 0.3891 0.8961 0.5879, 0.3984 0.8961 0.5747, 0.3926 0.8961 0.5855, 0.395 0.8961 0.5829, 0.3972 0.8961 0.579, 0.3808 0.8961 0.59, 0.2751 0.8957 0.6336, 0.2776 0.8957 0.6523, 0.2911 0.8957 0.679, 0.2791 0.8957 0.6561, 0.2845 0.8957 0.6697, 0.296 0.8957 0.686, 0.3113 0.8957 0.6991, 0.3282 0.8957 0.7077, 0.331 0.8957 0.7086, 0.3427 0.8957 0.7318, 0.3614 0.8957 0.7538, 0.3711 0.8957 0.7604, 0.3867 0.8957 0.771, 0.4152 0.8957 0.7813, 0.4386 0.8957 0.7839, 0.4668 0.8957 0.7807, 0.4931 0.8957 0.7707, 0.5071 0.8957 0.7622, 0.5323 0.8957 0.7374, 0.5092 0.8957 0.7604, 0.5205 0.8957 0.7509, 0.5388 0.8957 0.7382, 0.5454 0.8957 0.7386, 0.5678 0.8957 0.736, 0.589 0.8957 0.7279, 0.6072 0.8957 0.7153, 0.611 0.8957 0.7117, 0.6383 0.8957 0.647, 0.6249 0.8957 0.6943, 0.6317 0.8957 0.679, 0.6341 0.8957 0.6738, 0.6374 0.8957 0.6561, 0.6381 0.8957 0.6525, 0.6357 0.8957 0.6247, 0.6276 0.8957 0.6034, 0.6148 0.8957 0.5848, 0.5971 0.8957 0.5695, 0.5766 0.8957 0.5594, 0.5694 0.8957 0.5572, 0.5669 0.8957 0.5515, 0.5585 0.8957 0.5382, 0.5638 0.8957 0.5449, 0.5554 0.8957 0.5344, 0.5443 0.8957 0.5259, 0.5312 0.8957 0.5203, 0.5178 0.8957 0.5181, 0.5156 0.8957 0.5181, 0.5018 0.8957 0.5197, 0.4638 0.8957 0.5515, 0.4891 0.8957 0.5245, 0.4777 0.8957 0.5323, 0.4723 0.8957 0.5382, 0.469 0.8957 0.5419, 0.4621 0.8957 0.5545, 0.4587 0.8957 0.5686, 0.4583 0.8957 0.5746, 0.4583 0.8957 0.5803, 0.3783 0.8957 0.6218, 0.3957 0.8957 0.6521, 0.4723 0.8957 0.6128, 0.4822 0.8957 0.622, 0.4942 0.8957 0.6285, 0.5079 0.8957 0.632, 0.5148 0.8957 0.6325, 0.5285 0.8957 0.6309, 0.5411 0.8957 0.6262, 0.5528 0.8957 0.6182, 0.5622 0.8957 0.6075, 0.5686 0.8957 0.5953, 0.581 0.8957 0.603, 0.5911 0.8957 0.6136, 0.5977 0.8957 0.6251, 0.6018 0.8957 0.639, 0.6024 0.8957 0.6479, 0.6013 0.8957 0.6561, 0.6006 0.8957 0.6617, 0.5956 0.8957 0.6744, 0.5923 0.8957 0.679, 0.5876 0.8957 0.6856, 0.5779 0.8957 0.6942, 0.5652 0.8957 0.7009, 0.5511 0.8957 0.7042, 0.5451 0.8957 0.7044, 0.5316 0.8957 0.7026, 0.5189 0.8957 0.6979, 0.5149 0.8957 0.6957, 0.5061 0.8957 0.7136, 0.4932 0.8957 0.7288, 0.4779 0.8957 0.7398, 0.4593 0.8957 0.7472, 0.4383 0.8957 0.7498, 0.419 0.8957 0.7473, 0.4012 0.8957 0.7403, 0.3852 0.8957 0.7291, 0.3839 0.8957 0.7279, 0.3712 0.8957 0.7124, 0.3625 0.8957 0.6941, 0.3593 0.8957 0.679, 0.3591 0.8957 0.6781, 0.3545 0.8957 0.678, 0.3437 0.8957 0.6766, 0.3338 0.8957 0.6727, 0.325 0.8957 0.6665, 0.3186 0.8957 0.6592, 0.3169 0.8957 0.6561, 0.3133 0.8957 0.6493, 0.3107 0.8957 0.6384, 0.3104 0.8957 0.6333, 0.3119 0.8957 0.6222, 0.3159 0.8957 0.6121, 0.3222 0.8957 0.6033, 0.3229 0.8957 0.6025, 0.3314 0.8957 0.5957, 0.3414 0.8957 0.5911, 0.3517 0.8957 0.5892, 0.3774 0.8957 0.5894, 0.3785 0.8957 0.5895, 0.3802 0.8957 0.5899, 0.3808 0.8957 0.59, 0.3852 0.8957 0.5894, 0.3891 0.8957 0.5879, 0.3926 0.8957 0.5855, 0.395 0.8957 0.5829, 0.3972 0.8957 0.579, 0.3984 0.8957 0.5747, 0.3985 0.8957 0.5725, 0.398 0.8957 0.5682, 0.3966 0.8957 0.5643, 0.3941 0.8957 0.5607, 0.3928 0.8957 0.5594, 0.3891 0.8957 0.5567, 0.3854 0.8957 0.5552, 0.3822 0.8957 0.5547, 0.3486 0.8957 0.5544, 0.3296 0.8957 0.5583, 0.3122 0.8957 0.5667, 0.2966 0.8957 0.5797, 0.2852 0.8957 0.5954, 0.2779 0.8957 0.6134, 0.5156 0.8957 0.5966, 0.5109 0.8957 0.5961, 0.5056 0.8957 0.5941, 0.5011 0.8957 0.591, 0.4974 0.8957 0.5869, 0.495 0.8957 0.5822, 0.4937 0.8957 0.5769, 0.4938 0.8957 0.5717, 0.4952 0.8957 0.5663, 0.4978 0.8957 0.5614, 0.501 0.8957 0.5579, 0.5053 0.8957 0.5548, 0.5103 0.8957 0.5529, 0.516 0.8957 0.5522, 0.5169 0.8957 0.5522, 0.522 0.8957 0.5531, 0.5272 0.8957 0.5554, 0.5315 0.8957 0.5587, 0.5347 0.8957 0.5628, 0.5369 0.8957 0.5676, 0.538 0.8957 0.5729, 0.5376 0.8957 0.5785, 0.5359 0.8957 0.5838, 0.5329 0.8957 0.5885, 0.5307 0.8957 0.5909, 0.5262 0.8957 0.594, 0.5212 0.8957 0.5959
            ]
        }
        coordIndex [
            0,1,2,-1,3,4,5,-1,6,7,3,-1,8,9,10,-1,11,12,13,-1,14,15,2,-1,2,15,16,-1,2,16,0,-1,10,9,17,-1,7,18,3,-1,3,18,19,-1,3,19,20,-1,21,22,23,-1,23,22,24,-1,23,24,25,-1,25,24,26,-1,25,26,27,-1,27,26,28,-1,27,28,29,-1,29,28,2,-1,29,2,30,-1,30,2,31,-1,32,33,21,-1,21,33,34,-1,21,34,22,-1,35,36,37,-1,37,36,38,-1,37,38,39,-1,39,38,40,-1,39,40,41,-1,41,40,42,-1,11,13,43,-1,43,13,44,-1,43,44,45,-1,45,44,46,-1,45,46,47,-1,9,48,17,-1,17,48,49,-1,17,49,50,-1,50,49,51,-1,50,51,11,-1,11,51,52,-1,11,52,12,-1,19,53,20,-1,20,53,54,-1,20,54,55,-1,55,54,56,-1,55,56,57,-1,58,59,60,-1,60,59,61,-1,60,61,62,-1,62,61,63,-1,62,63,64,-1,64,63,65,-1,64,65,66,-1,66,65,67,-1,66,67,68,-1,6,3,69,-1,69,3,5,-1,69,5,21,-1,21,5,70,-1,21,70,32,-1,40,71,42,-1,42,71,72,-1,42,72,73,-1,73,72,74,-1,73,74,75,-1,75,74,76,-1,75,76,77,-1,77,76,78,-1,77,78,79,-1,79,78,80,-1,79,80,81,-1,81,80,82,-1,81,82,58,-1,58,82,83,-1,58,83,59,-1,84,85,86,-1,86,85,87,-1,86,87,37,-1,37,87,88,-1,37,88,35,-1,89,90,91,-1,91,90,92,-1,91,92,93,-1,93,92,94,-1,93,94,95,-1,95,94,96,-1,95,96,97,-1,97,96,98,-1,97,98,14,-1,14,98,99,-1,14,99,15,-1,31,2,100,-1,100,2,1,-1,100,1,101,-1,47,46,102,-1,102,46,103,-1,102,103,104,-1,104,103,105,-1,104,105,106,-1,106,105,107,-1,106,107,108,-1,108,107,109,-1,108,109,84,-1,84,109,110,-1,84,110,85,-1,10,111,8,-1,8,111,112,-1,8,112,113,-1,113,112,114,-1,113,114,115,-1,115,114,116,-1,115,116,89,-1,89,116,117,-1,89,117,90,-1,57,56,118,-1,118,56,119,-1,118,119,120,-1,120,119,121,-1,120,121,122,-1,122,121,123,-1,122,123,124,-1,124,123,125,-1,124,125,126,-1,126,125,127,-1,126,127,128,-1,128,127,129,-1,128,129,130,-1,130,129,131,-1,130,131,132,-1,132,131,133,-1,132,133,134,-1,134,133,135,-1,134,135,1,-1,1,135,136,-1,1,136,101,-1,137,138,139,-1,67,140,68,-1,68,140,137,-1,68,137,141,-1,141,137,139,-1,142,143,137,-1,137,143,144,-1,137,144,138,-1,145,146,147,-1,146,148,147,-1,147,148,149,-1,147,149,150,-1,142,137,147,-1,147,137,151,-1,147,151,145,-1,77,152,153,-1,154,42,73,-1,77,153,75,-1,75,153,155,-1,75,155,73,-1,73,155,156,-1,73,156,154,-1,154,157,42,-1,42,157,158,-1,42,158,41,-1,41,158,159,-1,41,159,39,-1,39,159,160,-1,39,160,37,-1,37,160,161,-1,37,161,86,-1,86,161,162,-1,86,162,84,-1,84,162,163,-1,84,163,108,-1,163,164,108,-1,108,164,165,-1,108,165,106,-1,106,165,166,-1,106,166,104,-1,104,166,167,-1,104,167,102,-1,102,167,168,-1,102,168,47,-1,47,168,169,-1,47,169,45,-1,170,11,43,-1,45,169,171,-1,45,171,43,-1,43,171,172,-1,43,172,170,-1,11,170,173,-1,11,173,50,-1,50,173,174,-1,50,174,17,-1,17,174,175,-1,17,175,10,-1,10,175,176,-1,10,176,111,-1,111,176,177,-1,111,177,112,-1,112,177,178,-1,112,178,114,-1,179,92,90,-1,114,178,180,-1,114,180,116,-1,116,180,181,-1,116,181,117,-1,181,182,117,-1,117,182,183,-1,117,183,90,-1,90,183,184,-1,90,184,179,-1,92,179,185,-1,92,185,94,-1,94,185,186,-1,94,186,96,-1,96,186,187,-1,96,187,98,-1,98,187,188,-1,98,188,99,-1,99,188,189,-1,99,189,15,-1,15,189,190,-1,15,190,16,-1,16,190,191,-1,192,1,0,-1,16,191,0,-1,0,191,193,-1,0,193,192,-1,192,194,1,-1,1,194,195,-1,1,195,134,-1,134,195,196,-1,134,196,132,-1,132,196,197,-1,132,197,130,-1,130,197,198,-1,130,198,128,-1,128,198,199,-1,200,118,120,-1,128,199,126,-1,126,199,201,-1,126,201,124,-1,124,201,202,-1,124,202,122,-1,122,202,203,-1,122,203,120,-1,120,203,204,-1,120,204,200,-1,200,205,118,-1,118,205,206,-1,118,206,57,-1,57,206,207,-1,57,207,55,-1,20,55,208,-1,208,55,207,-1,3,20,209,-1,209,20,208,-1,4,3,210,-1,210,3,209,-1,5,4,211,-1,211,4,210,-1,5,211,212,-1,5,212,70,-1,70,212,213,-1,70,213,32,-1,32,213,214,-1,32,214,33,-1,33,214,215,-1,33,215,34,-1,34,215,216,-1,34,216,22,-1,22,216,217,-1,22,217,24,-1,24,217,218,-1,24,218,26,-1,26,218,219,-1,26,219,28,-1,28,219,220,-1,28,220,2,-1,2,220,221,-1,2,221,14,-1,14,221,222,-1,14,222,97,-1,97,222,223,-1,97,223,95,-1,95,223,224,-1,95,224,93,-1,93,224,225,-1,93,225,91,-1,89,91,226,-1,226,91,225,-1,226,227,89,-1,89,227,228,-1,89,228,115,-1,115,228,229,-1,115,229,113,-1,229,230,113,-1,113,230,231,-1,113,231,8,-1,8,231,232,-1,8,232,9,-1,9,232,233,-1,9,233,48,-1,48,233,234,-1,48,234,49,-1,49,234,235,-1,49,235,51,-1,51,235,236,-1,51,236,52,-1,52,236,237,-1,52,237,12,-1,12,237,238,-1,12,238,13,-1,13,238,239,-1,13,239,44,-1,44,239,240,-1,44,240,46,-1,46,240,241,-1,46,241,103,-1,103,241,242,-1,103,242,105,-1,105,242,243,-1,105,243,107,-1,107,243,244,-1,107,244,109,-1,109,244,245,-1,109,245,110,-1,110,245,246,-1,110,246,85,-1,85,246,247,-1,85,247,87,-1,87,247,248,-1,87,248,88,-1,88,248,35,-1,35,248,249,-1,35,249,250,-1,36,35,251,-1,251,35,250,-1,36,251,252,-1,36,252,38,-1,38,252,253,-1,38,253,40,-1,40,253,254,-1,40,254,71,-1,71,254,255,-1,71,255,72,-1,72,255,256,-1,72,256,74,-1,256,257,74,-1,74,257,258,-1,74,258,76,-1,76,258,259,-1,76,259,78,-1,78,259,260,-1,78,260,80,-1,80,260,261,-1,80,261,82,-1,82,261,262,-1,82,262,83,-1,83,262,263,-1,83,263,59,-1,59,263,264,-1,59,264,61,-1,61,264,265,-1,61,265,63,-1,63,265,266,-1,63,266,65,-1,67,65,267,-1,267,65,266,-1,67,267,268,-1,67,268,140,-1,140,268,269,-1,140,269,137,-1,137,269,270,-1,137,270,151,-1,151,270,271,-1,151,271,145,-1,145,271,272,-1,145,272,146,-1,146,272,273,-1,146,273,148,-1,148,273,274,-1,148,274,149,-1,149,274,275,-1,149,275,150,-1,150,275,276,-1,150,276,147,-1,147,276,277,-1,147,277,142,-1,142,277,278,-1,142,278,143,-1,143,278,279,-1,143,279,144,-1,144,279,280,-1,144,280,138,-1,138,280,281,-1,138,281,139,-1,139,281,282,-1,139,282,141,-1,141,282,283,-1,141,283,68,-1,68,283,284,-1,68,284,66,-1,64,66,285,-1,285,66,284,-1,64,285,286,-1,64,286,62,-1,62,286,287,-1,62,287,60,-1,60,287,288,-1,60,288,58,-1,58,288,289,-1,58,289,81,-1,81,289,290,-1,81,290,79,-1,79,290,152,-1,79,152,77,-1,69,291,292,-1,69,292,6,-1,6,292,293,-1,6,293,7,-1,7,293,294,-1,7,294,18,-1,18,294,295,-1,18,295,19,-1,19,295,296,-1,19,296,53,-1,53,296,297,-1,53,297,54,-1,54,297,298,-1,54,298,56,-1,56,298,299,-1,56,299,119,-1,119,299,300,-1,119,300,121,-1,121,300,301,-1,121,301,123,-1,123,301,302,-1,123,302,125,-1,125,302,303,-1,125,303,127,-1,127,303,304,-1,127,304,129,-1,129,304,305,-1,129,305,131,-1,131,305,306,-1,131,306,133,-1,133,306,307,-1,133,307,135,-1,135,307,308,-1,135,308,136,-1,136,308,309,-1,136,309,101,-1,101,309,310,-1,101,310,100,-1,100,310,311,-1,100,311,31,-1,31,311,312,-1,31,312,30,-1,30,312,313,-1,30,313,29,-1,29,313,314,-1,29,314,27,-1,27,314,315,-1,27,315,25,-1,25,315,316,-1,25,316,23,-1,23,316,317,-1,23,317,21,-1,21,317,291,-1,21,291,69,-1,
        ]
    }
}
Shape{
    appearance Appearance {
        material  Material 	{
            diffuseColor 1.0 0.7450980392156863 0.3411764705882353
            specularColor 0.5019607843137255 0.37254901960784315 0.16862745098039217
            ambientIntensity 0.7753
            transparency 0.0
            shininess 0.5
        }
    }
    geometry IndexedFaceSet {
        ccw TRUE
        solid FALSE
        coord DEF co Coordinate {
            point [
                0.5169 0.8957 0.5522, 0.5307 0.8957 0.5909, 0.5329 0.8957 0.5885, 0.5103 0.8957 0.5529, 0.5053 0.8957 0.5548, 0.5109 0.8957 0.5961, 0.5156 0.8957 0.5966, 0.5212 0.8957 0.5959, 0.5262 0.8957 0.594, 0.5369 0.8957 0.5676, 0.5347 0.8957 0.5628, 0.5315 0.8957 0.5587, 0.516 0.8957 0.5522, 0.5359 0.8957 0.5838, 0.5376 0.8957 0.5785, 0.538 0.8957 0.5729, 0.5272 0.8957 0.5554, 0.522 0.8957 0.5531, 0.501 0.8957 0.5579, 0.4978 0.8957 0.5614, 0.4952 0.8957 0.5663, 0.4938 0.8957 0.5717, 0.4937 0.8957 0.5769, 0.495 0.8957 0.5822, 0.4974 0.8957 0.5869, 0.5011 0.8957 0.591, 0.5056 0.8957 0.5941
            ]
        }
        coordIndex [
            0,1,2,-1,3,4,5,-1,6,7,0,-1,0,7,8,-1,0,8,1,-1,9,10,2,-1,2,10,11,-1,6,0,5,-1,5,0,12,-1,5,12,3,-1,13,14,2,-1,2,14,15,-1,2,15,9,-1,11,16,2,-1,2,16,17,-1,2,17,0,-1,4,18,5,-1,5,18,19,-1,5,19,20,-1,20,21,5,-1,5,21,22,-1,5,22,23,-1,23,24,5,-1,5,24,25,-1,5,25,26,-1,
        ]
    }
}