ISO-10303-21;
HEADER;
FILE_DESCRIPTION((''),'2;1');
FILE_NAME('C-1-178136-3','2015-04-24T',('workeradm'),('Tyco Electronics Ltd.'),
'PRO/ENGINEER BY PARAMETRIC TECHNOLOGY CORPORATION, 2014090',
'PRO/ENGINEER BY PARAMETRIC TECHNOLOGY CORPORATION, 2014090','');
FILE_SCHEMA(('AUTOMOTIVE_DESIGN { 1 0 10303 214 1 1 1 1 }'));
ENDSEC;
DATA;
#134=DIRECTION('',(1.E0,0.E0,0.E0));
#135=VECTOR('',#134,2.256E1);
#136=CARTESIAN_POINT('',(-1.128E1,-4.675E0,-3.E-1));
#137=LINE('',#136,#135);
#138=DIRECTION('',(0.E0,0.E0,1.E0));
#139=VECTOR('',#138,2.13E1);
#140=CARTESIAN_POINT('',(1.128E1,-4.675E0,-2.16E1));
#141=LINE('',#140,#139);
#142=DIRECTION('',(-1.E0,0.E0,0.E0));
#143=VECTOR('',#142,4.2E0);
#144=CARTESIAN_POINT('',(1.128E1,-4.675E0,-2.16E1));
#145=LINE('',#144,#143);
#146=DIRECTION('',(0.E0,0.E0,1.E0));
#147=VECTOR('',#146,1.5E0);
#148=CARTESIAN_POINT('',(7.08E0,-4.675E0,-2.16E1));
#149=LINE('',#148,#147);
#150=DIRECTION('',(-1.E0,0.E0,0.E0));
#151=VECTOR('',#150,4.04E0);
#152=CARTESIAN_POINT('',(7.08E0,-4.675E0,-2.01E1));
#153=LINE('',#152,#151);
#154=DIRECTION('',(0.E0,0.E0,-1.E0));
#155=VECTOR('',#154,1.5E0);
#156=CARTESIAN_POINT('',(3.04E0,-4.675E0,-2.01E1));
#157=LINE('',#156,#155);
#158=DIRECTION('',(-1.E0,0.E0,0.E0));
#159=VECTOR('',#158,1.E0);
#160=CARTESIAN_POINT('',(3.04E0,-4.675E0,-2.16E1));
#161=LINE('',#160,#159);
#162=DIRECTION('',(0.E0,0.E0,1.E0));
#163=VECTOR('',#162,1.5E0);
#164=CARTESIAN_POINT('',(2.04E0,-4.675E0,-2.16E1));
#165=LINE('',#164,#163);
#166=DIRECTION('',(-1.E0,0.E0,0.E0));
#167=VECTOR('',#166,4.08E0);
#168=CARTESIAN_POINT('',(2.04E0,-4.675E0,-2.01E1));
#169=LINE('',#168,#167);
#170=DIRECTION('',(0.E0,0.E0,-1.E0));
#171=VECTOR('',#170,1.5E0);
#172=CARTESIAN_POINT('',(-2.04E0,-4.675E0,-2.01E1));
#173=LINE('',#172,#171);
#174=DIRECTION('',(-1.E0,0.E0,0.E0));
#175=VECTOR('',#174,1.E0);
#176=CARTESIAN_POINT('',(-2.04E0,-4.675E0,-2.16E1));
#177=LINE('',#176,#175);
#178=DIRECTION('',(0.E0,0.E0,1.E0));
#179=VECTOR('',#178,1.5E0);
#180=CARTESIAN_POINT('',(-3.04E0,-4.675E0,-2.16E1));
#181=LINE('',#180,#179);
#182=DIRECTION('',(-1.E0,0.E0,0.E0));
#183=VECTOR('',#182,4.04E0);
#184=CARTESIAN_POINT('',(-3.04E0,-4.675E0,-2.01E1));
#185=LINE('',#184,#183);
#186=DIRECTION('',(0.E0,0.E0,-1.E0));
#187=VECTOR('',#186,1.5E0);
#188=CARTESIAN_POINT('',(-7.08E0,-4.675E0,-2.01E1));
#189=LINE('',#188,#187);
#190=DIRECTION('',(-1.E0,0.E0,0.E0));
#191=VECTOR('',#190,4.2E0);
#192=CARTESIAN_POINT('',(-7.08E0,-4.675E0,-2.16E1));
#193=LINE('',#192,#191);
#194=DIRECTION('',(0.E0,0.E0,-1.E0));
#195=VECTOR('',#194,2.13E1);
#196=CARTESIAN_POINT('',(-1.128E1,-4.675E0,-3.E-1));
#197=LINE('',#196,#195);
#198=DIRECTION('',(0.E0,0.E0,1.E0));
#199=VECTOR('',#198,1.E0);
#200=CARTESIAN_POINT('',(5.05E0,-4.675E0,-1.81E1));
#201=LINE('',#200,#199);
#202=DIRECTION('',(-1.E0,0.E0,0.E0));
#203=VECTOR('',#202,1.25E-1);
#204=CARTESIAN_POINT('',(5.05E0,-4.675E0,-1.71E1));
#205=LINE('',#204,#203);
#206=DIRECTION('',(-6.428712937139E-1,0.E0,-7.659742160926E-1));
#207=VECTOR('',#206,1.944401643412E-1);
#208=CARTESIAN_POINT('',(4.925E0,-4.675E0,-1.71E1));
#209=LINE('',#208,#207);
#210=DIRECTION('',(0.E0,0.E0,-1.E0));
#211=VECTOR('',#210,1.702128052711E-1);
#212=CARTESIAN_POINT('',(4.8E0,-4.675E0,-1.724893615246E1));
#213=LINE('',#212,#211);
#214=DIRECTION('',(6.428711427642E-1,0.E0,7.659743427825E-1));
#215=VECTOR('',#214,1.944402099969E-1);
#216=CARTESIAN_POINT('',(4.8E0,-4.675E0,-1.741914895773E1));
#217=LINE('',#216,#215);
#218=DIRECTION('',(0.E0,0.E0,-1.E0));
#219=VECTOR('',#218,8.297872543335E-1);
#220=CARTESIAN_POINT('',(4.925E0,-4.675E0,-1.727021274567E1));
#221=LINE('',#220,#219);
#222=DIRECTION('',(1.E0,0.E0,0.E0));
#223=VECTOR('',#222,1.25E-1);
#224=CARTESIAN_POINT('',(4.925E0,-4.675E0,-1.81E1));
#225=LINE('',#224,#223);
#226=DIRECTION('',(5.466227293958E-1,0.E0,8.373790012342E-1));
#227=VECTOR('',#226,7.622567502990E-2);
#228=CARTESIAN_POINT('',(-4.7725E0,-4.675E0,-1.799361701906E1));
#229=LINE('',#228,#227);
#230=DIRECTION('',(3.102797320889E-1,0.E0,9.506453007588E-1));
#231=VECTOR('',#230,6.714364913512E-2);
#232=CARTESIAN_POINT('',(-4.730833313465E0,-4.675E0,-1.792978723943E1));
#233=LINE('',#232,#231);
#234=DIRECTION('',(0.E0,0.E0,1.E0));
#235=VECTOR('',#234,8.510637283325E-2);
#236=CARTESIAN_POINT('',(-4.71E0,-4.675E0,-1.786595744491E1));
#237=LINE('',#236,#235);
#238=DIRECTION('',(-2.377710599762E-1,0.E0,9.713212254645E-1));
#239=VECTOR('',#238,8.761921432828E-2);
#240=CARTESIAN_POINT('',(-4.71E0,-4.675E0,-1.778085107207E1));
#241=LINE('',#240,#239);
#242=DIRECTION('',(-5.466227293958E-1,0.E0,8.373790012342E-1));
#243=VECTOR('',#242,7.622567502990E-2);
#244=CARTESIAN_POINT('',(-4.730833313465E0,-4.675E0,-1.769574466944E1));
#245=LINE('',#244,#243);
#246=DIRECTION('',(-9.257351324985E-1,0.E0,3.781725326593E-1));
#247=VECTOR('',#246,1.125232076412E-1);
#248=CARTESIAN_POINT('',(-4.7725E0,-4.675E0,-1.763191488981E1));
#249=LINE('',#248,#247);
#250=DIRECTION('',(7.938783209665E-1,0.E0,6.080766493621E-1));
#251=VECTOR('',#250,1.049699568170E-1);
#252=CARTESIAN_POINT('',(-4.876666686535E0,-4.675E0,-1.758936170340E1));
#253=LINE('',#252,#251);
#254=DIRECTION('',(5.466221810895E-1,0.E0,8.373793591563E-1));
#255=VECTOR('',#254,7.622564244867E-2);
#256=CARTESIAN_POINT('',(-4.793333313465E0,-4.675E0,-1.752553192377E1));
#257=LINE('',#256,#255);
#258=DIRECTION('',(2.377717803411E-1,0.E0,9.713210491251E-1));
#259=VECTOR('',#258,8.761919955293E-2);
#260=CARTESIAN_POINT('',(-4.751666686535E0,-4.675E0,-1.746170214415E1));
#261=LINE('',#260,#259);
#262=DIRECTION('',(0.E0,0.E0,1.E0));
#263=VECTOR('',#262,4.255324602127E-2);
#264=CARTESIAN_POINT('',(-4.730833313465E0,-4.675E0,-1.737659577131E1));
#265=LINE('',#264,#263);
#266=DIRECTION('',(-2.377717803411E-1,0.E0,9.713210491251E-1));
#267=VECTOR('',#266,8.761919955293E-2);
#268=CARTESIAN_POINT('',(-4.730833313465E0,-4.675E0,-1.733404252529E1));
#269=LINE('',#268,#267);
#270=DIRECTION('',(-6.996247500295E-1,0.E0,7.145104681851E-1));
#271=VECTOR('',#270,1.191114429008E-1);
#272=CARTESIAN_POINT('',(-4.751666686535E0,-4.675E0,-1.724893615246E1));
#273=LINE('',#272,#271);
#274=DIRECTION('',(-8.906052429498E-1,0.E0,4.547771995497E-1));
#275=VECTOR('',#274,9.356930483489E-2);
#276=CARTESIAN_POINT('',(-4.835E0,-4.675E0,-1.716382977962E1));
#277=LINE('',#276,#275);
#278=DIRECTION('',(-9.895240354246E-1,0.E0,1.443682212851E-1));
#279=VECTOR('',#278,1.473772622459E-1);
#280=CARTESIAN_POINT('',(-4.918333313465E0,-4.675E0,-1.712127659321E1));
#281=LINE('',#280,#279);
#282=DIRECTION('',(-1.E0,0.E0,0.E0));
#283=VECTOR('',#282,4.166668653488E-2);
#284=CARTESIAN_POINT('',(-5.064166656733E0,-4.675E0,-1.71E1));
#285=LINE('',#284,#283);
#286=DIRECTION('',(-9.895240333173E-1,0.E0,-1.443682357291E-1));
#287=VECTOR('',#286,1.473772475009E-1);
#288=CARTESIAN_POINT('',(-5.105833343267E0,-4.675E0,-1.71E1));
#289=LINE('',#288,#287);
#290=DIRECTION('',(-8.906052758868E-1,0.E0,-4.547771350481E-1));
#291=VECTOR('',#290,9.356931810594E-2);
#292=CARTESIAN_POINT('',(-5.251666671634E0,-4.675E0,-1.712127659321E1));
#293=LINE('',#292,#291);
#294=DIRECTION('',(-6.996248298646E-1,0.E0,-7.145103900133E-1));
#295=VECTOR('',#294,1.191114559323E-1);
#296=CARTESIAN_POINT('',(-5.335E0,-4.675E0,-1.716382977962E1));
#297=LINE('',#296,#295);
#298=DIRECTION('',(-2.377713591533E-1,0.E0,-9.713211522284E-1));
#299=VECTOR('',#298,8.761919025237E-2);
#300=CARTESIAN_POINT('',(-5.418333332092E0,-4.675E0,-1.724893615246E1));
#301=LINE('',#300,#299);
#302=DIRECTION('',(1.E0,0.E0,0.E0));
#303=VECTOR('',#302,1.041666660458E-1);
#304=CARTESIAN_POINT('',(-5.439166666046E0,-4.675E0,-1.733404252529E1));
#305=LINE('',#304,#303);
#306=DIRECTION('',(5.466225923193E-1,0.E0,8.373790907147E-1));
#307=VECTOR('',#306,7.622566688459E-2);
#308=CARTESIAN_POINT('',(-5.335E0,-4.675E0,-1.733404252529E1));
#309=LINE('',#308,#307);
#310=DIRECTION('',(8.265992787996E-1,0.E0,5.627909312418E-1));
#311=VECTOR('',#310,7.561100233569E-2);
#312=CARTESIAN_POINT('',(-5.293333328366E0,-4.675E0,-1.727021274567E1));
#313=LINE('',#312,#311);
#314=DIRECTION('',(9.797707111493E-1,0.E0,2.001233458994E-1));
#315=VECTOR('',#314,1.063173969668E-1);
#316=CARTESIAN_POINT('',(-5.230833328366E0,-4.675E0,-1.722765955925E1));
#317=LINE('',#316,#315);
#318=DIRECTION('',(1.E0,0.E0,0.E0));
#319=VECTOR('',#318,8.333331346512E-2);
#320=CARTESIAN_POINT('',(-5.126666656733E0,-4.675E0,-1.720638296604E1));
#321=LINE('',#320,#319);
#322=DIRECTION('',(9.797707055361E-1,0.E0,-2.001233733807E-1));
#323=VECTOR('',#322,1.063173823671E-1);
#324=CARTESIAN_POINT('',(-5.043333343267E0,-4.675E0,-1.720638296604E1));
#325=LINE('',#324,#323);
#326=DIRECTION('',(8.265992787996E-1,0.E0,-5.627909312418E-1));
#327=VECTOR('',#326,7.561100233570E-2);
#328=CARTESIAN_POINT('',(-4.939166686535E0,-4.675E0,-1.722765955925E1));
#329=LINE('',#328,#327);
#330=DIRECTION('',(5.466227293958E-1,0.E0,-8.373790012341E-1));
#331=VECTOR('',#330,7.622567502990E-2);
#332=CARTESIAN_POINT('',(-4.876666686535E0,-4.675E0,-1.727021274567E1));
#333=LINE('',#332,#331);
#334=DIRECTION('',(0.E0,0.E0,-1.E0));
#335=VECTOR('',#334,4.255324602127E-2);
#336=CARTESIAN_POINT('',(-4.835E0,-4.675E0,-1.733404252529E1));
#337=LINE('',#336,#335);
#338=DIRECTION('',(-4.397136649566E-1,0.E0,-8.981380143666E-1));
#339=VECTOR('',#338,9.475868014925E-2);
#340=CARTESIAN_POINT('',(-4.835E0,-4.675E0,-1.737659577131E1));
#341=LINE('',#340,#339);
#342=DIRECTION('',(-6.996244945571E-1,0.E0,-7.145107183351E-1));
#343=VECTOR('',#342,5.955570059996E-2);
#344=CARTESIAN_POINT('',(-4.876666686535E0,-4.675E0,-1.746170214415E1));
#345=LINE('',#344,#343);
#346=DIRECTION('',(-9.466499412097E-1,0.E0,-3.222636945230E-1));
#347=VECTOR('',#346,1.320446179319E-1);
#348=CARTESIAN_POINT('',(-4.918333313465E0,-4.675E0,-1.750425533056E1));
#349=LINE('',#348,#347);
#350=DIRECTION('',(-1.E0,0.E0,0.E0));
#351=VECTOR('',#350,8.333331346512E-2);
#352=CARTESIAN_POINT('',(-5.043333343267E0,-4.675E0,-1.754680851698E1));
#353=LINE('',#352,#351);
#354=DIRECTION('',(0.E0,0.E0,-1.E0));
#355=VECTOR('',#354,8.510637283325E-2);
#356=CARTESIAN_POINT('',(-5.126666656733E0,-4.675E0,-1.754680851698E1));
#357=LINE('',#356,#355);
#358=DIRECTION('',(1.E0,0.E0,0.E0));
#359=VECTOR('',#358,8.333331346512E-2);
#360=CARTESIAN_POINT('',(-5.126666656733E0,-4.675E0,-1.763191488981E1));
#361=LINE('',#360,#359);
#362=DIRECTION('',(9.858211797109E-1,0.E0,-1.677992897283E-1));
#363=VECTOR('',#362,1.267978740718E-1);
#364=CARTESIAN_POINT('',(-5.043333343267E0,-4.675E0,-1.763191488981E1));
#365=LINE('',#364,#363);
#366=DIRECTION('',(8.265992787996E-1,0.E0,-5.627909312417E-1));
#367=VECTOR('',#366,7.561100233569E-2);
#368=CARTESIAN_POINT('',(-4.918333313465E0,-4.675E0,-1.765319148302E1));
#369=LINE('',#368,#367);
#370=DIRECTION('',(4.397130333538E-1,0.E0,-8.981383235887E-1));
#371=VECTOR('',#370,9.475868070690E-2);
#372=CARTESIAN_POINT('',(-4.855833313465E0,-4.675E0,-1.769574466944E1));
#373=LINE('',#372,#371);
#374=DIRECTION('',(0.E0,0.E0,-1.E0));
#375=VECTOR('',#374,8.510637283325E-2);
#376=CARTESIAN_POINT('',(-4.814166686535E0,-4.675E0,-1.778085107207E1));
#377=LINE('',#376,#375);
#378=DIRECTION('',(-4.397131575602E-1,0.E0,-8.981382627794E-1));
#379=VECTOR('',#378,4.737932697015E-2);
#380=CARTESIAN_POINT('',(-4.814166686535E0,-4.675E0,-1.786595744491E1));
#381=LINE('',#380,#379);
#382=DIRECTION('',(-6.996248804268E-1,0.E0,-7.145103405045E-1));
#383=VECTOR('',#382,5.955575294787E-2);
#384=CARTESIAN_POINT('',(-4.835E0,-4.675E0,-1.790851063132E1));
#385=LINE('',#384,#383);
#386=DIRECTION('',(-8.906051112017E-1,0.E0,-4.547774575564E-1));
#387=VECTOR('',#386,4.678462587534E-2);
#388=CARTESIAN_POINT('',(-4.876666686535E0,-4.675E0,-1.795106383264E1));
#389=LINE('',#388,#387);
#390=DIRECTION('',(-9.797707167625E-1,0.E0,-2.001233184181E-1));
#391=VECTOR('',#390,1.063174115665E-1);
#392=CARTESIAN_POINT('',(-4.918333313465E0,-4.675E0,-1.797234042585E1));
#393=LINE('',#392,#391);
#394=DIRECTION('',(-1.E0,0.E0,0.E0));
#395=VECTOR('',#394,1.25E-1);
#396=CARTESIAN_POINT('',(-5.0225E0,-4.675E0,-1.799361701906E1));
#397=LINE('',#396,#395);
#398=DIRECTION('',(-9.797707111493E-1,0.E0,2.001233458994E-1));
#399=VECTOR('',#398,1.063173969668E-1);
#400=CARTESIAN_POINT('',(-5.1475E0,-4.675E0,-1.799361701906E1));
#401=LINE('',#400,#399);
#402=DIRECTION('',(-8.906052429498E-1,0.E0,4.547771995497E-1));
#403=VECTOR('',#402,4.678465241744E-2);
#404=CARTESIAN_POINT('',(-5.251666671634E0,-4.675E0,-1.797234042585E1));
#405=LINE('',#404,#403);
#406=DIRECTION('',(-6.996247526907E-1,0.E0,7.145104655794E-1));
#407=VECTOR('',#406,5.955574252265E-2);
#408=CARTESIAN_POINT('',(-5.293333328366E0,-4.675E0,-1.795106383264E1));
#409=LINE('',#408,#407);
#410=DIRECTION('',(-4.397135381075E-1,0.E0,8.981380764699E-1));
#411=VECTOR('',#410,4.737933679850E-2);
#412=CARTESIAN_POINT('',(-5.335E0,-4.675E0,-1.790851063132E1));
#413=LINE('',#412,#411);
#414=DIRECTION('',(-1.E0,0.E0,0.E0));
#415=VECTOR('',#414,1.041666641831E-1);
#416=CARTESIAN_POINT('',(-5.355833335817E0,-4.675E0,-1.786595744491E1));
#417=LINE('',#416,#415);
#418=DIRECTION('',(3.102800078639E-1,0.E0,-9.506452107490E-1));
#419=VECTOR('',#418,6.714365549247E-2);
#420=CARTESIAN_POINT('',(-5.46E0,-4.675E0,-1.786595744491E1));
#421=LINE('',#420,#419);
#422=DIRECTION('',(5.466225409156E-1,0.E0,-8.373791242699E-1));
#423=VECTOR('',#422,7.622566383010E-2);
#424=CARTESIAN_POINT('',(-5.439166666046E0,-4.675E0,-1.792978723943E1));
#425=LINE('',#424,#423);
#426=DIRECTION('',(8.265992329593E-1,0.E0,-5.627909985697E-1));
#427=VECTOR('',#426,7.561100652881E-2);
#428=CARTESIAN_POINT('',(-5.3975E0,-4.675E0,-1.799361701906E1));
#429=LINE('',#428,#427);
#430=DIRECTION('',(8.906052516987E-1,0.E0,-4.547771824165E-1));
#431=VECTOR('',#430,9.356932064720E-2);
#432=CARTESIAN_POINT('',(-5.335E0,-4.675E0,-1.803617021292E1));
#433=LINE('',#432,#431);
#434=DIRECTION('',(9.689177089677E-1,0.E0,-2.473832517546E-1));
#435=VECTOR('',#434,8.600661087623E-2);
#436=CARTESIAN_POINT('',(-5.251666671634E0,-4.675E0,-1.807872340493E1));
#437=LINE('',#436,#435);
#438=DIRECTION('',(1.E0,0.E0,0.E0));
#439=VECTOR('',#438,1.666666865349E-1);
#440=CARTESIAN_POINT('',(-5.168333343267E0,-4.675E0,-1.81E1));
#441=LINE('',#440,#439);
#442=DIRECTION('',(9.689177195707E-1,0.E0,2.473832102262E-1));
#443=VECTOR('',#442,8.600662531423E-2);
#444=CARTESIAN_POINT('',(-5.001666656733E0,-4.675E0,-1.81E1));
#445=LINE('',#444,#443);
#446=DIRECTION('',(8.906052187617E-1,0.E0,4.547772469181E-1));
#447=VECTOR('',#446,9.356930737615E-2);
#448=CARTESIAN_POINT('',(-4.918333313465E0,-4.675E0,-1.807872340493E1));
#449=LINE('',#448,#447);
#450=DIRECTION('',(8.265992329593E-1,0.E0,5.627909985697E-1));
#451=VECTOR('',#450,7.561100652881E-2);
#452=CARTESIAN_POINT('',(-4.835E0,-4.675E0,-1.803617021292E1));
#453=LINE('',#452,#451);
#454=DIRECTION('',(2.810846377148E-1,6.785983445458E-1,6.785983445459E-1));
#455=VECTOR('',#454,4.420877274624E-1);
#456=CARTESIAN_POINT('',(-1.128E1,-4.675E0,-3.E-1));
#457=LINE('',#456,#455);
#458=DIRECTION('',(6.785983445458E-1,2.810846377148E-1,6.785983445458E-1));
#459=VECTOR('',#458,4.420877274624E-1);
#460=CARTESIAN_POINT('',(-1.208E1,-3.875E0,-3.E-1));
#461=LINE('',#460,#459);
#462=DIRECTION('',(1.E0,0.E0,0.E0));
#463=VECTOR('',#462,2.239E1);
#464=CARTESIAN_POINT('',(-1.1195E1,3.675E0,0.E0));
#465=LINE('',#464,#463);
#466=DIRECTION('',(-1.E0,0.E0,0.E0));
#467=VECTOR('',#466,2.239E1);
#468=CARTESIAN_POINT('',(1.1195E1,-3.675E0,0.E0));
#469=LINE('',#468,#467);
#470=DIRECTION('',(-7.071067811865E-1,-7.071067811865E-1,0.E0));
#471=VECTOR('',#470,8.828427124746E-1);
#472=CARTESIAN_POINT('',(-1.115573593129E1,4.375E0,0.E0));
#473=LINE('',#472,#471);
#474=DIRECTION('',(-1.E0,0.E0,0.E0));
#475=VECTOR('',#474,2.231147186258E1);
#476=CARTESIAN_POINT('',(1.115573593129E1,4.375E0,0.E0));
#477=LINE('',#476,#475);
#478=DIRECTION('',(-7.071067811865E-1,7.071067811865E-1,0.E0));
#479=VECTOR('',#478,8.828427124746E-1);
#480=CARTESIAN_POINT('',(1.178E1,3.750735931288E0,0.E0));
#481=LINE('',#480,#479);
#482=DIRECTION('',(0.E0,1.E0,0.E0));
#483=VECTOR('',#482,7.501471862576E0);
#484=CARTESIAN_POINT('',(1.178E1,-3.750735931288E0,0.E0));
#485=LINE('',#484,#483);
#486=DIRECTION('',(7.071067811865E-1,7.071067811865E-1,0.E0));
#487=VECTOR('',#486,8.828427124746E-1);
#488=CARTESIAN_POINT('',(1.115573593129E1,-4.375E0,0.E0));
#489=LINE('',#488,#487);
#490=DIRECTION('',(1.E0,0.E0,0.E0));
#491=VECTOR('',#490,2.231147186258E1);
#492=CARTESIAN_POINT('',(-1.115573593129E1,-4.375E0,0.E0));
#493=LINE('',#492,#491);
#494=DIRECTION('',(7.071067811865E-1,-7.071067811866E-1,0.E0));
#495=VECTOR('',#494,8.828427124746E-1);
#496=CARTESIAN_POINT('',(-1.178E1,-3.750735931288E0,0.E0));
#497=LINE('',#496,#495);
#498=DIRECTION('',(0.E0,-1.E0,0.E0));
#499=VECTOR('',#498,2.750735931288E0);
#500=CARTESIAN_POINT('',(-1.178E1,-1.E0,0.E0));
#501=LINE('',#500,#499);
#502=DIRECTION('',(0.E0,-1.E0,0.E0));
#503=VECTOR('',#502,2.E0);
#504=CARTESIAN_POINT('',(-1.178E1,1.E0,0.E0));
#505=LINE('',#504,#503);
#506=DIRECTION('',(0.E0,-1.E0,0.E0));
#507=VECTOR('',#506,2.750735931288E0);
#508=CARTESIAN_POINT('',(-1.178E1,3.750735931288E0,0.E0));
#509=LINE('',#508,#507);
#510=DIRECTION('',(-5.773502691896E-1,5.773502691896E-1,5.773502691896E-1));
#511=VECTOR('',#510,5.196152422707E-1);
#512=CARTESIAN_POINT('',(-1.0895E1,3.375E0,-3.E-1));
#513=LINE('',#512,#511);
#514=DIRECTION('',(-5.773502691896E-1,-5.773502691896E-1,-5.773502691896E-1));
#515=VECTOR('',#514,5.196152422707E-1);
#516=CARTESIAN_POINT('',(1.1195E1,3.675E0,0.E0));
#517=LINE('',#516,#515);
#518=DIRECTION('',(1.E0,0.E0,0.E0));
#519=VECTOR('',#518,1.8E0);
#520=CARTESIAN_POINT('',(-5.98E0,3.375E0,-7.E-1));
#521=LINE('',#520,#519);
#522=DIRECTION('',(0.E0,0.E0,1.E0));
#523=VECTOR('',#522,1.58E1);
#524=CARTESIAN_POINT('',(-5.98E0,3.375E0,-1.65E1));
#525=LINE('',#524,#523);
#526=DIRECTION('',(1.E0,0.E0,0.E0));
#527=VECTOR('',#526,3.915E0);
#528=CARTESIAN_POINT('',(-9.895E0,3.375E0,-1.65E1));
#529=LINE('',#528,#527);
#530=DIRECTION('',(0.E0,0.E0,-1.E0));
#531=VECTOR('',#530,1.52E1);
#532=CARTESIAN_POINT('',(-9.895E0,3.375E0,-1.3E0));
#533=LINE('',#532,#531);
#534=DIRECTION('',(7.071067811865E-1,0.E0,-7.071067811865E-1));
#535=VECTOR('',#534,1.414213562373E0);
#536=CARTESIAN_POINT('',(-1.0895E1,3.375E0,-3.E-1));
#537=LINE('',#536,#535);
#538=DIRECTION('',(1.E0,0.E0,0.E0));
#539=VECTOR('',#538,2.179E1);
#540=CARTESIAN_POINT('',(-1.0895E1,3.375E0,-3.E-1));
#541=LINE('',#540,#539);
#542=DIRECTION('',(7.071067811865E-1,0.E0,7.071067811865E-1));
#543=VECTOR('',#542,1.414213562373E0);
#544=CARTESIAN_POINT('',(9.895E0,3.375E0,-1.3E0));
#545=LINE('',#544,#543);
#546=DIRECTION('',(0.E0,0.E0,1.E0));
#547=VECTOR('',#546,1.52E1);
#548=CARTESIAN_POINT('',(9.895E0,3.375E0,-1.65E1));
#549=LINE('',#548,#547);
#550=DIRECTION('',(1.E0,0.E0,0.E0));
#551=VECTOR('',#550,7.085E0);
#552=CARTESIAN_POINT('',(2.81E0,3.375E0,-1.65E1));
#553=LINE('',#552,#551);
#554=DIRECTION('',(0.E0,0.E0,-1.E0));
#555=VECTOR('',#554,1.243E1);
#556=CARTESIAN_POINT('',(2.81E0,3.375E0,-4.07E0));
#557=LINE('',#556,#555);
#558=DIRECTION('',(7.071067811865E-1,0.E0,-7.071067811865E-1));
#559=VECTOR('',#558,3.818376618407E-1);
#560=CARTESIAN_POINT('',(2.54E0,3.375E0,-3.8E0));
#561=LINE('',#560,#559);
#562=DIRECTION('',(7.071067811865E-1,0.E0,7.071067811866E-1));
#563=VECTOR('',#562,3.818376618407E-1);
#564=CARTESIAN_POINT('',(2.27E0,3.375E0,-4.07E0));
#565=LINE('',#564,#563);
#566=DIRECTION('',(0.E0,0.E0,1.E0));
#567=VECTOR('',#566,1.243E1);
#568=CARTESIAN_POINT('',(2.27E0,3.375E0,-1.65E1));
#569=LINE('',#568,#567);
#570=DIRECTION('',(1.E0,0.E0,0.E0));
#571=VECTOR('',#570,1.37E0);
#572=CARTESIAN_POINT('',(9.E-1,3.375E0,-1.65E1));
#573=LINE('',#572,#571);
#574=DIRECTION('',(0.E0,0.E0,1.E0));
#575=VECTOR('',#574,1.58E1);
#576=CARTESIAN_POINT('',(9.E-1,3.375E0,-1.65E1));
#577=LINE('',#576,#575);
#578=DIRECTION('',(1.E0,0.E0,0.E0));
#579=VECTOR('',#578,1.8E0);
#580=CARTESIAN_POINT('',(-9.E-1,3.375E0,-7.E-1));
#581=LINE('',#580,#579);
#582=DIRECTION('',(0.E0,0.E0,1.E0));
#583=VECTOR('',#582,1.58E1);
#584=CARTESIAN_POINT('',(-9.E-1,3.375E0,-1.65E1));
#585=LINE('',#584,#583);
#586=DIRECTION('',(1.E0,0.E0,0.E0));
#587=VECTOR('',#586,1.37E0);
#588=CARTESIAN_POINT('',(-2.27E0,3.375E0,-1.65E1));
#589=LINE('',#588,#587);
#590=DIRECTION('',(0.E0,0.E0,-1.E0));
#591=VECTOR('',#590,1.243E1);
#592=CARTESIAN_POINT('',(-2.27E0,3.375E0,-4.07E0));
#593=LINE('',#592,#591);
#594=DIRECTION('',(7.071067811865E-1,0.E0,-7.071067811865E-1));
#595=VECTOR('',#594,3.818376618407E-1);
#596=CARTESIAN_POINT('',(-2.54E0,3.375E0,-3.8E0));
#597=LINE('',#596,#595);
#598=DIRECTION('',(7.071067811865E-1,0.E0,7.071067811865E-1));
#599=VECTOR('',#598,3.818376618407E-1);
#600=CARTESIAN_POINT('',(-2.81E0,3.375E0,-4.07E0));
#601=LINE('',#600,#599);
#602=DIRECTION('',(0.E0,0.E0,1.E0));
#603=VECTOR('',#602,1.243E1);
#604=CARTESIAN_POINT('',(-2.81E0,3.375E0,-1.65E1));
#605=LINE('',#604,#603);
#606=DIRECTION('',(1.E0,0.E0,0.E0));
#607=VECTOR('',#606,1.37E0);
#608=CARTESIAN_POINT('',(-4.18E0,3.375E0,-1.65E1));
#609=LINE('',#608,#607);
#610=DIRECTION('',(0.E0,0.E0,1.E0));
#611=VECTOR('',#610,1.58E1);
#612=CARTESIAN_POINT('',(-4.18E0,3.375E0,-1.65E1));
#613=LINE('',#612,#611);
#614=DIRECTION('',(0.E0,-1.E0,0.E0));
#615=VECTOR('',#614,7.E-1);
#616=CARTESIAN_POINT('',(-5.98E0,3.375E0,-7.E-1));
#617=LINE('',#616,#615);
#618=DIRECTION('',(0.E0,1.E0,0.E0));
#619=VECTOR('',#618,7.E-1);
#620=CARTESIAN_POINT('',(-4.18E0,2.675E0,-7.E-1));
#621=LINE('',#620,#619);
#622=DIRECTION('',(1.E0,0.E0,0.E0));
#623=VECTOR('',#622,1.8E0);
#624=CARTESIAN_POINT('',(-5.98E0,2.675E0,-7.E-1));
#625=LINE('',#624,#623);
#626=DIRECTION('',(0.E0,-1.E0,0.E0));
#627=VECTOR('',#626,7.E-1);
#628=CARTESIAN_POINT('',(-9.E-1,3.375E0,-7.E-1));
#629=LINE('',#628,#627);
#630=DIRECTION('',(0.E0,1.E0,0.E0));
#631=VECTOR('',#630,7.E-1);
#632=CARTESIAN_POINT('',(9.E-1,2.675E0,-7.E-1));
#633=LINE('',#632,#631);
#634=DIRECTION('',(1.E0,0.E0,0.E0));
#635=VECTOR('',#634,1.8E0);
#636=CARTESIAN_POINT('',(-9.E-1,2.675E0,-7.E-1));
#637=LINE('',#636,#635);
#638=DIRECTION('',(0.E0,1.E0,0.E0));
#639=VECTOR('',#638,9.E-1);
#640=CARTESIAN_POINT('',(-1.49E0,-3.375E0,-7.E-1));
#641=LINE('',#640,#639);
#642=DIRECTION('',(0.E0,-1.E0,0.E0));
#643=VECTOR('',#642,9.E-1);
#644=CARTESIAN_POINT('',(-3.59E0,-2.475E0,-7.E-1));
#645=LINE('',#644,#643);
#646=DIRECTION('',(-1.E0,0.E0,0.E0));
#647=VECTOR('',#646,2.1E0);
#648=CARTESIAN_POINT('',(-1.49E0,-2.475E0,-7.E-1));
#649=LINE('',#648,#647);
#650=DIRECTION('',(0.E0,0.E0,1.E0));
#651=VECTOR('',#650,1.58E1);
#652=CARTESIAN_POINT('',(-5.98E0,2.675E0,-1.65E1));
#653=LINE('',#652,#651);
#654=DIRECTION('',(0.E0,0.E0,1.E0));
#655=VECTOR('',#654,1.58E1);
#656=CARTESIAN_POINT('',(-4.18E0,2.675E0,-1.65E1));
#657=LINE('',#656,#655);
#658=DIRECTION('',(1.E0,0.E0,0.E0));
#659=VECTOR('',#658,1.9E0);
#660=CARTESIAN_POINT('',(-6.03E0,3.2E-1,-1.65E1));
#661=LINE('',#660,#659);
#662=DIRECTION('',(0.E0,-1.E0,0.E0));
#663=VECTOR('',#662,6.4E-1);
#664=CARTESIAN_POINT('',(-6.03E0,3.2E-1,-1.65E1));
#665=LINE('',#664,#663);
#666=DIRECTION('',(1.E0,0.E0,0.E0));
#667=VECTOR('',#666,1.9E0);
#668=CARTESIAN_POINT('',(-6.03E0,-3.2E-1,-1.65E1));
#669=LINE('',#668,#667);
#670=DIRECTION('',(0.E0,-1.E0,0.E0));
#671=VECTOR('',#670,6.4E-1);
#672=CARTESIAN_POINT('',(-4.13E0,3.2E-1,-1.65E1));
#673=LINE('',#672,#671);
#674=DIRECTION('',(0.E0,-1.E0,0.E0));
#675=VECTOR('',#674,7.E-1);
#676=CARTESIAN_POINT('',(-5.98E0,3.375E0,-1.65E1));
#677=LINE('',#676,#675);
#678=DIRECTION('',(1.E0,0.E0,0.E0));
#679=VECTOR('',#678,1.8E0);
#680=CARTESIAN_POINT('',(-5.98E0,2.675E0,-1.65E1));
#681=LINE('',#680,#679);
#682=DIRECTION('',(0.E0,-1.E0,0.E0));
#683=VECTOR('',#682,7.E-1);
#684=CARTESIAN_POINT('',(-4.18E0,3.375E0,-1.65E1));
#685=LINE('',#684,#683);
#686=DIRECTION('',(-1.E0,0.E0,0.E0));
#687=VECTOR('',#686,7.8E-1);
#688=CARTESIAN_POINT('',(-2.81E0,-2.475E0,-1.65E1));
#689=LINE('',#688,#687);
#690=DIRECTION('',(0.E0,1.E0,0.E0));
#691=VECTOR('',#690,9.E-1);
#692=CARTESIAN_POINT('',(-3.59E0,-3.375E0,-1.65E1));
#693=LINE('',#692,#691);
#694=DIRECTION('',(0.E0,1.E0,0.E0));
#695=VECTOR('',#694,9.E-1);
#696=CARTESIAN_POINT('',(-9.895E0,-3.375E0,-1.65E1));
#697=LINE('',#696,#695);
#698=DIRECTION('',(0.E0,1.E0,0.E0));
#699=VECTOR('',#698,4.95E0);
#700=CARTESIAN_POINT('',(-1.0795E1,-2.475E0,-1.65E1));
#701=LINE('',#700,#699);
#702=DIRECTION('',(0.E0,1.E0,0.E0));
#703=VECTOR('',#702,9.E-1);
#704=CARTESIAN_POINT('',(-9.895E0,2.475E0,-1.65E1));
#705=LINE('',#704,#703);
#706=DIRECTION('',(0.E0,0.E0,-1.E0));
#707=VECTOR('',#706,6.861561236693E-2);
#708=CARTESIAN_POINT('',(-5.88E0,3.2E-1,-2.01E1));
#709=LINE('',#708,#707);
#710=DIRECTION('',(5.E-1,0.E0,-8.660254037844E-1));
#711=VECTOR('',#710,9.6E-1);
#712=CARTESIAN_POINT('',(-5.88E0,3.2E-1,-2.016861561237E1));
#713=LINE('',#712,#711);
#714=DIRECTION('',(0.E0,0.E0,-1.E0));
#715=VECTOR('',#714,4.2E0);
#716=CARTESIAN_POINT('',(-5.4E0,3.2E-1,-2.1E1));
#717=LINE('',#716,#715);
#718=DIRECTION('',(1.E0,0.E0,0.E0));
#719=VECTOR('',#718,6.4E-1);
#720=CARTESIAN_POINT('',(-5.4E0,3.2E-1,-2.52E1));
#721=LINE('',#720,#719);
#722=DIRECTION('',(0.E0,0.E0,1.E0));
#723=VECTOR('',#722,4.2E0);
#724=CARTESIAN_POINT('',(-4.76E0,3.2E-1,-2.52E1));
#725=LINE('',#724,#723);
#726=DIRECTION('',(5.E-1,0.E0,8.660254037844E-1));
#727=VECTOR('',#726,9.6E-1);
#728=CARTESIAN_POINT('',(-4.76E0,3.2E-1,-2.1E1));
#729=LINE('',#728,#727);
#730=DIRECTION('',(0.E0,0.E0,1.E0));
#731=VECTOR('',#730,6.861561236693E-2);
#732=CARTESIAN_POINT('',(-4.28E0,3.2E-1,-2.016861561237E1));
#733=LINE('',#732,#731);
#734=DIRECTION('',(0.E0,0.E0,1.E0));
#735=VECTOR('',#734,1.1E1);
#736=CARTESIAN_POINT('',(-4.13E0,3.2E-1,-1.65E1));
#737=LINE('',#736,#735);
#738=DIRECTION('',(-1.E0,0.E0,0.E0));
#739=VECTOR('',#738,1.9E0);
#740=CARTESIAN_POINT('',(-4.13E0,3.2E-1,-5.5E0));
#741=LINE('',#740,#739);
#742=DIRECTION('',(0.E0,0.E0,-1.E0));
#743=VECTOR('',#742,1.1E1);
#744=CARTESIAN_POINT('',(-6.03E0,3.2E-1,-5.5E0));
#745=LINE('',#744,#743);
#746=DIRECTION('',(1.E0,0.E0,0.E0));
#747=VECTOR('',#746,3.715E0);
#748=CARTESIAN_POINT('',(7.08E0,3.975E0,-2.01E1));
#749=LINE('',#748,#747);
#750=DIRECTION('',(0.E0,-1.E0,0.E0));
#751=VECTOR('',#750,9.35E0);
#752=CARTESIAN_POINT('',(3.04E0,4.675E0,-2.01E1));
#753=LINE('',#752,#751);
#754=DIRECTION('',(-1.E0,0.E0,0.E0));
#755=VECTOR('',#754,3.715E0);
#756=CARTESIAN_POINT('',(1.0795E1,-3.975E0,-2.01E1));
#757=LINE('',#756,#755);
#758=DIRECTION('',(0.E0,-1.E0,0.E0));
#759=VECTOR('',#758,7.95E0);
#760=CARTESIAN_POINT('',(1.0795E1,3.975E0,-2.01E1));
#761=LINE('',#760,#759);
#762=DIRECTION('',(1.E0,0.E0,0.E0));
#763=VECTOR('',#762,2.175E0);
#764=CARTESIAN_POINT('',(7.08E0,-3.275E0,-2.01E1));
#765=LINE('',#764,#763);
#766=DIRECTION('',(-1.E0,0.E0,0.E0));
#767=VECTOR('',#766,2.175E0);
#768=CARTESIAN_POINT('',(9.255E0,1.425E0,-2.01E1));
#769=LINE('',#768,#767);
#770=DIRECTION('',(0.E0,1.E0,0.E0));
#771=VECTOR('',#770,4.7E0);
#772=CARTESIAN_POINT('',(9.255E0,-3.275E0,-2.01E1));
#773=LINE('',#772,#771);
#774=DIRECTION('',(0.E0,-1.E0,0.E0));
#775=VECTOR('',#774,7.E-1);
#776=CARTESIAN_POINT('',(-7.08E0,4.675E0,-2.01E1));
#777=LINE('',#776,#775);
#778=DIRECTION('',(1.E0,0.E0,0.E0));
#779=VECTOR('',#778,3.715E0);
#780=CARTESIAN_POINT('',(-1.0795E1,3.975E0,-2.01E1));
#781=LINE('',#780,#779);
#782=DIRECTION('',(0.E0,1.E0,0.E0));
#783=VECTOR('',#782,7.95E0);
#784=CARTESIAN_POINT('',(-1.0795E1,-3.975E0,-2.01E1));
#785=LINE('',#784,#783);
#786=DIRECTION('',(-1.E0,0.E0,0.E0));
#787=VECTOR('',#786,3.715E0);
#788=CARTESIAN_POINT('',(-7.08E0,-3.975E0,-2.01E1));
#789=LINE('',#788,#787);
#790=DIRECTION('',(0.E0,-1.E0,0.E0));
#791=VECTOR('',#790,7.E-1);
#792=CARTESIAN_POINT('',(-7.08E0,-3.975E0,-2.01E1));
#793=LINE('',#792,#791);
#794=DIRECTION('',(0.E0,-1.E0,0.E0));
#795=VECTOR('',#794,4.7E0);
#796=CARTESIAN_POINT('',(-7.08E0,1.425E0,-2.01E1));
#797=LINE('',#796,#795);
#798=DIRECTION('',(1.E0,0.E0,0.E0));
#799=VECTOR('',#798,2.175E0);
#800=CARTESIAN_POINT('',(-9.255E0,-3.275E0,-2.01E1));
#801=LINE('',#800,#799);
#802=DIRECTION('',(0.E0,-1.E0,0.E0));
#803=VECTOR('',#802,4.7E0);
#804=CARTESIAN_POINT('',(-9.255E0,1.425E0,-2.01E1));
#805=LINE('',#804,#803);
#806=DIRECTION('',(-1.E0,0.E0,0.E0));
#807=VECTOR('',#806,2.175E0);
#808=CARTESIAN_POINT('',(-7.08E0,1.425E0,-2.01E1));
#809=LINE('',#808,#807);
#810=DIRECTION('',(1.E0,0.E0,0.E0));
#811=VECTOR('',#810,1.6E0);
#812=CARTESIAN_POINT('',(4.28E0,3.2E-1,-2.01E1));
#813=LINE('',#812,#811);
#814=DIRECTION('',(0.E0,-1.E0,0.E0));
#815=VECTOR('',#814,6.4E-1);
#816=CARTESIAN_POINT('',(5.88E0,3.2E-1,-2.01E1));
#817=LINE('',#816,#815);
#818=DIRECTION('',(1.E0,0.E0,0.E0));
#819=VECTOR('',#818,1.6E0);
#820=CARTESIAN_POINT('',(4.28E0,-3.2E-1,-2.01E1));
#821=LINE('',#820,#819);
#822=DIRECTION('',(0.E0,-1.E0,0.E0));
#823=VECTOR('',#822,6.4E-1);
#824=CARTESIAN_POINT('',(4.28E0,3.2E-1,-2.01E1));
#825=LINE('',#824,#823);
#826=DIRECTION('',(1.E0,0.E0,0.E0));
#827=VECTOR('',#826,1.6E0);
#828=CARTESIAN_POINT('',(-5.88E0,3.2E-1,-2.01E1));
#829=LINE('',#828,#827);
#830=DIRECTION('',(0.E0,-1.E0,0.E0));
#831=VECTOR('',#830,6.4E-1);
#832=CARTESIAN_POINT('',(-4.28E0,3.2E-1,-2.01E1));
#833=LINE('',#832,#831);
#834=DIRECTION('',(1.E0,0.E0,0.E0));
#835=VECTOR('',#834,1.6E0);
#836=CARTESIAN_POINT('',(-5.88E0,-3.2E-1,-2.01E1));
#837=LINE('',#836,#835);
#838=DIRECTION('',(0.E0,-1.E0,0.E0));
#839=VECTOR('',#838,6.4E-1);
#840=CARTESIAN_POINT('',(-5.88E0,3.2E-1,-2.01E1));
#841=LINE('',#840,#839);
#842=DIRECTION('',(0.E0,-1.E0,0.E0));
#843=VECTOR('',#842,7.E-1);
#844=CARTESIAN_POINT('',(7.08E0,4.675E0,-2.01E1));
#845=LINE('',#844,#843);
#846=DIRECTION('',(0.E0,0.E0,-1.E0));
#847=VECTOR('',#846,1.5E0);
#848=CARTESIAN_POINT('',(7.08E0,3.975E0,-2.01E1));
#849=LINE('',#848,#847);
#850=DIRECTION('',(0.E0,0.E0,-1.E0));
#851=VECTOR('',#850,1.5E0);
#852=CARTESIAN_POINT('',(7.08E0,-3.975E0,-2.01E1));
#853=LINE('',#852,#851);
#854=DIRECTION('',(0.E0,-1.E0,0.E0));
#855=VECTOR('',#854,7.E-1);
#856=CARTESIAN_POINT('',(7.08E0,-3.975E0,-2.01E1));
#857=LINE('',#856,#855);
#858=DIRECTION('',(0.E0,-1.E0,0.E0));
#859=VECTOR('',#858,4.7E0);
#860=CARTESIAN_POINT('',(7.08E0,1.425E0,-2.06E1));
#861=LINE('',#860,#859);
#862=DIRECTION('',(0.E0,0.E0,-1.E0));
#863=VECTOR('',#862,5.E-1);
#864=CARTESIAN_POINT('',(7.08E0,1.425E0,-2.01E1));
#865=LINE('',#864,#863);
#866=DIRECTION('',(0.E0,-1.E0,0.E0));
#867=VECTOR('',#866,4.7E0);
#868=CARTESIAN_POINT('',(7.08E0,1.425E0,-2.01E1));
#869=LINE('',#868,#867);
#870=DIRECTION('',(0.E0,0.E0,-1.E0));
#871=VECTOR('',#870,5.E-1);
#872=CARTESIAN_POINT('',(7.08E0,-3.275E0,-2.01E1));
#873=LINE('',#872,#871);
#874=DIRECTION('',(7.071067811865E-1,-7.071067811865E-1,0.E0));
#875=VECTOR('',#874,1.131370849898E0);
#876=CARTESIAN_POINT('',(1.128E1,4.675E0,-2.16E1));
#877=LINE('',#876,#875);
#878=DIRECTION('',(0.E0,-1.E0,0.E0));
#879=VECTOR('',#878,7.E-1);
#880=CARTESIAN_POINT('',(7.08E0,4.675E0,-2.16E1));
#881=LINE('',#880,#879);
#882=DIRECTION('',(1.E0,0.E0,0.E0));
#883=VECTOR('',#882,3.715E0);
#884=CARTESIAN_POINT('',(7.08E0,3.975E0,-2.16E1));
#885=LINE('',#884,#883);
#886=DIRECTION('',(0.E0,-1.E0,0.E0));
#887=VECTOR('',#886,2.975E0);
#888=CARTESIAN_POINT('',(1.0795E1,3.975E0,-2.16E1));
#889=LINE('',#888,#887);
#890=DIRECTION('',(-1.E0,0.E0,0.E0));
#891=VECTOR('',#890,1.285E0);
#892=CARTESIAN_POINT('',(1.208E1,1.E0,-2.16E1));
#893=LINE('',#892,#891);
#894=DIRECTION('',(-7.071067811865E-1,-7.071067811865E-1,0.E0));
#895=VECTOR('',#894,1.131370849898E0);
#896=CARTESIAN_POINT('',(1.208E1,-3.875E0,-2.16E1));
#897=LINE('',#896,#895);
#898=DIRECTION('',(-1.E0,0.E0,0.E0));
#899=VECTOR('',#898,1.285E0);
#900=CARTESIAN_POINT('',(1.208E1,-2.E0,-2.16E1));
#901=LINE('',#900,#899);
#902=DIRECTION('',(0.E0,-1.E0,0.E0));
#903=VECTOR('',#902,1.975E0);
#904=CARTESIAN_POINT('',(1.0795E1,-2.E0,-2.16E1));
#905=LINE('',#904,#903);
#906=DIRECTION('',(1.E0,0.E0,0.E0));
#907=VECTOR('',#906,3.715E0);
#908=CARTESIAN_POINT('',(7.08E0,-3.975E0,-2.16E1));
#909=LINE('',#908,#907);
#910=DIRECTION('',(0.E0,-1.E0,0.E0));
#911=VECTOR('',#910,7.E-1);
#912=CARTESIAN_POINT('',(7.08E0,-3.975E0,-2.16E1));
#913=LINE('',#912,#911);
#914=DIRECTION('',(7.071067811865E-1,-7.071067811865E-1,0.E0));
#915=VECTOR('',#914,1.131370849898E0);
#916=CARTESIAN_POINT('',(1.128E1,4.675E0,-3.E-1));
#917=LINE('',#916,#915);
#918=DIRECTION('',(-6.785983445458E-1,-2.810846377148E-1,6.785983445458E-1));
#919=VECTOR('',#918,4.420877274624E-1);
#920=CARTESIAN_POINT('',(1.208E1,3.875E0,-3.E-1));
#921=LINE('',#920,#919);
#922=DIRECTION('',(-2.810846377148E-1,-6.785983445458E-1,6.785983445458E-1));
#923=VECTOR('',#922,4.420877274624E-1);
#924=CARTESIAN_POINT('',(1.128E1,4.675E0,-3.E-1));
#925=LINE('',#924,#923);
#926=DIRECTION('',(2.810846377148E-1,-6.785983445458E-1,6.785983445458E-1));
#927=VECTOR('',#926,4.420877274624E-1);
#928=CARTESIAN_POINT('',(-1.128E1,4.675E0,-3.E-1));
#929=LINE('',#928,#927);
#930=DIRECTION('',(1.E0,0.E0,0.E0));
#931=VECTOR('',#930,2.256E1);
#932=CARTESIAN_POINT('',(-1.128E1,4.675E0,-3.E-1));
#933=LINE('',#932,#931);
#934=DIRECTION('',(0.E0,0.E0,1.E0));
#935=VECTOR('',#934,2.13E1);
#936=CARTESIAN_POINT('',(-1.128E1,4.675E0,-2.16E1));
#937=LINE('',#936,#935);
#938=DIRECTION('',(-1.E0,0.E0,0.E0));
#939=VECTOR('',#938,4.2E0);
#940=CARTESIAN_POINT('',(-7.08E0,4.675E0,-2.16E1));
#941=LINE('',#940,#939);
#942=DIRECTION('',(0.E0,0.E0,-1.E0));
#943=VECTOR('',#942,1.5E0);
#944=CARTESIAN_POINT('',(-7.08E0,4.675E0,-2.01E1));
#945=LINE('',#944,#943);
#946=DIRECTION('',(-1.E0,0.E0,0.E0));
#947=VECTOR('',#946,4.04E0);
#948=CARTESIAN_POINT('',(-3.04E0,4.675E0,-2.01E1));
#949=LINE('',#948,#947);
#950=DIRECTION('',(0.E0,0.E0,1.E0));
#951=VECTOR('',#950,1.5E0);
#952=CARTESIAN_POINT('',(-3.04E0,4.675E0,-2.16E1));
#953=LINE('',#952,#951);
#954=DIRECTION('',(-1.E0,0.E0,0.E0));
#955=VECTOR('',#954,1.E0);
#956=CARTESIAN_POINT('',(-2.04E0,4.675E0,-2.16E1));
#957=LINE('',#956,#955);
#958=DIRECTION('',(0.E0,0.E0,-1.E0));
#959=VECTOR('',#958,1.5E0);
#960=CARTESIAN_POINT('',(-2.04E0,4.675E0,-2.01E1));
#961=LINE('',#960,#959);
#962=DIRECTION('',(-1.E0,0.E0,0.E0));
#963=VECTOR('',#962,4.08E0);
#964=CARTESIAN_POINT('',(2.04E0,4.675E0,-2.01E1));
#965=LINE('',#964,#963);
#966=DIRECTION('',(0.E0,0.E0,1.E0));
#967=VECTOR('',#966,1.5E0);
#968=CARTESIAN_POINT('',(2.04E0,4.675E0,-2.16E1));
#969=LINE('',#968,#967);
#970=DIRECTION('',(-1.E0,0.E0,0.E0));
#971=VECTOR('',#970,1.E0);
#972=CARTESIAN_POINT('',(3.04E0,4.675E0,-2.16E1));
#973=LINE('',#972,#971);
#974=DIRECTION('',(0.E0,0.E0,-1.E0));
#975=VECTOR('',#974,1.5E0);
#976=CARTESIAN_POINT('',(3.04E0,4.675E0,-2.01E1));
#977=LINE('',#976,#975);
#978=DIRECTION('',(-1.E0,0.E0,0.E0));
#979=VECTOR('',#978,4.04E0);
#980=CARTESIAN_POINT('',(7.08E0,4.675E0,-2.01E1));
#981=LINE('',#980,#979);
#982=DIRECTION('',(0.E0,0.E0,1.E0));
#983=VECTOR('',#982,1.5E0);
#984=CARTESIAN_POINT('',(7.08E0,4.675E0,-2.16E1));
#985=LINE('',#984,#983);
#986=DIRECTION('',(-1.E0,0.E0,0.E0));
#987=VECTOR('',#986,4.2E0);
#988=CARTESIAN_POINT('',(1.128E1,4.675E0,-2.16E1));
#989=LINE('',#988,#987);
#990=DIRECTION('',(0.E0,0.E0,-1.E0));
#991=VECTOR('',#990,2.13E1);
#992=CARTESIAN_POINT('',(1.128E1,4.675E0,-3.E-1));
#993=LINE('',#992,#991);
#994=DIRECTION('',(-7.071067811865E-1,-7.071067811865E-1,0.E0));
#995=VECTOR('',#994,1.131370849898E0);
#996=CARTESIAN_POINT('',(-1.128E1,4.675E0,-3.E-1));
#997=LINE('',#996,#995);
#998=DIRECTION('',(6.785983445458E-1,-2.810846377148E-1,6.785983445458E-1));
#999=VECTOR('',#998,4.420877274624E-1);
#1000=CARTESIAN_POINT('',(-1.208E1,3.875E0,-3.E-1));
#1001=LINE('',#1000,#999);
#1002=DIRECTION('',(0.E0,-1.E0,0.E0));
#1003=VECTOR('',#1002,2.875E0);
#1004=CARTESIAN_POINT('',(-1.208E1,3.875E0,-3.E-1));
#1005=LINE('',#1004,#1003);
#1006=DIRECTION('',(0.E0,0.E0,1.E0));
#1007=VECTOR('',#1006,2.13E1);
#1008=CARTESIAN_POINT('',(-1.208E1,3.875E0,-2.16E1));
#1009=LINE('',#1008,#1007);
#1010=DIRECTION('',(0.E0,-1.E0,0.E0));
#1011=VECTOR('',#1010,2.875E0);
#1012=CARTESIAN_POINT('',(-1.208E1,-1.E0,-3.E-1));
#1013=LINE('',#1012,#1011);
#1014=DIRECTION('',(0.E0,0.E0,-1.E0));
#1015=VECTOR('',#1014,2.13E1);
#1016=CARTESIAN_POINT('',(-1.208E1,-3.875E0,-3.E-1));
#1017=LINE('',#1016,#1015);
#1018=DIRECTION('',(0.E0,0.E0,1.E0));
#1019=VECTOR('',#1018,1.E0);
#1020=CARTESIAN_POINT('',(-1.208E1,-2.E0,-2.16E1));
#1021=LINE('',#1020,#1019);
#1022=DIRECTION('',(0.E0,-1.E0,0.E0));
#1023=VECTOR('',#1022,1.E0);
#1024=CARTESIAN_POINT('',(-1.208E1,-1.E0,-2.06E1));
#1025=LINE('',#1024,#1023);
#1026=DIRECTION('',(0.E0,0.E0,-1.E0));
#1027=VECTOR('',#1026,2.03E1);
#1028=CARTESIAN_POINT('',(-1.208E1,-1.E0,-3.E-1));
#1029=LINE('',#1028,#1027);
#1030=DIRECTION('',(7.071067811865E-1,0.E0,7.071067811865E-1));
#1031=VECTOR('',#1030,4.242640687119E-1);
#1032=CARTESIAN_POINT('',(-1.208E1,1.E0,-3.E-1));
#1033=LINE('',#1032,#1031);
#1034=DIRECTION('',(0.E0,0.E0,1.E0));
#1035=VECTOR('',#1034,2.13E1);
#1036=CARTESIAN_POINT('',(-1.208E1,1.E0,-2.16E1));
#1037=LINE('',#1036,#1035);
#1038=DIRECTION('',(0.E0,0.E0,1.E0));
#1039=VECTOR('',#1038,2.06E1);
#1040=CARTESIAN_POINT('',(-1.178E1,1.E0,-2.06E1));
#1041=LINE('',#1040,#1039);
#1042=DIRECTION('',(7.071067811866E-1,0.E0,7.071067811865E-1));
#1043=VECTOR('',#1042,4.242640687119E-1);
#1044=CARTESIAN_POINT('',(-1.208E1,-1.E0,-3.E-1));
#1045=LINE('',#1044,#1043);
#1046=DIRECTION('',(0.E0,0.E0,1.E0));
#1047=VECTOR('',#1046,2.06E1);
#1048=CARTESIAN_POINT('',(-1.178E1,-1.E0,-2.06E1));
#1049=LINE('',#1048,#1047);
#1050=DIRECTION('',(-1.E0,0.E0,0.E0));
#1051=VECTOR('',#1050,1.E0);
#1052=CARTESIAN_POINT('',(-2.04E0,-2.E0,-2.06E1));
#1053=LINE('',#1052,#1051);
#1054=DIRECTION('',(1.E0,0.E0,0.E0));
#1055=VECTOR('',#1054,1.E0);
#1056=CARTESIAN_POINT('',(-3.04E0,-5.E-1,-2.06E1));
#1057=LINE('',#1056,#1055);
#1058=DIRECTION('',(-1.E0,0.E0,0.E0));
#1059=VECTOR('',#1058,1.E0);
#1060=CARTESIAN_POINT('',(3.04E0,-2.E0,-2.06E1));
#1061=LINE('',#1060,#1059);
#1062=DIRECTION('',(1.E0,0.E0,0.E0));
#1063=VECTOR('',#1062,1.E0);
#1064=CARTESIAN_POINT('',(2.04E0,-5.E-1,-2.06E1));
#1065=LINE('',#1064,#1063);
#1066=DIRECTION('',(1.E0,0.E0,0.E0));
#1067=VECTOR('',#1066,1.285E0);
#1068=CARTESIAN_POINT('',(1.0795E1,1.E0,-2.06E1));
#1069=LINE('',#1068,#1067);
#1070=DIRECTION('',(-1.E0,0.E0,0.E0));
#1071=VECTOR('',#1070,1.285E0);
#1072=CARTESIAN_POINT('',(1.208E1,-2.E0,-2.06E1));
#1073=LINE('',#1072,#1071);
#1074=DIRECTION('',(0.E0,-1.E0,0.E0));
#1075=VECTOR('',#1074,2.E0);
#1076=CARTESIAN_POINT('',(-1.178E1,1.E0,-2.06E1));
#1077=LINE('',#1076,#1075);
#1078=DIRECTION('',(1.E0,0.E0,0.E0));
#1079=VECTOR('',#1078,3.E-1);
#1080=CARTESIAN_POINT('',(-1.208E1,-1.E0,-2.06E1));
#1081=LINE('',#1080,#1079);
#1082=DIRECTION('',(-1.E0,0.E0,0.E0));
#1083=VECTOR('',#1082,1.285E0);
#1084=CARTESIAN_POINT('',(-1.0795E1,-2.E0,-2.06E1));
#1085=LINE('',#1084,#1083);
#1086=DIRECTION('',(1.E0,0.E0,0.E0));
#1087=VECTOR('',#1086,9.85E-1);
#1088=CARTESIAN_POINT('',(-1.178E1,1.E0,-2.06E1));
#1089=LINE('',#1088,#1087);
#1090=DIRECTION('',(0.E0,-1.E0,1.015061051086E-14));
#1091=VECTOR('',#1090,7.E-1);
#1092=CARTESIAN_POINT('',(-8.105E0,-5.7E-1,-2.06E1));
#1093=LINE('',#1092,#1091);
#1094=DIRECTION('',(0.E0,-1.E0,-1.015061051086E-14));
#1095=VECTOR('',#1094,7.E-1);
#1096=CARTESIAN_POINT('',(-8.105E0,-1.27E0,-2.06E1));
#1097=LINE('',#1096,#1095);
#1098=DIRECTION('',(1.E0,0.E0,0.E0));
#1099=VECTOR('',#1098,3.E-1);
#1100=CARTESIAN_POINT('',(-8.405E0,-1.97E0,-2.06E1));
#1101=LINE('',#1100,#1099);
#1102=DIRECTION('',(0.E0,-1.E0,0.E0));
#1103=VECTOR('',#1102,7.E-1);
#1104=CARTESIAN_POINT('',(-8.405E0,-1.27E0,-2.06E1));
#1105=LINE('',#1104,#1103);
#1106=DIRECTION('',(0.E0,-1.E0,0.E0));
#1107=VECTOR('',#1106,7.E-1);
#1108=CARTESIAN_POINT('',(-8.405E0,-5.7E-1,-2.06E1));
#1109=LINE('',#1108,#1107);
#1110=DIRECTION('',(1.E0,0.E0,0.E0));
#1111=VECTOR('',#1110,3.E-1);
#1112=CARTESIAN_POINT('',(-8.405E0,-5.7E-1,-2.06E1));
#1113=LINE('',#1112,#1111);
#1114=DIRECTION('',(0.E0,-1.E0,1.015061051086E-14));
#1115=VECTOR('',#1114,7.E-1);
#1116=CARTESIAN_POINT('',(8.405E0,-5.7E-1,-2.06E1));
#1117=LINE('',#1116,#1115);
#1118=DIRECTION('',(0.E0,-1.E0,-1.015061051086E-14));
#1119=VECTOR('',#1118,7.E-1);
#1120=CARTESIAN_POINT('',(8.405E0,-1.27E0,-2.06E1));
#1121=LINE('',#1120,#1119);
#1122=DIRECTION('',(1.E0,0.E0,0.E0));
#1123=VECTOR('',#1122,3.E-1);
#1124=CARTESIAN_POINT('',(8.105E0,-1.97E0,-2.06E1));
#1125=LINE('',#1124,#1123);
#1126=DIRECTION('',(0.E0,-1.E0,0.E0));
#1127=VECTOR('',#1126,7.E-1);
#1128=CARTESIAN_POINT('',(8.105E0,-1.27E0,-2.06E1));
#1129=LINE('',#1128,#1127);
#1130=DIRECTION('',(0.E0,-1.E0,0.E0));
#1131=VECTOR('',#1130,7.E-1);
#1132=CARTESIAN_POINT('',(8.105E0,-5.7E-1,-2.06E1));
#1133=LINE('',#1132,#1131);
#1134=DIRECTION('',(1.E0,0.E0,0.E0));
#1135=VECTOR('',#1134,3.E-1);
#1136=CARTESIAN_POINT('',(8.105E0,-5.7E-1,-2.06E1));
#1137=LINE('',#1136,#1135);
#1138=DIRECTION('',(0.E0,-1.E0,0.E0));
#1139=VECTOR('',#1138,1.5E0);
#1140=CARTESIAN_POINT('',(-3.04E0,-5.E-1,-2.06E1));
#1141=LINE('',#1140,#1139);
#1142=DIRECTION('',(0.E0,0.E0,1.E0));
#1143=VECTOR('',#1142,1.E0);
#1144=CARTESIAN_POINT('',(-3.04E0,-5.E-1,-2.16E1));
#1145=LINE('',#1144,#1143);
#1146=DIRECTION('',(0.E0,-1.E0,0.E0));
#1147=VECTOR('',#1146,9.35E0);
#1148=CARTESIAN_POINT('',(-3.04E0,4.675E0,-2.01E1));
#1149=LINE('',#1148,#1147);
#1150=DIRECTION('',(0.E0,0.E0,1.E0));
#1151=VECTOR('',#1150,1.E0);
#1152=CARTESIAN_POINT('',(-3.04E0,-2.E0,-2.16E1));
#1153=LINE('',#1152,#1151);
#1154=DIRECTION('',(0.E0,-1.E0,0.E0));
#1155=VECTOR('',#1154,1.5E0);
#1156=CARTESIAN_POINT('',(-2.04E0,-5.E-1,-2.06E1));
#1157=LINE('',#1156,#1155);
#1158=DIRECTION('',(0.E0,0.E0,1.E0));
#1159=VECTOR('',#1158,1.E0);
#1160=CARTESIAN_POINT('',(-2.04E0,-2.E0,-2.16E1));
#1161=LINE('',#1160,#1159);
#1162=DIRECTION('',(0.E0,-1.E0,0.E0));
#1163=VECTOR('',#1162,2.675E0);
#1164=CARTESIAN_POINT('',(-2.04E0,-2.E0,-2.16E1));
#1165=LINE('',#1164,#1163);
#1166=DIRECTION('',(0.E0,-1.E0,0.E0));
#1167=VECTOR('',#1166,5.175E0);
#1168=CARTESIAN_POINT('',(-2.04E0,4.675E0,-2.16E1));
#1169=LINE('',#1168,#1167);
#1170=DIRECTION('',(0.E0,0.E0,1.E0));
#1171=VECTOR('',#1170,1.E0);
#1172=CARTESIAN_POINT('',(-2.04E0,-5.E-1,-2.16E1));
#1173=LINE('',#1172,#1171);
#1174=DIRECTION('',(1.E0,0.E0,0.E0));
#1175=VECTOR('',#1174,1.E0);
#1176=CARTESIAN_POINT('',(-3.04E0,-5.E-1,-2.16E1));
#1177=LINE('',#1176,#1175);
#1178=DIRECTION('',(0.E0,-1.E0,0.E0));
#1179=VECTOR('',#1178,5.175E0);
#1180=CARTESIAN_POINT('',(-3.04E0,4.675E0,-2.16E1));
#1181=LINE('',#1180,#1179);
#1182=DIRECTION('',(1.E0,0.E0,0.E0));
#1183=VECTOR('',#1182,1.E0);
#1184=CARTESIAN_POINT('',(-3.04E0,-2.E0,-2.16E1));
#1185=LINE('',#1184,#1183);
#1186=DIRECTION('',(0.E0,-1.E0,0.E0));
#1187=VECTOR('',#1186,2.675E0);
#1188=CARTESIAN_POINT('',(-3.04E0,-2.E0,-2.16E1));
#1189=LINE('',#1188,#1187);
#1190=DIRECTION('',(0.E0,-1.E0,0.E0));
#1191=VECTOR('',#1190,9.35E0);
#1192=CARTESIAN_POINT('',(-2.04E0,4.675E0,-2.01E1));
#1193=LINE('',#1192,#1191);
#1194=DIRECTION('',(1.E0,0.E0,0.E0));
#1195=VECTOR('',#1194,1.6E0);
#1196=CARTESIAN_POINT('',(-8.E-1,3.2E-1,-2.01E1));
#1197=LINE('',#1196,#1195);
#1198=DIRECTION('',(0.E0,-1.E0,0.E0));
#1199=VECTOR('',#1198,6.4E-1);
#1200=CARTESIAN_POINT('',(8.E-1,3.2E-1,-2.01E1));
#1201=LINE('',#1200,#1199);
#1202=DIRECTION('',(1.E0,0.E0,0.E0));
#1203=VECTOR('',#1202,1.6E0);
#1204=CARTESIAN_POINT('',(-8.E-1,-3.2E-1,-2.01E1));
#1205=LINE('',#1204,#1203);
#1206=DIRECTION('',(0.E0,-1.E0,0.E0));
#1207=VECTOR('',#1206,6.4E-1);
#1208=CARTESIAN_POINT('',(-8.E-1,3.2E-1,-2.01E1));
#1209=LINE('',#1208,#1207);
#1210=DIRECTION('',(0.E0,-1.E0,0.E0));
#1211=VECTOR('',#1210,1.5E0);
#1212=CARTESIAN_POINT('',(2.04E0,-5.E-1,-2.06E1));
#1213=LINE('',#1212,#1211);
#1214=DIRECTION('',(0.E0,0.E0,1.E0));
#1215=VECTOR('',#1214,1.E0);
#1216=CARTESIAN_POINT('',(2.04E0,-5.E-1,-2.16E1));
#1217=LINE('',#1216,#1215);
#1218=DIRECTION('',(0.E0,-1.E0,0.E0));
#1219=VECTOR('',#1218,9.35E0);
#1220=CARTESIAN_POINT('',(2.04E0,4.675E0,-2.01E1));
#1221=LINE('',#1220,#1219);
#1222=DIRECTION('',(0.E0,0.E0,1.E0));
#1223=VECTOR('',#1222,1.E0);
#1224=CARTESIAN_POINT('',(2.04E0,-2.E0,-2.16E1));
#1225=LINE('',#1224,#1223);
#1226=DIRECTION('',(1.E0,0.E0,0.E0));
#1227=VECTOR('',#1226,1.E0);
#1228=CARTESIAN_POINT('',(2.04E0,-5.E-1,-2.16E1));
#1229=LINE('',#1228,#1227);
#1230=DIRECTION('',(0.E0,-1.E0,0.E0));
#1231=VECTOR('',#1230,5.175E0);
#1232=CARTESIAN_POINT('',(2.04E0,4.675E0,-2.16E1));
#1233=LINE('',#1232,#1231);
#1234=DIRECTION('',(1.E0,0.E0,0.E0));
#1235=VECTOR('',#1234,1.E0);
#1236=CARTESIAN_POINT('',(2.04E0,-2.E0,-2.16E1));
#1237=LINE('',#1236,#1235);
#1238=DIRECTION('',(0.E0,-1.E0,0.E0));
#1239=VECTOR('',#1238,2.675E0);
#1240=CARTESIAN_POINT('',(2.04E0,-2.E0,-2.16E1));
#1241=LINE('',#1240,#1239);
#1242=DIRECTION('',(0.E0,-1.E0,0.E0));
#1243=VECTOR('',#1242,1.5E0);
#1244=CARTESIAN_POINT('',(3.04E0,-5.E-1,-2.06E1));
#1245=LINE('',#1244,#1243);
#1246=DIRECTION('',(0.E0,0.E0,1.E0));
#1247=VECTOR('',#1246,1.E0);
#1248=CARTESIAN_POINT('',(3.04E0,-2.E0,-2.16E1));
#1249=LINE('',#1248,#1247);
#1250=DIRECTION('',(0.E0,-1.E0,0.E0));
#1251=VECTOR('',#1250,2.675E0);
#1252=CARTESIAN_POINT('',(3.04E0,-2.E0,-2.16E1));
#1253=LINE('',#1252,#1251);
#1254=DIRECTION('',(0.E0,-1.E0,0.E0));
#1255=VECTOR('',#1254,5.175E0);
#1256=CARTESIAN_POINT('',(3.04E0,4.675E0,-2.16E1));
#1257=LINE('',#1256,#1255);
#1258=DIRECTION('',(0.E0,0.E0,1.E0));
#1259=VECTOR('',#1258,1.E0);
#1260=CARTESIAN_POINT('',(3.04E0,-5.E-1,-2.16E1));
#1261=LINE('',#1260,#1259);
#1262=DIRECTION('',(0.E0,0.E0,-1.E0));
#1263=VECTOR('',#1262,6.861561236693E-2);
#1264=CARTESIAN_POINT('',(-8.E-1,3.2E-1,-2.01E1));
#1265=LINE('',#1264,#1263);
#1266=DIRECTION('',(5.E-1,0.E0,-8.660254037844E-1));
#1267=VECTOR('',#1266,9.6E-1);
#1268=CARTESIAN_POINT('',(-8.E-1,3.2E-1,-2.016861561237E1));
#1269=LINE('',#1268,#1267);
#1270=DIRECTION('',(0.E0,0.E0,-1.E0));
#1271=VECTOR('',#1270,4.2E0);
#1272=CARTESIAN_POINT('',(-3.2E-1,3.2E-1,-2.1E1));
#1273=LINE('',#1272,#1271);
#1274=DIRECTION('',(1.E0,0.E0,0.E0));
#1275=VECTOR('',#1274,6.4E-1);
#1276=CARTESIAN_POINT('',(-3.2E-1,3.2E-1,-2.52E1));
#1277=LINE('',#1276,#1275);
#1278=DIRECTION('',(0.E0,0.E0,1.E0));
#1279=VECTOR('',#1278,4.2E0);
#1280=CARTESIAN_POINT('',(3.2E-1,3.2E-1,-2.52E1));
#1281=LINE('',#1280,#1279);
#1282=DIRECTION('',(5.E-1,0.E0,8.660254037844E-1));
#1283=VECTOR('',#1282,9.6E-1);
#1284=CARTESIAN_POINT('',(3.2E-1,3.2E-1,-2.1E1));
#1285=LINE('',#1284,#1283);
#1286=DIRECTION('',(0.E0,0.E0,1.E0));
#1287=VECTOR('',#1286,6.861561236693E-2);
#1288=CARTESIAN_POINT('',(8.E-1,3.2E-1,-2.016861561237E1));
#1289=LINE('',#1288,#1287);
#1290=DIRECTION('',(0.E0,0.E0,1.E0));
#1291=VECTOR('',#1290,1.1E1);
#1292=CARTESIAN_POINT('',(9.5E-1,3.2E-1,-1.65E1));
#1293=LINE('',#1292,#1291);
#1294=DIRECTION('',(-1.E0,0.E0,0.E0));
#1295=VECTOR('',#1294,1.9E0);
#1296=CARTESIAN_POINT('',(9.5E-1,3.2E-1,-5.5E0));
#1297=LINE('',#1296,#1295);
#1298=DIRECTION('',(0.E0,0.E0,-1.E0));
#1299=VECTOR('',#1298,1.1E1);
#1300=CARTESIAN_POINT('',(-9.5E-1,3.2E-1,-5.5E0));
#1301=LINE('',#1300,#1299);
#1302=DIRECTION('',(0.E0,0.E0,1.E0));
#1303=VECTOR('',#1302,6.861561236693E-2);
#1304=CARTESIAN_POINT('',(8.E-1,-3.2E-1,-2.016861561237E1));
#1305=LINE('',#1304,#1303);
#1306=DIRECTION('',(5.E-1,0.E0,8.660254037844E-1));
#1307=VECTOR('',#1306,9.6E-1);
#1308=CARTESIAN_POINT('',(3.2E-1,-3.2E-1,-2.1E1));
#1309=LINE('',#1308,#1307);
#1310=DIRECTION('',(0.E0,0.E0,1.E0));
#1311=VECTOR('',#1310,4.2E0);
#1312=CARTESIAN_POINT('',(3.2E-1,-3.2E-1,-2.52E1));
#1313=LINE('',#1312,#1311);
#1314=DIRECTION('',(1.E0,0.E0,0.E0));
#1315=VECTOR('',#1314,6.4E-1);
#1316=CARTESIAN_POINT('',(-3.2E-1,-3.2E-1,-2.52E1));
#1317=LINE('',#1316,#1315);
#1318=DIRECTION('',(0.E0,0.E0,-1.E0));
#1319=VECTOR('',#1318,4.2E0);
#1320=CARTESIAN_POINT('',(-3.2E-1,-3.2E-1,-2.1E1));
#1321=LINE('',#1320,#1319);
#1322=DIRECTION('',(5.E-1,0.E0,-8.660254037844E-1));
#1323=VECTOR('',#1322,9.6E-1);
#1324=CARTESIAN_POINT('',(-8.E-1,-3.2E-1,-2.016861561237E1));
#1325=LINE('',#1324,#1323);
#1326=DIRECTION('',(0.E0,0.E0,-1.E0));
#1327=VECTOR('',#1326,6.861561236693E-2);
#1328=CARTESIAN_POINT('',(-8.E-1,-3.2E-1,-2.01E1));
#1329=LINE('',#1328,#1327);
#1330=DIRECTION('',(0.E0,0.E0,-1.E0));
#1331=VECTOR('',#1330,1.1E1);
#1332=CARTESIAN_POINT('',(-9.5E-1,-3.2E-1,-5.5E0));
#1333=LINE('',#1332,#1331);
#1334=DIRECTION('',(-1.E0,0.E0,0.E0));
#1335=VECTOR('',#1334,1.9E0);
#1336=CARTESIAN_POINT('',(9.5E-1,-3.2E-1,-5.5E0));
#1337=LINE('',#1336,#1335);
#1338=DIRECTION('',(0.E0,0.E0,1.E0));
#1339=VECTOR('',#1338,1.1E1);
#1340=CARTESIAN_POINT('',(9.5E-1,-3.2E-1,-1.65E1));
#1341=LINE('',#1340,#1339);
#1342=DIRECTION('',(0.E0,-1.E0,0.E0));
#1343=VECTOR('',#1342,6.4E-1);
#1344=CARTESIAN_POINT('',(8.E-1,3.2E-1,-2.016861561237E1));
#1345=LINE('',#1344,#1343);
#1346=DIRECTION('',(0.E0,-1.E0,0.E0));
#1347=VECTOR('',#1346,6.4E-1);
#1348=CARTESIAN_POINT('',(3.2E-1,3.2E-1,-2.1E1));
#1349=LINE('',#1348,#1347);
#1350=DIRECTION('',(0.E0,-1.E0,0.E0));
#1351=VECTOR('',#1350,6.4E-1);
#1352=CARTESIAN_POINT('',(3.2E-1,3.2E-1,-2.52E1));
#1353=LINE('',#1352,#1351);
#1354=DIRECTION('',(0.E0,-1.E0,0.E0));
#1355=VECTOR('',#1354,6.4E-1);
#1356=CARTESIAN_POINT('',(-3.2E-1,3.2E-1,-2.52E1));
#1357=LINE('',#1356,#1355);
#1358=DIRECTION('',(0.E0,-1.E0,0.E0));
#1359=VECTOR('',#1358,6.4E-1);
#1360=CARTESIAN_POINT('',(-3.2E-1,3.2E-1,-2.1E1));
#1361=LINE('',#1360,#1359);
#1362=DIRECTION('',(0.E0,-1.E0,0.E0));
#1363=VECTOR('',#1362,6.4E-1);
#1364=CARTESIAN_POINT('',(-8.E-1,3.2E-1,-2.016861561237E1));
#1365=LINE('',#1364,#1363);
#1366=DIRECTION('',(1.E0,0.E0,0.E0));
#1367=VECTOR('',#1366,1.9E0);
#1368=CARTESIAN_POINT('',(-9.5E-1,3.2E-1,-1.65E1));
#1369=LINE('',#1368,#1367);
#1370=DIRECTION('',(0.E0,-1.E0,0.E0));
#1371=VECTOR('',#1370,6.4E-1);
#1372=CARTESIAN_POINT('',(-9.5E-1,3.2E-1,-1.65E1));
#1373=LINE('',#1372,#1371);
#1374=DIRECTION('',(1.E0,0.E0,0.E0));
#1375=VECTOR('',#1374,1.9E0);
#1376=CARTESIAN_POINT('',(-9.5E-1,-3.2E-1,-1.65E1));
#1377=LINE('',#1376,#1375);
#1378=DIRECTION('',(0.E0,-1.E0,0.E0));
#1379=VECTOR('',#1378,6.4E-1);
#1380=CARTESIAN_POINT('',(9.5E-1,3.2E-1,-1.65E1));
#1381=LINE('',#1380,#1379);
#1382=DIRECTION('',(0.E0,-1.E0,0.E0));
#1383=VECTOR('',#1382,7.E-1);
#1384=CARTESIAN_POINT('',(-9.E-1,3.375E0,-1.65E1));
#1385=LINE('',#1384,#1383);
#1386=DIRECTION('',(1.E0,0.E0,0.E0));
#1387=VECTOR('',#1386,1.8E0);
#1388=CARTESIAN_POINT('',(-9.E-1,2.675E0,-1.65E1));
#1389=LINE('',#1388,#1387);
#1390=DIRECTION('',(0.E0,-1.E0,0.E0));
#1391=VECTOR('',#1390,7.E-1);
#1392=CARTESIAN_POINT('',(9.E-1,3.375E0,-1.65E1));
#1393=LINE('',#1392,#1391);
#1394=DIRECTION('',(0.E0,1.E0,0.E0));
#1395=VECTOR('',#1394,9.E-1);
#1396=CARTESIAN_POINT('',(-1.49E0,-3.375E0,-1.65E1));
#1397=LINE('',#1396,#1395);
#1398=DIRECTION('',(1.E0,0.E0,0.E0));
#1399=VECTOR('',#1398,7.8E-1);
#1400=CARTESIAN_POINT('',(-2.27E0,-2.475E0,-1.65E1));
#1401=LINE('',#1400,#1399);
#1402=DIRECTION('',(0.E0,1.E0,0.E0));
#1403=VECTOR('',#1402,5.85E0);
#1404=CARTESIAN_POINT('',(-2.27E0,-2.475E0,-1.65E1));
#1405=LINE('',#1404,#1403);
#1406=DIRECTION('',(0.E0,-1.E0,0.E0));
#1407=VECTOR('',#1406,6.4E-1);
#1408=CARTESIAN_POINT('',(-9.5E-1,3.2E-1,-5.5E0));
#1409=LINE('',#1408,#1407);
#1410=DIRECTION('',(0.E0,-1.E0,0.E0));
#1411=VECTOR('',#1410,6.4E-1);
#1412=CARTESIAN_POINT('',(9.5E-1,3.2E-1,-5.5E0));
#1413=LINE('',#1412,#1411);
#1414=DIRECTION('',(0.E0,0.E0,1.E0));
#1415=VECTOR('',#1414,1.58E1);
#1416=CARTESIAN_POINT('',(-9.E-1,2.675E0,-1.65E1));
#1417=LINE('',#1416,#1415);
#1418=DIRECTION('',(0.E0,0.E0,1.E0));
#1419=VECTOR('',#1418,1.58E1);
#1420=CARTESIAN_POINT('',(9.E-1,2.675E0,-1.65E1));
#1421=LINE('',#1420,#1419);
#1422=DIRECTION('',(0.E0,1.E0,0.E0));
#1423=VECTOR('',#1422,6.75E0);
#1424=CARTESIAN_POINT('',(2.27E0,-3.375E0,-1.65E1));
#1425=LINE('',#1424,#1423);
#1426=DIRECTION('',(1.E0,0.E0,0.E0));
#1427=VECTOR('',#1426,2.1E0);
#1428=CARTESIAN_POINT('',(-3.59E0,-3.375E0,-7.E-1));
#1429=LINE('',#1428,#1427);
#1430=DIRECTION('',(0.E0,0.E0,1.E0));
#1431=VECTOR('',#1430,1.58E1);
#1432=CARTESIAN_POINT('',(-1.49E0,-3.375E0,-1.65E1));
#1433=LINE('',#1432,#1431);
#1434=DIRECTION('',(1.E0,0.E0,0.E0));
#1435=VECTOR('',#1434,3.76E0);
#1436=CARTESIAN_POINT('',(-1.49E0,-3.375E0,-1.65E1));
#1437=LINE('',#1436,#1435);
#1438=DIRECTION('',(0.E0,0.E0,1.E0));
#1439=VECTOR('',#1438,1.243E1);
#1440=CARTESIAN_POINT('',(2.27E0,-3.375E0,-1.65E1));
#1441=LINE('',#1440,#1439);
#1442=DIRECTION('',(7.071067811865E-1,0.E0,7.071067811866E-1));
#1443=VECTOR('',#1442,3.818376618407E-1);
#1444=CARTESIAN_POINT('',(2.27E0,-3.375E0,-4.07E0));
#1445=LINE('',#1444,#1443);
#1446=DIRECTION('',(7.071067811865E-1,0.E0,-7.071067811865E-1));
#1447=VECTOR('',#1446,3.818376618407E-1);
#1448=CARTESIAN_POINT('',(2.54E0,-3.375E0,-3.8E0));
#1449=LINE('',#1448,#1447);
#1450=DIRECTION('',(0.E0,0.E0,-1.E0));
#1451=VECTOR('',#1450,1.243E1);
#1452=CARTESIAN_POINT('',(2.81E0,-3.375E0,-4.07E0));
#1453=LINE('',#1452,#1451);
#1454=DIRECTION('',(1.E0,0.E0,0.E0));
#1455=VECTOR('',#1454,7.085E0);
#1456=CARTESIAN_POINT('',(2.81E0,-3.375E0,-1.65E1));
#1457=LINE('',#1456,#1455);
#1458=DIRECTION('',(0.E0,0.E0,1.E0));
#1459=VECTOR('',#1458,1.52E1);
#1460=CARTESIAN_POINT('',(9.895E0,-3.375E0,-1.65E1));
#1461=LINE('',#1460,#1459);
#1462=DIRECTION('',(7.071067811865E-1,0.E0,7.071067811865E-1));
#1463=VECTOR('',#1462,1.414213562373E0);
#1464=CARTESIAN_POINT('',(9.895E0,-3.375E0,-1.3E0));
#1465=LINE('',#1464,#1463);
#1466=DIRECTION('',(-1.E0,0.E0,0.E0));
#1467=VECTOR('',#1466,2.179E1);
#1468=CARTESIAN_POINT('',(1.0895E1,-3.375E0,-3.E-1));
#1469=LINE('',#1468,#1467);
#1470=DIRECTION('',(7.071067811865E-1,0.E0,-7.071067811865E-1));
#1471=VECTOR('',#1470,1.414213562373E0);
#1472=CARTESIAN_POINT('',(-1.0895E1,-3.375E0,-3.E-1));
#1473=LINE('',#1472,#1471);
#1474=DIRECTION('',(0.E0,0.E0,-1.E0));
#1475=VECTOR('',#1474,1.52E1);
#1476=CARTESIAN_POINT('',(-9.895E0,-3.375E0,-1.3E0));
#1477=LINE('',#1476,#1475);
#1478=DIRECTION('',(1.E0,0.E0,0.E0));
#1479=VECTOR('',#1478,6.305E0);
#1480=CARTESIAN_POINT('',(-9.895E0,-3.375E0,-1.65E1));
#1481=LINE('',#1480,#1479);
#1482=DIRECTION('',(0.E0,0.E0,1.E0));
#1483=VECTOR('',#1482,1.58E1);
#1484=CARTESIAN_POINT('',(-3.59E0,-3.375E0,-1.65E1));
#1485=LINE('',#1484,#1483);
#1486=DIRECTION('',(0.E0,0.E0,1.E0));
#1487=VECTOR('',#1486,1.58E1);
#1488=CARTESIAN_POINT('',(-1.49E0,-2.475E0,-1.65E1));
#1489=LINE('',#1488,#1487);
#1490=DIRECTION('',(0.E0,0.E0,1.E0));
#1491=VECTOR('',#1490,1.58E1);
#1492=CARTESIAN_POINT('',(-3.59E0,-2.475E0,-1.65E1));
#1493=LINE('',#1492,#1491);
#1494=DIRECTION('',(0.E0,0.E0,1.E0));
#1495=VECTOR('',#1494,1.243E1);
#1496=CARTESIAN_POINT('',(-2.81E0,-2.475E0,-1.65E1));
#1497=LINE('',#1496,#1495);
#1498=DIRECTION('',(0.E0,1.E0,0.E0));
#1499=VECTOR('',#1498,5.85E0);
#1500=CARTESIAN_POINT('',(-2.81E0,-2.475E0,-1.65E1));
#1501=LINE('',#1500,#1499);
#1502=DIRECTION('',(7.071067811865E-1,0.E0,7.071067811865E-1));
#1503=VECTOR('',#1502,3.818376618407E-1);
#1504=CARTESIAN_POINT('',(-2.81E0,-2.475E0,-4.07E0));
#1505=LINE('',#1504,#1503);
#1506=DIRECTION('',(0.E0,1.E0,0.E0));
#1507=VECTOR('',#1506,5.85E0);
#1508=CARTESIAN_POINT('',(-2.81E0,-2.475E0,-4.07E0));
#1509=LINE('',#1508,#1507);
#1510=DIRECTION('',(7.071067811865E-1,0.E0,-7.071067811865E-1));
#1511=VECTOR('',#1510,3.818376618407E-1);
#1512=CARTESIAN_POINT('',(-2.54E0,-2.475E0,-3.8E0));
#1513=LINE('',#1512,#1511);
#1514=DIRECTION('',(0.E0,1.E0,0.E0));
#1515=VECTOR('',#1514,5.85E0);
#1516=CARTESIAN_POINT('',(-2.54E0,-2.475E0,-3.8E0));
#1517=LINE('',#1516,#1515);
#1518=DIRECTION('',(0.E0,0.E0,-1.E0));
#1519=VECTOR('',#1518,1.243E1);
#1520=CARTESIAN_POINT('',(-2.27E0,-2.475E0,-4.07E0));
#1521=LINE('',#1520,#1519);
#1522=DIRECTION('',(0.E0,1.E0,0.E0));
#1523=VECTOR('',#1522,5.85E0);
#1524=CARTESIAN_POINT('',(-2.27E0,-2.475E0,-4.07E0));
#1525=LINE('',#1524,#1523);
#1526=DIRECTION('',(0.E0,1.E0,0.E0));
#1527=VECTOR('',#1526,6.75E0);
#1528=CARTESIAN_POINT('',(2.27E0,-3.375E0,-4.07E0));
#1529=LINE('',#1528,#1527);
#1530=DIRECTION('',(0.E0,1.E0,0.E0));
#1531=VECTOR('',#1530,6.75E0);
#1532=CARTESIAN_POINT('',(2.54E0,-3.375E0,-3.8E0));
#1533=LINE('',#1532,#1531);
#1534=DIRECTION('',(0.E0,1.E0,0.E0));
#1535=VECTOR('',#1534,6.75E0);
#1536=CARTESIAN_POINT('',(2.81E0,-3.375E0,-4.07E0));
#1537=LINE('',#1536,#1535);
#1538=DIRECTION('',(0.E0,1.E0,0.E0));
#1539=VECTOR('',#1538,6.75E0);
#1540=CARTESIAN_POINT('',(2.81E0,-3.375E0,-1.65E1));
#1541=LINE('',#1540,#1539);
#1542=DIRECTION('',(1.E0,0.E0,0.E0));
#1543=VECTOR('',#1542,1.9E0);
#1544=CARTESIAN_POINT('',(4.13E0,3.2E-1,-1.65E1));
#1545=LINE('',#1544,#1543);
#1546=DIRECTION('',(0.E0,-1.E0,0.E0));
#1547=VECTOR('',#1546,6.4E-1);
#1548=CARTESIAN_POINT('',(4.13E0,3.2E-1,-1.65E1));
#1549=LINE('',#1548,#1547);
#1550=DIRECTION('',(1.E0,0.E0,0.E0));
#1551=VECTOR('',#1550,1.9E0);
#1552=CARTESIAN_POINT('',(4.13E0,-3.2E-1,-1.65E1));
#1553=LINE('',#1552,#1551);
#1554=DIRECTION('',(0.E0,-1.E0,0.E0));
#1555=VECTOR('',#1554,6.4E-1);
#1556=CARTESIAN_POINT('',(6.03E0,3.2E-1,-1.65E1));
#1557=LINE('',#1556,#1555);
#1558=DIRECTION('',(0.E0,0.E0,1.E0));
#1559=VECTOR('',#1558,1.42E1);
#1560=CARTESIAN_POINT('',(9.895E0,-2.475E0,-1.65E1));
#1561=LINE('',#1560,#1559);
#1562=DIRECTION('',(0.E0,-1.E0,0.E0));
#1563=VECTOR('',#1562,4.95E0);
#1564=CARTESIAN_POINT('',(9.895E0,2.475E0,-2.3E0));
#1565=LINE('',#1564,#1563);
#1566=DIRECTION('',(0.E0,0.E0,1.E0));
#1567=VECTOR('',#1566,1.42E1);
#1568=CARTESIAN_POINT('',(9.895E0,2.475E0,-1.65E1));
#1569=LINE('',#1568,#1567);
#1570=DIRECTION('',(0.E0,1.E0,0.E0));
#1571=VECTOR('',#1570,9.E-1);
#1572=CARTESIAN_POINT('',(9.895E0,2.475E0,-1.65E1));
#1573=LINE('',#1572,#1571);
#1574=DIRECTION('',(0.E0,1.E0,0.E0));
#1575=VECTOR('',#1574,9.E-1);
#1576=CARTESIAN_POINT('',(9.895E0,-3.375E0,-1.65E1));
#1577=LINE('',#1576,#1575);
#1578=DIRECTION('',(1.E0,0.E0,0.E0));
#1579=VECTOR('',#1578,9.E-1);
#1580=CARTESIAN_POINT('',(9.895E0,-2.475E0,-1.65E1));
#1581=LINE('',#1580,#1579);
#1582=DIRECTION('',(0.E0,0.E0,1.E0));
#1583=VECTOR('',#1582,1.421570955844E1);
#1584=CARTESIAN_POINT('',(1.0795E1,-2.475E0,-1.65E1));
#1585=LINE('',#1584,#1583);
#1586=DIRECTION('',(-9.998476951564E-1,0.E0,-1.745240643728E-2));
#1587=VECTOR('',#1586,9.001370952395E-1);
#1588=CARTESIAN_POINT('',(1.0795E1,-2.475E0,-2.284290441565E0));
#1589=LINE('',#1588,#1587);
#1590=DIRECTION('',(-9.998476951564E-1,0.E0,1.745240643728E-2));
#1591=VECTOR('',#1590,9.001370952395E-1);
#1592=CARTESIAN_POINT('',(-9.895E0,-2.475E0,-2.3E0));
#1593=LINE('',#1592,#1591);
#1594=DIRECTION('',(0.E0,0.E0,-1.E0));
#1595=VECTOR('',#1594,1.421570955844E1);
#1596=CARTESIAN_POINT('',(-1.0795E1,-2.475E0,-2.284290441565E0));
#1597=LINE('',#1596,#1595);
#1598=DIRECTION('',(1.E0,0.E0,0.E0));
#1599=VECTOR('',#1598,9.E-1);
#1600=CARTESIAN_POINT('',(-1.0795E1,-2.475E0,-1.65E1));
#1601=LINE('',#1600,#1599);
#1602=DIRECTION('',(0.E0,1.E0,0.E0));
#1603=VECTOR('',#1602,4.95E0);
#1604=CARTESIAN_POINT('',(1.0795E1,-2.475E0,-1.65E1));
#1605=LINE('',#1604,#1603);
#1606=DIRECTION('',(1.E0,0.E0,0.E0));
#1607=VECTOR('',#1606,9.E-1);
#1608=CARTESIAN_POINT('',(9.895E0,2.475E0,-1.65E1));
#1609=LINE('',#1608,#1607);
#1610=DIRECTION('',(-9.998476951564E-1,0.E0,-1.745240643728E-2));
#1611=VECTOR('',#1610,9.001370952395E-1);
#1612=CARTESIAN_POINT('',(1.0795E1,2.475E0,-2.284290441565E0));
#1613=LINE('',#1612,#1611);
#1614=DIRECTION('',(0.E0,0.E0,1.E0));
#1615=VECTOR('',#1614,1.421570955844E1);
#1616=CARTESIAN_POINT('',(1.0795E1,2.475E0,-1.65E1));
#1617=LINE('',#1616,#1615);
#1618=DIRECTION('',(1.E0,0.E0,0.E0));
#1619=VECTOR('',#1618,9.E-1);
#1620=CARTESIAN_POINT('',(-1.0795E1,2.475E0,-1.65E1));
#1621=LINE('',#1620,#1619);
#1622=DIRECTION('',(0.E0,0.E0,-1.E0));
#1623=VECTOR('',#1622,1.421570955844E1);
#1624=CARTESIAN_POINT('',(-1.0795E1,2.475E0,-2.284290441565E0));
#1625=LINE('',#1624,#1623);
#1626=DIRECTION('',(-9.998476951564E-1,0.E0,1.745240643728E-2));
#1627=VECTOR('',#1626,9.001370952395E-1);
#1628=CARTESIAN_POINT('',(-9.895E0,2.475E0,-2.3E0));
#1629=LINE('',#1628,#1627);
#1630=DIRECTION('',(0.E0,1.E0,0.E0));
#1631=VECTOR('',#1630,4.95E0);
#1632=CARTESIAN_POINT('',(1.0795E1,-2.475E0,-2.284290441565E0));
#1633=LINE('',#1632,#1631);
#1634=DIRECTION('',(0.E0,0.E0,1.E0));
#1635=VECTOR('',#1634,1.42E1);
#1636=CARTESIAN_POINT('',(-9.895E0,-2.475E0,-1.65E1));
#1637=LINE('',#1636,#1635);
#1638=DIRECTION('',(0.E0,1.E0,0.E0));
#1639=VECTOR('',#1638,6.75E0);
#1640=CARTESIAN_POINT('',(-9.895E0,-3.375E0,-1.3E0));
#1641=LINE('',#1640,#1639);
#1642=DIRECTION('',(0.E0,0.E0,1.E0));
#1643=VECTOR('',#1642,1.42E1);
#1644=CARTESIAN_POINT('',(-9.895E0,2.475E0,-1.65E1));
#1645=LINE('',#1644,#1643);
#1646=DIRECTION('',(0.E0,-1.E0,0.E0));
#1647=VECTOR('',#1646,4.95E0);
#1648=CARTESIAN_POINT('',(-9.895E0,2.475E0,-2.3E0));
#1649=LINE('',#1648,#1647);
#1650=DIRECTION('',(0.E0,1.E0,0.E0));
#1651=VECTOR('',#1650,7.35E0);
#1652=CARTESIAN_POINT('',(-1.1195E1,-3.675E0,0.E0));
#1653=LINE('',#1652,#1651);
#1654=DIRECTION('',(5.773502691896E-1,-5.773502691896E-1,5.773502691896E-1));
#1655=VECTOR('',#1654,5.196152422707E-1);
#1656=CARTESIAN_POINT('',(1.0895E1,-3.375E0,-3.E-1));
#1657=LINE('',#1656,#1655);
#1658=DIRECTION('',(5.773502691896E-1,5.773502691896E-1,-5.773502691896E-1));
#1659=VECTOR('',#1658,5.196152422707E-1);
#1660=CARTESIAN_POINT('',(-1.1195E1,-3.675E0,0.E0));
#1661=LINE('',#1660,#1659);
#1662=DIRECTION('',(0.E0,-1.E0,0.E0));
#1663=VECTOR('',#1662,7.35E0);
#1664=CARTESIAN_POINT('',(1.1195E1,3.675E0,0.E0));
#1665=LINE('',#1664,#1663);
#1666=DIRECTION('',(0.E0,1.E0,0.E0));
#1667=VECTOR('',#1666,6.75E0);
#1668=CARTESIAN_POINT('',(9.895E0,-3.375E0,-1.3E0));
#1669=LINE('',#1668,#1667);
#1670=DIRECTION('',(0.E0,1.E0,0.E0));
#1671=VECTOR('',#1670,4.95E0);
#1672=CARTESIAN_POINT('',(-1.0795E1,-2.475E0,-2.284290441565E0));
#1673=LINE('',#1672,#1671);
#1674=DIRECTION('',(0.E0,0.E0,-1.E0));
#1675=VECTOR('',#1674,6.861561236693E-2);
#1676=CARTESIAN_POINT('',(4.28E0,3.2E-1,-2.01E1));
#1677=LINE('',#1676,#1675);
#1678=DIRECTION('',(5.E-1,0.E0,-8.660254037844E-1));
#1679=VECTOR('',#1678,9.6E-1);
#1680=CARTESIAN_POINT('',(4.28E0,3.2E-1,-2.016861561237E1));
#1681=LINE('',#1680,#1679);
#1682=DIRECTION('',(0.E0,0.E0,-1.E0));
#1683=VECTOR('',#1682,4.2E0);
#1684=CARTESIAN_POINT('',(4.76E0,3.2E-1,-2.1E1));
#1685=LINE('',#1684,#1683);
#1686=DIRECTION('',(1.E0,0.E0,0.E0));
#1687=VECTOR('',#1686,6.4E-1);
#1688=CARTESIAN_POINT('',(4.76E0,3.2E-1,-2.52E1));
#1689=LINE('',#1688,#1687);
#1690=DIRECTION('',(0.E0,0.E0,1.E0));
#1691=VECTOR('',#1690,4.2E0);
#1692=CARTESIAN_POINT('',(5.4E0,3.2E-1,-2.52E1));
#1693=LINE('',#1692,#1691);
#1694=DIRECTION('',(5.E-1,0.E0,8.660254037844E-1));
#1695=VECTOR('',#1694,9.6E-1);
#1696=CARTESIAN_POINT('',(5.4E0,3.2E-1,-2.1E1));
#1697=LINE('',#1696,#1695);
#1698=DIRECTION('',(0.E0,0.E0,1.E0));
#1699=VECTOR('',#1698,6.861561236693E-2);
#1700=CARTESIAN_POINT('',(5.88E0,3.2E-1,-2.016861561237E1));
#1701=LINE('',#1700,#1699);
#1702=DIRECTION('',(0.E0,0.E0,1.E0));
#1703=VECTOR('',#1702,1.1E1);
#1704=CARTESIAN_POINT('',(6.03E0,3.2E-1,-1.65E1));
#1705=LINE('',#1704,#1703);
#1706=DIRECTION('',(-1.E0,0.E0,0.E0));
#1707=VECTOR('',#1706,1.9E0);
#1708=CARTESIAN_POINT('',(6.03E0,3.2E-1,-5.5E0));
#1709=LINE('',#1708,#1707);
#1710=DIRECTION('',(0.E0,0.E0,-1.E0));
#1711=VECTOR('',#1710,1.1E1);
#1712=CARTESIAN_POINT('',(4.13E0,3.2E-1,-5.5E0));
#1713=LINE('',#1712,#1711);
#1714=DIRECTION('',(0.E0,0.E0,1.E0));
#1715=VECTOR('',#1714,6.861561236693E-2);
#1716=CARTESIAN_POINT('',(5.88E0,-3.2E-1,-2.016861561237E1));
#1717=LINE('',#1716,#1715);
#1718=DIRECTION('',(5.E-1,0.E0,8.660254037844E-1));
#1719=VECTOR('',#1718,9.6E-1);
#1720=CARTESIAN_POINT('',(5.4E0,-3.2E-1,-2.1E1));
#1721=LINE('',#1720,#1719);
#1722=DIRECTION('',(0.E0,0.E0,1.E0));
#1723=VECTOR('',#1722,4.2E0);
#1724=CARTESIAN_POINT('',(5.4E0,-3.2E-1,-2.52E1));
#1725=LINE('',#1724,#1723);
#1726=DIRECTION('',(1.E0,0.E0,0.E0));
#1727=VECTOR('',#1726,6.4E-1);
#1728=CARTESIAN_POINT('',(4.76E0,-3.2E-1,-2.52E1));
#1729=LINE('',#1728,#1727);
#1730=DIRECTION('',(0.E0,0.E0,-1.E0));
#1731=VECTOR('',#1730,4.2E0);
#1732=CARTESIAN_POINT('',(4.76E0,-3.2E-1,-2.1E1));
#1733=LINE('',#1732,#1731);
#1734=DIRECTION('',(5.E-1,0.E0,-8.660254037844E-1));
#1735=VECTOR('',#1734,9.6E-1);
#1736=CARTESIAN_POINT('',(4.28E0,-3.2E-1,-2.016861561237E1));
#1737=LINE('',#1736,#1735);
#1738=DIRECTION('',(0.E0,0.E0,-1.E0));
#1739=VECTOR('',#1738,6.861561236693E-2);
#1740=CARTESIAN_POINT('',(4.28E0,-3.2E-1,-2.01E1));
#1741=LINE('',#1740,#1739);
#1742=DIRECTION('',(0.E0,0.E0,1.E0));
#1743=VECTOR('',#1742,1.1E1);
#1744=CARTESIAN_POINT('',(6.03E0,-3.2E-1,-1.65E1));
#1745=LINE('',#1744,#1743);
#1746=DIRECTION('',(0.E0,0.E0,-1.E0));
#1747=VECTOR('',#1746,1.1E1);
#1748=CARTESIAN_POINT('',(4.13E0,-3.2E-1,-5.5E0));
#1749=LINE('',#1748,#1747);
#1750=DIRECTION('',(-1.E0,0.E0,0.E0));
#1751=VECTOR('',#1750,1.9E0);
#1752=CARTESIAN_POINT('',(6.03E0,-3.2E-1,-5.5E0));
#1753=LINE('',#1752,#1751);
#1754=DIRECTION('',(0.E0,-1.E0,0.E0));
#1755=VECTOR('',#1754,6.4E-1);
#1756=CARTESIAN_POINT('',(5.88E0,3.2E-1,-2.016861561237E1));
#1757=LINE('',#1756,#1755);
#1758=DIRECTION('',(0.E0,-1.E0,0.E0));
#1759=VECTOR('',#1758,6.4E-1);
#1760=CARTESIAN_POINT('',(5.4E0,3.2E-1,-2.1E1));
#1761=LINE('',#1760,#1759);
#1762=DIRECTION('',(0.E0,-1.E0,0.E0));
#1763=VECTOR('',#1762,6.4E-1);
#1764=CARTESIAN_POINT('',(5.4E0,3.2E-1,-2.52E1));
#1765=LINE('',#1764,#1763);
#1766=DIRECTION('',(0.E0,-1.E0,0.E0));
#1767=VECTOR('',#1766,6.4E-1);
#1768=CARTESIAN_POINT('',(4.76E0,3.2E-1,-2.52E1));
#1769=LINE('',#1768,#1767);
#1770=DIRECTION('',(0.E0,-1.E0,0.E0));
#1771=VECTOR('',#1770,6.4E-1);
#1772=CARTESIAN_POINT('',(4.76E0,3.2E-1,-2.1E1));
#1773=LINE('',#1772,#1771);
#1774=DIRECTION('',(0.E0,-1.E0,0.E0));
#1775=VECTOR('',#1774,6.4E-1);
#1776=CARTESIAN_POINT('',(4.28E0,3.2E-1,-2.016861561237E1));
#1777=LINE('',#1776,#1775);
#1778=DIRECTION('',(0.E0,-1.E0,0.E0));
#1779=VECTOR('',#1778,6.4E-1);
#1780=CARTESIAN_POINT('',(6.03E0,3.2E-1,-5.5E0));
#1781=LINE('',#1780,#1779);
#1782=DIRECTION('',(0.E0,-1.E0,0.E0));
#1783=VECTOR('',#1782,6.4E-1);
#1784=CARTESIAN_POINT('',(4.13E0,3.2E-1,-5.5E0));
#1785=LINE('',#1784,#1783);
#1786=DIRECTION('',(0.E0,-1.E0,0.E0));
#1787=VECTOR('',#1786,3.E0);
#1788=CARTESIAN_POINT('',(1.0795E1,1.E0,-2.06E1));
#1789=LINE('',#1788,#1787);
#1790=DIRECTION('',(0.E0,0.E0,1.E0));
#1791=VECTOR('',#1790,1.E0);
#1792=CARTESIAN_POINT('',(1.0795E1,1.E0,-2.16E1));
#1793=LINE('',#1792,#1791);
#1794=DIRECTION('',(0.E0,0.E0,1.E0));
#1795=VECTOR('',#1794,1.5E0);
#1796=CARTESIAN_POINT('',(1.0795E1,3.975E0,-2.16E1));
#1797=LINE('',#1796,#1795);
#1798=DIRECTION('',(0.E0,0.E0,1.E0));
#1799=VECTOR('',#1798,1.E0);
#1800=CARTESIAN_POINT('',(1.0795E1,-2.E0,-2.16E1));
#1801=LINE('',#1800,#1799);
#1802=DIRECTION('',(0.E0,0.E0,1.E0));
#1803=VECTOR('',#1802,1.5E0);
#1804=CARTESIAN_POINT('',(1.0795E1,-3.975E0,-2.16E1));
#1805=LINE('',#1804,#1803);
#1806=DIRECTION('',(0.E0,-1.E0,0.E0));
#1807=VECTOR('',#1806,7.75E0);
#1808=CARTESIAN_POINT('',(1.208E1,3.875E0,-3.E-1));
#1809=LINE('',#1808,#1807);
#1810=DIRECTION('',(0.E0,0.E0,-1.E0));
#1811=VECTOR('',#1810,2.13E1);
#1812=CARTESIAN_POINT('',(1.208E1,3.875E0,-3.E-1));
#1813=LINE('',#1812,#1811);
#1814=DIRECTION('',(0.E0,-1.E0,0.E0));
#1815=VECTOR('',#1814,2.875E0);
#1816=CARTESIAN_POINT('',(1.208E1,3.875E0,-2.16E1));
#1817=LINE('',#1816,#1815);
#1818=DIRECTION('',(0.E0,0.E0,1.E0));
#1819=VECTOR('',#1818,1.E0);
#1820=CARTESIAN_POINT('',(1.208E1,1.E0,-2.16E1));
#1821=LINE('',#1820,#1819);
#1822=DIRECTION('',(0.E0,-1.E0,0.E0));
#1823=VECTOR('',#1822,3.E0);
#1824=CARTESIAN_POINT('',(1.208E1,1.E0,-2.06E1));
#1825=LINE('',#1824,#1823);
#1826=DIRECTION('',(0.E0,0.E0,1.E0));
#1827=VECTOR('',#1826,1.E0);
#1828=CARTESIAN_POINT('',(1.208E1,-2.E0,-2.16E1));
#1829=LINE('',#1828,#1827);
#1830=DIRECTION('',(0.E0,-1.E0,0.E0));
#1831=VECTOR('',#1830,1.875E0);
#1832=CARTESIAN_POINT('',(1.208E1,-2.E0,-2.16E1));
#1833=LINE('',#1832,#1831);
#1834=DIRECTION('',(0.E0,0.E0,1.E0));
#1835=VECTOR('',#1834,2.13E1);
#1836=CARTESIAN_POINT('',(1.208E1,-3.875E0,-2.16E1));
#1837=LINE('',#1836,#1835);
#1838=DIRECTION('',(-6.785983445458E-1,2.810846377148E-1,6.785983445458E-1));
#1839=VECTOR('',#1838,4.420877274624E-1);
#1840=CARTESIAN_POINT('',(1.208E1,-3.875E0,-3.E-1));
#1841=LINE('',#1840,#1839);
#1842=DIRECTION('',(-2.810846377148E-1,6.785983445458E-1,6.785983445458E-1));
#1843=VECTOR('',#1842,4.420877274624E-1);
#1844=CARTESIAN_POINT('',(1.128E1,-4.675E0,-3.E-1));
#1845=LINE('',#1844,#1843);
#1846=DIRECTION('',(7.071067811865E-1,7.071067811865E-1,0.E0));
#1847=VECTOR('',#1846,1.131370849898E0);
#1848=CARTESIAN_POINT('',(1.128E1,-4.675E0,-3.E-1));
#1849=LINE('',#1848,#1847);
#1850=DIRECTION('',(0.E0,0.E0,1.E0));
#1851=VECTOR('',#1850,1.5E0);
#1852=CARTESIAN_POINT('',(-7.08E0,-3.975E0,-2.16E1));
#1853=LINE('',#1852,#1851);
#1854=DIRECTION('',(0.E0,-1.E0,0.E0));
#1855=VECTOR('',#1854,7.E-1);
#1856=CARTESIAN_POINT('',(-7.08E0,-3.975E0,-2.16E1));
#1857=LINE('',#1856,#1855);
#1858=DIRECTION('',(0.E0,0.E0,1.E0));
#1859=VECTOR('',#1858,1.5E0);
#1860=CARTESIAN_POINT('',(-7.08E0,3.975E0,-2.16E1));
#1861=LINE('',#1860,#1859);
#1862=DIRECTION('',(0.E0,-1.E0,0.E0));
#1863=VECTOR('',#1862,7.E-1);
#1864=CARTESIAN_POINT('',(-7.08E0,4.675E0,-2.16E1));
#1865=LINE('',#1864,#1863);
#1866=DIRECTION('',(0.E0,-1.E0,0.E0));
#1867=VECTOR('',#1866,4.7E0);
#1868=CARTESIAN_POINT('',(-7.08E0,1.425E0,-2.06E1));
#1869=LINE('',#1868,#1867);
#1870=DIRECTION('',(0.E0,0.E0,1.E0));
#1871=VECTOR('',#1870,5.E-1);
#1872=CARTESIAN_POINT('',(-7.08E0,-3.275E0,-2.06E1));
#1873=LINE('',#1872,#1871);
#1874=DIRECTION('',(0.E0,0.E0,1.E0));
#1875=VECTOR('',#1874,5.E-1);
#1876=CARTESIAN_POINT('',(-7.08E0,1.425E0,-2.06E1));
#1877=LINE('',#1876,#1875);
#1878=DIRECTION('',(7.071067811865E-1,7.071067811865E-1,0.E0));
#1879=VECTOR('',#1878,1.131370849898E0);
#1880=CARTESIAN_POINT('',(-1.208E1,3.875E0,-2.16E1));
#1881=LINE('',#1880,#1879);
#1882=DIRECTION('',(0.E0,-1.E0,0.E0));
#1883=VECTOR('',#1882,2.875E0);
#1884=CARTESIAN_POINT('',(-1.208E1,3.875E0,-2.16E1));
#1885=LINE('',#1884,#1883);
#1886=DIRECTION('',(1.E0,0.E0,0.E0));
#1887=VECTOR('',#1886,1.285E0);
#1888=CARTESIAN_POINT('',(-1.208E1,1.E0,-2.16E1));
#1889=LINE('',#1888,#1887);
#1890=DIRECTION('',(0.E0,1.E0,0.E0));
#1891=VECTOR('',#1890,2.975E0);
#1892=CARTESIAN_POINT('',(-1.0795E1,1.E0,-2.16E1));
#1893=LINE('',#1892,#1891);
#1894=DIRECTION('',(-1.E0,0.E0,0.E0));
#1895=VECTOR('',#1894,3.715E0);
#1896=CARTESIAN_POINT('',(-7.08E0,3.975E0,-2.16E1));
#1897=LINE('',#1896,#1895);
#1898=DIRECTION('',(-7.071067811865E-1,7.071067811865E-1,0.E0));
#1899=VECTOR('',#1898,1.131370849898E0);
#1900=CARTESIAN_POINT('',(-1.128E1,-4.675E0,-2.16E1));
#1901=LINE('',#1900,#1899);
#1902=DIRECTION('',(-1.E0,0.E0,0.E0));
#1903=VECTOR('',#1902,3.715E0);
#1904=CARTESIAN_POINT('',(-7.08E0,-3.975E0,-2.16E1));
#1905=LINE('',#1904,#1903);
#1906=DIRECTION('',(0.E0,1.E0,0.E0));
#1907=VECTOR('',#1906,1.975E0);
#1908=CARTESIAN_POINT('',(-1.0795E1,-3.975E0,-2.16E1));
#1909=LINE('',#1908,#1907);
#1910=DIRECTION('',(1.E0,0.E0,0.E0));
#1911=VECTOR('',#1910,1.285E0);
#1912=CARTESIAN_POINT('',(-1.208E1,-2.E0,-2.16E1));
#1913=LINE('',#1912,#1911);
#1914=DIRECTION('',(0.E0,-1.E0,0.E0));
#1915=VECTOR('',#1914,1.875E0);
#1916=CARTESIAN_POINT('',(-1.208E1,-2.E0,-2.16E1));
#1917=LINE('',#1916,#1915);
#1918=DIRECTION('',(0.E0,-1.E0,0.E0));
#1919=VECTOR('',#1918,3.E0);
#1920=CARTESIAN_POINT('',(-1.0795E1,1.E0,-2.06E1));
#1921=LINE('',#1920,#1919);
#1922=DIRECTION('',(0.E0,0.E0,1.E0));
#1923=VECTOR('',#1922,1.E0);
#1924=CARTESIAN_POINT('',(-1.0795E1,-2.E0,-2.16E1));
#1925=LINE('',#1924,#1923);
#1926=DIRECTION('',(0.E0,0.E0,1.E0));
#1927=VECTOR('',#1926,1.5E0);
#1928=CARTESIAN_POINT('',(-1.0795E1,-3.975E0,-2.16E1));
#1929=LINE('',#1928,#1927);
#1930=DIRECTION('',(0.E0,0.E0,1.E0));
#1931=VECTOR('',#1930,1.E0);
#1932=CARTESIAN_POINT('',(-1.0795E1,1.E0,-2.16E1));
#1933=LINE('',#1932,#1931);
#1934=DIRECTION('',(0.E0,0.E0,1.E0));
#1935=VECTOR('',#1934,1.5E0);
#1936=CARTESIAN_POINT('',(-1.0795E1,3.975E0,-2.16E1));
#1937=LINE('',#1936,#1935);
#1938=DIRECTION('',(-7.071067811865E-1,7.071067811865E-1,0.E0));
#1939=VECTOR('',#1938,1.131370849898E0);
#1940=CARTESIAN_POINT('',(-1.128E1,-4.675E0,-3.E-1));
#1941=LINE('',#1940,#1939);
#1942=DIRECTION('',(1.E0,0.E0,0.E0));
#1943=VECTOR('',#1942,2.175E0);
#1944=CARTESIAN_POINT('',(-9.255E0,-3.275E0,-2.06E1));
#1945=LINE('',#1944,#1943);
#1946=DIRECTION('',(0.E0,0.E0,1.E0));
#1947=VECTOR('',#1946,5.E-1);
#1948=CARTESIAN_POINT('',(-9.255E0,-3.275E0,-2.06E1));
#1949=LINE('',#1948,#1947);
#1950=DIRECTION('',(0.E0,-1.E0,0.E0));
#1951=VECTOR('',#1950,4.7E0);
#1952=CARTESIAN_POINT('',(-9.255E0,1.425E0,-2.06E1));
#1953=LINE('',#1952,#1951);
#1954=DIRECTION('',(0.E0,0.E0,1.E0));
#1955=VECTOR('',#1954,5.E-1);
#1956=CARTESIAN_POINT('',(-9.255E0,1.425E0,-2.06E1));
#1957=LINE('',#1956,#1955);
#1958=DIRECTION('',(-1.E0,0.E0,0.E0));
#1959=VECTOR('',#1958,2.175E0);
#1960=CARTESIAN_POINT('',(-7.08E0,1.425E0,-2.06E1));
#1961=LINE('',#1960,#1959);
#1962=DIRECTION('',(1.E0,0.E0,0.E0));
#1963=VECTOR('',#1962,2.175E0);
#1964=CARTESIAN_POINT('',(7.08E0,-3.275E0,-2.06E1));
#1965=LINE('',#1964,#1963);
#1966=DIRECTION('',(0.E0,1.E0,0.E0));
#1967=VECTOR('',#1966,4.7E0);
#1968=CARTESIAN_POINT('',(9.255E0,-3.275E0,-2.06E1));
#1969=LINE('',#1968,#1967);
#1970=DIRECTION('',(0.E0,0.E0,1.E0));
#1971=VECTOR('',#1970,5.E-1);
#1972=CARTESIAN_POINT('',(9.255E0,-3.275E0,-2.06E1));
#1973=LINE('',#1972,#1971);
#1974=DIRECTION('',(-1.E0,0.E0,0.E0));
#1975=VECTOR('',#1974,2.175E0);
#1976=CARTESIAN_POINT('',(9.255E0,1.425E0,-2.06E1));
#1977=LINE('',#1976,#1975);
#1978=DIRECTION('',(0.E0,0.E0,1.E0));
#1979=VECTOR('',#1978,5.E-1);
#1980=CARTESIAN_POINT('',(9.255E0,1.425E0,-2.06E1));
#1981=LINE('',#1980,#1979);
#1982=CARTESIAN_POINT('',(-8.105E0,-1.27E0,-2.075E1));
#1983=DIRECTION('',(1.E0,0.E0,0.E0));
#1984=DIRECTION('',(0.E0,0.E0,1.E0));
#1985=AXIS2_PLACEMENT_3D('',#1982,#1983,#1984);
#1987=DIRECTION('',(0.E0,0.E0,1.E0));
#1988=VECTOR('',#1987,2.E-1);
#1989=CARTESIAN_POINT('',(-8.105E0,-1.42E0,-2.095E1));
#1990=LINE('',#1989,#1988);
#1991=DIRECTION('',(0.E0,-1.E0,0.E0));
#1992=VECTOR('',#1991,5.5E-1);
#1993=CARTESIAN_POINT('',(-8.105E0,-1.42E0,-2.095E1));
#1994=LINE('',#1993,#1992);
#1995=DIRECTION('',(0.E0,0.E0,1.E0));
#1996=VECTOR('',#1995,2.E-1);
#1997=CARTESIAN_POINT('',(-8.105E0,-1.12E0,-2.095E1));
#1998=LINE('',#1997,#1996);
#1999=CARTESIAN_POINT('',(-8.105E0,-1.27E0,-2.075E1));
#2000=DIRECTION('',(1.E0,0.E0,0.E0));
#2001=DIRECTION('',(0.E0,1.E0,-2.368475785867E-14));
#2002=AXIS2_PLACEMENT_3D('',#1999,#2000,#2001);
#2004=DIRECTION('',(0.E0,-1.E0,0.E0));
#2005=VECTOR('',#2004,5.5E-1);
#2006=CARTESIAN_POINT('',(-8.105E0,-5.7E-1,-2.095E1));
#2007=LINE('',#2006,#2005);
#2008=DIRECTION('',(1.E0,0.E0,0.E0));
#2009=VECTOR('',#2008,3.E-1);
#2010=CARTESIAN_POINT('',(-8.405E0,-1.12E0,-2.075E1));
#2011=LINE('',#2010,#2009);
#2012=DIRECTION('',(1.E0,0.E0,0.E0));
#2013=VECTOR('',#2012,3.E-1);
#2014=CARTESIAN_POINT('',(8.105E0,-1.12E0,-2.075E1));
#2015=LINE('',#2014,#2013);
#2016=DIRECTION('',(-4.956180200829E-1,0.E0,8.685406024874E-1));
#2017=VECTOR('',#2016,1.211951617386E0);
#2018=CARTESIAN_POINT('',(-8.475459300447E0,-1.12E0,-2.475E1));
#2019=LINE('',#2018,#2017);
#2020=CARTESIAN_POINT('',(-8.705E0,-1.12E0,-2.095E1));
#2021=DIRECTION('',(0.E0,1.E0,0.E0));
#2022=DIRECTION('',(1.E0,0.E0,7.697546304068E-14));
#2023=AXIS2_PLACEMENT_3D('',#2020,#2021,#2022);
#2025=DIRECTION('',(3.091210593527E-1,0.E0,9.510226972395E-1));
#2026=VECTOR('',#2025,2.283637449334E0);
#2027=CARTESIAN_POINT('',(-8.840306809172E0,-1.12E0,-2.330726368219E1));
#2028=LINE('',#2027,#2026);
#2029=CARTESIAN_POINT('',(-8.555E0,-1.12E0,-2.34E1));
#2030=DIRECTION('',(0.E0,1.E0,0.E0));
#2031=DIRECTION('',(-8.685406024874E-1,0.E0,-4.956180200828E-1));
#2032=AXIS2_PLACEMENT_3D('',#2029,#2030,#2031);
#2034=DIRECTION('',(-4.956180200829E-1,0.E0,8.685406024874E-1));
#2035=VECTOR('',#2034,1.327591804735E0);
#2036=CARTESIAN_POINT('',(-8.157583759005E0,-1.12E0,-2.470175279197E1));
#2037=LINE('',#2036,#2035);
#2038=CARTESIAN_POINT('',(-8.505E0,-1.12E0,-2.49E1));
#2039=DIRECTION('',(0.E0,1.E0,0.E0));
#2040=DIRECTION('',(8.685406024872E-1,0.E0,4.956180200832E-1));
#2041=AXIS2_PLACEMENT_3D('',#2038,#2039,#2040);
#2043=DIRECTION('',(-4.956180200829E-1,0.E0,8.685406024874E-1));
#2044=VECTOR('',#2043,1.211951617386E0);
#2045=CARTESIAN_POINT('',(8.034540699553E0,-1.12E0,-2.475E1));
#2046=LINE('',#2045,#2044);
#2047=CARTESIAN_POINT('',(7.805E0,-1.12E0,-2.095E1));
#2048=DIRECTION('',(0.E0,1.E0,0.E0));
#2049=DIRECTION('',(1.E0,0.E0,1.125025998287E-13));
#2050=AXIS2_PLACEMENT_3D('',#2047,#2048,#2049);
#2052=DIRECTION('',(3.091210593527E-1,0.E0,9.510226972395E-1));
#2053=VECTOR('',#2052,2.283637449334E0);
#2054=CARTESIAN_POINT('',(7.669693190828E0,-1.12E0,-2.330726368219E1));
#2055=LINE('',#2054,#2053);
#2056=CARTESIAN_POINT('',(7.955E0,-1.12E0,-2.34E1));
#2057=DIRECTION('',(0.E0,1.E0,0.E0));
#2058=DIRECTION('',(-8.685406024873E-1,0.E0,-4.956180200829E-1));
#2059=AXIS2_PLACEMENT_3D('',#2056,#2057,#2058);
#2061=DIRECTION('',(-4.956180200829E-1,0.E0,8.685406024874E-1));
#2062=VECTOR('',#2061,1.327591804735E0);
#2063=CARTESIAN_POINT('',(8.352416240995E0,-1.12E0,-2.470175279197E1));
#2064=LINE('',#2063,#2062);
#2065=CARTESIAN_POINT('',(8.005E0,-1.12E0,-2.49E1));
#2066=DIRECTION('',(0.E0,1.E0,0.E0));
#2067=DIRECTION('',(8.685406024876E-1,0.E0,4.956180200825E-1));
#2068=AXIS2_PLACEMENT_3D('',#2065,#2066,#2067);
#2070=CARTESIAN_POINT('',(-8.104999992400E0,-1.270009872882E0,
-2.489999999970E1));
#2071=CARTESIAN_POINT('',(-8.104999992400E0,-1.253389705281E0,
-2.490000210646E1));
#2072=CARTESIAN_POINT('',(-8.104949660970E0,-1.220767118686E0,
-2.489440404969E1));
#2073=CARTESIAN_POINT('',(-8.105645580377E0,-1.178817494194E0,
-2.487211883731E1));
#2074=CARTESIAN_POINT('',(-8.109104449142E0,-1.146162009234E0,
-2.483876469411E1));
#2075=CARTESIAN_POINT('',(-8.117519267003E0,-1.125050271364E0,
-2.479716089218E1));
#2076=CARTESIAN_POINT('',(-8.127815730955E0,-1.12E0,-2.476575780182E1));
#2077=CARTESIAN_POINT('',(-8.134190075645E0,-1.12E0,-2.475E1));
#2079=CARTESIAN_POINT('',(-8.091854060249E0,-1.381409911517E0,
-2.485043819799E1));
#2080=CARTESIAN_POINT('',(-8.096575794340E0,-1.373950240998E0,
-2.485871275139E1));
#2081=CARTESIAN_POINT('',(-8.102832567762E0,-1.355610868568E0,
-2.487529314813E1));
#2082=CARTESIAN_POINT('',(-8.105162721062E0,-1.317682892385E0,
-2.489455709609E1));
#2083=CARTESIAN_POINT('',(-8.104999992400E0,-1.286482209487E0,
-2.489999791168E1));
#2084=CARTESIAN_POINT('',(-8.104999992400E0,-1.270009872882E0,
-2.489999999970E1));
#2086=CARTESIAN_POINT('',(-8.034540699553E0,-1.42E0,-2.475E1));
#2087=CARTESIAN_POINT('',(-8.055844156976E0,-1.42E0,-2.478733302058E1));
#2088=CARTESIAN_POINT('',(-8.075080717643E0,-1.407909415074E0,
-2.482104392962E1));
#2089=CARTESIAN_POINT('',(-8.091854060249E0,-1.381409911517E0,
-2.485043819799E1));
#2091=DIRECTION('',(-1.E0,0.E0,0.E0));
#2092=VECTOR('',#2091,3.412692248019E-1);
#2093=CARTESIAN_POINT('',(-8.034540699553E0,-1.42E0,-2.475E1));
#2094=LINE('',#2093,#2092);
#2095=CARTESIAN_POINT('',(-8.405000007440E0,-1.269990155216E0,
-2.489999999970E1));
#2096=CARTESIAN_POINT('',(-8.405000007440E0,-1.286462402120E0,
-2.490000207534E1));
#2097=CARTESIAN_POINT('',(-8.405051717057E0,-1.318895490223E0,
-2.489452890014E1));
#2098=CARTESIAN_POINT('',(-8.404359129247E0,-1.361149407995E0,
-2.487216629381E1));
#2099=CARTESIAN_POINT('',(-8.400908135155E0,-1.393715913233E0,
-2.483889072035E1));
#2100=CARTESIAN_POINT('',(-8.392561399202E0,-1.414855814705E0,
-2.479746668029E1));
#2101=CARTESIAN_POINT('',(-8.382235730926E0,-1.42E0,-2.476588501899E1));
#2102=CARTESIAN_POINT('',(-8.375809924355E0,-1.42E0,-2.475E1));
#2104=CARTESIAN_POINT('',(-8.418145939751E0,-1.158590088483E0,
-2.485043819799E1));
#2105=CARTESIAN_POINT('',(-8.413423929445E0,-1.166050195383E0,
-2.485871323544E1));
#2106=CARTESIAN_POINT('',(-8.407167244221E0,-1.184390548192E0,
-2.487529407738E1));
#2107=CARTESIAN_POINT('',(-8.404837319391E0,-1.222317262024E0,
-2.489455700763E1));
#2108=CARTESIAN_POINT('',(-8.405000007440E0,-1.253517799828E0,
-2.489999792405E1));
#2109=CARTESIAN_POINT('',(-8.405000007440E0,-1.269990155216E0,
-2.489999999970E1));
#2111=CARTESIAN_POINT('',(-8.475459300447E0,-1.12E0,-2.475E1));
#2112=CARTESIAN_POINT('',(-8.454155843024E0,-1.12E0,-2.478733302058E1));
#2113=CARTESIAN_POINT('',(-8.434919282357E0,-1.132090584926E0,
-2.482104392962E1));
#2114=CARTESIAN_POINT('',(-8.418145939751E0,-1.158590088483E0,
-2.485043819799E1));
#2116=DIRECTION('',(1.E0,0.E0,0.E0));
#2117=VECTOR('',#2116,3.412692248019E-1);
#2118=CARTESIAN_POINT('',(-8.475459300447E0,-1.12E0,-2.475E1));
#2119=LINE('',#2118,#2117);
#2120=CARTESIAN_POINT('',(8.405000006281E0,-1.270008159518E0,
-2.489999999979E1));
#2121=CARTESIAN_POINT('',(8.405000006281E0,-1.253389641527E0,
-2.490000174080E1));
#2122=CARTESIAN_POINT('',(8.405050339642E0,-1.220767148275E0,
-2.489440421940E1));
#2123=CARTESIAN_POINT('',(8.404354419459E0,-1.178817486263E0,
-2.487211879182E1));
#2124=CARTESIAN_POINT('',(8.400895550902E0,-1.146162011369E0,
-2.483876470636E1));
#2125=CARTESIAN_POINT('',(8.392480732984E0,-1.125050270754E0,
-2.479716088868E1));
#2126=CARTESIAN_POINT('',(8.382184269045E0,-1.12E0,-2.476575780182E1));
#2127=CARTESIAN_POINT('',(8.375809924355E0,-1.12E0,-2.475E1));
#2129=CARTESIAN_POINT('',(8.418145939751E0,-1.381409911517E0,
-2.485043819799E1));
#2130=CARTESIAN_POINT('',(8.413423850893E0,-1.373949680515E0,
-2.485871337310E1));
#2131=CARTESIAN_POINT('',(8.407167115557E0,-1.355609111782E0,
-2.487529450539E1));
#2132=CARTESIAN_POINT('',(8.404837299197E0,-1.317680825720E0,
-2.489455752102E1));
#2133=CARTESIAN_POINT('',(8.405000006281E0,-1.286481226506E0,
-2.489999827403E1));
#2134=CARTESIAN_POINT('',(8.405000006281E0,-1.270008159518E0,
-2.489999999979E1));
#2136=CARTESIAN_POINT('',(8.475459300447E0,-1.42E0,-2.475E1));
#2137=CARTESIAN_POINT('',(8.454155843024E0,-1.42E0,-2.478733302058E1));
#2138=CARTESIAN_POINT('',(8.434919282357E0,-1.407909415074E0,
-2.482104392962E1));
#2139=CARTESIAN_POINT('',(8.418145939751E0,-1.381409911517E0,
-2.485043819799E1));
#2141=DIRECTION('',(-1.E0,0.E0,0.E0));
#2142=VECTOR('',#2141,3.412692248019E-1);
#2143=CARTESIAN_POINT('',(8.475459300447E0,-1.42E0,-2.475E1));
#2144=LINE('',#2143,#2142);
#2145=CARTESIAN_POINT('',(8.104999992561E0,-1.269990155430E0,
-2.489999999970E1));
#2146=CARTESIAN_POINT('',(8.104999992561E0,-1.286462402087E0,
-2.490000207529E1));
#2147=CARTESIAN_POINT('',(8.104948282943E0,-1.318895490239E0,
-2.489452890016E1));
#2148=CARTESIAN_POINT('',(8.105640870753E0,-1.361149407991E0,
-2.487216629381E1));
#2149=CARTESIAN_POINT('',(8.109091864845E0,-1.393715913234E0,
-2.483889072035E1));
#2150=CARTESIAN_POINT('',(8.117438600798E0,-1.414855814705E0,
-2.479746668029E1));
#2151=CARTESIAN_POINT('',(8.127764269074E0,-1.42E0,-2.476588501899E1));
#2152=CARTESIAN_POINT('',(8.134190075645E0,-1.42E0,-2.475E1));
#2154=CARTESIAN_POINT('',(8.091854060249E0,-1.158590088483E0,
-2.485043819799E1));
#2155=CARTESIAN_POINT('',(8.096575794343E0,-1.166049759008E0,
-2.485871275140E1));
#2156=CARTESIAN_POINT('',(8.102832567789E0,-1.184389127684E0,
-2.487529314981E1));
#2157=CARTESIAN_POINT('',(8.105162720988E0,-1.222317120866E0,
-2.489455709032E1));
#2158=CARTESIAN_POINT('',(8.104999992561E0,-1.253517762335E0,
-2.489999792410E1));
#2159=CARTESIAN_POINT('',(8.104999992561E0,-1.269990155430E0,
-2.489999999970E1));
#2161=CARTESIAN_POINT('',(8.034540699553E0,-1.12E0,-2.475E1));
#2162=CARTESIAN_POINT('',(8.055844156976E0,-1.12E0,-2.478733302058E1));
#2163=CARTESIAN_POINT('',(8.075080717643E0,-1.132090584926E0,
-2.482104392962E1));
#2164=CARTESIAN_POINT('',(8.091854060249E0,-1.158590088483E0,
-2.485043819799E1));
#2166=DIRECTION('',(1.E0,0.E0,-1.041029609647E-14));
#2167=VECTOR('',#2166,3.412692248019E-1);
#2168=CARTESIAN_POINT('',(8.034540699553E0,-1.12E0,-2.475E1));
#2169=LINE('',#2168,#2167);
#2170=DIRECTION('',(-1.085645519005E-8,1.E0,-4.303899660005E-10));
#2171=VECTOR('',#2170,7.000098728818E-1);
#2172=CARTESIAN_POINT('',(-8.104999992400E0,-1.270009872882E0,
-2.489999999970E1));
#2173=LINE('',#2172,#2171);
#2174=DIRECTION('',(0.E0,-1.E0,0.E0));
#2175=VECTOR('',#2174,1.4E0);
#2176=CARTESIAN_POINT('',(-8.105E0,-5.7E-1,-2.54E1));
#2177=LINE('',#2176,#2175);
#2178=DIRECTION('',(-1.085676143579E-8,-1.E0,-4.303970313357E-10));
#2179=VECTOR('',#2178,6.999901271182E-1);
#2180=CARTESIAN_POINT('',(-8.104999992400E0,-1.270009872882E0,
-2.489999999970E1));
#2181=LINE('',#2180,#2179);
#2182=DIRECTION('',(0.E0,-1.E0,0.E0));
#2183=VECTOR('',#2182,5.885900884832E-1);
#2184=CARTESIAN_POINT('',(-8.091854060249E0,-1.381409911517E0,
-2.485043819799E1));
#2185=LINE('',#2184,#2183);
#2186=DIRECTION('',(4.956180200829E-1,0.E0,8.685406024874E-1));
#2187=VECTOR('',#2186,1.211951617386E0);
#2188=CARTESIAN_POINT('',(-8.034540699553E0,-1.42E0,-2.475E1));
#2189=LINE('',#2188,#2187);
#2190=DIRECTION('',(1.E0,0.E0,0.E0));
#2191=VECTOR('',#2190,3.E-1);
#2192=CARTESIAN_POINT('',(-8.405E0,-1.42E0,-2.075E1));
#2193=LINE('',#2192,#2191);
#2194=CARTESIAN_POINT('',(-7.805E0,-1.42E0,-2.095E1));
#2195=DIRECTION('',(0.E0,-1.E0,0.E0));
#2196=DIRECTION('',(-1.E0,0.E0,1.125025998287E-13));
#2197=AXIS2_PLACEMENT_3D('',#2194,#2195,#2196);
#2199=DIRECTION('',(-3.091210593527E-1,0.E0,9.510226972395E-1));
#2200=VECTOR('',#2199,2.283637449334E0);
#2201=CARTESIAN_POINT('',(-7.669693190828E0,-1.42E0,-2.330726368219E1));
#2202=LINE('',#2201,#2200);
#2203=CARTESIAN_POINT('',(-7.955E0,-1.42E0,-2.34E1));
#2204=DIRECTION('',(0.E0,-1.E0,0.E0));
#2205=DIRECTION('',(8.685406024874E-1,0.E0,-4.956180200829E-1));
#2206=AXIS2_PLACEMENT_3D('',#2203,#2204,#2205);
#2208=DIRECTION('',(4.956180200829E-1,0.E0,8.685406024874E-1));
#2209=VECTOR('',#2208,1.327591804735E0);
#2210=CARTESIAN_POINT('',(-8.352416240995E0,-1.42E0,-2.470175279197E1));
#2211=LINE('',#2210,#2209);
#2212=CARTESIAN_POINT('',(-8.005E0,-1.42E0,-2.49E1));
#2213=DIRECTION('',(0.E0,-1.E0,0.E0));
#2214=DIRECTION('',(-8.685406024874E-1,0.E0,4.956180200828E-1));
#2215=AXIS2_PLACEMENT_3D('',#2212,#2213,#2214);
#2217=DIRECTION('',(4.956180200829E-1,0.E0,8.685406024874E-1));
#2218=VECTOR('',#2217,1.211951617386E0);
#2219=CARTESIAN_POINT('',(8.475459300447E0,-1.42E0,-2.475E1));
#2220=LINE('',#2219,#2218);
#2221=DIRECTION('',(1.E0,0.E0,0.E0));
#2222=VECTOR('',#2221,3.E-1);
#2223=CARTESIAN_POINT('',(8.105E0,-1.42E0,-2.075E1));
#2224=LINE('',#2223,#2222);
#2225=CARTESIAN_POINT('',(8.705E0,-1.42E0,-2.095E1));
#2226=DIRECTION('',(0.E0,-1.E0,0.E0));
#2227=DIRECTION('',(-1.E0,0.E0,2.664535259100E-13));
#2228=AXIS2_PLACEMENT_3D('',#2225,#2226,#2227);
#2230=DIRECTION('',(-3.091210593527E-1,0.E0,9.510226972395E-1));
#2231=VECTOR('',#2230,2.283637449334E0);
#2232=CARTESIAN_POINT('',(8.840306809172E0,-1.42E0,-2.330726368219E1));
#2233=LINE('',#2232,#2231);
#2234=CARTESIAN_POINT('',(8.555E0,-1.42E0,-2.34E1));
#2235=DIRECTION('',(0.E0,-1.E0,0.E0));
#2236=DIRECTION('',(8.685406024873E-1,0.E0,-4.956180200829E-1));
#2237=AXIS2_PLACEMENT_3D('',#2234,#2235,#2236);
#2239=DIRECTION('',(4.956180200829E-1,0.E0,8.685406024874E-1));
#2240=VECTOR('',#2239,1.327591804735E0);
#2241=CARTESIAN_POINT('',(8.157583759005E0,-1.42E0,-2.470175279197E1));
#2242=LINE('',#2241,#2240);
#2243=CARTESIAN_POINT('',(8.505E0,-1.42E0,-2.49E1));
#2244=DIRECTION('',(0.E0,-1.E0,0.E0));
#2245=DIRECTION('',(-8.685406024872E-1,0.E0,4.956180200832E-1));
#2246=AXIS2_PLACEMENT_3D('',#2243,#2244,#2245);
#2248=CARTESIAN_POINT('',(-7.955E0,-1.42E0,-2.34E1));
#2249=DIRECTION('',(0.E0,-1.E0,0.E0));
#2250=DIRECTION('',(8.685406024874E-1,0.E0,-4.956180200829E-1));
#2251=AXIS2_PLACEMENT_3D('',#2248,#2249,#2250);
#2253=DIRECTION('',(0.E0,-1.E0,0.E0));
#2254=VECTOR('',#2253,5.5E-1);
#2255=CARTESIAN_POINT('',(-7.433875638508E0,-1.42E0,-2.369737081205E1));
#2256=LINE('',#2255,#2254);
#2257=CARTESIAN_POINT('',(8.505E0,-1.97E0,-2.49E1));
#2258=DIRECTION('',(0.E0,-1.E0,0.E0));
#2259=DIRECTION('',(-8.685406024872E-1,0.E0,4.956180200832E-1));
#2260=AXIS2_PLACEMENT_3D('',#2257,#2258,#2259);
#2262=DIRECTION('',(4.956180200829E-1,0.E0,8.685406024874E-1));
#2263=VECTOR('',#2262,1.327591804735E0);
#2264=CARTESIAN_POINT('',(8.157583759005E0,-1.97E0,-2.470175279197E1));
#2265=LINE('',#2264,#2263);
#2266=CARTESIAN_POINT('',(8.555E0,-1.97E0,-2.34E1));
#2267=DIRECTION('',(0.E0,-1.E0,0.E0));
#2268=DIRECTION('',(8.685406024874E-1,0.E0,-4.956180200829E-1));
#2269=AXIS2_PLACEMENT_3D('',#2266,#2267,#2268);
#2271=DIRECTION('',(-3.091210593527E-1,0.E0,9.510226972395E-1));
#2272=VECTOR('',#2271,2.283637449334E0);
#2273=CARTESIAN_POINT('',(8.840306809172E0,-1.97E0,-2.330726368219E1));
#2274=LINE('',#2273,#2272);
#2275=CARTESIAN_POINT('',(8.705E0,-1.97E0,-2.095E1));
#2276=DIRECTION('',(0.E0,-1.E0,0.E0));
#2277=DIRECTION('',(-1.E0,0.E0,2.309263891220E-13));
#2278=AXIS2_PLACEMENT_3D('',#2275,#2276,#2277);
#2280=DIRECTION('',(0.E0,0.E0,-1.E0));
#2281=VECTOR('',#2280,3.5E-1);
#2282=CARTESIAN_POINT('',(8.105E0,-1.97E0,-2.06E1));
#2283=LINE('',#2282,#2281);
#2284=DIRECTION('',(0.E0,0.E0,1.E0));
#2285=VECTOR('',#2284,3.5E-1);
#2286=CARTESIAN_POINT('',(8.405E0,-1.97E0,-2.095E1));
#2287=LINE('',#2286,#2285);
#2288=CARTESIAN_POINT('',(8.705E0,-1.97E0,-2.095E1));
#2289=DIRECTION('',(0.E0,1.E0,0.E0));
#2290=DIRECTION('',(-9.510226972395E-1,0.E0,-3.091210593528E-1));
#2291=AXIS2_PLACEMENT_3D('',#2288,#2289,#2290);
#2293=DIRECTION('',(-3.091210593527E-1,0.E0,9.510226972395E-1));
#2294=VECTOR('',#2293,2.283637449334E0);
#2295=CARTESIAN_POINT('',(9.125613618344E0,-1.97E0,-2.321452736439E1));
#2296=LINE('',#2295,#2294);
#2297=CARTESIAN_POINT('',(8.555E0,-1.97E0,-2.34E1));
#2298=DIRECTION('',(0.E0,-1.E0,0.E0));
#2299=DIRECTION('',(8.685406024874E-1,0.E0,-4.956180200829E-1));
#2300=AXIS2_PLACEMENT_3D('',#2297,#2298,#2299);
#2302=DIRECTION('',(4.956180200829E-1,0.E0,8.685406024874E-1));
#2303=VECTOR('',#2302,1.327591804735E0);
#2304=CARTESIAN_POINT('',(8.418145939751E0,-1.97E0,-2.485043819799E1));
#2305=LINE('',#2304,#2303);
#2306=CARTESIAN_POINT('',(8.505E0,-1.97E0,-2.49E1));
#2307=DIRECTION('',(0.E0,1.E0,0.E0));
#2308=DIRECTION('',(-1.E0,0.E0,0.E0));
#2309=AXIS2_PLACEMENT_3D('',#2306,#2307,#2308);
#2311=DIRECTION('',(0.E0,0.E0,1.E0));
#2312=VECTOR('',#2311,5.E-1);
#2313=CARTESIAN_POINT('',(8.405E0,-1.97E0,-2.54E1));
#2314=LINE('',#2313,#2312);
#2315=DIRECTION('',(1.E0,0.E0,0.E0));
#2316=VECTOR('',#2315,3.E-1);
#2317=CARTESIAN_POINT('',(8.105E0,-1.97E0,-2.54E1));
#2318=LINE('',#2317,#2316);
#2319=DIRECTION('',(0.E0,0.E0,-1.E0));
#2320=VECTOR('',#2319,5.E-1);
#2321=CARTESIAN_POINT('',(8.105E0,-1.97E0,-2.49E1));
#2322=LINE('',#2321,#2320);
#2323=CARTESIAN_POINT('',(-8.005E0,-1.97E0,-2.49E1));
#2324=DIRECTION('',(0.E0,-1.E0,0.E0));
#2325=DIRECTION('',(-8.685406024874E-1,0.E0,4.956180200829E-1));
#2326=AXIS2_PLACEMENT_3D('',#2323,#2324,#2325);
#2328=DIRECTION('',(4.956180200829E-1,0.E0,8.685406024874E-1));
#2329=VECTOR('',#2328,1.327591804735E0);
#2330=CARTESIAN_POINT('',(-8.352416240995E0,-1.97E0,-2.470175279197E1));
#2331=LINE('',#2330,#2329);
#2332=CARTESIAN_POINT('',(-7.955E0,-1.97E0,-2.34E1));
#2333=DIRECTION('',(0.E0,-1.E0,0.E0));
#2334=DIRECTION('',(8.685406024874E-1,0.E0,-4.956180200829E-1));
#2335=AXIS2_PLACEMENT_3D('',#2332,#2333,#2334);
#2337=DIRECTION('',(-3.091210593527E-1,0.E0,9.510226972395E-1));
#2338=VECTOR('',#2337,2.283637449334E0);
#2339=CARTESIAN_POINT('',(-7.669693190828E0,-1.97E0,-2.330726368219E1));
#2340=LINE('',#2339,#2338);
#2341=CARTESIAN_POINT('',(-7.805E0,-1.97E0,-2.095E1));
#2342=DIRECTION('',(0.E0,-1.E0,0.E0));
#2343=DIRECTION('',(-1.E0,0.E0,1.125025998287E-13));
#2344=AXIS2_PLACEMENT_3D('',#2341,#2342,#2343);
#2346=DIRECTION('',(0.E0,0.E0,-1.E0));
#2347=VECTOR('',#2346,3.5E-1);
#2348=CARTESIAN_POINT('',(-8.405E0,-1.97E0,-2.06E1));
#2349=LINE('',#2348,#2347);
#2350=DIRECTION('',(0.E0,0.E0,1.E0));
#2351=VECTOR('',#2350,3.5E-1);
#2352=CARTESIAN_POINT('',(-8.105E0,-1.97E0,-2.095E1));
#2353=LINE('',#2352,#2351);
#2354=CARTESIAN_POINT('',(-7.805E0,-1.97E0,-2.095E1));
#2355=DIRECTION('',(0.E0,1.E0,0.E0));
#2356=DIRECTION('',(-9.510226972395E-1,0.E0,-3.091210593527E-1));
#2357=AXIS2_PLACEMENT_3D('',#2354,#2355,#2356);
#2359=DIRECTION('',(-3.091210593527E-1,0.E0,9.510226972395E-1));
#2360=VECTOR('',#2359,2.283637449334E0);
#2361=CARTESIAN_POINT('',(-7.384386381656E0,-1.97E0,-2.321452736439E1));
#2362=LINE('',#2361,#2360);
#2363=CARTESIAN_POINT('',(-7.955E0,-1.97E0,-2.34E1));
#2364=DIRECTION('',(0.E0,-1.E0,0.E0));
#2365=DIRECTION('',(8.685406024874E-1,0.E0,-4.956180200829E-1));
#2366=AXIS2_PLACEMENT_3D('',#2363,#2364,#2365);
#2368=DIRECTION('',(4.956180200829E-1,0.E0,8.685406024874E-1));
#2369=VECTOR('',#2368,1.327591804735E0);
#2370=CARTESIAN_POINT('',(-8.091854060249E0,-1.97E0,-2.485043819799E1));
#2371=LINE('',#2370,#2369);
#2372=CARTESIAN_POINT('',(-8.005E0,-1.97E0,-2.49E1));
#2373=DIRECTION('',(0.E0,1.E0,0.E0));
#2374=DIRECTION('',(-1.E0,0.E0,0.E0));
#2375=AXIS2_PLACEMENT_3D('',#2372,#2373,#2374);
#2377=DIRECTION('',(0.E0,0.E0,1.E0));
#2378=VECTOR('',#2377,5.E-1);
#2379=CARTESIAN_POINT('',(-8.105E0,-1.97E0,-2.54E1));
#2380=LINE('',#2379,#2378);
#2381=DIRECTION('',(1.E0,0.E0,0.E0));
#2382=VECTOR('',#2381,3.E-1);
#2383=CARTESIAN_POINT('',(-8.405E0,-1.97E0,-2.54E1));
#2384=LINE('',#2383,#2382);
#2385=DIRECTION('',(0.E0,0.E0,-1.E0));
#2386=VECTOR('',#2385,5.E-1);
#2387=CARTESIAN_POINT('',(-8.405E0,-1.97E0,-2.49E1));
#2388=LINE('',#2387,#2386);
#2389=DIRECTION('',(1.062756511882E-8,-1.E0,-4.252893733594E-10));
#2390=VECTOR('',#2389,7.000098445696E-1);
#2391=CARTESIAN_POINT('',(8.104999992561E0,-1.269990155430E0,
-2.489999999970E1));
#2392=LINE('',#2391,#2390);
#2393=DIRECTION('',(1.062786404818E-8,1.E0,-4.252911850340E-10));
#2394=VECTOR('',#2393,6.999901554304E-1);
#2395=CARTESIAN_POINT('',(8.104999992561E0,-1.269990155430E0,
-2.489999999970E1));
#2396=LINE('',#2395,#2394);
#2397=DIRECTION('',(0.E0,1.E0,-1.207194530902E-14));
#2398=VECTOR('',#2397,5.885900884832E-1);
#2399=CARTESIAN_POINT('',(8.091854060249E0,-1.158590088483E0,
-2.485043819799E1));
#2400=LINE('',#2399,#2398);
#2401=DIRECTION('',(0.E0,-1.E0,0.E0));
#2402=VECTOR('',#2401,5.5E-1);
#2403=CARTESIAN_POINT('',(7.433875638508E0,-5.7E-1,-2.369737081205E1));
#2404=LINE('',#2403,#2402);
#2405=CARTESIAN_POINT('',(-8.505E0,-5.7E-1,-2.49E1));
#2406=DIRECTION('',(0.E0,1.E0,0.E0));
#2407=DIRECTION('',(8.685406024872E-1,0.E0,4.956180200832E-1));
#2408=AXIS2_PLACEMENT_3D('',#2405,#2406,#2407);
#2410=DIRECTION('',(-4.956180200829E-1,0.E0,8.685406024874E-1));
#2411=VECTOR('',#2410,1.327591804735E0);
#2412=CARTESIAN_POINT('',(-8.157583759005E0,-5.7E-1,-2.470175279197E1));
#2413=LINE('',#2412,#2411);
#2414=CARTESIAN_POINT('',(-8.555E0,-5.7E-1,-2.34E1));
#2415=DIRECTION('',(0.E0,1.E0,0.E0));
#2416=DIRECTION('',(-8.685406024874E-1,0.E0,-4.956180200829E-1));
#2417=AXIS2_PLACEMENT_3D('',#2414,#2415,#2416);
#2419=DIRECTION('',(3.091210593527E-1,0.E0,9.510226972395E-1));
#2420=VECTOR('',#2419,2.283637449334E0);
#2421=CARTESIAN_POINT('',(-8.840306809172E0,-5.7E-1,-2.330726368219E1));
#2422=LINE('',#2421,#2420);
#2423=CARTESIAN_POINT('',(-8.705E0,-5.7E-1,-2.095E1));
#2424=DIRECTION('',(0.E0,1.E0,0.E0));
#2425=DIRECTION('',(1.E0,0.E0,5.329070518201E-14));
#2426=AXIS2_PLACEMENT_3D('',#2423,#2424,#2425);
#2428=DIRECTION('',(0.E0,0.E0,1.E0));
#2429=VECTOR('',#2428,3.5E-1);
#2430=CARTESIAN_POINT('',(-8.105E0,-5.7E-1,-2.095E1));
#2431=LINE('',#2430,#2429);
#2432=DIRECTION('',(0.E0,0.E0,-1.E0));
#2433=VECTOR('',#2432,3.5E-1);
#2434=CARTESIAN_POINT('',(-8.405E0,-5.7E-1,-2.06E1));
#2435=LINE('',#2434,#2433);
#2436=CARTESIAN_POINT('',(-8.705E0,-5.7E-1,-2.095E1));
#2437=DIRECTION('',(0.E0,1.E0,0.E0));
#2438=DIRECTION('',(1.E0,0.E0,-1.184237892933E-13));
#2439=AXIS2_PLACEMENT_3D('',#2436,#2437,#2438);
#2441=DIRECTION('',(-3.091210593527E-1,0.E0,-9.510226972395E-1));
#2442=VECTOR('',#2441,2.283637449334E0);
#2443=CARTESIAN_POINT('',(-8.419693190828E0,-5.7E-1,-2.104273631781E1));
#2444=LINE('',#2443,#2442);
#2445=CARTESIAN_POINT('',(-8.555E0,-5.7E-1,-2.34E1));
#2446=DIRECTION('',(0.E0,-1.E0,0.E0));
#2447=DIRECTION('',(-9.510226972395E-1,0.E0,3.091210593527E-1));
#2448=AXIS2_PLACEMENT_3D('',#2445,#2446,#2447);
#2450=DIRECTION('',(4.956180200829E-1,0.E0,-8.685406024874E-1));
#2451=VECTOR('',#2450,1.327591804735E0);
#2452=CARTESIAN_POINT('',(-9.076124361492E0,-5.7E-1,-2.369737081205E1));
#2453=LINE('',#2452,#2451);
#2454=CARTESIAN_POINT('',(-8.505E0,-5.7E-1,-2.49E1));
#2455=DIRECTION('',(0.E0,1.E0,0.E0));
#2456=DIRECTION('',(8.685406024873E-1,0.E0,4.956180200831E-1));
#2457=AXIS2_PLACEMENT_3D('',#2454,#2455,#2456);
#2459=DIRECTION('',(0.E0,0.E0,-1.E0));
#2460=VECTOR('',#2459,5.E-1);
#2461=CARTESIAN_POINT('',(-8.405E0,-5.7E-1,-2.49E1));
#2462=LINE('',#2461,#2460);
#2463=DIRECTION('',(1.E0,0.E0,0.E0));
#2464=VECTOR('',#2463,3.E-1);
#2465=CARTESIAN_POINT('',(-8.405E0,-5.7E-1,-2.54E1));
#2466=LINE('',#2465,#2464);
#2467=DIRECTION('',(0.E0,0.E0,1.E0));
#2468=VECTOR('',#2467,5.E-1);
#2469=CARTESIAN_POINT('',(-8.105E0,-5.7E-1,-2.54E1));
#2470=LINE('',#2469,#2468);
#2471=CARTESIAN_POINT('',(8.005E0,-5.7E-1,-2.49E1));
#2472=DIRECTION('',(0.E0,1.E0,0.E0));
#2473=DIRECTION('',(8.685406024874E-1,0.E0,4.956180200829E-1));
#2474=AXIS2_PLACEMENT_3D('',#2471,#2472,#2473);
#2476=DIRECTION('',(-4.956180200829E-1,0.E0,8.685406024874E-1));
#2477=VECTOR('',#2476,1.327591804735E0);
#2478=CARTESIAN_POINT('',(8.352416240995E0,-5.7E-1,-2.470175279197E1));
#2479=LINE('',#2478,#2477);
#2480=CARTESIAN_POINT('',(7.955E0,-5.7E-1,-2.34E1));
#2481=DIRECTION('',(0.E0,1.E0,0.E0));
#2482=DIRECTION('',(-8.685406024874E-1,0.E0,-4.956180200829E-1));
#2483=AXIS2_PLACEMENT_3D('',#2480,#2481,#2482);
#2485=DIRECTION('',(3.091210593527E-1,0.E0,9.510226972395E-1));
#2486=VECTOR('',#2485,2.283637449334E0);
#2487=CARTESIAN_POINT('',(7.669693190828E0,-5.7E-1,-2.330726368219E1));
#2488=LINE('',#2487,#2486);
#2489=CARTESIAN_POINT('',(7.805E0,-5.7E-1,-2.095E1));
#2490=DIRECTION('',(0.E0,1.E0,0.E0));
#2491=DIRECTION('',(1.E0,0.E0,1.125025998287E-13));
#2492=AXIS2_PLACEMENT_3D('',#2489,#2490,#2491);
#2494=DIRECTION('',(0.E0,0.E0,1.E0));
#2495=VECTOR('',#2494,3.5E-1);
#2496=CARTESIAN_POINT('',(8.405E0,-5.7E-1,-2.095E1));
#2497=LINE('',#2496,#2495);
#2498=DIRECTION('',(0.E0,0.E0,-1.E0));
#2499=VECTOR('',#2498,3.5E-1);
#2500=CARTESIAN_POINT('',(8.105E0,-5.7E-1,-2.06E1));
#2501=LINE('',#2500,#2499);
#2502=CARTESIAN_POINT('',(7.805E0,-5.7E-1,-2.095E1));
#2503=DIRECTION('',(0.E0,1.E0,0.E0));
#2504=DIRECTION('',(1.E0,0.E0,0.E0));
#2505=AXIS2_PLACEMENT_3D('',#2502,#2503,#2504);
#2507=DIRECTION('',(-3.091210593527E-1,0.E0,-9.510226972395E-1));
#2508=VECTOR('',#2507,2.283637449334E0);
#2509=CARTESIAN_POINT('',(8.090306809172E0,-5.7E-1,-2.104273631781E1));
#2510=LINE('',#2509,#2508);
#2511=CARTESIAN_POINT('',(7.955E0,-5.7E-1,-2.34E1));
#2512=DIRECTION('',(0.E0,-1.E0,0.E0));
#2513=DIRECTION('',(-9.510226972395E-1,0.E0,3.091210593527E-1));
#2514=AXIS2_PLACEMENT_3D('',#2511,#2512,#2513);
#2516=DIRECTION('',(4.956180200829E-1,0.E0,-8.685406024874E-1));
#2517=VECTOR('',#2516,1.327591804735E0);
#2518=CARTESIAN_POINT('',(7.433875638508E0,-5.7E-1,-2.369737081205E1));
#2519=LINE('',#2518,#2517);
#2520=CARTESIAN_POINT('',(8.005E0,-5.7E-1,-2.49E1));
#2521=DIRECTION('',(0.E0,1.E0,0.E0));
#2522=DIRECTION('',(8.685406024874E-1,0.E0,4.956180200829E-1));
#2523=AXIS2_PLACEMENT_3D('',#2520,#2521,#2522);
#2525=DIRECTION('',(0.E0,0.E0,-1.E0));
#2526=VECTOR('',#2525,5.E-1);
#2527=CARTESIAN_POINT('',(8.105E0,-5.7E-1,-2.49E1));
#2528=LINE('',#2527,#2526);
#2529=DIRECTION('',(1.E0,0.E0,0.E0));
#2530=VECTOR('',#2529,3.E-1);
#2531=CARTESIAN_POINT('',(8.105E0,-5.7E-1,-2.54E1));
#2532=LINE('',#2531,#2530);
#2533=DIRECTION('',(0.E0,0.E0,1.E0));
#2534=VECTOR('',#2533,5.E-1);
#2535=CARTESIAN_POINT('',(8.405E0,-5.7E-1,-2.54E1));
#2536=LINE('',#2535,#2534);
#2537=DIRECTION('',(1.291895883200E-14,-1.E0,-2.583791766400E-14));
#2538=VECTOR('',#2537,5.5E-1);
#2539=CARTESIAN_POINT('',(-8.157583759005E0,-5.7E-1,-2.470175279197E1));
#2540=LINE('',#2539,#2538);
#2541=DIRECTION('',(0.E0,-1.E0,0.E0));
#2542=VECTOR('',#2541,5.5E-1);
#2543=CARTESIAN_POINT('',(-8.815562180746E0,-5.7E-1,-2.354868540602E1));
#2544=LINE('',#2543,#2542);
#2545=DIRECTION('',(0.E0,-1.E0,0.E0));
#2546=VECTOR('',#2545,5.5E-1);
#2547=CARTESIAN_POINT('',(-8.840306809172E0,-5.7E-1,-2.330726368219E1));
#2548=LINE('',#2547,#2546);
#2549=DIRECTION('',(0.E0,-1.E0,1.937843824800E-14));
#2550=VECTOR('',#2549,5.5E-1);
#2551=CARTESIAN_POINT('',(-8.134386381656E0,-5.7E-1,-2.113547263561E1));
#2552=LINE('',#2551,#2550);
#2553=CARTESIAN_POINT('',(-8.405E0,-1.27E0,-2.075E1));
#2554=DIRECTION('',(1.E0,0.E0,0.E0));
#2555=DIRECTION('',(0.E0,1.E0,-2.368475785867E-14));
#2556=AXIS2_PLACEMENT_3D('',#2553,#2554,#2555);
#2558=DIRECTION('',(0.E0,0.E0,1.E0));
#2559=VECTOR('',#2558,2.E-1);
#2560=CARTESIAN_POINT('',(-8.405E0,-1.12E0,-2.095E1));
#2561=LINE('',#2560,#2559);
#2562=DIRECTION('',(0.E0,0.E0,1.E0));
#2563=VECTOR('',#2562,2.E-1);
#2564=CARTESIAN_POINT('',(-8.405E0,-1.42E0,-2.095E1));
#2565=LINE('',#2564,#2563);
#2566=CARTESIAN_POINT('',(-8.405E0,-1.27E0,-2.075E1));
#2567=DIRECTION('',(1.E0,0.E0,0.E0));
#2568=DIRECTION('',(0.E0,0.E0,1.E0));
#2569=AXIS2_PLACEMENT_3D('',#2566,#2567,#2568);
#2571=DIRECTION('',(0.E0,-1.E0,0.E0));
#2572=VECTOR('',#2571,5.5E-1);
#2573=CARTESIAN_POINT('',(-8.405E0,-1.42E0,-2.095E1));
#2574=LINE('',#2573,#2572);
#2575=CARTESIAN_POINT('',(-8.705E0,-1.12E0,-2.095E1));
#2576=DIRECTION('',(0.E0,-1.E0,0.E0));
#2577=DIRECTION('',(9.510226972395E-1,0.E0,-3.091210593527E-1));
#2578=AXIS2_PLACEMENT_3D('',#2575,#2576,#2577);
#2580=DIRECTION('',(0.E0,-1.E0,0.E0));
#2581=VECTOR('',#2580,5.5E-1);
#2582=CARTESIAN_POINT('',(-8.405E0,-5.7E-1,-2.095E1));
#2583=LINE('',#2582,#2581);
#2584=DIRECTION('',(-3.091210593527E-1,0.E0,-9.510226972395E-1));
#2585=VECTOR('',#2584,2.283637449334E0);
#2586=CARTESIAN_POINT('',(-8.419693190828E0,-1.12E0,-2.104273631781E1));
#2587=LINE('',#2586,#2585);
#2588=DIRECTION('',(0.E0,-1.E0,0.E0));
#2589=VECTOR('',#2588,5.5E-1);
#2590=CARTESIAN_POINT('',(-8.419693190828E0,-5.7E-1,-2.104273631781E1));
#2591=LINE('',#2590,#2589);
#2592=CARTESIAN_POINT('',(-8.555E0,-1.12E0,-2.34E1));
#2593=DIRECTION('',(0.E0,-1.E0,0.E0));
#2594=DIRECTION('',(-9.510226972395E-1,0.E0,3.091210593527E-1));
#2595=AXIS2_PLACEMENT_3D('',#2592,#2593,#2594);
#2597=DIRECTION('',(0.E0,-1.E0,0.E0));
#2598=VECTOR('',#2597,5.5E-1);
#2599=CARTESIAN_POINT('',(-9.125613618344E0,-5.7E-1,-2.321452736439E1));
#2600=LINE('',#2599,#2598);
#2601=DIRECTION('',(0.E0,-1.E0,0.E0));
#2602=VECTOR('',#2601,5.5E-1);
#2603=CARTESIAN_POINT('',(-9.076124361492E0,-5.7E-1,-2.369737081205E1));
#2604=LINE('',#2603,#2602);
#2605=DIRECTION('',(0.E0,-1.E0,-1.207194530902E-14));
#2606=VECTOR('',#2605,5.885900884832E-1);
#2607=CARTESIAN_POINT('',(-8.418145939751E0,-5.7E-1,-2.485043819799E1));
#2608=LINE('',#2607,#2606);
#2609=DIRECTION('',(1.062813812177E-8,1.E0,-4.253114866705E-10));
#2610=VECTOR('',#2609,6.999901552163E-1);
#2611=CARTESIAN_POINT('',(-8.405000007440E0,-1.269990155216E0,
-2.489999999970E1));
#2612=LINE('',#2611,#2610);
#2613=DIRECTION('',(1.062784425343E-8,-1.E0,-4.253096741649E-10));
#2614=VECTOR('',#2613,7.000098447837E-1);
#2615=CARTESIAN_POINT('',(-8.405000007440E0,-1.269990155216E0,
-2.489999999970E1));
#2616=LINE('',#2615,#2614);
#2617=DIRECTION('',(-1.291895883200E-14,1.E0,-1.291895883200E-14));
#2618=VECTOR('',#2617,5.5E-1);
#2619=CARTESIAN_POINT('',(-8.352416240995E0,-1.97E0,-2.470175279197E1));
#2620=LINE('',#2619,#2618);
#2621=DIRECTION('',(0.E0,1.E0,0.E0));
#2622=VECTOR('',#2621,5.5E-1);
#2623=CARTESIAN_POINT('',(-7.694437819254E0,-1.97E0,-2.354868540602E1));
#2624=LINE('',#2623,#2622);
#2625=DIRECTION('',(0.E0,1.E0,0.E0));
#2626=VECTOR('',#2625,5.5E-1);
#2627=CARTESIAN_POINT('',(-7.669693190828E0,-1.97E0,-2.330726368219E1));
#2628=LINE('',#2627,#2626);
#2629=DIRECTION('',(0.E0,1.E0,1.291895883200E-14));
#2630=VECTOR('',#2629,5.5E-1);
#2631=CARTESIAN_POINT('',(-8.375613618344E0,-1.97E0,-2.113547263561E1));
#2632=LINE('',#2631,#2630);
#2633=DIRECTION('',(0.E0,-1.E0,0.E0));
#2634=VECTOR('',#2633,1.4E0);
#2635=CARTESIAN_POINT('',(-8.405E0,-5.7E-1,-2.54E1));
#2636=LINE('',#2635,#2634);
#2637=DIRECTION('',(8.972570712813E-9,-1.E0,2.939836301142E-10));
#2638=VECTOR('',#2637,7.000081595176E-1);
#2639=CARTESIAN_POINT('',(8.405E0,-5.7E-1,-2.49E1));
#2640=LINE('',#2639,#2638);
#2641=DIRECTION('',(0.E0,-1.E0,0.E0));
#2642=VECTOR('',#2641,1.4E0);
#2643=CARTESIAN_POINT('',(8.405E0,-5.7E-1,-2.54E1));
#2644=LINE('',#2643,#2642);
#2645=DIRECTION('',(0.E0,1.E0,-1.810791796353E-14));
#2646=VECTOR('',#2645,5.885900884832E-1);
#2647=CARTESIAN_POINT('',(8.418145939751E0,-1.97E0,-2.485043819799E1));
#2648=LINE('',#2647,#2646);
#2649=DIRECTION('',(-8.972774816597E-9,-1.E0,-2.939803330784E-10));
#2650=VECTOR('',#2649,6.999918404824E-1);
#2651=CARTESIAN_POINT('',(8.405000006281E0,-1.270008159518E0,
-2.489999999979E1));
#2652=LINE('',#2651,#2650);
#2653=CARTESIAN_POINT('',(8.555E0,-1.42E0,-2.34E1));
#2654=DIRECTION('',(0.E0,-1.E0,0.E0));
#2655=DIRECTION('',(8.685406024874E-1,0.E0,-4.956180200829E-1));
#2656=AXIS2_PLACEMENT_3D('',#2653,#2654,#2655);
#2658=DIRECTION('',(0.E0,-1.E0,0.E0));
#2659=VECTOR('',#2658,5.5E-1);
#2660=CARTESIAN_POINT('',(9.076124361492E0,-1.42E0,-2.369737081205E1));
#2661=LINE('',#2660,#2659);
#2662=DIRECTION('',(-3.091210593527E-1,0.E0,9.510226972395E-1));
#2663=VECTOR('',#2662,2.283637449334E0);
#2664=CARTESIAN_POINT('',(9.125613618344E0,-1.42E0,-2.321452736439E1));
#2665=LINE('',#2664,#2663);
#2666=DIRECTION('',(0.E0,-1.E0,1.291895883200E-14));
#2667=VECTOR('',#2666,5.5E-1);
#2668=CARTESIAN_POINT('',(9.125613618344E0,-1.42E0,-2.321452736439E1));
#2669=LINE('',#2668,#2667);
#2670=CARTESIAN_POINT('',(8.705E0,-1.42E0,-2.095E1));
#2671=DIRECTION('',(0.E0,-1.E0,0.E0));
#2672=DIRECTION('',(-1.E0,0.E0,0.E0));
#2673=AXIS2_PLACEMENT_3D('',#2670,#2671,#2672);
#2675=DIRECTION('',(0.E0,-1.E0,-2.583791766400E-14));
#2676=VECTOR('',#2675,5.5E-1);
#2677=CARTESIAN_POINT('',(8.419693190828E0,-1.42E0,-2.104273631781E1));
#2678=LINE('',#2677,#2676);
#2679=CARTESIAN_POINT('',(8.405E0,-1.27E0,-2.075E1));
#2680=DIRECTION('',(1.E0,0.E0,0.E0));
#2681=DIRECTION('',(0.E0,0.E0,1.E0));
#2682=AXIS2_PLACEMENT_3D('',#2679,#2680,#2681);
#2684=DIRECTION('',(0.E0,0.E0,1.E0));
#2685=VECTOR('',#2684,2.E-1);
#2686=CARTESIAN_POINT('',(8.405E0,-1.42E0,-2.095E1));
#2687=LINE('',#2686,#2685);
#2688=DIRECTION('',(0.E0,-1.E0,1.937843824800E-14));
#2689=VECTOR('',#2688,5.5E-1);
#2690=CARTESIAN_POINT('',(8.405E0,-1.42E0,-2.095E1));
#2691=LINE('',#2690,#2689);
#2692=DIRECTION('',(0.E0,0.E0,1.E0));
#2693=VECTOR('',#2692,2.E-1);
#2694=CARTESIAN_POINT('',(8.405E0,-1.12E0,-2.095E1));
#2695=LINE('',#2694,#2693);
#2696=CARTESIAN_POINT('',(8.405E0,-1.27E0,-2.075E1));
#2697=DIRECTION('',(1.E0,0.E0,0.E0));
#2698=DIRECTION('',(0.E0,1.E0,-2.368475785867E-14));
#2699=AXIS2_PLACEMENT_3D('',#2696,#2697,#2698);
#2701=DIRECTION('',(0.E0,-1.E0,0.E0));
#2702=VECTOR('',#2701,5.5E-1);
#2703=CARTESIAN_POINT('',(8.405E0,-5.7E-1,-2.095E1));
#2704=LINE('',#2703,#2702);
#2705=DIRECTION('',(0.E0,-1.E0,0.E0));
#2706=VECTOR('',#2705,5.5E-1);
#2707=CARTESIAN_POINT('',(8.375613618344E0,-5.7E-1,-2.113547263561E1));
#2708=LINE('',#2707,#2706);
#2709=DIRECTION('',(0.E0,-1.E0,0.E0));
#2710=VECTOR('',#2709,5.5E-1);
#2711=CARTESIAN_POINT('',(7.669693190828E0,-5.7E-1,-2.330726368219E1));
#2712=LINE('',#2711,#2710);
#2713=DIRECTION('',(0.E0,-1.E0,0.E0));
#2714=VECTOR('',#2713,5.5E-1);
#2715=CARTESIAN_POINT('',(7.694437819254E0,-5.7E-1,-2.354868540602E1));
#2716=LINE('',#2715,#2714);
#2717=DIRECTION('',(4.844609562001E-14,-1.E0,-8.397323240801E-14));
#2718=VECTOR('',#2717,5.5E-1);
#2719=CARTESIAN_POINT('',(8.352416240995E0,-5.7E-1,-2.470175279197E1));
#2720=LINE('',#2719,#2718);
#2721=DIRECTION('',(0.E0,-1.E0,0.E0));
#2722=VECTOR('',#2721,1.4E0);
#2723=CARTESIAN_POINT('',(8.105E0,-5.7E-1,-2.54E1));
#2724=LINE('',#2723,#2722);
#2725=CARTESIAN_POINT('',(8.105E0,-1.27E0,-2.075E1));
#2726=DIRECTION('',(1.E0,0.E0,0.E0));
#2727=DIRECTION('',(0.E0,1.E0,-2.368475785867E-14));
#2728=AXIS2_PLACEMENT_3D('',#2725,#2726,#2727);
#2730=DIRECTION('',(0.E0,0.E0,1.E0));
#2731=VECTOR('',#2730,2.E-1);
#2732=CARTESIAN_POINT('',(8.105E0,-1.12E0,-2.095E1));
#2733=LINE('',#2732,#2731);
#2734=DIRECTION('',(0.E0,0.E0,1.E0));
#2735=VECTOR('',#2734,1.999999999999E-1);
#2736=CARTESIAN_POINT('',(8.105E0,-1.42E0,-2.095E1));
#2737=LINE('',#2736,#2735);
#2738=CARTESIAN_POINT('',(8.105E0,-1.27E0,-2.075E1));
#2739=DIRECTION('',(1.E0,0.E0,0.E0));
#2740=DIRECTION('',(0.E0,0.E0,1.E0));
#2741=AXIS2_PLACEMENT_3D('',#2738,#2739,#2740);
#2743=DIRECTION('',(0.E0,-1.E0,-1.937843824800E-14));
#2744=VECTOR('',#2743,5.5E-1);
#2745=CARTESIAN_POINT('',(8.105E0,-1.42E0,-2.095E1));
#2746=LINE('',#2745,#2744);
#2747=CARTESIAN_POINT('',(7.805E0,-1.12E0,-2.095E1));
#2748=DIRECTION('',(0.E0,-1.E0,0.E0));
#2749=DIRECTION('',(9.510226972395E-1,0.E0,-3.091210593527E-1));
#2750=AXIS2_PLACEMENT_3D('',#2747,#2748,#2749);
#2752=DIRECTION('',(0.E0,-1.E0,0.E0));
#2753=VECTOR('',#2752,5.5E-1);
#2754=CARTESIAN_POINT('',(8.105E0,-5.7E-1,-2.095E1));
#2755=LINE('',#2754,#2753);
#2756=DIRECTION('',(-3.091210593527E-1,0.E0,-9.510226972395E-1));
#2757=VECTOR('',#2756,2.283637449334E0);
#2758=CARTESIAN_POINT('',(8.090306809172E0,-1.12E0,-2.104273631781E1));
#2759=LINE('',#2758,#2757);
#2760=DIRECTION('',(0.E0,-1.E0,0.E0));
#2761=VECTOR('',#2760,5.5E-1);
#2762=CARTESIAN_POINT('',(8.090306809172E0,-5.7E-1,-2.104273631781E1));
#2763=LINE('',#2762,#2761);
#2764=CARTESIAN_POINT('',(7.955E0,-1.12E0,-2.34E1));
#2765=DIRECTION('',(0.E0,-1.E0,0.E0));
#2766=DIRECTION('',(-9.510226972395E-1,0.E0,3.091210593527E-1));
#2767=AXIS2_PLACEMENT_3D('',#2764,#2765,#2766);
#2769=DIRECTION('',(0.E0,-1.E0,0.E0));
#2770=VECTOR('',#2769,5.5E-1);
#2771=CARTESIAN_POINT('',(7.384386381656E0,-5.7E-1,-2.321452736439E1));
#2772=LINE('',#2771,#2770);
#2773=DIRECTION('',(-1.614869854E-14,1.E0,6.459479416001E-14));
#2774=VECTOR('',#2773,5.5E-1);
#2775=CARTESIAN_POINT('',(8.134386381656E0,-1.97E0,-2.113547263561E1));
#2776=LINE('',#2775,#2774);
#2777=DIRECTION('',(0.E0,1.E0,-1.937843824800E-14));
#2778=VECTOR('',#2777,5.5E-1);
#2779=CARTESIAN_POINT('',(8.840306809172E0,-1.97E0,-2.330726368219E1));
#2780=LINE('',#2779,#2778);
#2781=DIRECTION('',(0.E0,1.E0,-1.937843824800E-14));
#2782=VECTOR('',#2781,5.5E-1);
#2783=CARTESIAN_POINT('',(8.815562180746E0,-1.97E0,-2.354868540602E1));
#2784=LINE('',#2783,#2782);
#2785=DIRECTION('',(-2.260817795600E-14,1.E0,-3.229739708E-14));
#2786=VECTOR('',#2785,5.5E-1);
#2787=CARTESIAN_POINT('',(8.157583759005E0,-1.97E0,-2.470175279197E1));
#2788=LINE('',#2787,#2786);
#2789=CARTESIAN_POINT('',(-7.805E0,-1.42E0,-2.095E1));
#2790=DIRECTION('',(0.E0,-1.E0,0.E0));
#2791=DIRECTION('',(-1.E0,0.E0,0.E0));
#2792=AXIS2_PLACEMENT_3D('',#2789,#2790,#2791);
#2794=DIRECTION('',(0.E0,-1.E0,0.E0));
#2795=VECTOR('',#2794,5.5E-1);
#2796=CARTESIAN_POINT('',(-8.090306809172E0,-1.42E0,-2.104273631781E1));
#2797=LINE('',#2796,#2795);
#2798=DIRECTION('',(-3.091210593527E-1,0.E0,9.510226972395E-1));
#2799=VECTOR('',#2798,2.283637449334E0);
#2800=CARTESIAN_POINT('',(-7.384386381656E0,-1.42E0,-2.321452736439E1));
#2801=LINE('',#2800,#2799);
#2802=DIRECTION('',(0.E0,-1.E0,0.E0));
#2803=VECTOR('',#2802,5.5E-1);
#2804=CARTESIAN_POINT('',(-7.384386381656E0,-1.42E0,-2.321452736439E1));
#2805=LINE('',#2804,#2803);
#2806=DIRECTION('',(0.E0,-1.E0,0.E0));
#2807=VECTOR('',#2806,6.4E-1);
#2808=CARTESIAN_POINT('',(-4.28E0,3.2E-1,-2.016861561237E1));
#2809=LINE('',#2808,#2807);
#2810=DIRECTION('',(0.E0,-1.E0,0.E0));
#2811=VECTOR('',#2810,6.4E-1);
#2812=CARTESIAN_POINT('',(-4.76E0,3.2E-1,-2.1E1));
#2813=LINE('',#2812,#2811);
#2814=DIRECTION('',(0.E0,-1.E0,0.E0));
#2815=VECTOR('',#2814,6.4E-1);
#2816=CARTESIAN_POINT('',(-4.76E0,3.2E-1,-2.52E1));
#2817=LINE('',#2816,#2815);
#2818=DIRECTION('',(0.E0,-1.E0,0.E0));
#2819=VECTOR('',#2818,6.4E-1);
#2820=CARTESIAN_POINT('',(-5.4E0,3.2E-1,-2.52E1));
#2821=LINE('',#2820,#2819);
#2822=DIRECTION('',(0.E0,-1.E0,0.E0));
#2823=VECTOR('',#2822,6.4E-1);
#2824=CARTESIAN_POINT('',(-5.4E0,3.2E-1,-2.1E1));
#2825=LINE('',#2824,#2823);
#2826=DIRECTION('',(0.E0,-1.E0,0.E0));
#2827=VECTOR('',#2826,6.4E-1);
#2828=CARTESIAN_POINT('',(-5.88E0,3.2E-1,-2.016861561237E1));
#2829=LINE('',#2828,#2827);
#2830=DIRECTION('',(0.E0,0.E0,1.E0));
#2831=VECTOR('',#2830,6.861561236693E-2);
#2832=CARTESIAN_POINT('',(-4.28E0,-3.2E-1,-2.016861561237E1));
#2833=LINE('',#2832,#2831);
#2834=DIRECTION('',(5.E-1,0.E0,8.660254037844E-1));
#2835=VECTOR('',#2834,9.6E-1);
#2836=CARTESIAN_POINT('',(-4.76E0,-3.2E-1,-2.1E1));
#2837=LINE('',#2836,#2835);
#2838=DIRECTION('',(0.E0,0.E0,1.E0));
#2839=VECTOR('',#2838,4.2E0);
#2840=CARTESIAN_POINT('',(-4.76E0,-3.2E-1,-2.52E1));
#2841=LINE('',#2840,#2839);
#2842=DIRECTION('',(1.E0,0.E0,0.E0));
#2843=VECTOR('',#2842,6.4E-1);
#2844=CARTESIAN_POINT('',(-5.4E0,-3.2E-1,-2.52E1));
#2845=LINE('',#2844,#2843);
#2846=DIRECTION('',(0.E0,0.E0,-1.E0));
#2847=VECTOR('',#2846,4.2E0);
#2848=CARTESIAN_POINT('',(-5.4E0,-3.2E-1,-2.1E1));
#2849=LINE('',#2848,#2847);
#2850=DIRECTION('',(5.E-1,0.E0,-8.660254037844E-1));
#2851=VECTOR('',#2850,9.6E-1);
#2852=CARTESIAN_POINT('',(-5.88E0,-3.2E-1,-2.016861561237E1));
#2853=LINE('',#2852,#2851);
#2854=DIRECTION('',(0.E0,0.E0,-1.E0));
#2855=VECTOR('',#2854,6.861561236693E-2);
#2856=CARTESIAN_POINT('',(-5.88E0,-3.2E-1,-2.01E1));
#2857=LINE('',#2856,#2855);
#2858=DIRECTION('',(0.E0,0.E0,-1.E0));
#2859=VECTOR('',#2858,1.1E1);
#2860=CARTESIAN_POINT('',(-6.03E0,-3.2E-1,-5.5E0));
#2861=LINE('',#2860,#2859);
#2862=DIRECTION('',(-1.E0,0.E0,0.E0));
#2863=VECTOR('',#2862,1.9E0);
#2864=CARTESIAN_POINT('',(-4.13E0,-3.2E-1,-5.5E0));
#2865=LINE('',#2864,#2863);
#2866=DIRECTION('',(0.E0,0.E0,1.E0));
#2867=VECTOR('',#2866,1.1E1);
#2868=CARTESIAN_POINT('',(-4.13E0,-3.2E-1,-1.65E1));
#2869=LINE('',#2868,#2867);
#2870=DIRECTION('',(0.E0,-1.E0,0.E0));
#2871=VECTOR('',#2870,6.4E-1);
#2872=CARTESIAN_POINT('',(-6.03E0,3.2E-1,-5.5E0));
#2873=LINE('',#2872,#2871);
#2874=DIRECTION('',(0.E0,-1.E0,0.E0));
#2875=VECTOR('',#2874,6.4E-1);
#2876=CARTESIAN_POINT('',(-4.13E0,3.2E-1,-5.5E0));
#2877=LINE('',#2876,#2875);
#2878=DIRECTION('',(0.E0,1.E0,0.E0));
#2879=VECTOR('',#2878,1.E-1);
#2880=CARTESIAN_POINT('',(5.05E0,-4.675E0,-1.81E1));
#2881=LINE('',#2880,#2879);
#2882=DIRECTION('',(0.E0,1.E0,0.E0));
#2883=VECTOR('',#2882,1.E-1);
#2884=CARTESIAN_POINT('',(4.925E0,-4.675E0,-1.81E1));
#2885=LINE('',#2884,#2883);
#2886=DIRECTION('',(0.E0,1.E0,0.E0));
#2887=VECTOR('',#2886,1.E-1);
#2888=CARTESIAN_POINT('',(4.925E0,-4.675E0,-1.727021274567E1));
#2889=LINE('',#2888,#2887);
#2890=DIRECTION('',(0.E0,1.E0,0.E0));
#2891=VECTOR('',#2890,1.E-1);
#2892=CARTESIAN_POINT('',(4.8E0,-4.675E0,-1.741914895773E1));
#2893=LINE('',#2892,#2891);
#2894=DIRECTION('',(0.E0,1.E0,0.E0));
#2895=VECTOR('',#2894,1.E-1);
#2896=CARTESIAN_POINT('',(4.8E0,-4.675E0,-1.724893615246E1));
#2897=LINE('',#2896,#2895);
#2898=DIRECTION('',(1.776356839400E-14,1.E0,0.E0));
#2899=VECTOR('',#2898,1.E-1);
#2900=CARTESIAN_POINT('',(4.925E0,-4.675E0,-1.71E1));
#2901=LINE('',#2900,#2899);
#2902=DIRECTION('',(0.E0,1.E0,0.E0));
#2903=VECTOR('',#2902,1.E-1);
#2904=CARTESIAN_POINT('',(5.05E0,-4.675E0,-1.71E1));
#2905=LINE('',#2904,#2903);
#2906=DIRECTION('',(0.E0,0.E0,1.E0));
#2907=VECTOR('',#2906,1.E0);
#2908=CARTESIAN_POINT('',(5.05E0,-4.575E0,-1.81E1));
#2909=LINE('',#2908,#2907);
#2910=DIRECTION('',(1.E0,0.E0,0.E0));
#2911=VECTOR('',#2910,1.25E-1);
#2912=CARTESIAN_POINT('',(4.925E0,-4.575E0,-1.81E1));
#2913=LINE('',#2912,#2911);
#2914=DIRECTION('',(0.E0,0.E0,-1.E0));
#2915=VECTOR('',#2914,8.297872543335E-1);
#2916=CARTESIAN_POINT('',(4.925E0,-4.575E0,-1.727021274567E1));
#2917=LINE('',#2916,#2915);
#2918=DIRECTION('',(6.428711427642E-1,0.E0,7.659743427825E-1));
#2919=VECTOR('',#2918,1.944402099969E-1);
#2920=CARTESIAN_POINT('',(4.8E0,-4.575E0,-1.741914895773E1));
#2921=LINE('',#2920,#2919);
#2922=DIRECTION('',(0.E0,0.E0,-1.E0));
#2923=VECTOR('',#2922,1.702128052711E-1);
#2924=CARTESIAN_POINT('',(4.8E0,-4.575E0,-1.724893615246E1));
#2925=LINE('',#2924,#2923);
#2926=DIRECTION('',(-6.428712937139E-1,0.E0,-7.659742160926E-1));
#2927=VECTOR('',#2926,1.944401643412E-1);
#2928=CARTESIAN_POINT('',(4.925E0,-4.575E0,-1.71E1));
#2929=LINE('',#2928,#2927);
#2930=DIRECTION('',(-1.E0,0.E0,0.E0));
#2931=VECTOR('',#2930,1.25E-1);
#2932=CARTESIAN_POINT('',(5.05E0,-4.575E0,-1.71E1));
#2933=LINE('',#2932,#2931);
#2934=DIRECTION('',(5.466227293958E-1,0.E0,8.373790012342E-1));
#2935=VECTOR('',#2934,7.622567502990E-2);
#2936=CARTESIAN_POINT('',(-4.7725E0,-4.575E0,-1.799361701906E1));
#2937=LINE('',#2936,#2935);
#2938=DIRECTION('',(8.265992329593E-1,0.E0,5.627909985697E-1));
#2939=VECTOR('',#2938,7.561100652881E-2);
#2940=CARTESIAN_POINT('',(-4.835E0,-4.575E0,-1.803617021292E1));
#2941=LINE('',#2940,#2939);
#2942=DIRECTION('',(8.906052187617E-1,0.E0,4.547772469181E-1));
#2943=VECTOR('',#2942,9.356930737615E-2);
#2944=CARTESIAN_POINT('',(-4.918333313465E0,-4.575E0,-1.807872340493E1));
#2945=LINE('',#2944,#2943);
#2946=DIRECTION('',(9.689177195707E-1,0.E0,2.473832102262E-1));
#2947=VECTOR('',#2946,8.600662531423E-2);
#2948=CARTESIAN_POINT('',(-5.001666656733E0,-4.575E0,-1.81E1));
#2949=LINE('',#2948,#2947);
#2950=DIRECTION('',(1.E0,0.E0,0.E0));
#2951=VECTOR('',#2950,1.666666865349E-1);
#2952=CARTESIAN_POINT('',(-5.168333343267E0,-4.575E0,-1.81E1));
#2953=LINE('',#2952,#2951);
#2954=DIRECTION('',(9.689177089677E-1,0.E0,-2.473832517546E-1));
#2955=VECTOR('',#2954,8.600661087623E-2);
#2956=CARTESIAN_POINT('',(-5.251666671634E0,-4.575E0,-1.807872340493E1));
#2957=LINE('',#2956,#2955);
#2958=DIRECTION('',(8.906052516987E-1,0.E0,-4.547771824165E-1));
#2959=VECTOR('',#2958,9.356932064720E-2);
#2960=CARTESIAN_POINT('',(-5.335E0,-4.575E0,-1.803617021292E1));
#2961=LINE('',#2960,#2959);
#2962=DIRECTION('',(8.265992329593E-1,0.E0,-5.627909985697E-1));
#2963=VECTOR('',#2962,7.561100652881E-2);
#2964=CARTESIAN_POINT('',(-5.3975E0,-4.575E0,-1.799361701906E1));
#2965=LINE('',#2964,#2963);
#2966=DIRECTION('',(5.466225409156E-1,0.E0,-8.373791242699E-1));
#2967=VECTOR('',#2966,7.622566383010E-2);
#2968=CARTESIAN_POINT('',(-5.439166666046E0,-4.575E0,-1.792978723943E1));
#2969=LINE('',#2968,#2967);
#2970=DIRECTION('',(3.102800078639E-1,0.E0,-9.506452107490E-1));
#2971=VECTOR('',#2970,6.714365549247E-2);
#2972=CARTESIAN_POINT('',(-5.46E0,-4.575E0,-1.786595744491E1));
#2973=LINE('',#2972,#2971);
#2974=DIRECTION('',(-1.E0,0.E0,0.E0));
#2975=VECTOR('',#2974,1.041666641831E-1);
#2976=CARTESIAN_POINT('',(-5.355833335817E0,-4.575E0,-1.786595744491E1));
#2977=LINE('',#2976,#2975);
#2978=DIRECTION('',(-4.397135381076E-1,0.E0,8.981380764698E-1));
#2979=VECTOR('',#2978,4.737933679851E-2);
#2980=CARTESIAN_POINT('',(-5.335E0,-4.575E0,-1.790851063132E1));
#2981=LINE('',#2980,#2979);
#2982=DIRECTION('',(-6.996247526907E-1,0.E0,7.145104655794E-1));
#2983=VECTOR('',#2982,5.955574252265E-2);
#2984=CARTESIAN_POINT('',(-5.293333328366E0,-4.575E0,-1.795106383264E1));
#2985=LINE('',#2984,#2983);
#2986=DIRECTION('',(-8.906052429498E-1,0.E0,4.547771995497E-1));
#2987=VECTOR('',#2986,4.678465241744E-2);
#2988=CARTESIAN_POINT('',(-5.251666671634E0,-4.575E0,-1.797234042585E1));
#2989=LINE('',#2988,#2987);
#2990=DIRECTION('',(-9.797707111493E-1,0.E0,2.001233458994E-1));
#2991=VECTOR('',#2990,1.063173969668E-1);
#2992=CARTESIAN_POINT('',(-5.1475E0,-4.575E0,-1.799361701906E1));
#2993=LINE('',#2992,#2991);
#2994=DIRECTION('',(-1.E0,0.E0,0.E0));
#2995=VECTOR('',#2994,1.25E-1);
#2996=CARTESIAN_POINT('',(-5.0225E0,-4.575E0,-1.799361701906E1));
#2997=LINE('',#2996,#2995);
#2998=DIRECTION('',(-9.797707167625E-1,0.E0,-2.001233184181E-1));
#2999=VECTOR('',#2998,1.063174115665E-1);
#3000=CARTESIAN_POINT('',(-4.918333313465E0,-4.575E0,-1.797234042585E1));
#3001=LINE('',#3000,#2999);
#3002=DIRECTION('',(-8.906051112017E-1,0.E0,-4.547774575564E-1));
#3003=VECTOR('',#3002,4.678462587534E-2);
#3004=CARTESIAN_POINT('',(-4.876666686535E0,-4.575E0,-1.795106383264E1));
#3005=LINE('',#3004,#3003);
#3006=DIRECTION('',(-6.996248804268E-1,0.E0,-7.145103405045E-1));
#3007=VECTOR('',#3006,5.955575294787E-2);
#3008=CARTESIAN_POINT('',(-4.835E0,-4.575E0,-1.790851063132E1));
#3009=LINE('',#3008,#3007);
#3010=DIRECTION('',(-4.397131575602E-1,0.E0,-8.981382627794E-1));
#3011=VECTOR('',#3010,4.737932697015E-2);
#3012=CARTESIAN_POINT('',(-4.814166686535E0,-4.575E0,-1.786595744491E1));
#3013=LINE('',#3012,#3011);
#3014=DIRECTION('',(0.E0,0.E0,-1.E0));
#3015=VECTOR('',#3014,8.510637283325E-2);
#3016=CARTESIAN_POINT('',(-4.814166686535E0,-4.575E0,-1.778085107207E1));
#3017=LINE('',#3016,#3015);
#3018=DIRECTION('',(4.397130333538E-1,0.E0,-8.981383235887E-1));
#3019=VECTOR('',#3018,9.475868070690E-2);
#3020=CARTESIAN_POINT('',(-4.855833313465E0,-4.575E0,-1.769574466944E1));
#3021=LINE('',#3020,#3019);
#3022=DIRECTION('',(8.265992787996E-1,0.E0,-5.627909312417E-1));
#3023=VECTOR('',#3022,7.561100233569E-2);
#3024=CARTESIAN_POINT('',(-4.918333313465E0,-4.575E0,-1.765319148302E1));
#3025=LINE('',#3024,#3023);
#3026=DIRECTION('',(9.858211797109E-1,0.E0,-1.677992897283E-1));
#3027=VECTOR('',#3026,1.267978740718E-1);
#3028=CARTESIAN_POINT('',(-5.043333343267E0,-4.575E0,-1.763191488981E1));
#3029=LINE('',#3028,#3027);
#3030=DIRECTION('',(1.E0,0.E0,0.E0));
#3031=VECTOR('',#3030,8.333331346512E-2);
#3032=CARTESIAN_POINT('',(-5.126666656733E0,-4.575E0,-1.763191488981E1));
#3033=LINE('',#3032,#3031);
#3034=DIRECTION('',(0.E0,0.E0,-1.E0));
#3035=VECTOR('',#3034,8.510637283325E-2);
#3036=CARTESIAN_POINT('',(-5.126666656733E0,-4.575E0,-1.754680851698E1));
#3037=LINE('',#3036,#3035);
#3038=DIRECTION('',(-1.E0,0.E0,0.E0));
#3039=VECTOR('',#3038,8.333331346512E-2);
#3040=CARTESIAN_POINT('',(-5.043333343267E0,-4.575E0,-1.754680851698E1));
#3041=LINE('',#3040,#3039);
#3042=DIRECTION('',(-9.466499412097E-1,0.E0,-3.222636945230E-1));
#3043=VECTOR('',#3042,1.320446179319E-1);
#3044=CARTESIAN_POINT('',(-4.918333313465E0,-4.575E0,-1.750425533056E1));
#3045=LINE('',#3044,#3043);
#3046=DIRECTION('',(-6.996244945571E-1,0.E0,-7.145107183351E-1));
#3047=VECTOR('',#3046,5.955570059996E-2);
#3048=CARTESIAN_POINT('',(-4.876666686535E0,-4.575E0,-1.746170214415E1));
#3049=LINE('',#3048,#3047);
#3050=DIRECTION('',(-4.397136649566E-1,0.E0,-8.981380143666E-1));
#3051=VECTOR('',#3050,9.475868014925E-2);
#3052=CARTESIAN_POINT('',(-4.835E0,-4.575E0,-1.737659577131E1));
#3053=LINE('',#3052,#3051);
#3054=DIRECTION('',(0.E0,0.E0,-1.E0));
#3055=VECTOR('',#3054,4.255324602127E-2);
#3056=CARTESIAN_POINT('',(-4.835E0,-4.575E0,-1.733404252529E1));
#3057=LINE('',#3056,#3055);
#3058=DIRECTION('',(5.466227293958E-1,0.E0,-8.373790012342E-1));
#3059=VECTOR('',#3058,7.622567502990E-2);
#3060=CARTESIAN_POINT('',(-4.876666686535E0,-4.575E0,-1.727021274567E1));
#3061=LINE('',#3060,#3059);
#3062=DIRECTION('',(8.265992787996E-1,0.E0,-5.627909312417E-1));
#3063=VECTOR('',#3062,7.561100233569E-2);
#3064=CARTESIAN_POINT('',(-4.939166686535E0,-4.575E0,-1.722765955925E1));
#3065=LINE('',#3064,#3063);
#3066=DIRECTION('',(9.797707055361E-1,0.E0,-2.001233733807E-1));
#3067=VECTOR('',#3066,1.063173823671E-1);
#3068=CARTESIAN_POINT('',(-5.043333343267E0,-4.575E0,-1.720638296604E1));
#3069=LINE('',#3068,#3067);
#3070=DIRECTION('',(1.E0,0.E0,0.E0));
#3071=VECTOR('',#3070,8.333331346512E-2);
#3072=CARTESIAN_POINT('',(-5.126666656733E0,-4.575E0,-1.720638296604E1));
#3073=LINE('',#3072,#3071);
#3074=DIRECTION('',(9.797707111493E-1,0.E0,2.001233458994E-1));
#3075=VECTOR('',#3074,1.063173969668E-1);
#3076=CARTESIAN_POINT('',(-5.230833328366E0,-4.575E0,-1.722765955925E1));
#3077=LINE('',#3076,#3075);
#3078=DIRECTION('',(8.265992787996E-1,0.E0,5.627909312417E-1));
#3079=VECTOR('',#3078,7.561100233569E-2);
#3080=CARTESIAN_POINT('',(-5.293333328366E0,-4.575E0,-1.727021274567E1));
#3081=LINE('',#3080,#3079);
#3082=DIRECTION('',(5.466225923193E-1,0.E0,8.373790907147E-1));
#3083=VECTOR('',#3082,7.622566688459E-2);
#3084=CARTESIAN_POINT('',(-5.335E0,-4.575E0,-1.733404252529E1));
#3085=LINE('',#3084,#3083);
#3086=DIRECTION('',(1.E0,0.E0,0.E0));
#3087=VECTOR('',#3086,1.041666660458E-1);
#3088=CARTESIAN_POINT('',(-5.439166666046E0,-4.575E0,-1.733404252529E1));
#3089=LINE('',#3088,#3087);
#3090=DIRECTION('',(-2.377713591533E-1,0.E0,-9.713211522284E-1));
#3091=VECTOR('',#3090,8.761919025237E-2);
#3092=CARTESIAN_POINT('',(-5.418333332092E0,-4.575E0,-1.724893615246E1));
#3093=LINE('',#3092,#3091);
#3094=DIRECTION('',(-6.996248298646E-1,0.E0,-7.145103900133E-1));
#3095=VECTOR('',#3094,1.191114559323E-1);
#3096=CARTESIAN_POINT('',(-5.335E0,-4.575E0,-1.716382977962E1));
#3097=LINE('',#3096,#3095);
#3098=DIRECTION('',(-8.906052758868E-1,0.E0,-4.547771350481E-1));
#3099=VECTOR('',#3098,9.356931810594E-2);
#3100=CARTESIAN_POINT('',(-5.251666671634E0,-4.575E0,-1.712127659321E1));
#3101=LINE('',#3100,#3099);
#3102=DIRECTION('',(-9.895240333173E-1,0.E0,-1.443682357291E-1));
#3103=VECTOR('',#3102,1.473772475009E-1);
#3104=CARTESIAN_POINT('',(-5.105833343267E0,-4.575E0,-1.71E1));
#3105=LINE('',#3104,#3103);
#3106=DIRECTION('',(-1.E0,0.E0,0.E0));
#3107=VECTOR('',#3106,4.166668653488E-2);
#3108=CARTESIAN_POINT('',(-5.064166656733E0,-4.575E0,-1.71E1));
#3109=LINE('',#3108,#3107);
#3110=DIRECTION('',(-9.895240354246E-1,0.E0,1.443682212851E-1));
#3111=VECTOR('',#3110,1.473772622459E-1);
#3112=CARTESIAN_POINT('',(-4.918333313465E0,-4.575E0,-1.712127659321E1));
#3113=LINE('',#3112,#3111);
#3114=DIRECTION('',(-8.906052429498E-1,0.E0,4.547771995497E-1));
#3115=VECTOR('',#3114,9.356930483489E-2);
#3116=CARTESIAN_POINT('',(-4.835E0,-4.575E0,-1.716382977962E1));
#3117=LINE('',#3116,#3115);
#3118=DIRECTION('',(-6.996247500295E-1,0.E0,7.145104681851E-1));
#3119=VECTOR('',#3118,1.191114429008E-1);
#3120=CARTESIAN_POINT('',(-4.751666686535E0,-4.575E0,-1.724893615246E1));
#3121=LINE('',#3120,#3119);
#3122=DIRECTION('',(-2.377717803411E-1,0.E0,9.713210491251E-1));
#3123=VECTOR('',#3122,8.761919955293E-2);
#3124=CARTESIAN_POINT('',(-4.730833313465E0,-4.575E0,-1.733404252529E1));
#3125=LINE('',#3124,#3123);
#3126=DIRECTION('',(0.E0,0.E0,1.E0));
#3127=VECTOR('',#3126,4.255324602127E-2);
#3128=CARTESIAN_POINT('',(-4.730833313465E0,-4.575E0,-1.737659577131E1));
#3129=LINE('',#3128,#3127);
#3130=DIRECTION('',(2.377717803411E-1,0.E0,9.713210491251E-1));
#3131=VECTOR('',#3130,8.761919955293E-2);
#3132=CARTESIAN_POINT('',(-4.751666686535E0,-4.575E0,-1.746170214415E1));
#3133=LINE('',#3132,#3131);
#3134=DIRECTION('',(5.466221810895E-1,0.E0,8.373793591563E-1));
#3135=VECTOR('',#3134,7.622564244867E-2);
#3136=CARTESIAN_POINT('',(-4.793333313465E0,-4.575E0,-1.752553192377E1));
#3137=LINE('',#3136,#3135);
#3138=DIRECTION('',(7.938783209665E-1,0.E0,6.080766493621E-1));
#3139=VECTOR('',#3138,1.049699568170E-1);
#3140=CARTESIAN_POINT('',(-4.876666686535E0,-4.575E0,-1.758936170340E1));
#3141=LINE('',#3140,#3139);
#3142=DIRECTION('',(-9.257351324985E-1,0.E0,3.781725326593E-1));
#3143=VECTOR('',#3142,1.125232076412E-1);
#3144=CARTESIAN_POINT('',(-4.7725E0,-4.575E0,-1.763191488981E1));
#3145=LINE('',#3144,#3143);
#3146=DIRECTION('',(-5.466227293958E-1,0.E0,8.373790012342E-1));
#3147=VECTOR('',#3146,7.622567502990E-2);
#3148=CARTESIAN_POINT('',(-4.730833313465E0,-4.575E0,-1.769574466944E1));
#3149=LINE('',#3148,#3147);
#3150=DIRECTION('',(-2.377710599762E-1,0.E0,9.713212254645E-1));
#3151=VECTOR('',#3150,8.761921432828E-2);
#3152=CARTESIAN_POINT('',(-4.71E0,-4.575E0,-1.778085107207E1));
#3153=LINE('',#3152,#3151);
#3154=DIRECTION('',(0.E0,0.E0,1.E0));
#3155=VECTOR('',#3154,8.510637283325E-2);
#3156=CARTESIAN_POINT('',(-4.71E0,-4.575E0,-1.786595744491E1));
#3157=LINE('',#3156,#3155);
#3158=DIRECTION('',(3.102797320889E-1,0.E0,9.506453007588E-1));
#3159=VECTOR('',#3158,6.714364913512E-2);
#3160=CARTESIAN_POINT('',(-4.730833313465E0,-4.575E0,-1.792978723943E1));
#3161=LINE('',#3160,#3159);
#3162=DIRECTION('',(0.E0,1.E0,0.E0));
#3163=VECTOR('',#3162,1.E-1);
#3164=CARTESIAN_POINT('',(-4.7725E0,-4.675E0,-1.799361701906E1));
#3165=LINE('',#3164,#3163);
#3166=DIRECTION('',(-1.776356839400E-14,1.E0,0.E0));
#3167=VECTOR('',#3166,1.E-1);
#3168=CARTESIAN_POINT('',(-4.835E0,-4.675E0,-1.803617021292E1));
#3169=LINE('',#3168,#3167);
#3170=DIRECTION('',(0.E0,1.E0,0.E0));
#3171=VECTOR('',#3170,1.E-1);
#3172=CARTESIAN_POINT('',(-4.918333313465E0,-4.675E0,-1.807872340493E1));
#3173=LINE('',#3172,#3171);
#3174=DIRECTION('',(0.E0,1.E0,0.E0));
#3175=VECTOR('',#3174,1.E-1);
#3176=CARTESIAN_POINT('',(-5.001666656733E0,-4.675E0,-1.81E1));
#3177=LINE('',#3176,#3175);
#3178=DIRECTION('',(0.E0,1.E0,0.E0));
#3179=VECTOR('',#3178,1.E-1);
#3180=CARTESIAN_POINT('',(-5.168333343267E0,-4.675E0,-1.81E1));
#3181=LINE('',#3180,#3179);
#3182=DIRECTION('',(0.E0,1.E0,0.E0));
#3183=VECTOR('',#3182,1.E-1);
#3184=CARTESIAN_POINT('',(-5.251666671634E0,-4.675E0,-1.807872340493E1));
#3185=LINE('',#3184,#3183);
#3186=DIRECTION('',(0.E0,1.E0,0.E0));
#3187=VECTOR('',#3186,1.E-1);
#3188=CARTESIAN_POINT('',(-5.335E0,-4.675E0,-1.803617021292E1));
#3189=LINE('',#3188,#3187);
#3190=DIRECTION('',(0.E0,1.E0,0.E0));
#3191=VECTOR('',#3190,1.E-1);
#3192=CARTESIAN_POINT('',(-5.3975E0,-4.675E0,-1.799361701906E1));
#3193=LINE('',#3192,#3191);
#3194=DIRECTION('',(0.E0,1.E0,0.E0));
#3195=VECTOR('',#3194,1.E-1);
#3196=CARTESIAN_POINT('',(-5.439166666046E0,-4.675E0,-1.792978723943E1));
#3197=LINE('',#3196,#3195);
#3198=DIRECTION('',(0.E0,1.E0,0.E0));
#3199=VECTOR('',#3198,1.E-1);
#3200=CARTESIAN_POINT('',(-5.46E0,-4.675E0,-1.786595744491E1));
#3201=LINE('',#3200,#3199);
#3202=DIRECTION('',(0.E0,1.E0,0.E0));
#3203=VECTOR('',#3202,1.E-1);
#3204=CARTESIAN_POINT('',(-5.355833335817E0,-4.675E0,-1.786595744491E1));
#3205=LINE('',#3204,#3203);
#3206=DIRECTION('',(1.776356839400E-14,1.E0,0.E0));
#3207=VECTOR('',#3206,1.E-1);
#3208=CARTESIAN_POINT('',(-5.335E0,-4.675E0,-1.790851063132E1));
#3209=LINE('',#3208,#3207);
#3210=DIRECTION('',(0.E0,1.E0,0.E0));
#3211=VECTOR('',#3210,1.E-1);
#3212=CARTESIAN_POINT('',(-5.293333328366E0,-4.675E0,-1.795106383264E1));
#3213=LINE('',#3212,#3211);
#3214=DIRECTION('',(0.E0,1.E0,0.E0));
#3215=VECTOR('',#3214,1.E-1);
#3216=CARTESIAN_POINT('',(-5.251666671634E0,-4.675E0,-1.797234042585E1));
#3217=LINE('',#3216,#3215);
#3218=DIRECTION('',(0.E0,1.E0,0.E0));
#3219=VECTOR('',#3218,1.E-1);
#3220=CARTESIAN_POINT('',(-5.1475E0,-4.675E0,-1.799361701906E1));
#3221=LINE('',#3220,#3219);
#3222=DIRECTION('',(0.E0,1.E0,0.E0));
#3223=VECTOR('',#3222,1.E-1);
#3224=CARTESIAN_POINT('',(-5.0225E0,-4.675E0,-1.799361701906E1));
#3225=LINE('',#3224,#3223);
#3226=DIRECTION('',(0.E0,1.E0,0.E0));
#3227=VECTOR('',#3226,1.E-1);
#3228=CARTESIAN_POINT('',(-4.918333313465E0,-4.675E0,-1.797234042585E1));
#3229=LINE('',#3228,#3227);
#3230=DIRECTION('',(0.E0,1.E0,0.E0));
#3231=VECTOR('',#3230,1.E-1);
#3232=CARTESIAN_POINT('',(-4.876666686535E0,-4.675E0,-1.795106383264E1));
#3233=LINE('',#3232,#3231);
#3234=DIRECTION('',(0.E0,1.E0,0.E0));
#3235=VECTOR('',#3234,1.E-1);
#3236=CARTESIAN_POINT('',(-4.835E0,-4.675E0,-1.790851063132E1));
#3237=LINE('',#3236,#3235);
#3238=DIRECTION('',(0.E0,1.E0,0.E0));
#3239=VECTOR('',#3238,1.E-1);
#3240=CARTESIAN_POINT('',(-4.814166686535E0,-4.675E0,-1.786595744491E1));
#3241=LINE('',#3240,#3239);
#3242=DIRECTION('',(0.E0,1.E0,0.E0));
#3243=VECTOR('',#3242,1.E-1);
#3244=CARTESIAN_POINT('',(-4.814166686535E0,-4.675E0,-1.778085107207E1));
#3245=LINE('',#3244,#3243);
#3246=DIRECTION('',(0.E0,1.E0,0.E0));
#3247=VECTOR('',#3246,1.E-1);
#3248=CARTESIAN_POINT('',(-4.855833313465E0,-4.675E0,-1.769574466944E1));
#3249=LINE('',#3248,#3247);
#3250=DIRECTION('',(0.E0,1.E0,0.E0));
#3251=VECTOR('',#3250,1.E-1);
#3252=CARTESIAN_POINT('',(-4.918333313465E0,-4.675E0,-1.765319148302E1));
#3253=LINE('',#3252,#3251);
#3254=DIRECTION('',(0.E0,1.E0,0.E0));
#3255=VECTOR('',#3254,1.E-1);
#3256=CARTESIAN_POINT('',(-5.043333343267E0,-4.675E0,-1.763191488981E1));
#3257=LINE('',#3256,#3255);
#3258=DIRECTION('',(0.E0,1.E0,0.E0));
#3259=VECTOR('',#3258,1.E-1);
#3260=CARTESIAN_POINT('',(-5.126666656733E0,-4.675E0,-1.763191488981E1));
#3261=LINE('',#3260,#3259);
#3262=DIRECTION('',(0.E0,1.E0,0.E0));
#3263=VECTOR('',#3262,1.E-1);
#3264=CARTESIAN_POINT('',(-5.126666656733E0,-4.675E0,-1.754680851698E1));
#3265=LINE('',#3264,#3263);
#3266=DIRECTION('',(0.E0,1.E0,0.E0));
#3267=VECTOR('',#3266,1.E-1);
#3268=CARTESIAN_POINT('',(-5.043333343267E0,-4.675E0,-1.754680851698E1));
#3269=LINE('',#3268,#3267);
#3270=DIRECTION('',(0.E0,1.E0,0.E0));
#3271=VECTOR('',#3270,1.E-1);
#3272=CARTESIAN_POINT('',(-4.918333313465E0,-4.675E0,-1.750425533056E1));
#3273=LINE('',#3272,#3271);
#3274=DIRECTION('',(0.E0,1.E0,0.E0));
#3275=VECTOR('',#3274,1.E-1);
#3276=CARTESIAN_POINT('',(-4.876666686535E0,-4.675E0,-1.746170214415E1));
#3277=LINE('',#3276,#3275);
#3278=DIRECTION('',(0.E0,1.E0,0.E0));
#3279=VECTOR('',#3278,1.E-1);
#3280=CARTESIAN_POINT('',(-4.835E0,-4.675E0,-1.737659577131E1));
#3281=LINE('',#3280,#3279);
#3282=DIRECTION('',(0.E0,1.E0,0.E0));
#3283=VECTOR('',#3282,1.E-1);
#3284=CARTESIAN_POINT('',(-4.835E0,-4.675E0,-1.733404252529E1));
#3285=LINE('',#3284,#3283);
#3286=DIRECTION('',(0.E0,1.E0,3.552713678800E-14));
#3287=VECTOR('',#3286,1.E-1);
#3288=CARTESIAN_POINT('',(-4.876666686535E0,-4.675E0,-1.727021274567E1));
#3289=LINE('',#3288,#3287);
#3290=DIRECTION('',(0.E0,1.E0,0.E0));
#3291=VECTOR('',#3290,1.E-1);
#3292=CARTESIAN_POINT('',(-4.939166686535E0,-4.675E0,-1.722765955925E1));
#3293=LINE('',#3292,#3291);
#3294=DIRECTION('',(0.E0,1.E0,0.E0));
#3295=VECTOR('',#3294,1.E-1);
#3296=CARTESIAN_POINT('',(-5.043333343267E0,-4.675E0,-1.720638296604E1));
#3297=LINE('',#3296,#3295);
#3298=DIRECTION('',(0.E0,1.E0,0.E0));
#3299=VECTOR('',#3298,1.E-1);
#3300=CARTESIAN_POINT('',(-5.126666656733E0,-4.675E0,-1.720638296604E1));
#3301=LINE('',#3300,#3299);
#3302=DIRECTION('',(0.E0,1.E0,0.E0));
#3303=VECTOR('',#3302,1.E-1);
#3304=CARTESIAN_POINT('',(-5.230833328366E0,-4.675E0,-1.722765955925E1));
#3305=LINE('',#3304,#3303);
#3306=DIRECTION('',(0.E0,1.E0,3.552713678800E-14));
#3307=VECTOR('',#3306,1.E-1);
#3308=CARTESIAN_POINT('',(-5.293333328366E0,-4.675E0,-1.727021274567E1));
#3309=LINE('',#3308,#3307);
#3310=DIRECTION('',(1.776356839400E-14,1.E0,0.E0));
#3311=VECTOR('',#3310,1.E-1);
#3312=CARTESIAN_POINT('',(-5.335E0,-4.675E0,-1.733404252529E1));
#3313=LINE('',#3312,#3311);
#3314=DIRECTION('',(0.E0,1.E0,0.E0));
#3315=VECTOR('',#3314,1.E-1);
#3316=CARTESIAN_POINT('',(-5.439166666046E0,-4.675E0,-1.733404252529E1));
#3317=LINE('',#3316,#3315);
#3318=DIRECTION('',(0.E0,1.E0,0.E0));
#3319=VECTOR('',#3318,1.E-1);
#3320=CARTESIAN_POINT('',(-5.418333332092E0,-4.675E0,-1.724893615246E1));
#3321=LINE('',#3320,#3319);
#3322=DIRECTION('',(1.776356839400E-14,1.E0,0.E0));
#3323=VECTOR('',#3322,1.E-1);
#3324=CARTESIAN_POINT('',(-5.335E0,-4.675E0,-1.716382977962E1));
#3325=LINE('',#3324,#3323);
#3326=DIRECTION('',(0.E0,1.E0,0.E0));
#3327=VECTOR('',#3326,1.E-1);
#3328=CARTESIAN_POINT('',(-5.251666671634E0,-4.675E0,-1.712127659321E1));
#3329=LINE('',#3328,#3327);
#3330=DIRECTION('',(0.E0,1.E0,0.E0));
#3331=VECTOR('',#3330,1.E-1);
#3332=CARTESIAN_POINT('',(-5.105833343267E0,-4.675E0,-1.71E1));
#3333=LINE('',#3332,#3331);
#3334=DIRECTION('',(0.E0,1.E0,0.E0));
#3335=VECTOR('',#3334,1.E-1);
#3336=CARTESIAN_POINT('',(-5.064166656733E0,-4.675E0,-1.71E1));
#3337=LINE('',#3336,#3335);
#3338=DIRECTION('',(0.E0,1.E0,0.E0));
#3339=VECTOR('',#3338,1.E-1);
#3340=CARTESIAN_POINT('',(-4.918333313465E0,-4.675E0,-1.712127659321E1));
#3341=LINE('',#3340,#3339);
#3342=DIRECTION('',(0.E0,1.E0,0.E0));
#3343=VECTOR('',#3342,1.E-1);
#3344=CARTESIAN_POINT('',(-4.835E0,-4.675E0,-1.716382977962E1));
#3345=LINE('',#3344,#3343);
#3346=DIRECTION('',(0.E0,1.E0,0.E0));
#3347=VECTOR('',#3346,1.E-1);
#3348=CARTESIAN_POINT('',(-4.751666686535E0,-4.675E0,-1.724893615246E1));
#3349=LINE('',#3348,#3347);
#3350=DIRECTION('',(0.E0,1.E0,0.E0));
#3351=VECTOR('',#3350,1.E-1);
#3352=CARTESIAN_POINT('',(-4.730833313465E0,-4.675E0,-1.733404252529E1));
#3353=LINE('',#3352,#3351);
#3354=DIRECTION('',(0.E0,1.E0,0.E0));
#3355=VECTOR('',#3354,1.E-1);
#3356=CARTESIAN_POINT('',(-4.730833313465E0,-4.675E0,-1.737659577131E1));
#3357=LINE('',#3356,#3355);
#3358=DIRECTION('',(0.E0,1.E0,0.E0));
#3359=VECTOR('',#3358,1.E-1);
#3360=CARTESIAN_POINT('',(-4.751666686535E0,-4.675E0,-1.746170214415E1));
#3361=LINE('',#3360,#3359);
#3362=DIRECTION('',(0.E0,1.E0,0.E0));
#3363=VECTOR('',#3362,1.E-1);
#3364=CARTESIAN_POINT('',(-4.793333313465E0,-4.675E0,-1.752553192377E1));
#3365=LINE('',#3364,#3363);
#3366=DIRECTION('',(0.E0,1.E0,0.E0));
#3367=VECTOR('',#3366,1.E-1);
#3368=CARTESIAN_POINT('',(-4.876666686535E0,-4.675E0,-1.758936170340E1));
#3369=LINE('',#3368,#3367);
#3370=DIRECTION('',(0.E0,1.E0,0.E0));
#3371=VECTOR('',#3370,1.E-1);
#3372=CARTESIAN_POINT('',(-4.7725E0,-4.675E0,-1.763191488981E1));
#3373=LINE('',#3372,#3371);
#3374=DIRECTION('',(0.E0,1.E0,0.E0));
#3375=VECTOR('',#3374,1.E-1);
#3376=CARTESIAN_POINT('',(-4.730833313465E0,-4.675E0,-1.769574466944E1));
#3377=LINE('',#3376,#3375);
#3378=DIRECTION('',(0.E0,1.E0,0.E0));
#3379=VECTOR('',#3378,1.E-1);
#3380=CARTESIAN_POINT('',(-4.71E0,-4.675E0,-1.778085107207E1));
#3381=LINE('',#3380,#3379);
#3382=DIRECTION('',(0.E0,1.E0,0.E0));
#3383=VECTOR('',#3382,1.E-1);
#3384=CARTESIAN_POINT('',(-4.71E0,-4.675E0,-1.786595744491E1));
#3385=LINE('',#3384,#3383);
#3386=DIRECTION('',(0.E0,1.E0,0.E0));
#3387=VECTOR('',#3386,1.E-1);
#3388=CARTESIAN_POINT('',(-4.730833313465E0,-4.675E0,-1.792978723943E1));
#3389=LINE('',#3388,#3387);
#3390=CARTESIAN_POINT('',(-7.08E0,-4.675E0,-2.01E1));
#3391=CARTESIAN_POINT('',(-7.08E0,-4.675E0,-2.16E1));
#3392=VERTEX_POINT('',#3390);
#3393=VERTEX_POINT('',#3391);
#3394=CARTESIAN_POINT('',(-3.04E0,-4.675E0,-2.01E1));
#3395=VERTEX_POINT('',#3394);
#3396=CARTESIAN_POINT('',(-3.04E0,-4.675E0,-2.16E1));
#3397=VERTEX_POINT('',#3396);
#3398=CARTESIAN_POINT('',(-2.04E0,-4.675E0,-2.16E1));
#3399=VERTEX_POINT('',#3398);
#3400=CARTESIAN_POINT('',(-2.04E0,-4.675E0,-2.01E1));
#3401=VERTEX_POINT('',#3400);
#3402=CARTESIAN_POINT('',(2.04E0,-4.675E0,-2.01E1));
#3403=VERTEX_POINT('',#3402);
#3404=CARTESIAN_POINT('',(2.04E0,-4.675E0,-2.16E1));
#3405=VERTEX_POINT('',#3404);
#3406=CARTESIAN_POINT('',(3.04E0,-4.675E0,-2.16E1));
#3407=VERTEX_POINT('',#3406);
#3408=CARTESIAN_POINT('',(3.04E0,-4.675E0,-2.01E1));
#3409=VERTEX_POINT('',#3408);
#3410=CARTESIAN_POINT('',(7.08E0,-4.675E0,-2.01E1));
#3411=VERTEX_POINT('',#3410);
#3412=CARTESIAN_POINT('',(7.08E0,-4.675E0,-2.16E1));
#3413=VERTEX_POINT('',#3412);
#3414=CARTESIAN_POINT('',(-7.08E0,4.675E0,-2.01E1));
#3415=CARTESIAN_POINT('',(-7.08E0,4.675E0,-2.16E1));
#3416=VERTEX_POINT('',#3414);
#3417=VERTEX_POINT('',#3415);
#3418=CARTESIAN_POINT('',(-3.04E0,4.675E0,-2.01E1));
#3419=VERTEX_POINT('',#3418);
#3420=CARTESIAN_POINT('',(-3.04E0,4.675E0,-2.16E1));
#3421=VERTEX_POINT('',#3420);
#3422=CARTESIAN_POINT('',(-2.04E0,4.675E0,-2.16E1));
#3423=VERTEX_POINT('',#3422);
#3424=CARTESIAN_POINT('',(-2.04E0,4.675E0,-2.01E1));
#3425=VERTEX_POINT('',#3424);
#3426=CARTESIAN_POINT('',(2.04E0,4.675E0,-2.01E1));
#3427=VERTEX_POINT('',#3426);
#3428=CARTESIAN_POINT('',(2.04E0,4.675E0,-2.16E1));
#3429=VERTEX_POINT('',#3428);
#3430=CARTESIAN_POINT('',(3.04E0,4.675E0,-2.16E1));
#3431=VERTEX_POINT('',#3430);
#3432=CARTESIAN_POINT('',(3.04E0,4.675E0,-2.01E1));
#3433=VERTEX_POINT('',#3432);
#3434=CARTESIAN_POINT('',(7.08E0,4.675E0,-2.01E1));
#3435=VERTEX_POINT('',#3434);
#3436=CARTESIAN_POINT('',(7.08E0,4.675E0,-2.16E1));
#3437=VERTEX_POINT('',#3436);
#3438=CARTESIAN_POINT('',(1.0795E1,-2.475E0,-1.65E1));
#3439=CARTESIAN_POINT('',(1.0795E1,-2.475E0,-2.284290441565E0));
#3440=VERTEX_POINT('',#3438);
#3441=VERTEX_POINT('',#3439);
#3442=CARTESIAN_POINT('',(1.0795E1,2.475E0,-1.65E1));
#3443=CARTESIAN_POINT('',(1.0795E1,2.475E0,-2.284290441565E0));
#3444=VERTEX_POINT('',#3442);
#3445=VERTEX_POINT('',#3443);
#3446=CARTESIAN_POINT('',(9.895E0,-2.475E0,-1.65E1));
#3447=VERTEX_POINT('',#3446);
#3448=CARTESIAN_POINT('',(9.895E0,2.475E0,-1.65E1));
#3449=VERTEX_POINT('',#3448);
#3450=CARTESIAN_POINT('',(-3.04E0,-5.E-1,-2.06E1));
#3451=CARTESIAN_POINT('',(-3.04E0,-2.E0,-2.06E1));
#3452=VERTEX_POINT('',#3450);
#3453=VERTEX_POINT('',#3451);
#3454=CARTESIAN_POINT('',(-3.04E0,-5.E-1,-2.16E1));
#3455=VERTEX_POINT('',#3454);
#3456=CARTESIAN_POINT('',(-3.04E0,-2.E0,-2.16E1));
#3457=VERTEX_POINT('',#3456);
#3458=CARTESIAN_POINT('',(-2.04E0,-5.E-1,-2.16E1));
#3459=VERTEX_POINT('',#3458);
#3460=CARTESIAN_POINT('',(-2.04E0,-2.E0,-2.16E1));
#3461=VERTEX_POINT('',#3460);
#3462=CARTESIAN_POINT('',(-2.04E0,-5.E-1,-2.06E1));
#3463=CARTESIAN_POINT('',(-2.04E0,-2.E0,-2.06E1));
#3464=VERTEX_POINT('',#3462);
#3465=VERTEX_POINT('',#3463);
#3466=CARTESIAN_POINT('',(2.04E0,-5.E-1,-2.06E1));
#3467=CARTESIAN_POINT('',(2.04E0,-2.E0,-2.06E1));
#3468=VERTEX_POINT('',#3466);
#3469=VERTEX_POINT('',#3467);
#3470=CARTESIAN_POINT('',(2.04E0,-5.E-1,-2.16E1));
#3471=VERTEX_POINT('',#3470);
#3472=CARTESIAN_POINT('',(2.04E0,-2.E0,-2.16E1));
#3473=VERTEX_POINT('',#3472);
#3474=CARTESIAN_POINT('',(3.04E0,-5.E-1,-2.16E1));
#3475=VERTEX_POINT('',#3474);
#3476=CARTESIAN_POINT('',(3.04E0,-2.E0,-2.16E1));
#3477=VERTEX_POINT('',#3476);
#3478=CARTESIAN_POINT('',(3.04E0,-5.E-1,-2.06E1));
#3479=CARTESIAN_POINT('',(3.04E0,-2.E0,-2.06E1));
#3480=VERTEX_POINT('',#3478);
#3481=VERTEX_POINT('',#3479);
#3482=CARTESIAN_POINT('',(1.208E1,1.E0,-2.16E1));
#3483=CARTESIAN_POINT('',(1.0795E1,1.E0,-2.16E1));
#3484=VERTEX_POINT('',#3482);
#3485=VERTEX_POINT('',#3483);
#3486=CARTESIAN_POINT('',(1.208E1,-2.E0,-2.16E1));
#3487=CARTESIAN_POINT('',(1.0795E1,-2.E0,-2.16E1));
#3488=VERTEX_POINT('',#3486);
#3489=VERTEX_POINT('',#3487);
#3490=CARTESIAN_POINT('',(1.208E1,1.E0,-2.06E1));
#3491=CARTESIAN_POINT('',(1.208E1,-2.E0,-2.06E1));
#3492=VERTEX_POINT('',#3490);
#3493=VERTEX_POINT('',#3491);
#3494=CARTESIAN_POINT('',(1.0795E1,1.E0,-2.06E1));
#3495=VERTEX_POINT('',#3494);
#3496=CARTESIAN_POINT('',(1.0795E1,-2.E0,-2.06E1));
#3497=VERTEX_POINT('',#3496);
#3498=CARTESIAN_POINT('',(-1.0795E1,-3.975E0,-2.01E1));
#3499=CARTESIAN_POINT('',(-1.0795E1,3.975E0,-2.01E1));
#3500=VERTEX_POINT('',#3498);
#3501=VERTEX_POINT('',#3499);
#3502=CARTESIAN_POINT('',(-9.255E0,1.425E0,-2.01E1));
#3503=CARTESIAN_POINT('',(-9.255E0,-3.275E0,-2.01E1));
#3504=VERTEX_POINT('',#3502);
#3505=VERTEX_POINT('',#3503);
#3506=CARTESIAN_POINT('',(-7.08E0,-3.975E0,-2.16E1));
#3507=CARTESIAN_POINT('',(-1.0795E1,-3.975E0,-2.16E1));
#3508=VERTEX_POINT('',#3506);
#3509=VERTEX_POINT('',#3507);
#3510=CARTESIAN_POINT('',(-7.08E0,3.975E0,-2.16E1));
#3511=CARTESIAN_POINT('',(-1.0795E1,3.975E0,-2.16E1));
#3512=VERTEX_POINT('',#3510);
#3513=VERTEX_POINT('',#3511);
#3514=CARTESIAN_POINT('',(-7.08E0,-3.975E0,-2.01E1));
#3515=VERTEX_POINT('',#3514);
#3516=CARTESIAN_POINT('',(-7.08E0,3.975E0,-2.01E1));
#3517=VERTEX_POINT('',#3516);
#3518=CARTESIAN_POINT('',(7.08E0,3.975E0,-2.16E1));
#3519=VERTEX_POINT('',#3518);
#3520=CARTESIAN_POINT('',(7.08E0,-3.975E0,-2.16E1));
#3521=VERTEX_POINT('',#3520);
#3522=CARTESIAN_POINT('',(-7.08E0,1.425E0,-2.01E1));
#3523=VERTEX_POINT('',#3522);
#3524=CARTESIAN_POINT('',(-7.08E0,-3.275E0,-2.01E1));
#3525=VERTEX_POINT('',#3524);
#3526=CARTESIAN_POINT('',(-1.178E1,1.E0,-2.06E1));
#3527=CARTESIAN_POINT('',(-1.178E1,-1.E0,-2.06E1));
#3528=VERTEX_POINT('',#3526);
#3529=VERTEX_POINT('',#3527);
#3530=CARTESIAN_POINT('',(-1.208E1,-1.E0,-2.06E1));
#3531=VERTEX_POINT('',#3530);
#3532=CARTESIAN_POINT('',(-1.208E1,-2.E0,-2.06E1));
#3533=VERTEX_POINT('',#3532);
#3534=CARTESIAN_POINT('',(4.28E0,3.2E-1,-2.016861561237E1));
#3535=CARTESIAN_POINT('',(4.76E0,3.2E-1,-2.1E1));
#3536=VERTEX_POINT('',#3534);
#3537=VERTEX_POINT('',#3535);
#3538=CARTESIAN_POINT('',(4.76E0,3.2E-1,-2.52E1));
#3539=VERTEX_POINT('',#3538);
#3540=CARTESIAN_POINT('',(5.4E0,3.2E-1,-2.52E1));
#3541=VERTEX_POINT('',#3540);
#3542=CARTESIAN_POINT('',(5.4E0,3.2E-1,-2.1E1));
#3543=VERTEX_POINT('',#3542);
#3544=CARTESIAN_POINT('',(5.88E0,3.2E-1,-2.016861561237E1));
#3545=VERTEX_POINT('',#3544);
#3546=CARTESIAN_POINT('',(6.03E0,3.2E-1,-5.5E0));
#3547=CARTESIAN_POINT('',(4.13E0,3.2E-1,-5.5E0));
#3548=VERTEX_POINT('',#3546);
#3549=VERTEX_POINT('',#3547);
#3550=CARTESIAN_POINT('',(4.28E0,-3.2E-1,-2.016861561237E1));
#3551=CARTESIAN_POINT('',(4.76E0,-3.2E-1,-2.1E1));
#3552=VERTEX_POINT('',#3550);
#3553=VERTEX_POINT('',#3551);
#3554=CARTESIAN_POINT('',(4.76E0,-3.2E-1,-2.52E1));
#3555=VERTEX_POINT('',#3554);
#3556=CARTESIAN_POINT('',(5.4E0,-3.2E-1,-2.52E1));
#3557=VERTEX_POINT('',#3556);
#3558=CARTESIAN_POINT('',(5.4E0,-3.2E-1,-2.1E1));
#3559=VERTEX_POINT('',#3558);
#3560=CARTESIAN_POINT('',(5.88E0,-3.2E-1,-2.016861561237E1));
#3561=VERTEX_POINT('',#3560);
#3562=CARTESIAN_POINT('',(6.03E0,-3.2E-1,-5.5E0));
#3563=CARTESIAN_POINT('',(4.13E0,-3.2E-1,-5.5E0));
#3564=VERTEX_POINT('',#3562);
#3565=VERTEX_POINT('',#3563);
#3566=CARTESIAN_POINT('',(4.28E0,3.2E-1,-2.01E1));
#3567=CARTESIAN_POINT('',(5.88E0,3.2E-1,-2.01E1));
#3568=VERTEX_POINT('',#3566);
#3569=VERTEX_POINT('',#3567);
#3570=CARTESIAN_POINT('',(4.28E0,-3.2E-1,-2.01E1));
#3571=CARTESIAN_POINT('',(5.88E0,-3.2E-1,-2.01E1));
#3572=VERTEX_POINT('',#3570);
#3573=VERTEX_POINT('',#3571);
#3574=CARTESIAN_POINT('',(6.03E0,3.2E-1,-1.65E1));
#3575=VERTEX_POINT('',#3574);
#3576=CARTESIAN_POINT('',(4.13E0,3.2E-1,-1.65E1));
#3577=VERTEX_POINT('',#3576);
#3578=CARTESIAN_POINT('',(6.03E0,-3.2E-1,-1.65E1));
#3579=VERTEX_POINT('',#3578);
#3580=CARTESIAN_POINT('',(4.13E0,-3.2E-1,-1.65E1));
#3581=VERTEX_POINT('',#3580);
#3582=CARTESIAN_POINT('',(7.08E0,3.975E0,-2.01E1));
#3583=VERTEX_POINT('',#3582);
#3584=CARTESIAN_POINT('',(7.08E0,1.425E0,-2.01E1));
#3585=CARTESIAN_POINT('',(7.08E0,-3.275E0,-2.01E1));
#3586=VERTEX_POINT('',#3584);
#3587=VERTEX_POINT('',#3585);
#3588=CARTESIAN_POINT('',(7.08E0,-3.975E0,-2.01E1));
#3589=VERTEX_POINT('',#3588);
#3590=CARTESIAN_POINT('',(-1.0795E1,1.E0,-2.06E1));
#3591=CARTESIAN_POINT('',(-1.0795E1,-2.E0,-2.06E1));
#3592=VERTEX_POINT('',#3590);
#3593=VERTEX_POINT('',#3591);
#3594=CARTESIAN_POINT('',(-1.0795E1,-2.E0,-2.16E1));
#3595=VERTEX_POINT('',#3594);
#3596=CARTESIAN_POINT('',(-1.0795E1,1.E0,-2.16E1));
#3597=VERTEX_POINT('',#3596);
#3598=CARTESIAN_POINT('',(-7.08E0,1.425E0,-2.06E1));
#3599=CARTESIAN_POINT('',(-7.08E0,-3.275E0,-2.06E1));
#3600=VERTEX_POINT('',#3598);
#3601=VERTEX_POINT('',#3599);
#3602=CARTESIAN_POINT('',(7.08E0,1.425E0,-2.06E1));
#3603=CARTESIAN_POINT('',(7.08E0,-3.275E0,-2.06E1));
#3604=VERTEX_POINT('',#3602);
#3605=VERTEX_POINT('',#3603);
#3606=CARTESIAN_POINT('',(-9.255E0,1.425E0,-2.06E1));
#3607=VERTEX_POINT('',#3606);
#3608=CARTESIAN_POINT('',(-9.255E0,-3.275E0,-2.06E1));
#3609=VERTEX_POINT('',#3608);
#3610=CARTESIAN_POINT('',(-8.405E0,-5.7E-1,-2.49E1));
#3611=CARTESIAN_POINT('',(-8.405E0,-5.7E-1,-2.54E1));
#3612=VERTEX_POINT('',#3610);
#3613=VERTEX_POINT('',#3611);
#3614=CARTESIAN_POINT('',(-8.105E0,-5.7E-1,-2.54E1));
#3615=VERTEX_POINT('',#3614);
#3616=CARTESIAN_POINT('',(-8.405E0,-5.7E-1,-2.095E1));
#3617=CARTESIAN_POINT('',(-8.419693190828E0,-5.7E-1,-2.104273631781E1));
#3618=VERTEX_POINT('',#3616);
#3619=VERTEX_POINT('',#3617);
#3620=CARTESIAN_POINT('',(-9.125613618344E0,-5.7E-1,-2.321452736439E1));
#3621=VERTEX_POINT('',#3620);
#3622=CARTESIAN_POINT('',(-9.076124361492E0,-5.7E-1,-2.369737081205E1));
#3623=VERTEX_POINT('',#3622);
#3624=CARTESIAN_POINT('',(-8.418145939751E0,-5.7E-1,-2.485043819799E1));
#3625=VERTEX_POINT('',#3624);
#3626=CARTESIAN_POINT('',(8.105E0,-5.7E-1,-2.095E1));
#3627=CARTESIAN_POINT('',(8.090306809172E0,-5.7E-1,-2.104273631781E1));
#3628=VERTEX_POINT('',#3626);
#3629=VERTEX_POINT('',#3627);
#3630=CARTESIAN_POINT('',(7.384386381656E0,-5.7E-1,-2.321452736439E1));
#3631=VERTEX_POINT('',#3630);
#3632=CARTESIAN_POINT('',(7.433875638508E0,-5.7E-1,-2.369737081205E1));
#3633=VERTEX_POINT('',#3632);
#3634=CARTESIAN_POINT('',(8.091854060249E0,-5.7E-1,-2.485043819799E1));
#3635=VERTEX_POINT('',#3634);
#3636=CARTESIAN_POINT('',(8.105E0,-5.7E-1,-2.49E1));
#3637=VERTEX_POINT('',#3636);
#3638=CARTESIAN_POINT('',(8.105E0,-5.7E-1,-2.54E1));
#3639=VERTEX_POINT('',#3638);
#3640=CARTESIAN_POINT('',(8.405E0,-5.7E-1,-2.54E1));
#3641=VERTEX_POINT('',#3640);
#3642=CARTESIAN_POINT('',(-8.405E0,-1.97E0,-2.54E1));
#3643=CARTESIAN_POINT('',(-8.105E0,-1.97E0,-2.54E1));
#3644=VERTEX_POINT('',#3642);
#3645=VERTEX_POINT('',#3643);
#3646=CARTESIAN_POINT('',(-8.105E0,-1.97E0,-2.49E1));
#3647=VERTEX_POINT('',#3646);
#3648=CARTESIAN_POINT('',(-8.091854060249E0,-1.97E0,-2.485043819799E1));
#3649=VERTEX_POINT('',#3648);
#3650=CARTESIAN_POINT('',(-7.433875638508E0,-1.97E0,-2.369737081205E1));
#3651=VERTEX_POINT('',#3650);
#3652=CARTESIAN_POINT('',(-7.384386381656E0,-1.97E0,-2.321452736439E1));
#3653=VERTEX_POINT('',#3652);
#3654=CARTESIAN_POINT('',(-8.090306809172E0,-1.97E0,-2.104273631781E1));
#3655=VERTEX_POINT('',#3654);
#3656=CARTESIAN_POINT('',(-8.105E0,-1.97E0,-2.095E1));
#3657=VERTEX_POINT('',#3656);
#3658=CARTESIAN_POINT('',(8.405E0,-1.97E0,-2.49E1));
#3659=CARTESIAN_POINT('',(8.418145939751E0,-1.97E0,-2.485043819799E1));
#3660=VERTEX_POINT('',#3658);
#3661=VERTEX_POINT('',#3659);
#3662=CARTESIAN_POINT('',(9.076124361492E0,-1.97E0,-2.369737081205E1));
#3663=VERTEX_POINT('',#3662);
#3664=CARTESIAN_POINT('',(9.125613618344E0,-1.97E0,-2.321452736439E1));
#3665=VERTEX_POINT('',#3664);
#3666=CARTESIAN_POINT('',(8.419693190828E0,-1.97E0,-2.104273631781E1));
#3667=VERTEX_POINT('',#3666);
#3668=CARTESIAN_POINT('',(8.405E0,-1.97E0,-2.095E1));
#3669=VERTEX_POINT('',#3668);
#3670=CARTESIAN_POINT('',(8.105E0,-1.97E0,-2.54E1));
#3671=CARTESIAN_POINT('',(8.405E0,-1.97E0,-2.54E1));
#3672=VERTEX_POINT('',#3670);
#3673=VERTEX_POINT('',#3671);
#3674=CARTESIAN_POINT('',(-8.405E0,-5.7E-1,-2.06E1));
#3675=CARTESIAN_POINT('',(-8.105E0,-5.7E-1,-2.06E1));
#3676=VERTEX_POINT('',#3674);
#3677=VERTEX_POINT('',#3675);
#3678=CARTESIAN_POINT('',(8.105E0,-5.7E-1,-2.06E1));
#3679=CARTESIAN_POINT('',(8.405E0,-5.7E-1,-2.06E1));
#3680=VERTEX_POINT('',#3678);
#3681=VERTEX_POINT('',#3679);
#3682=CARTESIAN_POINT('',(-8.405E0,-1.97E0,-2.06E1));
#3683=CARTESIAN_POINT('',(-8.105E0,-1.97E0,-2.06E1));
#3684=VERTEX_POINT('',#3682);
#3685=VERTEX_POINT('',#3683);
#3686=CARTESIAN_POINT('',(8.105E0,-1.97E0,-2.06E1));
#3687=CARTESIAN_POINT('',(8.405E0,-1.97E0,-2.06E1));
#3688=VERTEX_POINT('',#3686);
#3689=VERTEX_POINT('',#3687);
#3690=CARTESIAN_POINT('',(-9.895E0,-3.375E0,-1.3E0));
#3691=CARTESIAN_POINT('',(-9.895E0,-3.375E0,-1.65E1));
#3692=VERTEX_POINT('',#3690);
#3693=VERTEX_POINT('',#3691);
#3694=CARTESIAN_POINT('',(2.27E0,-3.375E0,-1.65E1));
#3695=CARTESIAN_POINT('',(2.27E0,-3.375E0,-4.07E0));
#3696=VERTEX_POINT('',#3694);
#3697=VERTEX_POINT('',#3695);
#3698=CARTESIAN_POINT('',(2.54E0,-3.375E0,-3.8E0));
#3699=VERTEX_POINT('',#3698);
#3700=CARTESIAN_POINT('',(2.81E0,-3.375E0,-4.07E0));
#3701=VERTEX_POINT('',#3700);
#3702=CARTESIAN_POINT('',(2.81E0,-3.375E0,-1.65E1));
#3703=VERTEX_POINT('',#3702);
#3704=CARTESIAN_POINT('',(9.895E0,-3.375E0,-1.65E1));
#3705=VERTEX_POINT('',#3704);
#3706=CARTESIAN_POINT('',(9.895E0,-3.375E0,-1.3E0));
#3707=VERTEX_POINT('',#3706);
#3708=CARTESIAN_POINT('',(-9.895E0,3.375E0,-1.3E0));
#3709=CARTESIAN_POINT('',(-9.895E0,3.375E0,-1.65E1));
#3710=VERTEX_POINT('',#3708);
#3711=VERTEX_POINT('',#3709);
#3712=CARTESIAN_POINT('',(-2.81E0,3.375E0,-1.65E1));
#3713=CARTESIAN_POINT('',(-2.81E0,3.375E0,-4.07E0));
#3714=VERTEX_POINT('',#3712);
#3715=VERTEX_POINT('',#3713);
#3716=CARTESIAN_POINT('',(-2.54E0,3.375E0,-3.8E0));
#3717=VERTEX_POINT('',#3716);
#3718=CARTESIAN_POINT('',(-2.27E0,3.375E0,-4.07E0));
#3719=VERTEX_POINT('',#3718);
#3720=CARTESIAN_POINT('',(-2.27E0,3.375E0,-1.65E1));
#3721=VERTEX_POINT('',#3720);
#3722=CARTESIAN_POINT('',(2.27E0,3.375E0,-1.65E1));
#3723=CARTESIAN_POINT('',(2.27E0,3.375E0,-4.07E0));
#3724=VERTEX_POINT('',#3722);
#3725=VERTEX_POINT('',#3723);
#3726=CARTESIAN_POINT('',(2.54E0,3.375E0,-3.8E0));
#3727=VERTEX_POINT('',#3726);
#3728=CARTESIAN_POINT('',(2.81E0,3.375E0,-4.07E0));
#3729=VERTEX_POINT('',#3728);
#3730=CARTESIAN_POINT('',(2.81E0,3.375E0,-1.65E1));
#3731=VERTEX_POINT('',#3730);
#3732=CARTESIAN_POINT('',(9.895E0,3.375E0,-1.65E1));
#3733=VERTEX_POINT('',#3732);
#3734=CARTESIAN_POINT('',(9.895E0,3.375E0,-1.3E0));
#3735=VERTEX_POINT('',#3734);
#3736=CARTESIAN_POINT('',(-1.0795E1,-2.475E0,-2.284290441565E0));
#3737=CARTESIAN_POINT('',(-1.0795E1,-2.475E0,-1.65E1));
#3738=VERTEX_POINT('',#3736);
#3739=VERTEX_POINT('',#3737);
#3740=CARTESIAN_POINT('',(-1.0795E1,2.475E0,-2.284290441565E0));
#3741=CARTESIAN_POINT('',(-1.0795E1,2.475E0,-1.65E1));
#3742=VERTEX_POINT('',#3740);
#3743=VERTEX_POINT('',#3741);
#3744=CARTESIAN_POINT('',(-9.895E0,-2.475E0,-1.65E1));
#3745=CARTESIAN_POINT('',(-9.895E0,-2.475E0,-2.3E0));
#3746=VERTEX_POINT('',#3744);
#3747=VERTEX_POINT('',#3745);
#3748=CARTESIAN_POINT('',(-9.895E0,2.475E0,-1.65E1));
#3749=CARTESIAN_POINT('',(-9.895E0,2.475E0,-2.3E0));
#3750=VERTEX_POINT('',#3748);
#3751=VERTEX_POINT('',#3749);
#3752=CARTESIAN_POINT('',(9.895E0,-2.475E0,-2.3E0));
#3753=VERTEX_POINT('',#3752);
#3754=CARTESIAN_POINT('',(9.895E0,2.475E0,-2.3E0));
#3755=VERTEX_POINT('',#3754);
#3756=CARTESIAN_POINT('',(9.255E0,-3.275E0,-2.01E1));
#3757=CARTESIAN_POINT('',(9.255E0,1.425E0,-2.01E1));
#3758=VERTEX_POINT('',#3756);
#3759=VERTEX_POINT('',#3757);
#3760=CARTESIAN_POINT('',(1.0795E1,3.975E0,-2.01E1));
#3761=CARTESIAN_POINT('',(1.0795E1,-3.975E0,-2.01E1));
#3762=VERTEX_POINT('',#3760);
#3763=VERTEX_POINT('',#3761);
#3764=CARTESIAN_POINT('',(1.0795E1,3.975E0,-2.16E1));
#3765=VERTEX_POINT('',#3764);
#3766=CARTESIAN_POINT('',(1.0795E1,-3.975E0,-2.16E1));
#3767=VERTEX_POINT('',#3766);
#3768=CARTESIAN_POINT('',(9.255E0,-3.275E0,-2.06E1));
#3769=VERTEX_POINT('',#3768);
#3770=CARTESIAN_POINT('',(9.255E0,1.425E0,-2.06E1));
#3771=VERTEX_POINT('',#3770);
#3772=CARTESIAN_POINT('',(-1.208E1,-2.E0,-2.16E1));
#3773=VERTEX_POINT('',#3772);
#3774=CARTESIAN_POINT('',(-1.208E1,1.E0,-2.16E1));
#3775=VERTEX_POINT('',#3774);
#3776=CARTESIAN_POINT('',(-8.E-1,3.2E-1,-2.016861561237E1));
#3777=CARTESIAN_POINT('',(-3.2E-1,3.2E-1,-2.1E1));
#3778=VERTEX_POINT('',#3776);
#3779=VERTEX_POINT('',#3777);
#3780=CARTESIAN_POINT('',(-3.2E-1,3.2E-1,-2.52E1));
#3781=VERTEX_POINT('',#3780);
#3782=CARTESIAN_POINT('',(3.2E-1,3.2E-1,-2.52E1));
#3783=VERTEX_POINT('',#3782);
#3784=CARTESIAN_POINT('',(3.2E-1,3.2E-1,-2.1E1));
#3785=VERTEX_POINT('',#3784);
#3786=CARTESIAN_POINT('',(8.E-1,3.2E-1,-2.016861561237E1));
#3787=VERTEX_POINT('',#3786);
#3788=CARTESIAN_POINT('',(9.5E-1,3.2E-1,-5.5E0));
#3789=CARTESIAN_POINT('',(-9.5E-1,3.2E-1,-5.5E0));
#3790=VERTEX_POINT('',#3788);
#3791=VERTEX_POINT('',#3789);
#3792=CARTESIAN_POINT('',(-8.E-1,-3.2E-1,-2.016861561237E1));
#3793=CARTESIAN_POINT('',(-3.2E-1,-3.2E-1,-2.1E1));
#3794=VERTEX_POINT('',#3792);
#3795=VERTEX_POINT('',#3793);
#3796=CARTESIAN_POINT('',(-3.2E-1,-3.2E-1,-2.52E1));
#3797=VERTEX_POINT('',#3796);
#3798=CARTESIAN_POINT('',(3.2E-1,-3.2E-1,-2.52E1));
#3799=VERTEX_POINT('',#3798);
#3800=CARTESIAN_POINT('',(3.2E-1,-3.2E-1,-2.1E1));
#3801=VERTEX_POINT('',#3800);
#3802=CARTESIAN_POINT('',(8.E-1,-3.2E-1,-2.016861561237E1));
#3803=VERTEX_POINT('',#3802);
#3804=CARTESIAN_POINT('',(9.5E-1,-3.2E-1,-5.5E0));
#3805=CARTESIAN_POINT('',(-9.5E-1,-3.2E-1,-5.5E0));
#3806=VERTEX_POINT('',#3804);
#3807=VERTEX_POINT('',#3805);
#3808=CARTESIAN_POINT('',(-8.E-1,3.2E-1,-2.01E1));
#3809=CARTESIAN_POINT('',(8.E-1,3.2E-1,-2.01E1));
#3810=VERTEX_POINT('',#3808);
#3811=VERTEX_POINT('',#3809);
#3812=CARTESIAN_POINT('',(-8.E-1,-3.2E-1,-2.01E1));
#3813=CARTESIAN_POINT('',(8.E-1,-3.2E-1,-2.01E1));
#3814=VERTEX_POINT('',#3812);
#3815=VERTEX_POINT('',#3813);
#3816=CARTESIAN_POINT('',(-9.5E-1,3.2E-1,-1.65E1));
#3817=CARTESIAN_POINT('',(9.5E-1,3.2E-1,-1.65E1));
#3818=VERTEX_POINT('',#3816);
#3819=VERTEX_POINT('',#3817);
#3820=CARTESIAN_POINT('',(-9.5E-1,-3.2E-1,-1.65E1));
#3821=CARTESIAN_POINT('',(9.5E-1,-3.2E-1,-1.65E1));
#3822=VERTEX_POINT('',#3820);
#3823=VERTEX_POINT('',#3821);
#3824=CARTESIAN_POINT('',(-5.88E0,3.2E-1,-2.016861561237E1));
#3825=CARTESIAN_POINT('',(-5.4E0,3.2E-1,-2.1E1));
#3826=VERTEX_POINT('',#3824);
#3827=VERTEX_POINT('',#3825);
#3828=CARTESIAN_POINT('',(-5.4E0,3.2E-1,-2.52E1));
#3829=VERTEX_POINT('',#3828);
#3830=CARTESIAN_POINT('',(-4.76E0,3.2E-1,-2.52E1));
#3831=VERTEX_POINT('',#3830);
#3832=CARTESIAN_POINT('',(-4.76E0,3.2E-1,-2.1E1));
#3833=VERTEX_POINT('',#3832);
#3834=CARTESIAN_POINT('',(-4.28E0,3.2E-1,-2.016861561237E1));
#3835=VERTEX_POINT('',#3834);
#3836=CARTESIAN_POINT('',(-4.13E0,3.2E-1,-5.5E0));
#3837=CARTESIAN_POINT('',(-6.03E0,3.2E-1,-5.5E0));
#3838=VERTEX_POINT('',#3836);
#3839=VERTEX_POINT('',#3837);
#3840=CARTESIAN_POINT('',(-5.88E0,-3.2E-1,-2.016861561237E1));
#3841=CARTESIAN_POINT('',(-5.4E0,-3.2E-1,-2.1E1));
#3842=VERTEX_POINT('',#3840);
#3843=VERTEX_POINT('',#3841);
#3844=CARTESIAN_POINT('',(-5.4E0,-3.2E-1,-2.52E1));
#3845=VERTEX_POINT('',#3844);
#3846=CARTESIAN_POINT('',(-4.76E0,-3.2E-1,-2.52E1));
#3847=VERTEX_POINT('',#3846);
#3848=CARTESIAN_POINT('',(-4.76E0,-3.2E-1,-2.1E1));
#3849=VERTEX_POINT('',#3848);
#3850=CARTESIAN_POINT('',(-4.28E0,-3.2E-1,-2.016861561237E1));
#3851=VERTEX_POINT('',#3850);
#3852=CARTESIAN_POINT('',(-4.13E0,-3.2E-1,-5.5E0));
#3853=CARTESIAN_POINT('',(-6.03E0,-3.2E-1,-5.5E0));
#3854=VERTEX_POINT('',#3852);
#3855=VERTEX_POINT('',#3853);
#3856=CARTESIAN_POINT('',(-5.88E0,3.2E-1,-2.01E1));
#3857=CARTESIAN_POINT('',(-4.28E0,3.2E-1,-2.01E1));
#3858=VERTEX_POINT('',#3856);
#3859=VERTEX_POINT('',#3857);
#3860=CARTESIAN_POINT('',(-5.88E0,-3.2E-1,-2.01E1));
#3861=CARTESIAN_POINT('',(-4.28E0,-3.2E-1,-2.01E1));
#3862=VERTEX_POINT('',#3860);
#3863=VERTEX_POINT('',#3861);
#3864=CARTESIAN_POINT('',(-6.03E0,3.2E-1,-1.65E1));
#3865=CARTESIAN_POINT('',(-4.13E0,3.2E-1,-1.65E1));
#3866=VERTEX_POINT('',#3864);
#3867=VERTEX_POINT('',#3865);
#3868=CARTESIAN_POINT('',(-6.03E0,-3.2E-1,-1.65E1));
#3869=CARTESIAN_POINT('',(-4.13E0,-3.2E-1,-1.65E1));
#3870=VERTEX_POINT('',#3868);
#3871=VERTEX_POINT('',#3869);
#3872=CARTESIAN_POINT('',(5.05E0,-4.575E0,-1.81E1));
#3873=CARTESIAN_POINT('',(5.05E0,-4.575E0,-1.71E1));
#3874=VERTEX_POINT('',#3872);
#3875=VERTEX_POINT('',#3873);
#3876=CARTESIAN_POINT('',(4.925E0,-4.575E0,-1.71E1));
#3877=VERTEX_POINT('',#3876);
#3878=CARTESIAN_POINT('',(4.8E0,-4.575E0,-1.724893615246E1));
#3879=VERTEX_POINT('',#3878);
#3880=CARTESIAN_POINT('',(4.8E0,-4.575E0,-1.741914895773E1));
#3881=VERTEX_POINT('',#3880);
#3882=CARTESIAN_POINT('',(4.925E0,-4.575E0,-1.727021274567E1));
#3883=VERTEX_POINT('',#3882);
#3884=CARTESIAN_POINT('',(4.925E0,-4.575E0,-1.81E1));
#3885=VERTEX_POINT('',#3884);
#3886=CARTESIAN_POINT('',(-4.7725E0,-4.575E0,-1.799361701906E1));
#3887=CARTESIAN_POINT('',(-4.730833313465E0,-4.575E0,-1.792978723943E1));
#3888=VERTEX_POINT('',#3886);
#3889=VERTEX_POINT('',#3887);
#3890=CARTESIAN_POINT('',(-4.71E0,-4.575E0,-1.786595744491E1));
#3891=VERTEX_POINT('',#3890);
#3892=CARTESIAN_POINT('',(-4.71E0,-4.575E0,-1.778085107207E1));
#3893=VERTEX_POINT('',#3892);
#3894=CARTESIAN_POINT('',(-4.730833313465E0,-4.575E0,-1.769574466944E1));
#3895=VERTEX_POINT('',#3894);
#3896=CARTESIAN_POINT('',(-4.7725E0,-4.575E0,-1.763191488981E1));
#3897=VERTEX_POINT('',#3896);
#3898=CARTESIAN_POINT('',(-4.876666686535E0,-4.575E0,-1.758936170340E1));
#3899=VERTEX_POINT('',#3898);
#3900=CARTESIAN_POINT('',(-4.793333313465E0,-4.575E0,-1.752553192377E1));
#3901=VERTEX_POINT('',#3900);
#3902=CARTESIAN_POINT('',(-4.751666686535E0,-4.575E0,-1.746170214415E1));
#3903=VERTEX_POINT('',#3902);
#3904=CARTESIAN_POINT('',(-4.730833313465E0,-4.575E0,-1.737659577131E1));
#3905=VERTEX_POINT('',#3904);
#3906=CARTESIAN_POINT('',(-4.730833313465E0,-4.575E0,-1.733404252529E1));
#3907=VERTEX_POINT('',#3906);
#3908=CARTESIAN_POINT('',(-4.751666686535E0,-4.575E0,-1.724893615246E1));
#3909=VERTEX_POINT('',#3908);
#3910=CARTESIAN_POINT('',(-4.835E0,-4.575E0,-1.716382977962E1));
#3911=VERTEX_POINT('',#3910);
#3912=CARTESIAN_POINT('',(-4.918333313465E0,-4.575E0,-1.712127659321E1));
#3913=VERTEX_POINT('',#3912);
#3914=CARTESIAN_POINT('',(-5.064166656733E0,-4.575E0,-1.71E1));
#3915=VERTEX_POINT('',#3914);
#3916=CARTESIAN_POINT('',(-5.105833343267E0,-4.575E0,-1.71E1));
#3917=VERTEX_POINT('',#3916);
#3918=CARTESIAN_POINT('',(-5.251666671634E0,-4.575E0,-1.712127659321E1));
#3919=VERTEX_POINT('',#3918);
#3920=CARTESIAN_POINT('',(-5.335E0,-4.575E0,-1.716382977962E1));
#3921=VERTEX_POINT('',#3920);
#3922=CARTESIAN_POINT('',(-5.418333332092E0,-4.575E0,-1.724893615246E1));
#3923=VERTEX_POINT('',#3922);
#3924=CARTESIAN_POINT('',(-5.439166666046E0,-4.575E0,-1.733404252529E1));
#3925=VERTEX_POINT('',#3924);
#3926=CARTESIAN_POINT('',(-5.335E0,-4.575E0,-1.733404252529E1));
#3927=VERTEX_POINT('',#3926);
#3928=CARTESIAN_POINT('',(-5.293333328366E0,-4.575E0,-1.727021274567E1));
#3929=VERTEX_POINT('',#3928);
#3930=CARTESIAN_POINT('',(-5.230833328366E0,-4.575E0,-1.722765955925E1));
#3931=VERTEX_POINT('',#3930);
#3932=CARTESIAN_POINT('',(-5.126666656733E0,-4.575E0,-1.720638296604E1));
#3933=VERTEX_POINT('',#3932);
#3934=CARTESIAN_POINT('',(-5.043333343267E0,-4.575E0,-1.720638296604E1));
#3935=VERTEX_POINT('',#3934);
#3936=CARTESIAN_POINT('',(-4.939166686535E0,-4.575E0,-1.722765955925E1));
#3937=VERTEX_POINT('',#3936);
#3938=CARTESIAN_POINT('',(-4.876666686535E0,-4.575E0,-1.727021274567E1));
#3939=VERTEX_POINT('',#3938);
#3940=CARTESIAN_POINT('',(-4.835E0,-4.575E0,-1.733404252529E1));
#3941=VERTEX_POINT('',#3940);
#3942=CARTESIAN_POINT('',(-4.835E0,-4.575E0,-1.737659577131E1));
#3943=VERTEX_POINT('',#3942);
#3944=CARTESIAN_POINT('',(-4.876666686535E0,-4.575E0,-1.746170214415E1));
#3945=VERTEX_POINT('',#3944);
#3946=CARTESIAN_POINT('',(-4.918333313465E0,-4.575E0,-1.750425533056E1));
#3947=VERTEX_POINT('',#3946);
#3948=CARTESIAN_POINT('',(-5.043333343267E0,-4.575E0,-1.754680851698E1));
#3949=VERTEX_POINT('',#3948);
#3950=CARTESIAN_POINT('',(-5.126666656733E0,-4.575E0,-1.754680851698E1));
#3951=VERTEX_POINT('',#3950);
#3952=CARTESIAN_POINT('',(-5.126666656733E0,-4.575E0,-1.763191488981E1));
#3953=VERTEX_POINT('',#3952);
#3954=CARTESIAN_POINT('',(-5.043333343267E0,-4.575E0,-1.763191488981E1));
#3955=VERTEX_POINT('',#3954);
#3956=CARTESIAN_POINT('',(-4.918333313465E0,-4.575E0,-1.765319148302E1));
#3957=VERTEX_POINT('',#3956);
#3958=CARTESIAN_POINT('',(-4.855833313465E0,-4.575E0,-1.769574466944E1));
#3959=VERTEX_POINT('',#3958);
#3960=CARTESIAN_POINT('',(-4.814166686535E0,-4.575E0,-1.778085107207E1));
#3961=VERTEX_POINT('',#3960);
#3962=CARTESIAN_POINT('',(-4.814166686535E0,-4.575E0,-1.786595744491E1));
#3963=VERTEX_POINT('',#3962);
#3964=CARTESIAN_POINT('',(-4.835E0,-4.575E0,-1.790851063132E1));
#3965=VERTEX_POINT('',#3964);
#3966=CARTESIAN_POINT('',(-4.876666686535E0,-4.575E0,-1.795106383264E1));
#3967=VERTEX_POINT('',#3966);
#3968=CARTESIAN_POINT('',(-4.918333313465E0,-4.575E0,-1.797234042585E1));
#3969=VERTEX_POINT('',#3968);
#3970=CARTESIAN_POINT('',(-5.0225E0,-4.575E0,-1.799361701906E1));
#3971=VERTEX_POINT('',#3970);
#3972=CARTESIAN_POINT('',(-5.1475E0,-4.575E0,-1.799361701906E1));
#3973=VERTEX_POINT('',#3972);
#3974=CARTESIAN_POINT('',(-5.251666671634E0,-4.575E0,-1.797234042585E1));
#3975=VERTEX_POINT('',#3974);
#3976=CARTESIAN_POINT('',(-5.293333328366E0,-4.575E0,-1.795106383264E1));
#3977=VERTEX_POINT('',#3976);
#3978=CARTESIAN_POINT('',(-5.335E0,-4.575E0,-1.790851063132E1));
#3979=VERTEX_POINT('',#3978);
#3980=CARTESIAN_POINT('',(-5.355833335817E0,-4.575E0,-1.786595744491E1));
#3981=VERTEX_POINT('',#3980);
#3982=CARTESIAN_POINT('',(-5.46E0,-4.575E0,-1.786595744491E1));
#3983=VERTEX_POINT('',#3982);
#3984=CARTESIAN_POINT('',(-5.439166666046E0,-4.575E0,-1.792978723943E1));
#3985=VERTEX_POINT('',#3984);
#3986=CARTESIAN_POINT('',(-5.3975E0,-4.575E0,-1.799361701906E1));
#3987=VERTEX_POINT('',#3986);
#3988=CARTESIAN_POINT('',(-5.335E0,-4.575E0,-1.803617021292E1));
#3989=VERTEX_POINT('',#3988);
#3990=CARTESIAN_POINT('',(-5.251666671634E0,-4.575E0,-1.807872340493E1));
#3991=VERTEX_POINT('',#3990);
#3992=CARTESIAN_POINT('',(-5.168333343267E0,-4.575E0,-1.81E1));
#3993=VERTEX_POINT('',#3992);
#3994=CARTESIAN_POINT('',(-5.001666656733E0,-4.575E0,-1.81E1));
#3995=VERTEX_POINT('',#3994);
#3996=CARTESIAN_POINT('',(-4.918333313465E0,-4.575E0,-1.807872340493E1));
#3997=VERTEX_POINT('',#3996);
#3998=CARTESIAN_POINT('',(-4.835E0,-4.575E0,-1.803617021292E1));
#3999=VERTEX_POINT('',#3998);
#4000=CARTESIAN_POINT('',(5.05E0,-4.675E0,-1.81E1));
#4001=VERTEX_POINT('',#4000);
#4002=CARTESIAN_POINT('',(5.05E0,-4.675E0,-1.71E1));
#4003=VERTEX_POINT('',#4002);
#4004=CARTESIAN_POINT('',(4.925E0,-4.675E0,-1.71E1));
#4005=VERTEX_POINT('',#4004);
#4006=CARTESIAN_POINT('',(4.8E0,-4.675E0,-1.724893615246E1));
#4007=VERTEX_POINT('',#4006);
#4008=CARTESIAN_POINT('',(4.8E0,-4.675E0,-1.741914895773E1));
#4009=VERTEX_POINT('',#4008);
#4010=CARTESIAN_POINT('',(4.925E0,-4.675E0,-1.727021274567E1));
#4011=VERTEX_POINT('',#4010);
#4012=CARTESIAN_POINT('',(4.925E0,-4.675E0,-1.81E1));
#4013=VERTEX_POINT('',#4012);
#4014=CARTESIAN_POINT('',(-4.7725E0,-4.675E0,-1.799361701906E1));
#4015=VERTEX_POINT('',#4014);
#4016=CARTESIAN_POINT('',(-4.730833313465E0,-4.675E0,-1.792978723943E1));
#4017=VERTEX_POINT('',#4016);
#4018=CARTESIAN_POINT('',(-4.71E0,-4.675E0,-1.786595744491E1));
#4019=VERTEX_POINT('',#4018);
#4020=CARTESIAN_POINT('',(-4.71E0,-4.675E0,-1.778085107207E1));
#4021=VERTEX_POINT('',#4020);
#4022=CARTESIAN_POINT('',(-4.730833313465E0,-4.675E0,-1.769574466944E1));
#4023=VERTEX_POINT('',#4022);
#4024=CARTESIAN_POINT('',(-4.7725E0,-4.675E0,-1.763191488981E1));
#4025=VERTEX_POINT('',#4024);
#4026=CARTESIAN_POINT('',(-4.876666686535E0,-4.675E0,-1.758936170340E1));
#4027=VERTEX_POINT('',#4026);
#4028=CARTESIAN_POINT('',(-4.793333313465E0,-4.675E0,-1.752553192377E1));
#4029=VERTEX_POINT('',#4028);
#4030=CARTESIAN_POINT('',(-4.751666686535E0,-4.675E0,-1.746170214415E1));
#4031=VERTEX_POINT('',#4030);
#4032=CARTESIAN_POINT('',(-4.730833313465E0,-4.675E0,-1.737659577131E1));
#4033=VERTEX_POINT('',#4032);
#4034=CARTESIAN_POINT('',(-4.730833313465E0,-4.675E0,-1.733404252529E1));
#4035=VERTEX_POINT('',#4034);
#4036=CARTESIAN_POINT('',(-4.751666686535E0,-4.675E0,-1.724893615246E1));
#4037=VERTEX_POINT('',#4036);
#4038=CARTESIAN_POINT('',(-4.835E0,-4.675E0,-1.716382977962E1));
#4039=VERTEX_POINT('',#4038);
#4040=CARTESIAN_POINT('',(-4.918333313465E0,-4.675E0,-1.712127659321E1));
#4041=VERTEX_POINT('',#4040);
#4042=CARTESIAN_POINT('',(-5.064166656733E0,-4.675E0,-1.71E1));
#4043=VERTEX_POINT('',#4042);
#4044=CARTESIAN_POINT('',(-5.105833343267E0,-4.675E0,-1.71E1));
#4045=VERTEX_POINT('',#4044);
#4046=CARTESIAN_POINT('',(-5.251666671634E0,-4.675E0,-1.712127659321E1));
#4047=VERTEX_POINT('',#4046);
#4048=CARTESIAN_POINT('',(-5.335E0,-4.675E0,-1.716382977962E1));
#4049=VERTEX_POINT('',#4048);
#4050=CARTESIAN_POINT('',(-5.418333332092E0,-4.675E0,-1.724893615246E1));
#4051=VERTEX_POINT('',#4050);
#4052=CARTESIAN_POINT('',(-5.439166666046E0,-4.675E0,-1.733404252529E1));
#4053=VERTEX_POINT('',#4052);
#4054=CARTESIAN_POINT('',(-5.335E0,-4.675E0,-1.733404252529E1));
#4055=VERTEX_POINT('',#4054);
#4056=CARTESIAN_POINT('',(-5.293333328366E0,-4.675E0,-1.727021274567E1));
#4057=VERTEX_POINT('',#4056);
#4058=CARTESIAN_POINT('',(-5.230833328366E0,-4.675E0,-1.722765955925E1));
#4059=VERTEX_POINT('',#4058);
#4060=CARTESIAN_POINT('',(-5.126666656733E0,-4.675E0,-1.720638296604E1));
#4061=VERTEX_POINT('',#4060);
#4062=CARTESIAN_POINT('',(-5.043333343267E0,-4.675E0,-1.720638296604E1));
#4063=VERTEX_POINT('',#4062);
#4064=CARTESIAN_POINT('',(-4.939166686535E0,-4.675E0,-1.722765955925E1));
#4065=VERTEX_POINT('',#4064);
#4066=CARTESIAN_POINT('',(-4.876666686535E0,-4.675E0,-1.727021274567E1));
#4067=VERTEX_POINT('',#4066);
#4068=CARTESIAN_POINT('',(-4.835E0,-4.675E0,-1.733404252529E1));
#4069=VERTEX_POINT('',#4068);
#4070=CARTESIAN_POINT('',(-4.835E0,-4.675E0,-1.737659577131E1));
#4071=VERTEX_POINT('',#4070);
#4072=CARTESIAN_POINT('',(-4.876666686535E0,-4.675E0,-1.746170214415E1));
#4073=VERTEX_POINT('',#4072);
#4074=CARTESIAN_POINT('',(-4.918333313465E0,-4.675E0,-1.750425533056E1));
#4075=VERTEX_POINT('',#4074);
#4076=CARTESIAN_POINT('',(-5.043333343267E0,-4.675E0,-1.754680851698E1));
#4077=VERTEX_POINT('',#4076);
#4078=CARTESIAN_POINT('',(-5.126666656733E0,-4.675E0,-1.754680851698E1));
#4079=VERTEX_POINT('',#4078);
#4080=CARTESIAN_POINT('',(-5.126666656733E0,-4.675E0,-1.763191488981E1));
#4081=VERTEX_POINT('',#4080);
#4082=CARTESIAN_POINT('',(-5.043333343267E0,-4.675E0,-1.763191488981E1));
#4083=VERTEX_POINT('',#4082);
#4084=CARTESIAN_POINT('',(-4.918333313465E0,-4.675E0,-1.765319148302E1));
#4085=VERTEX_POINT('',#4084);
#4086=CARTESIAN_POINT('',(-4.855833313465E0,-4.675E0,-1.769574466944E1));
#4087=VERTEX_POINT('',#4086);
#4088=CARTESIAN_POINT('',(-4.814166686535E0,-4.675E0,-1.778085107207E1));
#4089=VERTEX_POINT('',#4088);
#4090=CARTESIAN_POINT('',(-4.814166686535E0,-4.675E0,-1.786595744491E1));
#4091=VERTEX_POINT('',#4090);
#4092=CARTESIAN_POINT('',(-4.835E0,-4.675E0,-1.790851063132E1));
#4093=VERTEX_POINT('',#4092);
#4094=CARTESIAN_POINT('',(-4.876666686535E0,-4.675E0,-1.795106383264E1));
#4095=VERTEX_POINT('',#4094);
#4096=CARTESIAN_POINT('',(-4.918333313465E0,-4.675E0,-1.797234042585E1));
#4097=VERTEX_POINT('',#4096);
#4098=CARTESIAN_POINT('',(-5.0225E0,-4.675E0,-1.799361701906E1));
#4099=VERTEX_POINT('',#4098);
#4100=CARTESIAN_POINT('',(-5.1475E0,-4.675E0,-1.799361701906E1));
#4101=VERTEX_POINT('',#4100);
#4102=CARTESIAN_POINT('',(-5.251666671634E0,-4.675E0,-1.797234042585E1));
#4103=VERTEX_POINT('',#4102);
#4104=CARTESIAN_POINT('',(-5.293333328366E0,-4.675E0,-1.795106383264E1));
#4105=VERTEX_POINT('',#4104);
#4106=CARTESIAN_POINT('',(-5.335E0,-4.675E0,-1.790851063132E1));
#4107=VERTEX_POINT('',#4106);
#4108=CARTESIAN_POINT('',(-5.355833335817E0,-4.675E0,-1.786595744491E1));
#4109=VERTEX_POINT('',#4108);
#4110=CARTESIAN_POINT('',(-5.46E0,-4.675E0,-1.786595744491E1));
#4111=VERTEX_POINT('',#4110);
#4112=CARTESIAN_POINT('',(-5.439166666046E0,-4.675E0,-1.792978723943E1));
#4113=VERTEX_POINT('',#4112);
#4114=CARTESIAN_POINT('',(-5.3975E0,-4.675E0,-1.799361701906E1));
#4115=VERTEX_POINT('',#4114);
#4116=CARTESIAN_POINT('',(-5.335E0,-4.675E0,-1.803617021292E1));
#4117=VERTEX_POINT('',#4116);
#4118=CARTESIAN_POINT('',(-5.251666671634E0,-4.675E0,-1.807872340493E1));
#4119=VERTEX_POINT('',#4118);
#4120=CARTESIAN_POINT('',(-5.168333343267E0,-4.675E0,-1.81E1));
#4121=VERTEX_POINT('',#4120);
#4122=CARTESIAN_POINT('',(-5.001666656733E0,-4.675E0,-1.81E1));
#4123=VERTEX_POINT('',#4122);
#4124=CARTESIAN_POINT('',(-4.918333313465E0,-4.675E0,-1.807872340493E1));
#4125=VERTEX_POINT('',#4124);
#4126=CARTESIAN_POINT('',(-4.835E0,-4.675E0,-1.803617021292E1));
#4127=VERTEX_POINT('',#4126);
#4128=CARTESIAN_POINT('',(-5.98E0,2.675E0,-7.E-1));
#4129=CARTESIAN_POINT('',(-4.18E0,2.675E0,-7.E-1));
#4130=VERTEX_POINT('',#4128);
#4131=VERTEX_POINT('',#4129);
#4132=CARTESIAN_POINT('',(-9.E-1,2.675E0,-7.E-1));
#4133=CARTESIAN_POINT('',(9.E-1,2.675E0,-7.E-1));
#4134=VERTEX_POINT('',#4132);
#4135=VERTEX_POINT('',#4133);
#4136=CARTESIAN_POINT('',(-1.49E0,-2.475E0,-7.E-1));
#4137=CARTESIAN_POINT('',(-3.59E0,-2.475E0,-7.E-1));
#4138=VERTEX_POINT('',#4136);
#4139=VERTEX_POINT('',#4137);
#4140=CARTESIAN_POINT('',(-5.98E0,3.375E0,-7.E-1));
#4141=VERTEX_POINT('',#4140);
#4142=CARTESIAN_POINT('',(-4.18E0,3.375E0,-7.E-1));
#4143=VERTEX_POINT('',#4142);
#4144=CARTESIAN_POINT('',(-9.E-1,3.375E0,-7.E-1));
#4145=VERTEX_POINT('',#4144);
#4146=CARTESIAN_POINT('',(9.E-1,3.375E0,-7.E-1));
#4147=VERTEX_POINT('',#4146);
#4148=CARTESIAN_POINT('',(-1.49E0,-3.375E0,-7.E-1));
#4149=VERTEX_POINT('',#4148);
#4150=CARTESIAN_POINT('',(-3.59E0,-3.375E0,-7.E-1));
#4151=VERTEX_POINT('',#4150);
#4152=CARTESIAN_POINT('',(-5.98E0,2.675E0,-1.65E1));
#4153=VERTEX_POINT('',#4152);
#4154=CARTESIAN_POINT('',(-4.18E0,2.675E0,-1.65E1));
#4155=VERTEX_POINT('',#4154);
#4156=CARTESIAN_POINT('',(-9.E-1,2.675E0,-1.65E1));
#4157=VERTEX_POINT('',#4156);
#4158=CARTESIAN_POINT('',(9.E-1,2.675E0,-1.65E1));
#4159=VERTEX_POINT('',#4158);
#4160=CARTESIAN_POINT('',(-1.49E0,-2.475E0,-1.65E1));
#4161=VERTEX_POINT('',#4160);
#4162=CARTESIAN_POINT('',(-3.59E0,-2.475E0,-1.65E1));
#4163=VERTEX_POINT('',#4162);
#4164=CARTESIAN_POINT('',(-1.49E0,-3.375E0,-1.65E1));
#4165=VERTEX_POINT('',#4164);
#4166=CARTESIAN_POINT('',(-3.59E0,-3.375E0,-1.65E1));
#4167=VERTEX_POINT('',#4166);
#4168=CARTESIAN_POINT('',(-5.98E0,3.375E0,-1.65E1));
#4169=VERTEX_POINT('',#4168);
#4170=CARTESIAN_POINT('',(-4.18E0,3.375E0,-1.65E1));
#4171=VERTEX_POINT('',#4170);
#4172=CARTESIAN_POINT('',(-9.E-1,3.375E0,-1.65E1));
#4173=VERTEX_POINT('',#4172);
#4174=CARTESIAN_POINT('',(9.E-1,3.375E0,-1.65E1));
#4175=VERTEX_POINT('',#4174);
#4176=CARTESIAN_POINT('',(-2.81E0,-2.475E0,-1.65E1));
#4177=VERTEX_POINT('',#4176);
#4178=CARTESIAN_POINT('',(-2.81E0,-2.475E0,-4.07E0));
#4179=VERTEX_POINT('',#4178);
#4180=CARTESIAN_POINT('',(-2.54E0,-2.475E0,-3.8E0));
#4181=VERTEX_POINT('',#4180);
#4182=CARTESIAN_POINT('',(-2.27E0,-2.475E0,-4.07E0));
#4183=VERTEX_POINT('',#4182);
#4184=CARTESIAN_POINT('',(-2.27E0,-2.475E0,-1.65E1));
#4185=VERTEX_POINT('',#4184);
#4186=CARTESIAN_POINT('',(-1.208E1,3.875E0,-2.16E1));
#4187=CARTESIAN_POINT('',(-1.128E1,4.675E0,-2.16E1));
#4188=VERTEX_POINT('',#4186);
#4189=VERTEX_POINT('',#4187);
#4190=CARTESIAN_POINT('',(1.128E1,4.675E0,-2.16E1));
#4191=CARTESIAN_POINT('',(1.208E1,3.875E0,-2.16E1));
#4192=VERTEX_POINT('',#4190);
#4193=VERTEX_POINT('',#4191);
#4194=CARTESIAN_POINT('',(-1.128E1,-4.675E0,-2.16E1));
#4195=CARTESIAN_POINT('',(-1.208E1,-3.875E0,-2.16E1));
#4196=VERTEX_POINT('',#4194);
#4197=VERTEX_POINT('',#4195);
#4198=CARTESIAN_POINT('',(1.208E1,-3.875E0,-2.16E1));
#4199=CARTESIAN_POINT('',(1.128E1,-4.675E0,-2.16E1));
#4200=VERTEX_POINT('',#4198);
#4201=VERTEX_POINT('',#4199);
#4202=CARTESIAN_POINT('',(-1.0895E1,3.375E0,-3.E-1));
#4203=CARTESIAN_POINT('',(1.0895E1,3.375E0,-3.E-1));
#4204=VERTEX_POINT('',#4202);
#4205=VERTEX_POINT('',#4203);
#4206=CARTESIAN_POINT('',(-1.1195E1,3.675E0,0.E0));
#4207=CARTESIAN_POINT('',(1.1195E1,3.675E0,0.E0));
#4208=VERTEX_POINT('',#4206);
#4209=VERTEX_POINT('',#4207);
#4210=CARTESIAN_POINT('',(1.0895E1,-3.375E0,-3.E-1));
#4211=CARTESIAN_POINT('',(-1.0895E1,-3.375E0,-3.E-1));
#4212=VERTEX_POINT('',#4210);
#4213=VERTEX_POINT('',#4211);
#4214=CARTESIAN_POINT('',(1.1195E1,-3.675E0,0.E0));
#4215=CARTESIAN_POINT('',(-1.1195E1,-3.675E0,0.E0));
#4216=VERTEX_POINT('',#4214);
#4217=VERTEX_POINT('',#4215);
#4218=CARTESIAN_POINT('',(-1.128E1,-4.675E0,-3.E-1));
#4219=CARTESIAN_POINT('',(1.128E1,-4.675E0,-3.E-1));
#4220=VERTEX_POINT('',#4218);
#4221=VERTEX_POINT('',#4219);
#4222=CARTESIAN_POINT('',(-1.128E1,4.675E0,-3.E-1));
#4223=CARTESIAN_POINT('',(1.128E1,4.675E0,-3.E-1));
#4224=VERTEX_POINT('',#4222);
#4225=VERTEX_POINT('',#4223);
#4226=CARTESIAN_POINT('',(-1.208E1,3.875E0,-3.E-1));
#4227=CARTESIAN_POINT('',(-1.208E1,1.E0,-3.E-1));
#4228=VERTEX_POINT('',#4226);
#4229=VERTEX_POINT('',#4227);
#4230=CARTESIAN_POINT('',(-1.208E1,-1.E0,-3.E-1));
#4231=CARTESIAN_POINT('',(-1.208E1,-3.875E0,-3.E-1));
#4232=VERTEX_POINT('',#4230);
#4233=VERTEX_POINT('',#4231);
#4234=CARTESIAN_POINT('',(1.208E1,3.875E0,-3.E-1));
#4235=CARTESIAN_POINT('',(1.208E1,-3.875E0,-3.E-1));
#4236=VERTEX_POINT('',#4234);
#4237=VERTEX_POINT('',#4235);
#4238=CARTESIAN_POINT('',(-1.115573593129E1,4.375E0,0.E0));
#4239=CARTESIAN_POINT('',(-1.178E1,3.750735931288E0,0.E0));
#4240=VERTEX_POINT('',#4238);
#4241=VERTEX_POINT('',#4239);
#4242=CARTESIAN_POINT('',(-1.178E1,1.E0,0.E0));
#4243=VERTEX_POINT('',#4242);
#4244=CARTESIAN_POINT('',(-1.178E1,-1.E0,0.E0));
#4245=CARTESIAN_POINT('',(-1.178E1,-3.750735931288E0,0.E0));
#4246=VERTEX_POINT('',#4244);
#4247=VERTEX_POINT('',#4245);
#4248=CARTESIAN_POINT('',(-1.115573593129E1,-4.375E0,0.E0));
#4249=VERTEX_POINT('',#4248);
#4250=CARTESIAN_POINT('',(1.115573593129E1,-4.375E0,0.E0));
#4251=VERTEX_POINT('',#4250);
#4252=CARTESIAN_POINT('',(1.178E1,-3.750735931288E0,0.E0));
#4253=VERTEX_POINT('',#4252);
#4254=CARTESIAN_POINT('',(1.178E1,3.750735931288E0,0.E0));
#4255=VERTEX_POINT('',#4254);
#4256=CARTESIAN_POINT('',(1.115573593129E1,4.375E0,0.E0));
#4257=VERTEX_POINT('',#4256);
#4258=CARTESIAN_POINT('',(-7.433875638508E0,-1.42E0,-2.369737081205E1));
#4259=CARTESIAN_POINT('',(-7.384386381656E0,-1.42E0,-2.321452736439E1));
#4260=VERTEX_POINT('',#4258);
#4261=VERTEX_POINT('',#4259);
#4262=CARTESIAN_POINT('',(-8.090306809172E0,-1.42E0,-2.104273631781E1));
#4263=VERTEX_POINT('',#4262);
#4264=CARTESIAN_POINT('',(-8.105E0,-1.42E0,-2.095E1));
#4265=VERTEX_POINT('',#4264);
#4266=CARTESIAN_POINT('',(-8.105E0,-1.12E0,-2.075E1));
#4267=CARTESIAN_POINT('',(-8.105E0,-1.27E0,-2.06E1));
#4268=VERTEX_POINT('',#4266);
#4269=VERTEX_POINT('',#4267);
#4270=CARTESIAN_POINT('',(-8.105E0,-1.42E0,-2.075E1));
#4271=VERTEX_POINT('',#4270);
#4272=CARTESIAN_POINT('',(-8.405E0,-1.12E0,-2.075E1));
#4273=CARTESIAN_POINT('',(-8.405E0,-1.27E0,-2.06E1));
#4274=VERTEX_POINT('',#4272);
#4275=VERTEX_POINT('',#4273);
#4276=CARTESIAN_POINT('',(-8.405E0,-1.42E0,-2.075E1));
#4277=VERTEX_POINT('',#4276);
#4278=CARTESIAN_POINT('',(-8.405E0,-1.12E0,-2.095E1));
#4279=VERTEX_POINT('',#4278);
#4280=CARTESIAN_POINT('',(-8.419693190828E0,-1.12E0,-2.104273631781E1));
#4281=VERTEX_POINT('',#4280);
#4282=CARTESIAN_POINT('',(-9.125613618344E0,-1.12E0,-2.321452736439E1));
#4283=VERTEX_POINT('',#4282);
#4284=CARTESIAN_POINT('',(-9.076124361492E0,-1.12E0,-2.369737081205E1));
#4285=VERTEX_POINT('',#4284);
#4286=CARTESIAN_POINT('',(9.076124361492E0,-1.42E0,-2.369737081205E1));
#4287=CARTESIAN_POINT('',(9.125613618344E0,-1.42E0,-2.321452736439E1));
#4288=VERTEX_POINT('',#4286);
#4289=VERTEX_POINT('',#4287);
#4290=CARTESIAN_POINT('',(8.419693190828E0,-1.42E0,-2.104273631781E1));
#4291=VERTEX_POINT('',#4290);
#4292=CARTESIAN_POINT('',(8.405E0,-1.42E0,-2.095E1));
#4293=VERTEX_POINT('',#4292);
#4294=CARTESIAN_POINT('',(8.405E0,-1.12E0,-2.075E1));
#4295=CARTESIAN_POINT('',(8.405E0,-1.27E0,-2.06E1));
#4296=VERTEX_POINT('',#4294);
#4297=VERTEX_POINT('',#4295);
#4298=CARTESIAN_POINT('',(8.405E0,-1.42E0,-2.075E1));
#4299=VERTEX_POINT('',#4298);
#4300=CARTESIAN_POINT('',(8.105E0,-1.12E0,-2.075E1));
#4301=CARTESIAN_POINT('',(8.105E0,-1.27E0,-2.06E1));
#4302=VERTEX_POINT('',#4300);
#4303=VERTEX_POINT('',#4301);
#4304=CARTESIAN_POINT('',(8.105E0,-1.42E0,-2.075E1));
#4305=VERTEX_POINT('',#4304);
#4306=CARTESIAN_POINT('',(8.105E0,-1.12E0,-2.095E1));
#4307=VERTEX_POINT('',#4306);
#4308=CARTESIAN_POINT('',(8.090306809172E0,-1.12E0,-2.104273631781E1));
#4309=VERTEX_POINT('',#4308);
#4310=CARTESIAN_POINT('',(7.384386381656E0,-1.12E0,-2.321452736439E1));
#4311=VERTEX_POINT('',#4310);
#4312=CARTESIAN_POINT('',(7.433875638508E0,-1.12E0,-2.369737081205E1));
#4313=VERTEX_POINT('',#4312);
#4314=CARTESIAN_POINT('',(-8.157583759005E0,-5.7E-1,-2.470175279197E1));
#4315=CARTESIAN_POINT('',(-8.105E0,-5.7E-1,-2.49E1));
#4316=VERTEX_POINT('',#4314);
#4317=VERTEX_POINT('',#4315);
#4318=CARTESIAN_POINT('',(-8.815562180746E0,-5.7E-1,-2.354868540602E1));
#4319=VERTEX_POINT('',#4318);
#4320=CARTESIAN_POINT('',(-8.840306809172E0,-5.7E-1,-2.330726368219E1));
#4321=VERTEX_POINT('',#4320);
#4322=CARTESIAN_POINT('',(-8.134386381656E0,-5.7E-1,-2.113547263561E1));
#4323=VERTEX_POINT('',#4322);
#4324=CARTESIAN_POINT('',(-8.105E0,-5.7E-1,-2.095E1));
#4325=VERTEX_POINT('',#4324);
#4326=CARTESIAN_POINT('',(8.352416240995E0,-5.7E-1,-2.470175279197E1));
#4327=CARTESIAN_POINT('',(8.405E0,-5.7E-1,-2.49E1));
#4328=VERTEX_POINT('',#4326);
#4329=VERTEX_POINT('',#4327);
#4330=CARTESIAN_POINT('',(7.694437819254E0,-5.7E-1,-2.354868540602E1));
#4331=VERTEX_POINT('',#4330);
#4332=CARTESIAN_POINT('',(7.669693190828E0,-5.7E-1,-2.330726368219E1));
#4333=VERTEX_POINT('',#4332);
#4334=CARTESIAN_POINT('',(8.375613618344E0,-5.7E-1,-2.113547263561E1));
#4335=VERTEX_POINT('',#4334);
#4336=CARTESIAN_POINT('',(8.405E0,-5.7E-1,-2.095E1));
#4337=VERTEX_POINT('',#4336);
#4338=CARTESIAN_POINT('',(-8.105E0,-1.12E0,-2.095E1));
#4339=VERTEX_POINT('',#4338);
#4340=CARTESIAN_POINT('',(8.405E0,-1.12E0,-2.095E1));
#4341=VERTEX_POINT('',#4340);
#4342=CARTESIAN_POINT('',(-8.157583759005E0,-1.12E0,-2.470175279197E1));
#4343=CARTESIAN_POINT('',(-8.134190075645E0,-1.12E0,-2.475E1));
#4344=VERTEX_POINT('',#4342);
#4345=VERTEX_POINT('',#4343);
#4346=CARTESIAN_POINT('',(-8.815562180746E0,-1.12E0,-2.354868540602E1));
#4347=VERTEX_POINT('',#4346);
#4348=CARTESIAN_POINT('',(-8.840306809172E0,-1.12E0,-2.330726368219E1));
#4349=VERTEX_POINT('',#4348);
#4350=CARTESIAN_POINT('',(-8.134386381656E0,-1.12E0,-2.113547263561E1));
#4351=VERTEX_POINT('',#4350);
#4352=CARTESIAN_POINT('',(8.352416240995E0,-1.12E0,-2.470175279197E1));
#4353=CARTESIAN_POINT('',(8.375809924355E0,-1.12E0,-2.475E1));
#4354=VERTEX_POINT('',#4352);
#4355=VERTEX_POINT('',#4353);
#4356=CARTESIAN_POINT('',(7.694437819254E0,-1.12E0,-2.354868540602E1));
#4357=VERTEX_POINT('',#4356);
#4358=CARTESIAN_POINT('',(7.669693190828E0,-1.12E0,-2.330726368219E1));
#4359=VERTEX_POINT('',#4358);
#4360=CARTESIAN_POINT('',(8.375613618344E0,-1.12E0,-2.113547263561E1));
#4361=VERTEX_POINT('',#4360);
#4362=CARTESIAN_POINT('',(8.157583759005E0,-1.97E0,-2.470175279197E1));
#4363=CARTESIAN_POINT('',(8.105E0,-1.97E0,-2.49E1));
#4364=VERTEX_POINT('',#4362);
#4365=VERTEX_POINT('',#4363);
#4366=CARTESIAN_POINT('',(8.815562180746E0,-1.97E0,-2.354868540602E1));
#4367=VERTEX_POINT('',#4366);
#4368=CARTESIAN_POINT('',(8.840306809172E0,-1.97E0,-2.330726368219E1));
#4369=VERTEX_POINT('',#4368);
#4370=CARTESIAN_POINT('',(8.134386381656E0,-1.97E0,-2.113547263561E1));
#4371=VERTEX_POINT('',#4370);
#4372=CARTESIAN_POINT('',(8.105E0,-1.97E0,-2.095E1));
#4373=VERTEX_POINT('',#4372);
#4374=CARTESIAN_POINT('',(-8.352416240995E0,-1.97E0,-2.470175279197E1));
#4375=CARTESIAN_POINT('',(-8.405E0,-1.97E0,-2.49E1));
#4376=VERTEX_POINT('',#4374);
#4377=VERTEX_POINT('',#4375);
#4378=CARTESIAN_POINT('',(-7.694437819254E0,-1.97E0,-2.354868540602E1));
#4379=VERTEX_POINT('',#4378);
#4380=CARTESIAN_POINT('',(-7.669693190828E0,-1.97E0,-2.330726368219E1));
#4381=VERTEX_POINT('',#4380);
#4382=CARTESIAN_POINT('',(-8.375613618344E0,-1.97E0,-2.113547263561E1));
#4383=VERTEX_POINT('',#4382);
#4384=CARTESIAN_POINT('',(-8.405E0,-1.97E0,-2.095E1));
#4385=VERTEX_POINT('',#4384);
#4386=CARTESIAN_POINT('',(-8.405E0,-1.42E0,-2.095E1));
#4387=VERTEX_POINT('',#4386);
#4388=CARTESIAN_POINT('',(8.105E0,-1.42E0,-2.095E1));
#4389=VERTEX_POINT('',#4388);
#4390=CARTESIAN_POINT('',(8.157583759005E0,-1.42E0,-2.470175279197E1));
#4391=CARTESIAN_POINT('',(8.134190075645E0,-1.42E0,-2.475E1));
#4392=VERTEX_POINT('',#4390);
#4393=VERTEX_POINT('',#4391);
#4394=CARTESIAN_POINT('',(8.815562180746E0,-1.42E0,-2.354868540602E1));
#4395=VERTEX_POINT('',#4394);
#4396=CARTESIAN_POINT('',(8.840306809172E0,-1.42E0,-2.330726368219E1));
#4397=VERTEX_POINT('',#4396);
#4398=CARTESIAN_POINT('',(8.134386381656E0,-1.42E0,-2.113547263561E1));
#4399=VERTEX_POINT('',#4398);
#4400=CARTESIAN_POINT('',(-8.352416240995E0,-1.42E0,-2.470175279197E1));
#4401=CARTESIAN_POINT('',(-8.375809924355E0,-1.42E0,-2.475E1));
#4402=VERTEX_POINT('',#4400);
#4403=VERTEX_POINT('',#4401);
#4404=CARTESIAN_POINT('',(-7.694437819254E0,-1.42E0,-2.354868540602E1));
#4405=VERTEX_POINT('',#4404);
#4406=CARTESIAN_POINT('',(-7.669693190828E0,-1.42E0,-2.330726368219E1));
#4407=VERTEX_POINT('',#4406);
#4408=CARTESIAN_POINT('',(-8.375613618344E0,-1.42E0,-2.113547263561E1));
#4409=VERTEX_POINT('',#4408);
#4410=CARTESIAN_POINT('',(-8.405000007440E0,-1.269990155216E0,
-2.489999999970E1));
#4411=VERTEX_POINT('',#4410);
#4412=CARTESIAN_POINT('',(-8.475459300447E0,-1.12E0,-2.475E1));
#4413=VERTEX_POINT('',#4412);
#4414=VERTEX_POINT('',#2114);
#4415=CARTESIAN_POINT('',(8.104999992561E0,-1.269990155430E0,
-2.489999999970E1));
#4416=VERTEX_POINT('',#4415);
#4417=CARTESIAN_POINT('',(8.034540699553E0,-1.12E0,-2.475E1));
#4418=VERTEX_POINT('',#4417);
#4419=VERTEX_POINT('',#2154);
#4420=CARTESIAN_POINT('',(-8.104999992400E0,-1.270009872882E0,
-2.489999999970E1));
#4421=VERTEX_POINT('',#4420);
#4422=CARTESIAN_POINT('',(8.405000006281E0,-1.270008159518E0,
-2.489999999979E1));
#4423=VERTEX_POINT('',#4422);
#4424=CARTESIAN_POINT('',(-8.034540699553E0,-1.42E0,-2.475E1));
#4425=VERTEX_POINT('',#4424);
#4426=CARTESIAN_POINT('',(8.475459300447E0,-1.42E0,-2.475E1));
#4427=VERTEX_POINT('',#4426);
#4428=VERTEX_POINT('',#2079);
#4429=VERTEX_POINT('',#2139);
#4430=CARTESIAN_POINT('',(0.E0,-4.675E0,0.E0));
#4431=DIRECTION('',(0.E0,-1.E0,0.E0));
#4432=DIRECTION('',(1.E0,0.E0,0.E0));
#4433=AXIS2_PLACEMENT_3D('',#4430,#4431,#4432);
#4434=PLANE('',#4433);
#4436=ORIENTED_EDGE('',*,*,#4435,.T.);
#4438=ORIENTED_EDGE('',*,*,#4437,.F.);
#4440=ORIENTED_EDGE('',*,*,#4439,.T.);
#4442=ORIENTED_EDGE('',*,*,#4441,.T.);
#4444=ORIENTED_EDGE('',*,*,#4443,.T.);
#4446=ORIENTED_EDGE('',*,*,#4445,.T.);
#4448=ORIENTED_EDGE('',*,*,#4447,.T.);
#4450=ORIENTED_EDGE('',*,*,#4449,.T.);
#4452=ORIENTED_EDGE('',*,*,#4451,.T.);
#4454=ORIENTED_EDGE('',*,*,#4453,.T.);
#4456=ORIENTED_EDGE('',*,*,#4455,.T.);
#4458=ORIENTED_EDGE('',*,*,#4457,.T.);
#4460=ORIENTED_EDGE('',*,*,#4459,.T.);
#4462=ORIENTED_EDGE('',*,*,#4461,.T.);
#4464=ORIENTED_EDGE('',*,*,#4463,.T.);
#4466=ORIENTED_EDGE('',*,*,#4465,.F.);
#4467=EDGE_LOOP('',(#4436,#4438,#4440,#4442,#4444,#4446,#4448,#4450,#4452,#4454,
#4456,#4458,#4460,#4462,#4464,#4466));
#4468=FACE_OUTER_BOUND('',#4467,.F.);
#4470=ORIENTED_EDGE('',*,*,#4469,.T.);
#4472=ORIENTED_EDGE('',*,*,#4471,.T.);
#4474=ORIENTED_EDGE('',*,*,#4473,.T.);
#4476=ORIENTED_EDGE('',*,*,#4475,.T.);
#4478=ORIENTED_EDGE('',*,*,#4477,.T.);
#4480=ORIENTED_EDGE('',*,*,#4479,.T.);
#4482=ORIENTED_EDGE('',*,*,#4481,.T.);
#4483=EDGE_LOOP('',(#4470,#4472,#4474,#4476,#4478,#4480,#4482));
#4484=FACE_BOUND('',#4483,.F.);
#4486=ORIENTED_EDGE('',*,*,#4485,.T.);
#4488=ORIENTED_EDGE('',*,*,#4487,.T.);
#4490=ORIENTED_EDGE('',*,*,#4489,.T.);
#4492=ORIENTED_EDGE('',*,*,#4491,.T.);
#4494=ORIENTED_EDGE('',*,*,#4493,.T.);
#4496=ORIENTED_EDGE('',*,*,#4495,.T.);
#4498=ORIENTED_EDGE('',*,*,#4497,.T.);
#4500=ORIENTED_EDGE('',*,*,#4499,.T.);
#4502=ORIENTED_EDGE('',*,*,#4501,.T.);
#4504=ORIENTED_EDGE('',*,*,#4503,.T.);
#4506=ORIENTED_EDGE('',*,*,#4505,.T.);
#4508=ORIENTED_EDGE('',*,*,#4507,.T.);
#4510=ORIENTED_EDGE('',*,*,#4509,.T.);
#4512=ORIENTED_EDGE('',*,*,#4511,.T.);
#4514=ORIENTED_EDGE('',*,*,#4513,.T.);
#4516=ORIENTED_EDGE('',*,*,#4515,.T.);
#4518=ORIENTED_EDGE('',*,*,#4517,.T.);
#4520=ORIENTED_EDGE('',*,*,#4519,.T.);
#4522=ORIENTED_EDGE('',*,*,#4521,.T.);
#4524=ORIENTED_EDGE('',*,*,#4523,.T.);
#4526=ORIENTED_EDGE('',*,*,#4525,.T.);
#4528=ORIENTED_EDGE('',*,*,#4527,.T.);
#4530=ORIENTED_EDGE('',*,*,#4529,.T.);
#4532=ORIENTED_EDGE('',*,*,#4531,.T.);
#4534=ORIENTED_EDGE('',*,*,#4533,.T.);
#4536=ORIENTED_EDGE('',*,*,#4535,.T.);
#4538=ORIENTED_EDGE('',*,*,#4537,.T.);
#4540=ORIENTED_EDGE('',*,*,#4539,.T.);
#4542=ORIENTED_EDGE('',*,*,#4541,.T.);
#4544=ORIENTED_EDGE('',*,*,#4543,.T.);
#4546=ORIENTED_EDGE('',*,*,#4545,.T.);
#4548=ORIENTED_EDGE('',*,*,#4547,.T.);
#4550=ORIENTED_EDGE('',*,*,#4549,.T.);
#4552=ORIENTED_EDGE('',*,*,#4551,.T.);
#4554=ORIENTED_EDGE('',*,*,#4553,.T.);
#4556=ORIENTED_EDGE('',*,*,#4555,.T.);
#4558=ORIENTED_EDGE('',*,*,#4557,.T.);
#4560=ORIENTED_EDGE('',*,*,#4559,.T.);
#4562=ORIENTED_EDGE('',*,*,#4561,.T.);
#4564=ORIENTED_EDGE('',*,*,#4563,.T.);
#4566=ORIENTED_EDGE('',*,*,#4565,.T.);
#4568=ORIENTED_EDGE('',*,*,#4567,.T.);
#4570=ORIENTED_EDGE('',*,*,#4569,.T.);
#4572=ORIENTED_EDGE('',*,*,#4571,.T.);
#4574=ORIENTED_EDGE('',*,*,#4573,.T.);
#4576=ORIENTED_EDGE('',*,*,#4575,.T.);
#4578=ORIENTED_EDGE('',*,*,#4577,.T.);
#4580=ORIENTED_EDGE('',*,*,#4579,.T.);
#4582=ORIENTED_EDGE('',*,*,#4581,.T.);
#4584=ORIENTED_EDGE('',*,*,#4583,.T.);
#4586=ORIENTED_EDGE('',*,*,#4585,.T.);
#4588=ORIENTED_EDGE('',*,*,#4587,.T.);
#4590=ORIENTED_EDGE('',*,*,#4589,.T.);
#4592=ORIENTED_EDGE('',*,*,#4591,.T.);
#4594=ORIENTED_EDGE('',*,*,#4593,.T.);
#4596=ORIENTED_EDGE('',*,*,#4595,.T.);
#4598=ORIENTED_EDGE('',*,*,#4597,.T.);
#4599=EDGE_LOOP('',(#4486,#4488,#4490,#4492,#4494,#4496,#4498,#4500,#4502,#4504,
#4506,#4508,#4510,#4512,#4514,#4516,#4518,#4520,#4522,#4524,#4526,#4528,#4530,
#4532,#4534,#4536,#4538,#4540,#4542,#4544,#4546,#4548,#4550,#4552,#4554,#4556,
#4558,#4560,#4562,#4564,#4566,#4568,#4570,#4572,#4574,#4576,#4578,#4580,#4582,
#4584,#4586,#4588,#4590,#4592,#4594,#4596,#4598));
#4600=FACE_BOUND('',#4599,.F.);
#4602=CARTESIAN_POINT('',(-1.128E1,-4.675E0,-3.E-1));
#4603=DIRECTION('',(0.E0,7.071067811865E-1,-7.071067811865E-1));
#4604=DIRECTION('',(0.E0,7.071067811865E-1,7.071067811865E-1));
#4605=AXIS2_PLACEMENT_3D('',#4602,#4603,#4604);
#4606=PLANE('',#4605);
#4607=ORIENTED_EDGE('',*,*,#4435,.F.);
#4609=ORIENTED_EDGE('',*,*,#4608,.T.);
#4611=ORIENTED_EDGE('',*,*,#4610,.T.);
#4613=ORIENTED_EDGE('',*,*,#4612,.F.);
#4614=EDGE_LOOP('',(#4607,#4609,#4611,#4613));
#4615=FACE_OUTER_BOUND('',#4614,.F.);
#4617=CARTESIAN_POINT('',(-1.208E1,-3.875E0,-3.E-1));
#4618=DIRECTION('',(5.E-1,5.E-1,-7.071067811865E-1));
#4619=DIRECTION('',(5.E-1,5.E-1,7.071067811865E-1));
#4620=AXIS2_PLACEMENT_3D('',#4617,#4618,#4619);
#4621=PLANE('',#4620);
#4623=ORIENTED_EDGE('',*,*,#4622,.T.);
#4624=ORIENTED_EDGE('',*,*,#4608,.F.);
#4626=ORIENTED_EDGE('',*,*,#4625,.T.);
#4628=ORIENTED_EDGE('',*,*,#4627,.T.);
#4629=EDGE_LOOP('',(#4623,#4624,#4626,#4628));
#4630=FACE_OUTER_BOUND('',#4629,.F.);
#4632=CARTESIAN_POINT('',(1.208E1,-4.675E0,0.E0));
#4633=DIRECTION('',(0.E0,0.E0,1.E0));
#4634=DIRECTION('',(-1.E0,0.E0,0.E0));
#4635=AXIS2_PLACEMENT_3D('',#4632,#4633,#4634);
#4636=PLANE('',#4635);
#4638=ORIENTED_EDGE('',*,*,#4637,.F.);
#4640=ORIENTED_EDGE('',*,*,#4639,.F.);
#4642=ORIENTED_EDGE('',*,*,#4641,.F.);
#4644=ORIENTED_EDGE('',*,*,#4643,.F.);
#4646=ORIENTED_EDGE('',*,*,#4645,.F.);
#4647=ORIENTED_EDGE('',*,*,#4610,.F.);
#4648=ORIENTED_EDGE('',*,*,#4622,.F.);
#4650=ORIENTED_EDGE('',*,*,#4649,.F.);
#4652=ORIENTED_EDGE('',*,*,#4651,.F.);
#4654=ORIENTED_EDGE('',*,*,#4653,.F.);
#4655=EDGE_LOOP('',(#4638,#4640,#4642,#4644,#4646,#4647,#4648,#4650,#4652,
#4654));
#4656=FACE_OUTER_BOUND('',#4655,.F.);
#4658=ORIENTED_EDGE('',*,*,#4657,.F.);
#4660=ORIENTED_EDGE('',*,*,#4659,.F.);
#4662=ORIENTED_EDGE('',*,*,#4661,.F.);
#4664=ORIENTED_EDGE('',*,*,#4663,.F.);
#4665=EDGE_LOOP('',(#4658,#4660,#4662,#4664));
#4666=FACE_BOUND('',#4665,.F.);
#4668=CARTESIAN_POINT('',(0.E0,3.525E0,-1.5E-1));
#4669=DIRECTION('',(0.E0,-7.071067811865E-1,7.071067811865E-1));
#4670=DIRECTION('',(0.E0,-7.071067811865E-1,-7.071067811865E-1));
#4671=AXIS2_PLACEMENT_3D('',#4668,#4669,#4670);
#4672=PLANE('',#4671);
#4674=ORIENTED_EDGE('',*,*,#4673,.F.);
#4676=ORIENTED_EDGE('',*,*,#4675,.T.);
#4677=ORIENTED_EDGE('',*,*,#4657,.T.);
#4679=ORIENTED_EDGE('',*,*,#4678,.T.);
#4680=EDGE_LOOP('',(#4674,#4676,#4677,#4679));
#4681=FACE_OUTER_BOUND('',#4680,.F.);
#4683=CARTESIAN_POINT('',(0.E0,3.375E0,0.E0));
#4684=DIRECTION('',(0.E0,-1.E0,0.E0));
#4685=DIRECTION('',(1.E0,0.E0,0.E0));
#4686=AXIS2_PLACEMENT_3D('',#4683,#4684,#4685);
#4687=PLANE('',#4686);
#4689=ORIENTED_EDGE('',*,*,#4688,.F.);
#4691=ORIENTED_EDGE('',*,*,#4690,.F.);
#4693=ORIENTED_EDGE('',*,*,#4692,.F.);
#4695=ORIENTED_EDGE('',*,*,#4694,.F.);
#4697=ORIENTED_EDGE('',*,*,#4696,.F.);
#4698=ORIENTED_EDGE('',*,*,#4673,.T.);
#4700=ORIENTED_EDGE('',*,*,#4699,.F.);
#4702=ORIENTED_EDGE('',*,*,#4701,.F.);
#4704=ORIENTED_EDGE('',*,*,#4703,.F.);
#4706=ORIENTED_EDGE('',*,*,#4705,.F.);
#4708=ORIENTED_EDGE('',*,*,#4707,.F.);
#4710=ORIENTED_EDGE('',*,*,#4709,.F.);
#4712=ORIENTED_EDGE('',*,*,#4711,.F.);
#4714=ORIENTED_EDGE('',*,*,#4713,.F.);
#4716=ORIENTED_EDGE('',*,*,#4715,.T.);
#4718=ORIENTED_EDGE('',*,*,#4717,.F.);
#4720=ORIENTED_EDGE('',*,*,#4719,.F.);
#4722=ORIENTED_EDGE('',*,*,#4721,.F.);
#4724=ORIENTED_EDGE('',*,*,#4723,.F.);
#4726=ORIENTED_EDGE('',*,*,#4725,.F.);
#4728=ORIENTED_EDGE('',*,*,#4727,.F.);
#4730=ORIENTED_EDGE('',*,*,#4729,.F.);
#4732=ORIENTED_EDGE('',*,*,#4731,.F.);
#4734=ORIENTED_EDGE('',*,*,#4733,.T.);
#4735=EDGE_LOOP('',(#4689,#4691,#4693,#4695,#4697,#4698,#4700,#4702,#4704,#4706,
#4708,#4710,#4712,#4714,#4716,#4718,#4720,#4722,#4724,#4726,#4728,#4730,#4732,
#4734));
#4736=FACE_OUTER_BOUND('',#4735,.F.);
#4738=CARTESIAN_POINT('',(0.E0,0.E0,-7.E-1));
#4739=DIRECTION('',(0.E0,0.E0,1.E0));
#4740=DIRECTION('',(1.E0,0.E0,0.E0));
#4741=AXIS2_PLACEMENT_3D('',#4738,#4739,#4740);
#4742=PLANE('',#4741);
#4744=ORIENTED_EDGE('',*,*,#4743,.F.);
#4745=ORIENTED_EDGE('',*,*,#4688,.T.);
#4747=ORIENTED_EDGE('',*,*,#4746,.F.);
#4749=ORIENTED_EDGE('',*,*,#4748,.F.);
#4750=EDGE_LOOP('',(#4744,#4745,#4747,#4749));
#4751=FACE_OUTER_BOUND('',#4750,.F.);
#4753=CARTESIAN_POINT('',(0.E0,0.E0,-7.E-1));
#4754=DIRECTION('',(0.E0,0.E0,1.E0));
#4755=DIRECTION('',(1.E0,0.E0,0.E0));
#4756=AXIS2_PLACEMENT_3D('',#4753,#4754,#4755);
#4757=PLANE('',#4756);
#4759=ORIENTED_EDGE('',*,*,#4758,.F.);
#4760=ORIENTED_EDGE('',*,*,#4717,.T.);
#4762=ORIENTED_EDGE('',*,*,#4761,.F.);
#4764=ORIENTED_EDGE('',*,*,#4763,.F.);
#4765=EDGE_LOOP('',(#4759,#4760,#4762,#4764));
#4766=FACE_OUTER_BOUND('',#4765,.F.);
#4768=CARTESIAN_POINT('',(0.E0,0.E0,-7.E-1));
#4769=DIRECTION('',(0.E0,0.E0,1.E0));
#4770=DIRECTION('',(1.E0,0.E0,0.E0));
#4771=AXIS2_PLACEMENT_3D('',#4768,#4769,#4770);
#4772=PLANE('',#4771);
#4774=ORIENTED_EDGE('',*,*,#4773,.F.);
#4776=ORIENTED_EDGE('',*,*,#4775,.F.);
#4778=ORIENTED_EDGE('',*,*,#4777,.F.);
#4780=ORIENTED_EDGE('',*,*,#4779,.F.);
#4781=EDGE_LOOP('',(#4774,#4776,#4778,#4780));
#4782=FACE_OUTER_BOUND('',#4781,.F.);
#4784=CARTESIAN_POINT('',(-5.98E0,3.375E0,-1.65E1));
#4785=DIRECTION('',(-1.E0,0.E0,0.E0));
#4786=DIRECTION('',(0.E0,-1.E0,0.E0));
#4787=AXIS2_PLACEMENT_3D('',#4784,#4785,#4786);
#4788=PLANE('',#4787);
#4789=ORIENTED_EDGE('',*,*,#4743,.T.);
#4791=ORIENTED_EDGE('',*,*,#4790,.F.);
#4793=ORIENTED_EDGE('',*,*,#4792,.F.);
#4794=ORIENTED_EDGE('',*,*,#4690,.T.);
#4795=EDGE_LOOP('',(#4789,#4791,#4793,#4794));
#4796=FACE_OUTER_BOUND('',#4795,.F.);
#4798=CARTESIAN_POINT('',(-5.98E0,2.675E0,-1.65E1));
#4799=DIRECTION('',(0.E0,-1.E0,0.E0));
#4800=DIRECTION('',(1.E0,0.E0,0.E0));
#4801=AXIS2_PLACEMENT_3D('',#4798,#4799,#4800);
#4802=PLANE('',#4801);
#4803=ORIENTED_EDGE('',*,*,#4790,.T.);
#4804=ORIENTED_EDGE('',*,*,#4748,.T.);
#4806=ORIENTED_EDGE('',*,*,#4805,.F.);
#4808=ORIENTED_EDGE('',*,*,#4807,.F.);
#4809=EDGE_LOOP('',(#4803,#4804,#4806,#4808));
#4810=FACE_OUTER_BOUND('',#4809,.F.);
#4812=CARTESIAN_POINT('',(-4.18E0,2.675E0,-1.65E1));
#4813=DIRECTION('',(1.E0,0.E0,0.E0));
#4814=DIRECTION('',(0.E0,1.E0,0.E0));
#4815=AXIS2_PLACEMENT_3D('',#4812,#4813,#4814);
#4816=PLANE('',#4815);
#4817=ORIENTED_EDGE('',*,*,#4746,.T.);
#4818=ORIENTED_EDGE('',*,*,#4733,.F.);
#4820=ORIENTED_EDGE('',*,*,#4819,.T.);
#4821=ORIENTED_EDGE('',*,*,#4805,.T.);
#4822=EDGE_LOOP('',(#4817,#4818,#4820,#4821));
#4823=FACE_OUTER_BOUND('',#4822,.F.);
#4825=CARTESIAN_POINT('',(-9.895E0,-3.375E0,-1.65E1));
#4826=DIRECTION('',(0.E0,0.E0,-1.E0));
#4827=DIRECTION('',(1.E0,0.E0,0.E0));
#4828=AXIS2_PLACEMENT_3D('',#4825,#4826,#4827);
#4829=PLANE('',#4828);
#4830=ORIENTED_EDGE('',*,*,#4792,.T.);
#4831=ORIENTED_EDGE('',*,*,#4807,.T.);
#4832=ORIENTED_EDGE('',*,*,#4819,.F.);
#4833=ORIENTED_EDGE('',*,*,#4731,.T.);
#4835=ORIENTED_EDGE('',*,*,#4834,.F.);
#4837=ORIENTED_EDGE('',*,*,#4836,.T.);
#4839=ORIENTED_EDGE('',*,*,#4838,.F.);
#4841=ORIENTED_EDGE('',*,*,#4840,.F.);
#4843=ORIENTED_EDGE('',*,*,#4842,.T.);
#4845=ORIENTED_EDGE('',*,*,#4844,.F.);
#4847=ORIENTED_EDGE('',*,*,#4846,.T.);
#4849=ORIENTED_EDGE('',*,*,#4848,.T.);
#4851=ORIENTED_EDGE('',*,*,#4850,.T.);
#4852=ORIENTED_EDGE('',*,*,#4692,.T.);
#4853=EDGE_LOOP('',(#4830,#4831,#4832,#4833,#4835,#4837,#4839,#4841,#4843,#4845,
#4847,#4849,#4851,#4852));
#4854=FACE_OUTER_BOUND('',#4853,.F.);
#4856=ORIENTED_EDGE('',*,*,#4855,.F.);
#4858=ORIENTED_EDGE('',*,*,#4857,.T.);
#4860=ORIENTED_EDGE('',*,*,#4859,.T.);
#4862=ORIENTED_EDGE('',*,*,#4861,.F.);
#4863=EDGE_LOOP('',(#4856,#4858,#4860,#4862));
#4864=FACE_BOUND('',#4863,.F.);
#4866=CARTESIAN_POINT('',(-1.016E1,3.2E-1,0.E0));
#4867=DIRECTION('',(0.E0,-1.E0,0.E0));
#4868=DIRECTION('',(1.E0,0.E0,0.E0));
#4869=AXIS2_PLACEMENT_3D('',#4866,#4867,#4868);
#4870=PLANE('',#4869);
#4872=ORIENTED_EDGE('',*,*,#4871,.F.);
#4874=ORIENTED_EDGE('',*,*,#4873,.T.);
#4876=ORIENTED_EDGE('',*,*,#4875,.T.);
#4878=ORIENTED_EDGE('',*,*,#4877,.T.);
#4880=ORIENTED_EDGE('',*,*,#4879,.T.);
#4882=ORIENTED_EDGE('',*,*,#4881,.T.);
#4884=ORIENTED_EDGE('',*,*,#4883,.T.);
#4886=ORIENTED_EDGE('',*,*,#4885,.T.);
#4887=EDGE_LOOP('',(#4872,#4874,#4876,#4878,#4880,#4882,#4884,#4886));
#4888=FACE_OUTER_BOUND('',#4887,.F.);
#4890=CARTESIAN_POINT('',(-1.016E1,3.2E-1,0.E0));
#4891=DIRECTION('',(0.E0,-1.E0,0.E0));
#4892=DIRECTION('',(1.E0,0.E0,0.E0));
#4893=AXIS2_PLACEMENT_3D('',#4890,#4891,#4892);
#4894=PLANE('',#4893);
#4895=ORIENTED_EDGE('',*,*,#4855,.T.);
#4897=ORIENTED_EDGE('',*,*,#4896,.T.);
#4899=ORIENTED_EDGE('',*,*,#4898,.T.);
#4901=ORIENTED_EDGE('',*,*,#4900,.T.);
#4902=EDGE_LOOP('',(#4895,#4897,#4899,#4901));
#4903=FACE_OUTER_BOUND('',#4902,.F.);
#4905=CARTESIAN_POINT('',(-7.08E0,-4.675E0,-2.01E1));
#4906=DIRECTION('',(0.E0,0.E0,-1.E0));
#4907=DIRECTION('',(1.E0,0.E0,0.E0));
#4908=AXIS2_PLACEMENT_3D('',#4905,#4906,#4907);
#4909=PLANE('',#4908);
#4911=ORIENTED_EDGE('',*,*,#4910,.F.);
#4913=ORIENTED_EDGE('',*,*,#4912,.F.);
#4915=ORIENTED_EDGE('',*,*,#4914,.T.);
#4917=ORIENTED_EDGE('',*,*,#4916,.T.);
#4918=ORIENTED_EDGE('',*,*,#4443,.F.);
#4920=ORIENTED_EDGE('',*,*,#4919,.F.);
#4922=ORIENTED_EDGE('',*,*,#4921,.F.);
#4924=ORIENTED_EDGE('',*,*,#4923,.F.);
#4925=EDGE_LOOP('',(#4911,#4913,#4915,#4917,#4918,#4920,#4922,#4924));
#4926=FACE_OUTER_BOUND('',#4925,.F.);
#4928=ORIENTED_EDGE('',*,*,#4927,.F.);
#4930=ORIENTED_EDGE('',*,*,#4929,.F.);
#4932=ORIENTED_EDGE('',*,*,#4931,.F.);
#4934=ORIENTED_EDGE('',*,*,#4933,.F.);
#4935=EDGE_LOOP('',(#4928,#4930,#4932,#4934));
#4936=FACE_BOUND('',#4935,.F.);
#4938=ORIENTED_EDGE('',*,*,#4937,.T.);
#4940=ORIENTED_EDGE('',*,*,#4939,.T.);
#4942=ORIENTED_EDGE('',*,*,#4941,.F.);
#4944=ORIENTED_EDGE('',*,*,#4943,.F.);
#4945=EDGE_LOOP('',(#4938,#4940,#4942,#4944));
#4946=FACE_BOUND('',#4945,.F.);
#4948=CARTESIAN_POINT('',(-7.08E0,-4.675E0,-2.01E1));
#4949=DIRECTION('',(0.E0,0.E0,-1.E0));
#4950=DIRECTION('',(1.E0,0.E0,0.E0));
#4951=AXIS2_PLACEMENT_3D('',#4948,#4949,#4950);
#4952=PLANE('',#4951);
#4954=ORIENTED_EDGE('',*,*,#4953,.T.);
#4956=ORIENTED_EDGE('',*,*,#4955,.F.);
#4958=ORIENTED_EDGE('',*,*,#4957,.F.);
#4960=ORIENTED_EDGE('',*,*,#4959,.F.);
#4962=ORIENTED_EDGE('',*,*,#4961,.T.);
#4963=ORIENTED_EDGE('',*,*,#4459,.F.);
#4965=ORIENTED_EDGE('',*,*,#4964,.F.);
#4967=ORIENTED_EDGE('',*,*,#4966,.T.);
#4968=EDGE_LOOP('',(#4954,#4956,#4958,#4960,#4962,#4963,#4965,#4967));
#4969=FACE_OUTER_BOUND('',#4968,.F.);
#4971=ORIENTED_EDGE('',*,*,#4970,.T.);
#4973=ORIENTED_EDGE('',*,*,#4972,.F.);
#4975=ORIENTED_EDGE('',*,*,#4974,.F.);
#4977=ORIENTED_EDGE('',*,*,#4976,.F.);
#4978=EDGE_LOOP('',(#4971,#4973,#4975,#4977));
#4979=FACE_BOUND('',#4978,.F.);
#4980=ORIENTED_EDGE('',*,*,#4871,.T.);
#4982=ORIENTED_EDGE('',*,*,#4981,.T.);
#4984=ORIENTED_EDGE('',*,*,#4983,.F.);
#4986=ORIENTED_EDGE('',*,*,#4985,.F.);
#4987=EDGE_LOOP('',(#4980,#4982,#4984,#4986));
#4988=FACE_BOUND('',#4987,.F.);
#4990=CARTESIAN_POINT('',(7.08E0,3.975E0,-2.16E1));
#4991=DIRECTION('',(0.E0,1.E0,0.E0));
#4992=DIRECTION('',(1.E0,0.E0,0.E0));
#4993=AXIS2_PLACEMENT_3D('',#4990,#4991,#4992);
#4994=PLANE('',#4993);
#4996=ORIENTED_EDGE('',*,*,#4995,.F.);
#4997=ORIENTED_EDGE('',*,*,#4910,.T.);
#4999=ORIENTED_EDGE('',*,*,#4998,.F.);
#5001=ORIENTED_EDGE('',*,*,#5000,.F.);
#5002=EDGE_LOOP('',(#4996,#4997,#4999,#5001));
#5003=FACE_OUTER_BOUND('',#5002,.F.);
#5005=CARTESIAN_POINT('',(7.08E0,-4.675E0,-2.01E1));
#5006=DIRECTION('',(-1.E0,0.E0,0.E0));
#5007=DIRECTION('',(0.E0,0.E0,-1.E0));
#5008=AXIS2_PLACEMENT_3D('',#5005,#5006,#5007);
#5009=PLANE('',#5008);
#5011=ORIENTED_EDGE('',*,*,#5010,.F.);
#5013=ORIENTED_EDGE('',*,*,#5012,.T.);
#5014=ORIENTED_EDGE('',*,*,#4912,.T.);
#5015=ORIENTED_EDGE('',*,*,#4995,.T.);
#5016=EDGE_LOOP('',(#5011,#5013,#5014,#5015));
#5017=FACE_OUTER_BOUND('',#5016,.F.);
#5019=CARTESIAN_POINT('',(7.08E0,-4.675E0,-2.01E1));
#5020=DIRECTION('',(-1.E0,0.E0,0.E0));
#5021=DIRECTION('',(0.E0,0.E0,-1.E0));
#5022=AXIS2_PLACEMENT_3D('',#5019,#5020,#5021);
#5023=PLANE('',#5022);
#5025=ORIENTED_EDGE('',*,*,#5024,.F.);
#5027=ORIENTED_EDGE('',*,*,#5026,.F.);
#5028=ORIENTED_EDGE('',*,*,#4919,.T.);
#5029=ORIENTED_EDGE('',*,*,#4441,.F.);
#5030=EDGE_LOOP('',(#5025,#5027,#5028,#5029));
#5031=FACE_OUTER_BOUND('',#5030,.F.);
#5033=CARTESIAN_POINT('',(7.08E0,-4.675E0,-2.01E1));
#5034=DIRECTION('',(-1.E0,0.E0,0.E0));
#5035=DIRECTION('',(0.E0,0.E0,-1.E0));
#5036=AXIS2_PLACEMENT_3D('',#5033,#5034,#5035);
#5037=PLANE('',#5036);
#5039=ORIENTED_EDGE('',*,*,#5038,.F.);
#5041=ORIENTED_EDGE('',*,*,#5040,.F.);
#5042=ORIENTED_EDGE('',*,*,#4929,.T.);
#5044=ORIENTED_EDGE('',*,*,#5043,.T.);
#5045=EDGE_LOOP('',(#5039,#5041,#5042,#5044));
#5046=FACE_OUTER_BOUND('',#5045,.F.);
#5048=CARTESIAN_POINT('',(7.08E0,-4.675E0,-2.16E1));
#5049=DIRECTION('',(0.E0,0.E0,-1.E0));
#5050=DIRECTION('',(1.E0,0.E0,0.E0));
#5051=AXIS2_PLACEMENT_3D('',#5048,#5049,#5050);
#5052=PLANE('',#5051);
#5054=ORIENTED_EDGE('',*,*,#5053,.F.);
#5056=ORIENTED_EDGE('',*,*,#5055,.T.);
#5057=ORIENTED_EDGE('',*,*,#5010,.T.);
#5058=ORIENTED_EDGE('',*,*,#5000,.T.);
#5060=ORIENTED_EDGE('',*,*,#5059,.T.);
#5062=ORIENTED_EDGE('',*,*,#5061,.F.);
#5064=ORIENTED_EDGE('',*,*,#5063,.F.);
#5065=EDGE_LOOP('',(#5054,#5056,#5057,#5058,#5060,#5062,#5064));
#5066=FACE_OUTER_BOUND('',#5065,.F.);
#5068=CARTESIAN_POINT('',(7.08E0,-4.675E0,-2.16E1));
#5069=DIRECTION('',(0.E0,0.E0,-1.E0));
#5070=DIRECTION('',(1.E0,0.E0,0.E0));
#5071=AXIS2_PLACEMENT_3D('',#5068,#5069,#5070);
#5072=PLANE('',#5071);
#5074=ORIENTED_EDGE('',*,*,#5073,.F.);
#5076=ORIENTED_EDGE('',*,*,#5075,.F.);
#5078=ORIENTED_EDGE('',*,*,#5077,.T.);
#5080=ORIENTED_EDGE('',*,*,#5079,.T.);
#5082=ORIENTED_EDGE('',*,*,#5081,.F.);
#5083=ORIENTED_EDGE('',*,*,#5024,.T.);
#5084=ORIENTED_EDGE('',*,*,#4439,.F.);
#5085=EDGE_LOOP('',(#5074,#5076,#5078,#5080,#5082,#5083,#5084));
#5086=FACE_OUTER_BOUND('',#5085,.F.);
#5088=CARTESIAN_POINT('',(1.168E1,4.275E0,-1.08E1));
#5089=DIRECTION('',(7.071067811865E-1,7.071067811865E-1,0.E0));
#5090=DIRECTION('',(7.071067811865E-1,-7.071067811865E-1,0.E0));
#5091=AXIS2_PLACEMENT_3D('',#5088,#5089,#5090);
#5092=PLANE('',#5091);
#5094=ORIENTED_EDGE('',*,*,#5093,.F.);
#5096=ORIENTED_EDGE('',*,*,#5095,.T.);
#5097=ORIENTED_EDGE('',*,*,#5053,.T.);
#5099=ORIENTED_EDGE('',*,*,#5098,.F.);
#5100=EDGE_LOOP('',(#5094,#5096,#5097,#5099));
#5101=FACE_OUTER_BOUND('',#5100,.F.);
#5103=CARTESIAN_POINT('',(1.208E1,3.875E0,-3.E-1));
#5104=DIRECTION('',(-5.E-1,-5.E-1,-7.071067811865E-1));
#5105=DIRECTION('',(-5.E-1,-5.E-1,7.071067811865E-1));
#5106=AXIS2_PLACEMENT_3D('',#5103,#5104,#5105);
#5107=PLANE('',#5106);
#5108=ORIENTED_EDGE('',*,*,#4641,.T.);
#5110=ORIENTED_EDGE('',*,*,#5109,.F.);
#5111=ORIENTED_EDGE('',*,*,#5093,.T.);
#5113=ORIENTED_EDGE('',*,*,#5112,.T.);
#5114=EDGE_LOOP('',(#5108,#5110,#5111,#5113));
#5115=FACE_OUTER_BOUND('',#5114,.F.);
#5117=CARTESIAN_POINT('',(1.128E1,4.675E0,-3.E-1));
#5118=DIRECTION('',(0.E0,-7.071067811865E-1,-7.071067811865E-1));
#5119=DIRECTION('',(0.E0,-7.071067811865E-1,7.071067811865E-1));
#5120=AXIS2_PLACEMENT_3D('',#5117,#5118,#5119);
#5121=PLANE('',#5120);
#5123=ORIENTED_EDGE('',*,*,#5122,.T.);
#5124=ORIENTED_EDGE('',*,*,#5109,.T.);
#5125=ORIENTED_EDGE('',*,*,#4639,.T.);
#5127=ORIENTED_EDGE('',*,*,#5126,.F.);
#5128=EDGE_LOOP('',(#5123,#5124,#5125,#5127));
#5129=FACE_OUTER_BOUND('',#5128,.F.);
#5131=CARTESIAN_POINT('',(0.E0,4.675E0,0.E0));
#5132=DIRECTION('',(0.E0,-1.E0,0.E0));
#5133=DIRECTION('',(1.E0,0.E0,0.E0));
#5134=AXIS2_PLACEMENT_3D('',#5131,#5132,#5133);
#5135=PLANE('',#5134);
#5136=ORIENTED_EDGE('',*,*,#5122,.F.);
#5138=ORIENTED_EDGE('',*,*,#5137,.F.);
#5140=ORIENTED_EDGE('',*,*,#5139,.F.);
#5142=ORIENTED_EDGE('',*,*,#5141,.F.);
#5143=ORIENTED_EDGE('',*,*,#4966,.F.);
#5145=ORIENTED_EDGE('',*,*,#5144,.F.);
#5147=ORIENTED_EDGE('',*,*,#5146,.F.);
#5149=ORIENTED_EDGE('',*,*,#5148,.F.);
#5151=ORIENTED_EDGE('',*,*,#5150,.F.);
#5153=ORIENTED_EDGE('',*,*,#5152,.F.);
#5155=ORIENTED_EDGE('',*,*,#5154,.F.);
#5157=ORIENTED_EDGE('',*,*,#5156,.F.);
#5158=ORIENTED_EDGE('',*,*,#4914,.F.);
#5159=ORIENTED_EDGE('',*,*,#5012,.F.);
#5160=ORIENTED_EDGE('',*,*,#5055,.F.);
#5161=ORIENTED_EDGE('',*,*,#5095,.F.);
#5162=EDGE_LOOP('',(#5136,#5138,#5140,#5142,#5143,#5145,#5147,#5149,#5151,#5153,
#5155,#5157,#5158,#5159,#5160,#5161));
#5163=FACE_OUTER_BOUND('',#5162,.F.);
#5165=CARTESIAN_POINT('',(-1.168E1,4.275E0,-1.08E1));
#5166=DIRECTION('',(-7.071067811865E-1,7.071067811865E-1,0.E0));
#5167=DIRECTION('',(-7.071067811865E-1,-7.071067811865E-1,0.E0));
#5168=AXIS2_PLACEMENT_3D('',#5165,#5166,#5167);
#5169=PLANE('',#5168);
#5171=ORIENTED_EDGE('',*,*,#5170,.T.);
#5173=ORIENTED_EDGE('',*,*,#5172,.F.);
#5175=ORIENTED_EDGE('',*,*,#5174,.T.);
#5176=ORIENTED_EDGE('',*,*,#5137,.T.);
#5177=EDGE_LOOP('',(#5171,#5173,#5175,#5176));
#5178=FACE_OUTER_BOUND('',#5177,.F.);
#5180=CARTESIAN_POINT('',(-1.128E1,4.675E0,-3.E-1));
#5181=DIRECTION('',(5.E-1,-5.E-1,-7.071067811865E-1));
#5182=DIRECTION('',(5.E-1,-5.E-1,7.071067811865E-1));
#5183=AXIS2_PLACEMENT_3D('',#5180,#5181,#5182);
#5184=PLANE('',#5183);
#5185=ORIENTED_EDGE('',*,*,#4637,.T.);
#5187=ORIENTED_EDGE('',*,*,#5186,.F.);
#5188=ORIENTED_EDGE('',*,*,#5170,.F.);
#5189=ORIENTED_EDGE('',*,*,#5126,.T.);
#5190=EDGE_LOOP('',(#5185,#5187,#5188,#5189));
#5191=FACE_OUTER_BOUND('',#5190,.F.);
#5193=CARTESIAN_POINT('',(-1.208E1,3.875E0,-3.E-1));
#5194=DIRECTION('',(7.071067811865E-1,0.E0,-7.071067811865E-1));
#5195=DIRECTION('',(7.071067811865E-1,0.E0,7.071067811865E-1));
#5196=AXIS2_PLACEMENT_3D('',#5193,#5194,#5195);
#5197=PLANE('',#5196);
#5199=ORIENTED_EDGE('',*,*,#5198,.F.);
#5200=ORIENTED_EDGE('',*,*,#5186,.T.);
#5201=ORIENTED_EDGE('',*,*,#4653,.T.);
#5203=ORIENTED_EDGE('',*,*,#5202,.F.);
#5204=EDGE_LOOP('',(#5199,#5200,#5201,#5203));
#5205=FACE_OUTER_BOUND('',#5204,.F.);
#5207=CARTESIAN_POINT('',(-1.208E1,3.875E0,-3.E-1));
#5208=DIRECTION('',(7.071067811865E-1,0.E0,-7.071067811865E-1));
#5209=DIRECTION('',(7.071067811865E-1,0.E0,7.071067811865E-1));
#5210=AXIS2_PLACEMENT_3D('',#5207,#5208,#5209);
#5211=PLANE('',#5210);
#5213=ORIENTED_EDGE('',*,*,#5212,.F.);
#5215=ORIENTED_EDGE('',*,*,#5214,.T.);
#5216=ORIENTED_EDGE('',*,*,#4649,.T.);
#5217=ORIENTED_EDGE('',*,*,#4627,.F.);
#5218=EDGE_LOOP('',(#5213,#5215,#5216,#5217));
#5219=FACE_OUTER_BOUND('',#5218,.F.);
#5221=CARTESIAN_POINT('',(-1.208E1,-4.675E0,0.E0));
#5222=DIRECTION('',(-1.E0,0.E0,0.E0));
#5223=DIRECTION('',(0.E0,0.E0,-1.E0));
#5224=AXIS2_PLACEMENT_3D('',#5221,#5222,#5223);
#5225=PLANE('',#5224);
#5226=ORIENTED_EDGE('',*,*,#5198,.T.);
#5228=ORIENTED_EDGE('',*,*,#5227,.F.);
#5230=ORIENTED_EDGE('',*,*,#5229,.F.);
#5231=ORIENTED_EDGE('',*,*,#5172,.T.);
#5232=EDGE_LOOP('',(#5226,#5228,#5230,#5231));
#5233=FACE_OUTER_BOUND('',#5232,.F.);
#5235=CARTESIAN_POINT('',(-1.208E1,-4.675E0,0.E0));
#5236=DIRECTION('',(-1.E0,0.E0,0.E0));
#5237=DIRECTION('',(0.E0,0.E0,-1.E0));
#5238=AXIS2_PLACEMENT_3D('',#5235,#5236,#5237);
#5239=PLANE('',#5238);
#5240=ORIENTED_EDGE('',*,*,#5212,.T.);
#5242=ORIENTED_EDGE('',*,*,#5241,.T.);
#5244=ORIENTED_EDGE('',*,*,#5243,.F.);
#5246=ORIENTED_EDGE('',*,*,#5245,.T.);
#5248=ORIENTED_EDGE('',*,*,#5247,.F.);
#5250=ORIENTED_EDGE('',*,*,#5249,.F.);
#5251=EDGE_LOOP('',(#5240,#5242,#5244,#5246,#5248,#5250));
#5252=FACE_OUTER_BOUND('',#5251,.F.);
#5254=CARTESIAN_POINT('',(-1.208E1,1.E0,-2.16E1));
#5255=DIRECTION('',(0.E0,1.E0,0.E0));
#5256=DIRECTION('',(1.E0,0.E0,0.E0));
#5257=AXIS2_PLACEMENT_3D('',#5254,#5255,#5256);
#5258=PLANE('',#5257);
#5259=ORIENTED_EDGE('',*,*,#5202,.T.);
#5261=ORIENTED_EDGE('',*,*,#5260,.F.);
#5263=ORIENTED_EDGE('',*,*,#5262,.T.);
#5265=ORIENTED_EDGE('',*,*,#5264,.F.);
#5267=ORIENTED_EDGE('',*,*,#5266,.F.);
#5268=ORIENTED_EDGE('',*,*,#5227,.T.);
#5269=EDGE_LOOP('',(#5259,#5261,#5263,#5265,#5267,#5268));
#5270=FACE_OUTER_BOUND('',#5269,.F.);
#5272=CARTESIAN_POINT('',(-1.178E1,1.E0,-2.16E1));
#5273=DIRECTION('',(1.E0,0.E0,0.E0));
#5274=DIRECTION('',(0.E0,-1.E0,0.E0));
#5275=AXIS2_PLACEMENT_3D('',#5272,#5273,#5274);
#5276=PLANE('',#5275);
#5277=ORIENTED_EDGE('',*,*,#4651,.T.);
#5279=ORIENTED_EDGE('',*,*,#5278,.F.);
#5281=ORIENTED_EDGE('',*,*,#5280,.F.);
#5282=ORIENTED_EDGE('',*,*,#5260,.T.);
#5283=EDGE_LOOP('',(#5277,#5279,#5281,#5282));
#5284=FACE_OUTER_BOUND('',#5283,.F.);
#5286=CARTESIAN_POINT('',(-1.178E1,-1.E0,-2.16E1));
#5287=DIRECTION('',(0.E0,-1.E0,0.E0));
#5288=DIRECTION('',(-1.E0,0.E0,0.E0));
#5289=AXIS2_PLACEMENT_3D('',#5286,#5287,#5288);
#5290=PLANE('',#5289);
#5291=ORIENTED_EDGE('',*,*,#5214,.F.);
#5292=ORIENTED_EDGE('',*,*,#5249,.T.);
#5294=ORIENTED_EDGE('',*,*,#5293,.T.);
#5295=ORIENTED_EDGE('',*,*,#5278,.T.);
#5296=EDGE_LOOP('',(#5291,#5292,#5294,#5295));
#5297=FACE_OUTER_BOUND('',#5296,.F.);
#5299=CARTESIAN_POINT('',(0.E0,0.E0,-2.06E1));
#5300=DIRECTION('',(0.E0,0.E0,-1.E0));
#5301=DIRECTION('',(1.E0,0.E0,0.E0));
#5302=AXIS2_PLACEMENT_3D('',#5299,#5300,#5301);
#5303=PLANE('',#5302);
#5305=ORIENTED_EDGE('',*,*,#5304,.F.);
#5307=ORIENTED_EDGE('',*,*,#5306,.F.);
#5309=ORIENTED_EDGE('',*,*,#5308,.F.);
#5311=ORIENTED_EDGE('',*,*,#5310,.T.);
#5312=EDGE_LOOP('',(#5305,#5307,#5309,#5311));
#5313=FACE_OUTER_BOUND('',#5312,.F.);
#5315=CARTESIAN_POINT('',(0.E0,0.E0,-2.06E1));
#5316=DIRECTION('',(0.E0,0.E0,-1.E0));
#5317=DIRECTION('',(1.E0,0.E0,0.E0));
#5318=AXIS2_PLACEMENT_3D('',#5315,#5316,#5317);
#5319=PLANE('',#5318);
#5321=ORIENTED_EDGE('',*,*,#5320,.T.);
#5323=ORIENTED_EDGE('',*,*,#5322,.F.);
#5325=ORIENTED_EDGE('',*,*,#5324,.F.);
#5327=ORIENTED_EDGE('',*,*,#5326,.F.);
#5328=EDGE_LOOP('',(#5321,#5323,#5325,#5327));
#5329=FACE_OUTER_BOUND('',#5328,.F.);
#5331=CARTESIAN_POINT('',(0.E0,0.E0,-2.06E1));
#5332=DIRECTION('',(0.E0,0.E0,-1.E0));
#5333=DIRECTION('',(1.E0,0.E0,0.E0));
#5334=AXIS2_PLACEMENT_3D('',#5331,#5332,#5333);
#5335=PLANE('',#5334);
#5337=ORIENTED_EDGE('',*,*,#5336,.F.);
#5339=ORIENTED_EDGE('',*,*,#5338,.T.);
#5341=ORIENTED_EDGE('',*,*,#5340,.F.);
#5343=ORIENTED_EDGE('',*,*,#5342,.F.);
#5344=EDGE_LOOP('',(#5337,#5339,#5341,#5343));
#5345=FACE_OUTER_BOUND('',#5344,.F.);
#5347=CARTESIAN_POINT('',(0.E0,0.E0,-2.06E1));
#5348=DIRECTION('',(0.E0,0.E0,-1.E0));
#5349=DIRECTION('',(1.E0,0.E0,0.E0));
#5350=AXIS2_PLACEMENT_3D('',#5347,#5348,#5349);
#5351=PLANE('',#5350);
#5353=ORIENTED_EDGE('',*,*,#5352,.F.);
#5355=ORIENTED_EDGE('',*,*,#5354,.T.);
#5357=ORIENTED_EDGE('',*,*,#5356,.T.);
#5359=ORIENTED_EDGE('',*,*,#5358,.T.);
#5360=EDGE_LOOP('',(#5353,#5355,#5357,#5359));
#5361=FACE_OUTER_BOUND('',#5360,.F.);
#5363=ORIENTED_EDGE('',*,*,#5362,.T.);
#5365=ORIENTED_EDGE('',*,*,#5364,.T.);
#5367=ORIENTED_EDGE('',*,*,#5366,.F.);
#5369=ORIENTED_EDGE('',*,*,#5368,.F.);
#5371=ORIENTED_EDGE('',*,*,#5370,.F.);
#5373=ORIENTED_EDGE('',*,*,#5372,.T.);
#5374=EDGE_LOOP('',(#5363,#5365,#5367,#5369,#5371,#5373));
#5375=FACE_BOUND('',#5374,.F.);
#5377=CARTESIAN_POINT('',(0.E0,0.E0,-2.06E1));
#5378=DIRECTION('',(0.E0,0.E0,-1.E0));
#5379=DIRECTION('',(1.E0,0.E0,0.E0));
#5380=AXIS2_PLACEMENT_3D('',#5377,#5378,#5379);
#5381=PLANE('',#5380);
#5382=ORIENTED_EDGE('',*,*,#5038,.T.);
#5384=ORIENTED_EDGE('',*,*,#5383,.T.);
#5386=ORIENTED_EDGE('',*,*,#5385,.T.);
#5388=ORIENTED_EDGE('',*,*,#5387,.T.);
#5389=EDGE_LOOP('',(#5382,#5384,#5386,#5388));
#5390=FACE_OUTER_BOUND('',#5389,.F.);
#5392=ORIENTED_EDGE('',*,*,#5391,.T.);
#5394=ORIENTED_EDGE('',*,*,#5393,.T.);
#5396=ORIENTED_EDGE('',*,*,#5395,.F.);
#5398=ORIENTED_EDGE('',*,*,#5397,.F.);
#5400=ORIENTED_EDGE('',*,*,#5399,.F.);
#5402=ORIENTED_EDGE('',*,*,#5401,.T.);
#5403=EDGE_LOOP('',(#5392,#5394,#5396,#5398,#5400,#5402));
#5404=FACE_BOUND('',#5403,.F.);
#5406=CARTESIAN_POINT('',(0.E0,0.E0,-2.06E1));
#5407=DIRECTION('',(0.E0,0.E0,-1.E0));
#5408=DIRECTION('',(1.E0,0.E0,0.E0));
#5409=AXIS2_PLACEMENT_3D('',#5406,#5407,#5408);
#5410=PLANE('',#5409);
#5411=ORIENTED_EDGE('',*,*,#5280,.T.);
#5412=ORIENTED_EDGE('',*,*,#5293,.F.);
#5413=ORIENTED_EDGE('',*,*,#5247,.T.);
#5415=ORIENTED_EDGE('',*,*,#5414,.F.);
#5417=ORIENTED_EDGE('',*,*,#5416,.F.);
#5418=ORIENTED_EDGE('',*,*,#5262,.F.);
#5419=EDGE_LOOP('',(#5411,#5412,#5413,#5415,#5417,#5418));
#5420=FACE_OUTER_BOUND('',#5419,.F.);
#5422=CARTESIAN_POINT('',(3.04E0,-2.E0,-2.16E1));
#5423=DIRECTION('',(0.E0,-1.E0,0.E0));
#5424=DIRECTION('',(-1.E0,0.E0,0.E0));
#5425=AXIS2_PLACEMENT_3D('',#5422,#5423,#5424);
#5426=PLANE('',#5425);
#5428=ORIENTED_EDGE('',*,*,#5427,.F.);
#5430=ORIENTED_EDGE('',*,*,#5429,.T.);
#5432=ORIENTED_EDGE('',*,*,#5431,.T.);
#5433=ORIENTED_EDGE('',*,*,#5304,.T.);
#5434=EDGE_LOOP('',(#5428,#5430,#5432,#5433));
#5435=FACE_OUTER_BOUND('',#5434,.F.);
#5437=CARTESIAN_POINT('',(3.04E0,-2.E0,-2.16E1));
#5438=DIRECTION('',(0.E0,-1.E0,0.E0));
#5439=DIRECTION('',(-1.E0,0.E0,0.E0));
#5440=AXIS2_PLACEMENT_3D('',#5437,#5438,#5439);
#5441=PLANE('',#5440);
#5443=ORIENTED_EDGE('',*,*,#5442,.F.);
#5445=ORIENTED_EDGE('',*,*,#5444,.T.);
#5447=ORIENTED_EDGE('',*,*,#5446,.T.);
#5448=ORIENTED_EDGE('',*,*,#5322,.T.);
#5449=EDGE_LOOP('',(#5443,#5445,#5447,#5448));
#5450=FACE_OUTER_BOUND('',#5449,.F.);
#5452=CARTESIAN_POINT('',(-3.04E0,-4.675E0,-2.01E1));
#5453=DIRECTION('',(-1.E0,0.E0,0.E0));
#5454=DIRECTION('',(0.E0,0.E0,-1.E0));
#5455=AXIS2_PLACEMENT_3D('',#5452,#5453,#5454);
#5456=PLANE('',#5455);
#5457=ORIENTED_EDGE('',*,*,#5310,.F.);
#5459=ORIENTED_EDGE('',*,*,#5458,.F.);
#5461=ORIENTED_EDGE('',*,*,#5460,.F.);
#5462=ORIENTED_EDGE('',*,*,#5144,.T.);
#5463=ORIENTED_EDGE('',*,*,#4964,.T.);
#5464=ORIENTED_EDGE('',*,*,#4457,.F.);
#5466=ORIENTED_EDGE('',*,*,#5465,.F.);
#5467=ORIENTED_EDGE('',*,*,#5427,.T.);
#5468=EDGE_LOOP('',(#5457,#5459,#5461,#5462,#5463,#5464,#5466,#5467));
#5469=FACE_OUTER_BOUND('',#5468,.F.);
#5471=CARTESIAN_POINT('',(-3.04E0,-5.E-1,-2.16E1));
#5472=DIRECTION('',(0.E0,1.E0,0.E0));
#5473=DIRECTION('',(1.E0,0.E0,0.E0));
#5474=AXIS2_PLACEMENT_3D('',#5471,#5472,#5473);
#5475=PLANE('',#5474);
#5476=ORIENTED_EDGE('',*,*,#5458,.T.);
#5477=ORIENTED_EDGE('',*,*,#5308,.T.);
#5479=ORIENTED_EDGE('',*,*,#5478,.F.);
#5481=ORIENTED_EDGE('',*,*,#5480,.F.);
#5482=EDGE_LOOP('',(#5476,#5477,#5479,#5481));
#5483=FACE_OUTER_BOUND('',#5482,.F.);
#5485=CARTESIAN_POINT('',(-3.04E0,-5.E-1,-2.16E1));
#5486=DIRECTION('',(0.E0,1.E0,0.E0));
#5487=DIRECTION('',(1.E0,0.E0,0.E0));
#5488=AXIS2_PLACEMENT_3D('',#5485,#5486,#5487);
#5489=PLANE('',#5488);
#5491=ORIENTED_EDGE('',*,*,#5490,.T.);
#5492=ORIENTED_EDGE('',*,*,#5326,.T.);
#5494=ORIENTED_EDGE('',*,*,#5493,.F.);
#5496=ORIENTED_EDGE('',*,*,#5495,.F.);
#5497=EDGE_LOOP('',(#5491,#5492,#5494,#5496));
#5498=FACE_OUTER_BOUND('',#5497,.F.);
#5500=CARTESIAN_POINT('',(-2.04E0,-4.675E0,-2.16E1));
#5501=DIRECTION('',(1.E0,0.E0,0.E0));
#5502=DIRECTION('',(0.E0,0.E0,1.E0));
#5503=AXIS2_PLACEMENT_3D('',#5500,#5501,#5502);
#5504=PLANE('',#5503);
#5505=ORIENTED_EDGE('',*,*,#5306,.T.);
#5506=ORIENTED_EDGE('',*,*,#5431,.F.);
#5508=ORIENTED_EDGE('',*,*,#5507,.T.);
#5509=ORIENTED_EDGE('',*,*,#4453,.F.);
#5511=ORIENTED_EDGE('',*,*,#5510,.F.);
#5512=ORIENTED_EDGE('',*,*,#5148,.T.);
#5514=ORIENTED_EDGE('',*,*,#5513,.T.);
#5515=ORIENTED_EDGE('',*,*,#5478,.T.);
#5516=EDGE_LOOP('',(#5505,#5506,#5508,#5509,#5511,#5512,#5514,#5515));
#5517=FACE_OUTER_BOUND('',#5516,.F.);
#5519=CARTESIAN_POINT('',(-3.04E0,-4.675E0,-2.16E1));
#5520=DIRECTION('',(0.E0,0.E0,-1.E0));
#5521=DIRECTION('',(1.E0,0.E0,0.E0));
#5522=AXIS2_PLACEMENT_3D('',#5519,#5520,#5521);
#5523=PLANE('',#5522);
#5524=ORIENTED_EDGE('',*,*,#5480,.T.);
#5525=ORIENTED_EDGE('',*,*,#5513,.F.);
#5526=ORIENTED_EDGE('',*,*,#5146,.T.);
#5527=ORIENTED_EDGE('',*,*,#5460,.T.);
#5528=EDGE_LOOP('',(#5524,#5525,#5526,#5527));
#5529=FACE_OUTER_BOUND('',#5528,.F.);
#5531=CARTESIAN_POINT('',(-3.04E0,-4.675E0,-2.16E1));
#5532=DIRECTION('',(0.E0,0.E0,-1.E0));
#5533=DIRECTION('',(1.E0,0.E0,0.E0));
#5534=AXIS2_PLACEMENT_3D('',#5531,#5532,#5533);
#5535=PLANE('',#5534);
#5536=ORIENTED_EDGE('',*,*,#5429,.F.);
#5537=ORIENTED_EDGE('',*,*,#5465,.T.);
#5538=ORIENTED_EDGE('',*,*,#4455,.F.);
#5539=ORIENTED_EDGE('',*,*,#5507,.F.);
#5540=EDGE_LOOP('',(#5536,#5537,#5538,#5539));
#5541=FACE_OUTER_BOUND('',#5540,.F.);
#5543=CARTESIAN_POINT('',(-2.04E0,-4.675E0,-2.01E1));
#5544=DIRECTION('',(0.E0,0.E0,-1.E0));
#5545=DIRECTION('',(1.E0,0.E0,0.E0));
#5546=AXIS2_PLACEMENT_3D('',#5543,#5544,#5545);
#5547=PLANE('',#5546);
#5548=ORIENTED_EDGE('',*,*,#4451,.F.);
#5550=ORIENTED_EDGE('',*,*,#5549,.F.);
#5551=ORIENTED_EDGE('',*,*,#5150,.T.);
#5552=ORIENTED_EDGE('',*,*,#5510,.T.);
#5553=EDGE_LOOP('',(#5548,#5550,#5551,#5552));
#5554=FACE_OUTER_BOUND('',#5553,.F.);
#5556=ORIENTED_EDGE('',*,*,#5555,.T.);
#5558=ORIENTED_EDGE('',*,*,#5557,.T.);
#5560=ORIENTED_EDGE('',*,*,#5559,.F.);
#5562=ORIENTED_EDGE('',*,*,#5561,.F.);
#5563=EDGE_LOOP('',(#5556,#5558,#5560,#5562));
#5564=FACE_BOUND('',#5563,.F.);
#5566=CARTESIAN_POINT('',(2.04E0,-4.675E0,-2.01E1));
#5567=DIRECTION('',(-1.E0,0.E0,0.E0));
#5568=DIRECTION('',(0.E0,0.E0,-1.E0));
#5569=AXIS2_PLACEMENT_3D('',#5566,#5567,#5568);
#5570=PLANE('',#5569);
#5571=ORIENTED_EDGE('',*,*,#5320,.F.);
#5572=ORIENTED_EDGE('',*,*,#5490,.F.);
#5574=ORIENTED_EDGE('',*,*,#5573,.F.);
#5575=ORIENTED_EDGE('',*,*,#5152,.T.);
#5576=ORIENTED_EDGE('',*,*,#5549,.T.);
#5577=ORIENTED_EDGE('',*,*,#4449,.F.);
#5579=ORIENTED_EDGE('',*,*,#5578,.F.);
#5580=ORIENTED_EDGE('',*,*,#5442,.T.);
#5581=EDGE_LOOP('',(#5571,#5572,#5574,#5575,#5576,#5577,#5579,#5580));
#5582=FACE_OUTER_BOUND('',#5581,.F.);
#5584=CARTESIAN_POINT('',(2.04E0,-4.675E0,-2.16E1));
#5585=DIRECTION('',(0.E0,0.E0,-1.E0));
#5586=DIRECTION('',(1.E0,0.E0,0.E0));
#5587=AXIS2_PLACEMENT_3D('',#5584,#5585,#5586);
#5588=PLANE('',#5587);
#5589=ORIENTED_EDGE('',*,*,#5495,.T.);
#5591=ORIENTED_EDGE('',*,*,#5590,.F.);
#5592=ORIENTED_EDGE('',*,*,#5154,.T.);
#5593=ORIENTED_EDGE('',*,*,#5573,.T.);
#5594=EDGE_LOOP('',(#5589,#5591,#5592,#5593));
#5595=FACE_OUTER_BOUND('',#5594,.F.);
#5597=CARTESIAN_POINT('',(2.04E0,-4.675E0,-2.16E1));
#5598=DIRECTION('',(0.E0,0.E0,-1.E0));
#5599=DIRECTION('',(1.E0,0.E0,0.E0));
#5600=AXIS2_PLACEMENT_3D('',#5597,#5598,#5599);
#5601=PLANE('',#5600);
#5602=ORIENTED_EDGE('',*,*,#5444,.F.);
#5603=ORIENTED_EDGE('',*,*,#5578,.T.);
#5604=ORIENTED_EDGE('',*,*,#4447,.F.);
#5606=ORIENTED_EDGE('',*,*,#5605,.F.);
#5607=EDGE_LOOP('',(#5602,#5603,#5604,#5606));
#5608=FACE_OUTER_BOUND('',#5607,.F.);
#5610=CARTESIAN_POINT('',(3.04E0,-4.675E0,-2.16E1));
#5611=DIRECTION('',(1.E0,0.E0,0.E0));
#5612=DIRECTION('',(0.E0,0.E0,1.E0));
#5613=AXIS2_PLACEMENT_3D('',#5610,#5611,#5612);
#5614=PLANE('',#5613);
#5615=ORIENTED_EDGE('',*,*,#5324,.T.);
#5616=ORIENTED_EDGE('',*,*,#5446,.F.);
#5617=ORIENTED_EDGE('',*,*,#5605,.T.);
#5618=ORIENTED_EDGE('',*,*,#4445,.F.);
#5619=ORIENTED_EDGE('',*,*,#4916,.F.);
#5620=ORIENTED_EDGE('',*,*,#5156,.T.);
#5621=ORIENTED_EDGE('',*,*,#5590,.T.);
#5622=ORIENTED_EDGE('',*,*,#5493,.T.);
#5623=EDGE_LOOP('',(#5615,#5616,#5617,#5618,#5619,#5620,#5621,#5622));
#5624=FACE_OUTER_BOUND('',#5623,.F.);
#5626=CARTESIAN_POINT('',(-5.08E0,3.2E-1,0.E0));
#5627=DIRECTION('',(0.E0,-1.E0,0.E0));
#5628=DIRECTION('',(1.E0,0.E0,0.E0));
#5629=AXIS2_PLACEMENT_3D('',#5626,#5627,#5628);
#5630=PLANE('',#5629);
#5631=ORIENTED_EDGE('',*,*,#5555,.F.);
#5633=ORIENTED_EDGE('',*,*,#5632,.T.);
#5635=ORIENTED_EDGE('',*,*,#5634,.T.);
#5637=ORIENTED_EDGE('',*,*,#5636,.T.);
#5639=ORIENTED_EDGE('',*,*,#5638,.T.);
#5641=ORIENTED_EDGE('',*,*,#5640,.T.);
#5643=ORIENTED_EDGE('',*,*,#5642,.T.);
#5645=ORIENTED_EDGE('',*,*,#5644,.T.);
#5646=EDGE_LOOP('',(#5631,#5633,#5635,#5637,#5639,#5641,#5643,#5645));
#5647=FACE_OUTER_BOUND('',#5646,.F.);
#5649=CARTESIAN_POINT('',(-5.08E0,3.2E-1,0.E0));
#5650=DIRECTION('',(0.E0,-1.E0,0.E0));
#5651=DIRECTION('',(1.E0,0.E0,0.E0));
#5652=AXIS2_PLACEMENT_3D('',#5649,#5650,#5651);
#5653=PLANE('',#5652);
#5655=ORIENTED_EDGE('',*,*,#5654,.T.);
#5657=ORIENTED_EDGE('',*,*,#5656,.T.);
#5659=ORIENTED_EDGE('',*,*,#5658,.T.);
#5661=ORIENTED_EDGE('',*,*,#5660,.T.);
#5662=EDGE_LOOP('',(#5655,#5657,#5659,#5661));
#5663=FACE_OUTER_BOUND('',#5662,.F.);
#5665=CARTESIAN_POINT('',(-8.E-1,3.2E-1,-1.97E1));
#5666=DIRECTION('',(-1.E0,0.E0,0.E0));
#5667=DIRECTION('',(0.E0,0.E0,-1.E0));
#5668=AXIS2_PLACEMENT_3D('',#5665,#5666,#5667);
#5669=PLANE('',#5668);
#5670=ORIENTED_EDGE('',*,*,#5561,.T.);
#5672=ORIENTED_EDGE('',*,*,#5671,.T.);
#5674=ORIENTED_EDGE('',*,*,#5673,.F.);
#5675=ORIENTED_EDGE('',*,*,#5632,.F.);
#5676=EDGE_LOOP('',(#5670,#5672,#5674,#5675));
#5677=FACE_OUTER_BOUND('',#5676,.F.);
#5679=CARTESIAN_POINT('',(-5.08E0,-3.2E-1,0.E0));
#5680=DIRECTION('',(0.E0,-1.E0,0.E0));
#5681=DIRECTION('',(1.E0,0.E0,0.E0));
#5682=AXIS2_PLACEMENT_3D('',#5679,#5680,#5681);
#5683=PLANE('',#5682);
#5684=ORIENTED_EDGE('',*,*,#5559,.T.);
#5686=ORIENTED_EDGE('',*,*,#5685,.F.);
#5688=ORIENTED_EDGE('',*,*,#5687,.F.);
#5690=ORIENTED_EDGE('',*,*,#5689,.F.);
#5692=ORIENTED_EDGE('',*,*,#5691,.F.);
#5694=ORIENTED_EDGE('',*,*,#5693,.F.);
#5696=ORIENTED_EDGE('',*,*,#5695,.F.);
#5697=ORIENTED_EDGE('',*,*,#5671,.F.);
#5698=EDGE_LOOP('',(#5684,#5686,#5688,#5690,#5692,#5694,#5696,#5697));
#5699=FACE_OUTER_BOUND('',#5698,.F.);
#5701=CARTESIAN_POINT('',(-5.08E0,-3.2E-1,0.E0));
#5702=DIRECTION('',(0.E0,-1.E0,0.E0));
#5703=DIRECTION('',(1.E0,0.E0,0.E0));
#5704=AXIS2_PLACEMENT_3D('',#5701,#5702,#5703);
#5705=PLANE('',#5704);
#5707=ORIENTED_EDGE('',*,*,#5706,.F.);
#5709=ORIENTED_EDGE('',*,*,#5708,.F.);
#5711=ORIENTED_EDGE('',*,*,#5710,.F.);
#5713=ORIENTED_EDGE('',*,*,#5712,.F.);
#5714=EDGE_LOOP('',(#5707,#5709,#5711,#5713));
#5715=FACE_OUTER_BOUND('',#5714,.F.);
#5717=CARTESIAN_POINT('',(8.E-1,3.2E-1,-2.016861561237E1));
#5718=DIRECTION('',(1.E0,0.E0,0.E0));
#5719=DIRECTION('',(0.E0,0.E0,1.E0));
#5720=AXIS2_PLACEMENT_3D('',#5717,#5718,#5719);
#5721=PLANE('',#5720);
#5722=ORIENTED_EDGE('',*,*,#5557,.F.);
#5723=ORIENTED_EDGE('',*,*,#5644,.F.);
#5725=ORIENTED_EDGE('',*,*,#5724,.T.);
#5726=ORIENTED_EDGE('',*,*,#5685,.T.);
#5727=EDGE_LOOP('',(#5722,#5723,#5725,#5726));
#5728=FACE_OUTER_BOUND('',#5727,.F.);
#5730=CARTESIAN_POINT('',(3.2E-1,3.2E-1,-2.1E1));
#5731=DIRECTION('',(8.660254037844E-1,0.E0,-5.E-1));
#5732=DIRECTION('',(5.E-1,0.E0,8.660254037844E-1));
#5733=AXIS2_PLACEMENT_3D('',#5730,#5731,#5732);
#5734=PLANE('',#5733);
#5735=ORIENTED_EDGE('',*,*,#5642,.F.);
#5737=ORIENTED_EDGE('',*,*,#5736,.T.);
#5738=ORIENTED_EDGE('',*,*,#5687,.T.);
#5739=ORIENTED_EDGE('',*,*,#5724,.F.);
#5740=EDGE_LOOP('',(#5735,#5737,#5738,#5739));
#5741=FACE_OUTER_BOUND('',#5740,.F.);
#5743=CARTESIAN_POINT('',(3.2E-1,3.2E-1,-2.52E1));
#5744=DIRECTION('',(1.E0,0.E0,0.E0));
#5745=DIRECTION('',(0.E0,0.E0,1.E0));
#5746=AXIS2_PLACEMENT_3D('',#5743,#5744,#5745);
#5747=PLANE('',#5746);
#5748=ORIENTED_EDGE('',*,*,#5640,.F.);
#5750=ORIENTED_EDGE('',*,*,#5749,.T.);
#5751=ORIENTED_EDGE('',*,*,#5689,.T.);
#5752=ORIENTED_EDGE('',*,*,#5736,.F.);
#5753=EDGE_LOOP('',(#5748,#5750,#5751,#5752));
#5754=FACE_OUTER_BOUND('',#5753,.F.);
#5756=CARTESIAN_POINT('',(-3.2E-1,3.2E-1,-2.52E1));
#5757=DIRECTION('',(0.E0,0.E0,-1.E0));
#5758=DIRECTION('',(1.E0,0.E0,0.E0));
#5759=AXIS2_PLACEMENT_3D('',#5756,#5757,#5758);
#5760=PLANE('',#5759);
#5761=ORIENTED_EDGE('',*,*,#5638,.F.);
#5763=ORIENTED_EDGE('',*,*,#5762,.T.);
#5764=ORIENTED_EDGE('',*,*,#5691,.T.);
#5765=ORIENTED_EDGE('',*,*,#5749,.F.);
#5766=EDGE_LOOP('',(#5761,#5763,#5764,#5765));
#5767=FACE_OUTER_BOUND('',#5766,.F.);
#5769=CARTESIAN_POINT('',(-3.2E-1,3.2E-1,-2.1E1));
#5770=DIRECTION('',(-1.E0,0.E0,0.E0));
#5771=DIRECTION('',(0.E0,0.E0,-1.E0));
#5772=AXIS2_PLACEMENT_3D('',#5769,#5770,#5771);
#5773=PLANE('',#5772);
#5774=ORIENTED_EDGE('',*,*,#5636,.F.);
#5776=ORIENTED_EDGE('',*,*,#5775,.T.);
#5777=ORIENTED_EDGE('',*,*,#5693,.T.);
#5778=ORIENTED_EDGE('',*,*,#5762,.F.);
#5779=EDGE_LOOP('',(#5774,#5776,#5777,#5778));
#5780=FACE_OUTER_BOUND('',#5779,.F.);
#5782=CARTESIAN_POINT('',(-8.E-1,3.2E-1,-2.016861561237E1));
#5783=DIRECTION('',(-8.660254037844E-1,0.E0,-5.E-1));
#5784=DIRECTION('',(5.E-1,0.E0,-8.660254037844E-1));
#5785=AXIS2_PLACEMENT_3D('',#5782,#5783,#5784);
#5786=PLANE('',#5785);
#5787=ORIENTED_EDGE('',*,*,#5634,.F.);
#5788=ORIENTED_EDGE('',*,*,#5673,.T.);
#5789=ORIENTED_EDGE('',*,*,#5695,.T.);
#5790=ORIENTED_EDGE('',*,*,#5775,.F.);
#5791=EDGE_LOOP('',(#5787,#5788,#5789,#5790));
#5792=FACE_OUTER_BOUND('',#5791,.F.);
#5794=CARTESIAN_POINT('',(-2.27E0,-3.375E0,-1.65E1));
#5795=DIRECTION('',(0.E0,0.E0,-1.E0));
#5796=DIRECTION('',(1.E0,0.E0,0.E0));
#5797=AXIS2_PLACEMENT_3D('',#5794,#5795,#5796);
#5798=PLANE('',#5797);
#5800=ORIENTED_EDGE('',*,*,#5799,.T.);
#5802=ORIENTED_EDGE('',*,*,#5801,.T.);
#5804=ORIENTED_EDGE('',*,*,#5803,.F.);
#5805=ORIENTED_EDGE('',*,*,#4713,.T.);
#5807=ORIENTED_EDGE('',*,*,#5806,.F.);
#5809=ORIENTED_EDGE('',*,*,#5808,.F.);
#5811=ORIENTED_EDGE('',*,*,#5810,.T.);
#5813=ORIENTED_EDGE('',*,*,#5812,.F.);
#5815=ORIENTED_EDGE('',*,*,#5814,.T.);
#5816=ORIENTED_EDGE('',*,*,#4721,.T.);
#5817=EDGE_LOOP('',(#5800,#5802,#5804,#5805,#5807,#5809,#5811,#5813,#5815,
#5816));
#5818=FACE_OUTER_BOUND('',#5817,.F.);
#5819=ORIENTED_EDGE('',*,*,#5654,.F.);
#5821=ORIENTED_EDGE('',*,*,#5820,.T.);
#5822=ORIENTED_EDGE('',*,*,#5706,.T.);
#5824=ORIENTED_EDGE('',*,*,#5823,.F.);
#5825=EDGE_LOOP('',(#5819,#5821,#5822,#5824));
#5826=FACE_BOUND('',#5825,.F.);
#5828=CARTESIAN_POINT('',(-9.5E-1,3.2E-1,-5.5E0));
#5829=DIRECTION('',(-1.E0,0.E0,0.E0));
#5830=DIRECTION('',(0.E0,0.E0,-1.E0));
#5831=AXIS2_PLACEMENT_3D('',#5828,#5829,#5830);
#5832=PLANE('',#5831);
#5833=ORIENTED_EDGE('',*,*,#5820,.F.);
#5834=ORIENTED_EDGE('',*,*,#5660,.F.);
#5836=ORIENTED_EDGE('',*,*,#5835,.T.);
#5837=ORIENTED_EDGE('',*,*,#5708,.T.);
#5838=EDGE_LOOP('',(#5833,#5834,#5836,#5837));
#5839=FACE_OUTER_BOUND('',#5838,.F.);
#5841=CARTESIAN_POINT('',(9.5E-1,3.2E-1,-5.5E0));
#5842=DIRECTION('',(0.E0,0.E0,1.E0));
#5843=DIRECTION('',(-1.E0,0.E0,0.E0));
#5844=AXIS2_PLACEMENT_3D('',#5841,#5842,#5843);
#5845=PLANE('',#5844);
#5846=ORIENTED_EDGE('',*,*,#5658,.F.);
#5848=ORIENTED_EDGE('',*,*,#5847,.T.);
#5849=ORIENTED_EDGE('',*,*,#5710,.T.);
#5850=ORIENTED_EDGE('',*,*,#5835,.F.);
#5851=EDGE_LOOP('',(#5846,#5848,#5849,#5850));
#5852=FACE_OUTER_BOUND('',#5851,.F.);
#5854=CARTESIAN_POINT('',(9.5E-1,3.2E-1,-1.944019237886E1));
#5855=DIRECTION('',(1.E0,0.E0,0.E0));
#5856=DIRECTION('',(0.E0,0.E0,1.E0));
#5857=AXIS2_PLACEMENT_3D('',#5854,#5855,#5856);
#5858=PLANE('',#5857);
#5859=ORIENTED_EDGE('',*,*,#5823,.T.);
#5860=ORIENTED_EDGE('',*,*,#5712,.T.);
#5861=ORIENTED_EDGE('',*,*,#5847,.F.);
#5862=ORIENTED_EDGE('',*,*,#5656,.F.);
#5863=EDGE_LOOP('',(#5859,#5860,#5861,#5862));
#5864=FACE_OUTER_BOUND('',#5863,.F.);
#5866=CARTESIAN_POINT('',(-9.E-1,3.375E0,-1.65E1));
#5867=DIRECTION('',(-1.E0,0.E0,0.E0));
#5868=DIRECTION('',(0.E0,-1.E0,0.E0));
#5869=AXIS2_PLACEMENT_3D('',#5866,#5867,#5868);
#5870=PLANE('',#5869);
#5871=ORIENTED_EDGE('',*,*,#4758,.T.);
#5873=ORIENTED_EDGE('',*,*,#5872,.F.);
#5874=ORIENTED_EDGE('',*,*,#5799,.F.);
#5875=ORIENTED_EDGE('',*,*,#4719,.T.);
#5876=EDGE_LOOP('',(#5871,#5873,#5874,#5875));
#5877=FACE_OUTER_BOUND('',#5876,.F.);
#5879=CARTESIAN_POINT('',(-9.E-1,2.675E0,-1.65E1));
#5880=DIRECTION('',(0.E0,-1.E0,0.E0));
#5881=DIRECTION('',(1.E0,0.E0,0.E0));
#5882=AXIS2_PLACEMENT_3D('',#5879,#5880,#5881);
#5883=PLANE('',#5882);
#5884=ORIENTED_EDGE('',*,*,#5872,.T.);
#5885=ORIENTED_EDGE('',*,*,#4763,.T.);
#5887=ORIENTED_EDGE('',*,*,#5886,.F.);
#5888=ORIENTED_EDGE('',*,*,#5801,.F.);
#5889=EDGE_LOOP('',(#5884,#5885,#5887,#5888));
#5890=FACE_OUTER_BOUND('',#5889,.F.);
#5892=CARTESIAN_POINT('',(9.E-1,2.675E0,-1.65E1));
#5893=DIRECTION('',(1.E0,0.E0,0.E0));
#5894=DIRECTION('',(0.E0,1.E0,0.E0));
#5895=AXIS2_PLACEMENT_3D('',#5892,#5893,#5894);
#5896=PLANE('',#5895);
#5897=ORIENTED_EDGE('',*,*,#4761,.T.);
#5898=ORIENTED_EDGE('',*,*,#4715,.F.);
#5899=ORIENTED_EDGE('',*,*,#5803,.T.);
#5900=ORIENTED_EDGE('',*,*,#5886,.T.);
#5901=EDGE_LOOP('',(#5897,#5898,#5899,#5900));
#5902=FACE_OUTER_BOUND('',#5901,.F.);
#5904=CARTESIAN_POINT('',(2.27E0,-3.375E0,-1.65E1));
#5905=DIRECTION('',(1.E0,0.E0,0.E0));
#5906=DIRECTION('',(0.E0,0.E0,1.E0));
#5907=AXIS2_PLACEMENT_3D('',#5904,#5905,#5906);
#5908=PLANE('',#5907);
#5910=ORIENTED_EDGE('',*,*,#5909,.F.);
#5911=ORIENTED_EDGE('',*,*,#5806,.T.);
#5912=ORIENTED_EDGE('',*,*,#4711,.T.);
#5914=ORIENTED_EDGE('',*,*,#5913,.F.);
#5915=EDGE_LOOP('',(#5910,#5911,#5912,#5914));
#5916=FACE_OUTER_BOUND('',#5915,.F.);
#5918=CARTESIAN_POINT('',(0.E0,-3.375E0,0.E0));
#5919=DIRECTION('',(0.E0,-1.E0,0.E0));
#5920=DIRECTION('',(1.E0,0.E0,0.E0));
#5921=AXIS2_PLACEMENT_3D('',#5918,#5919,#5920);
#5922=PLANE('',#5921);
#5923=ORIENTED_EDGE('',*,*,#4775,.T.);
#5925=ORIENTED_EDGE('',*,*,#5924,.F.);
#5926=ORIENTED_EDGE('',*,*,#5808,.T.);
#5927=ORIENTED_EDGE('',*,*,#5909,.T.);
#5929=ORIENTED_EDGE('',*,*,#5928,.T.);
#5931=ORIENTED_EDGE('',*,*,#5930,.T.);
#5933=ORIENTED_EDGE('',*,*,#5932,.T.);
#5935=ORIENTED_EDGE('',*,*,#5934,.T.);
#5937=ORIENTED_EDGE('',*,*,#5936,.T.);
#5939=ORIENTED_EDGE('',*,*,#5938,.T.);
#5941=ORIENTED_EDGE('',*,*,#5940,.T.);
#5943=ORIENTED_EDGE('',*,*,#5942,.T.);
#5945=ORIENTED_EDGE('',*,*,#5944,.T.);
#5946=ORIENTED_EDGE('',*,*,#4840,.T.);
#5948=ORIENTED_EDGE('',*,*,#5947,.T.);
#5949=EDGE_LOOP('',(#5923,#5925,#5926,#5927,#5929,#5931,#5933,#5935,#5937,#5939,
#5941,#5943,#5945,#5946,#5948));
#5950=FACE_OUTER_BOUND('',#5949,.F.);
#5952=CARTESIAN_POINT('',(-1.49E0,-3.375E0,-1.65E1));
#5953=DIRECTION('',(1.E0,0.E0,0.E0));
#5954=DIRECTION('',(0.E0,1.E0,0.E0));
#5955=AXIS2_PLACEMENT_3D('',#5952,#5953,#5954);
#5956=PLANE('',#5955);
#5957=ORIENTED_EDGE('',*,*,#4773,.T.);
#5959=ORIENTED_EDGE('',*,*,#5958,.F.);
#5960=ORIENTED_EDGE('',*,*,#5810,.F.);
#5961=ORIENTED_EDGE('',*,*,#5924,.T.);
#5962=EDGE_LOOP('',(#5957,#5959,#5960,#5961));
#5963=FACE_OUTER_BOUND('',#5962,.F.);
#5965=CARTESIAN_POINT('',(-1.49E0,-2.475E0,-1.65E1));
#5966=DIRECTION('',(0.E0,1.E0,0.E0));
#5967=DIRECTION('',(-1.E0,0.E0,0.E0));
#5968=AXIS2_PLACEMENT_3D('',#5965,#5966,#5967);
#5969=PLANE('',#5968);
#5970=ORIENTED_EDGE('',*,*,#5958,.T.);
#5971=ORIENTED_EDGE('',*,*,#4779,.T.);
#5973=ORIENTED_EDGE('',*,*,#5972,.F.);
#5974=ORIENTED_EDGE('',*,*,#4836,.F.);
#5976=ORIENTED_EDGE('',*,*,#5975,.T.);
#5978=ORIENTED_EDGE('',*,*,#5977,.T.);
#5980=ORIENTED_EDGE('',*,*,#5979,.T.);
#5982=ORIENTED_EDGE('',*,*,#5981,.T.);
#5983=ORIENTED_EDGE('',*,*,#5812,.T.);
#5984=EDGE_LOOP('',(#5970,#5971,#5973,#5974,#5976,#5978,#5980,#5982,#5983));
#5985=FACE_OUTER_BOUND('',#5984,.F.);
#5987=CARTESIAN_POINT('',(-3.59E0,-2.475E0,-1.65E1));
#5988=DIRECTION('',(-1.E0,0.E0,0.E0));
#5989=DIRECTION('',(0.E0,-1.E0,0.E0));
#5990=AXIS2_PLACEMENT_3D('',#5987,#5988,#5989);
#5991=PLANE('',#5990);
#5992=ORIENTED_EDGE('',*,*,#4777,.T.);
#5993=ORIENTED_EDGE('',*,*,#5947,.F.);
#5994=ORIENTED_EDGE('',*,*,#4838,.T.);
#5995=ORIENTED_EDGE('',*,*,#5972,.T.);
#5996=EDGE_LOOP('',(#5992,#5993,#5994,#5995));
#5997=FACE_OUTER_BOUND('',#5996,.F.);
#5999=CARTESIAN_POINT('',(-2.81E0,-3.375E0,-1.65E1));
#6000=DIRECTION('',(1.E0,0.E0,0.E0));
#6001=DIRECTION('',(0.E0,0.E0,1.E0));
#6002=AXIS2_PLACEMENT_3D('',#5999,#6000,#6001);
#6003=PLANE('',#6002);
#6004=ORIENTED_EDGE('',*,*,#5975,.F.);
#6005=ORIENTED_EDGE('',*,*,#4834,.T.);
#6006=ORIENTED_EDGE('',*,*,#4729,.T.);
#6008=ORIENTED_EDGE('',*,*,#6007,.F.);
#6009=EDGE_LOOP('',(#6004,#6005,#6006,#6008));
#6010=FACE_OUTER_BOUND('',#6009,.F.);
#6012=CARTESIAN_POINT('',(-2.81E0,-3.375E0,-4.07E0));
#6013=DIRECTION('',(7.071067811865E-1,0.E0,-7.071067811865E-1));
#6014=DIRECTION('',(7.071067811865E-1,0.E0,7.071067811865E-1));
#6015=AXIS2_PLACEMENT_3D('',#6012,#6013,#6014);
#6016=PLANE('',#6015);
#6017=ORIENTED_EDGE('',*,*,#5977,.F.);
#6018=ORIENTED_EDGE('',*,*,#6007,.T.);
#6019=ORIENTED_EDGE('',*,*,#4727,.T.);
#6021=ORIENTED_EDGE('',*,*,#6020,.F.);
#6022=EDGE_LOOP('',(#6017,#6018,#6019,#6021));
#6023=FACE_OUTER_BOUND('',#6022,.F.);
#6025=CARTESIAN_POINT('',(-2.54E0,-3.375E0,-3.8E0));
#6026=DIRECTION('',(-7.071067811865E-1,0.E0,-7.071067811865E-1));
#6027=DIRECTION('',(7.071067811865E-1,0.E0,-7.071067811865E-1));
#6028=AXIS2_PLACEMENT_3D('',#6025,#6026,#6027);
#6029=PLANE('',#6028);
#6030=ORIENTED_EDGE('',*,*,#5979,.F.);
#6031=ORIENTED_EDGE('',*,*,#6020,.T.);
#6032=ORIENTED_EDGE('',*,*,#4725,.T.);
#6034=ORIENTED_EDGE('',*,*,#6033,.F.);
#6035=EDGE_LOOP('',(#6030,#6031,#6032,#6034));
#6036=FACE_OUTER_BOUND('',#6035,.F.);
#6038=CARTESIAN_POINT('',(-2.27E0,-3.375E0,-4.07E0));
#6039=DIRECTION('',(-1.E0,0.E0,0.E0));
#6040=DIRECTION('',(0.E0,0.E0,-1.E0));
#6041=AXIS2_PLACEMENT_3D('',#6038,#6039,#6040);
#6042=PLANE('',#6041);
#6043=ORIENTED_EDGE('',*,*,#5981,.F.);
#6044=ORIENTED_EDGE('',*,*,#6033,.T.);
#6045=ORIENTED_EDGE('',*,*,#4723,.T.);
#6046=ORIENTED_EDGE('',*,*,#5814,.F.);
#6047=EDGE_LOOP('',(#6043,#6044,#6045,#6046));
#6048=FACE_OUTER_BOUND('',#6047,.F.);
#6050=CARTESIAN_POINT('',(2.27E0,-3.375E0,-4.07E0));
#6051=DIRECTION('',(7.071067811866E-1,0.E0,-7.071067811865E-1));
#6052=DIRECTION('',(7.071067811865E-1,0.E0,7.071067811866E-1));
#6053=AXIS2_PLACEMENT_3D('',#6050,#6051,#6052);
#6054=PLANE('',#6053);
#6055=ORIENTED_EDGE('',*,*,#5928,.F.);
#6056=ORIENTED_EDGE('',*,*,#5913,.T.);
#6057=ORIENTED_EDGE('',*,*,#4709,.T.);
#6059=ORIENTED_EDGE('',*,*,#6058,.F.);
#6060=EDGE_LOOP('',(#6055,#6056,#6057,#6059));
#6061=FACE_OUTER_BOUND('',#6060,.F.);
#6063=CARTESIAN_POINT('',(2.54E0,-3.375E0,-3.8E0));
#6064=DIRECTION('',(-7.071067811865E-1,0.E0,-7.071067811865E-1));
#6065=DIRECTION('',(7.071067811865E-1,0.E0,-7.071067811865E-1));
#6066=AXIS2_PLACEMENT_3D('',#6063,#6064,#6065);
#6067=PLANE('',#6066);
#6068=ORIENTED_EDGE('',*,*,#5930,.F.);
#6069=ORIENTED_EDGE('',*,*,#6058,.T.);
#6070=ORIENTED_EDGE('',*,*,#4707,.T.);
#6072=ORIENTED_EDGE('',*,*,#6071,.F.);
#6073=EDGE_LOOP('',(#6068,#6069,#6070,#6072));
#6074=FACE_OUTER_BOUND('',#6073,.F.);
#6076=CARTESIAN_POINT('',(2.81E0,-3.375E0,-4.07E0));
#6077=DIRECTION('',(-1.E0,0.E0,0.E0));
#6078=DIRECTION('',(0.E0,0.E0,-1.E0));
#6079=AXIS2_PLACEMENT_3D('',#6076,#6077,#6078);
#6080=PLANE('',#6079);
#6081=ORIENTED_EDGE('',*,*,#5932,.F.);
#6082=ORIENTED_EDGE('',*,*,#6071,.T.);
#6083=ORIENTED_EDGE('',*,*,#4705,.T.);
#6085=ORIENTED_EDGE('',*,*,#6084,.F.);
#6086=EDGE_LOOP('',(#6081,#6082,#6083,#6085));
#6087=FACE_OUTER_BOUND('',#6086,.F.);
#6089=CARTESIAN_POINT('',(2.81E0,-3.375E0,-1.65E1));
#6090=DIRECTION('',(0.E0,0.E0,-1.E0));
#6091=DIRECTION('',(1.E0,0.E0,0.E0));
#6092=AXIS2_PLACEMENT_3D('',#6089,#6090,#6091);
#6093=PLANE('',#6092);
#6095=ORIENTED_EDGE('',*,*,#6094,.F.);
#6097=ORIENTED_EDGE('',*,*,#6096,.T.);
#6099=ORIENTED_EDGE('',*,*,#6098,.F.);
#6101=ORIENTED_EDGE('',*,*,#6100,.F.);
#6103=ORIENTED_EDGE('',*,*,#6102,.F.);
#6104=ORIENTED_EDGE('',*,*,#5934,.F.);
#6105=ORIENTED_EDGE('',*,*,#6084,.T.);
#6106=ORIENTED_EDGE('',*,*,#4703,.T.);
#6107=EDGE_LOOP('',(#6095,#6097,#6099,#6101,#6103,#6104,#6105,#6106));
#6108=FACE_OUTER_BOUND('',#6107,.F.);
#6110=ORIENTED_EDGE('',*,*,#6109,.F.);
#6112=ORIENTED_EDGE('',*,*,#6111,.T.);
#6114=ORIENTED_EDGE('',*,*,#6113,.T.);
#6116=ORIENTED_EDGE('',*,*,#6115,.F.);
#6117=EDGE_LOOP('',(#6110,#6112,#6114,#6116));
#6118=FACE_BOUND('',#6117,.F.);
#6120=CARTESIAN_POINT('',(9.895E0,-3.375E0,-1.65E1));
#6121=DIRECTION('',(1.E0,0.E0,0.E0));
#6122=DIRECTION('',(0.E0,0.E0,1.E0));
#6123=AXIS2_PLACEMENT_3D('',#6120,#6121,#6122);
#6124=PLANE('',#6123);
#6126=ORIENTED_EDGE('',*,*,#6125,.T.);
#6128=ORIENTED_EDGE('',*,*,#6127,.F.);
#6130=ORIENTED_EDGE('',*,*,#6129,.F.);
#6131=ORIENTED_EDGE('',*,*,#6094,.T.);
#6132=ORIENTED_EDGE('',*,*,#4701,.T.);
#6134=ORIENTED_EDGE('',*,*,#6133,.F.);
#6135=ORIENTED_EDGE('',*,*,#5936,.F.);
#6136=ORIENTED_EDGE('',*,*,#6102,.T.);
#6137=EDGE_LOOP('',(#6126,#6128,#6130,#6131,#6132,#6134,#6135,#6136));
#6138=FACE_OUTER_BOUND('',#6137,.F.);
#6140=CARTESIAN_POINT('',(0.E0,-2.475E0,0.E0));
#6141=DIRECTION('',(0.E0,-1.E0,0.E0));
#6142=DIRECTION('',(1.E0,0.E0,0.E0));
#6143=AXIS2_PLACEMENT_3D('',#6140,#6141,#6142);
#6144=PLANE('',#6143);
#6145=ORIENTED_EDGE('',*,*,#6100,.T.);
#6147=ORIENTED_EDGE('',*,*,#6146,.T.);
#6149=ORIENTED_EDGE('',*,*,#6148,.T.);
#6150=ORIENTED_EDGE('',*,*,#6125,.F.);
#6151=EDGE_LOOP('',(#6145,#6147,#6149,#6150));
#6152=FACE_OUTER_BOUND('',#6151,.F.);
#6154=CARTESIAN_POINT('',(0.E0,-2.475E0,0.E0));
#6155=DIRECTION('',(0.E0,-1.E0,0.E0));
#6156=DIRECTION('',(1.E0,0.E0,0.E0));
#6157=AXIS2_PLACEMENT_3D('',#6154,#6155,#6156);
#6158=PLANE('',#6157);
#6160=ORIENTED_EDGE('',*,*,#6159,.T.);
#6162=ORIENTED_EDGE('',*,*,#6161,.T.);
#6164=ORIENTED_EDGE('',*,*,#6163,.T.);
#6165=ORIENTED_EDGE('',*,*,#4844,.T.);
#6166=EDGE_LOOP('',(#6160,#6162,#6164,#6165));
#6167=FACE_OUTER_BOUND('',#6166,.F.);
#6169=CARTESIAN_POINT('',(1.0795E1,-2.475E0,-1.65E1));
#6170=DIRECTION('',(1.E0,0.E0,0.E0));
#6171=DIRECTION('',(0.E0,0.E0,1.E0));
#6172=AXIS2_PLACEMENT_3D('',#6169,#6170,#6171);
#6173=PLANE('',#6172);
#6174=ORIENTED_EDGE('',*,*,#6146,.F.);
#6175=ORIENTED_EDGE('',*,*,#6098,.T.);
#6177=ORIENTED_EDGE('',*,*,#6176,.T.);
#6179=ORIENTED_EDGE('',*,*,#6178,.F.);
#6180=EDGE_LOOP('',(#6174,#6175,#6177,#6179));
#6181=FACE_OUTER_BOUND('',#6180,.F.);
#6183=CARTESIAN_POINT('',(0.E0,2.475E0,0.E0));
#6184=DIRECTION('',(0.E0,-1.E0,0.E0));
#6185=DIRECTION('',(1.E0,0.E0,0.E0));
#6186=AXIS2_PLACEMENT_3D('',#6183,#6184,#6185);
#6187=PLANE('',#6186);
#6188=ORIENTED_EDGE('',*,*,#6096,.F.);
#6189=ORIENTED_EDGE('',*,*,#6129,.T.);
#6191=ORIENTED_EDGE('',*,*,#6190,.F.);
#6192=ORIENTED_EDGE('',*,*,#6176,.F.);
#6193=EDGE_LOOP('',(#6188,#6189,#6191,#6192));
#6194=FACE_OUTER_BOUND('',#6193,.F.);
#6196=CARTESIAN_POINT('',(0.E0,2.475E0,0.E0));
#6197=DIRECTION('',(0.E0,-1.E0,0.E0));
#6198=DIRECTION('',(1.E0,0.E0,0.E0));
#6199=AXIS2_PLACEMENT_3D('',#6196,#6197,#6198);
#6200=PLANE('',#6199);
#6202=ORIENTED_EDGE('',*,*,#6201,.F.);
#6203=ORIENTED_EDGE('',*,*,#4848,.F.);
#6205=ORIENTED_EDGE('',*,*,#6204,.F.);
#6207=ORIENTED_EDGE('',*,*,#6206,.F.);
#6208=EDGE_LOOP('',(#6202,#6203,#6205,#6207));
#6209=FACE_OUTER_BOUND('',#6208,.F.);
#6211=CARTESIAN_POINT('',(1.0795E1,-2.475E0,-2.284290441565E0));
#6212=DIRECTION('',(-1.745240643728E-2,0.E0,9.998476951564E-1));
#6213=DIRECTION('',(-9.998476951564E-1,0.E0,-1.745240643728E-2));
#6214=AXIS2_PLACEMENT_3D('',#6211,#6212,#6213);
#6215=PLANE('',#6214);
#6216=ORIENTED_EDGE('',*,*,#6127,.T.);
#6217=ORIENTED_EDGE('',*,*,#6148,.F.);
#6218=ORIENTED_EDGE('',*,*,#6178,.T.);
#6219=ORIENTED_EDGE('',*,*,#6190,.T.);
#6220=EDGE_LOOP('',(#6216,#6217,#6218,#6219));
#6221=FACE_OUTER_BOUND('',#6220,.F.);
#6223=CARTESIAN_POINT('',(-9.895E0,-3.375E0,-1.3E0));
#6224=DIRECTION('',(-1.E0,0.E0,0.E0));
#6225=DIRECTION('',(0.E0,0.E0,-1.E0));
#6226=AXIS2_PLACEMENT_3D('',#6223,#6224,#6225);
#6227=PLANE('',#6226);
#6228=ORIENTED_EDGE('',*,*,#6159,.F.);
#6229=ORIENTED_EDGE('',*,*,#4842,.F.);
#6230=ORIENTED_EDGE('',*,*,#5944,.F.);
#6232=ORIENTED_EDGE('',*,*,#6231,.T.);
#6233=ORIENTED_EDGE('',*,*,#4694,.T.);
#6234=ORIENTED_EDGE('',*,*,#4850,.F.);
#6235=ORIENTED_EDGE('',*,*,#6201,.T.);
#6237=ORIENTED_EDGE('',*,*,#6236,.T.);
#6238=EDGE_LOOP('',(#6228,#6229,#6230,#6232,#6233,#6234,#6235,#6237));
#6239=FACE_OUTER_BOUND('',#6238,.F.);
#6241=CARTESIAN_POINT('',(-1.1195E1,-3.375E0,0.E0));
#6242=DIRECTION('',(-7.071067811865E-1,0.E0,-7.071067811865E-1));
#6243=DIRECTION('',(7.071067811865E-1,0.E0,-7.071067811865E-1));
#6244=AXIS2_PLACEMENT_3D('',#6241,#6242,#6243);
#6245=PLANE('',#6244);
#6246=ORIENTED_EDGE('',*,*,#5942,.F.);
#6248=ORIENTED_EDGE('',*,*,#6247,.F.);
#6249=ORIENTED_EDGE('',*,*,#4659,.T.);
#6250=ORIENTED_EDGE('',*,*,#4675,.F.);
#6251=ORIENTED_EDGE('',*,*,#4696,.T.);
#6252=ORIENTED_EDGE('',*,*,#6231,.F.);
#6253=EDGE_LOOP('',(#6246,#6248,#6249,#6250,#6251,#6252));
#6254=FACE_OUTER_BOUND('',#6253,.F.);
#6256=CARTESIAN_POINT('',(0.E0,-3.525E0,-1.5E-1));
#6257=DIRECTION('',(0.E0,7.071067811865E-1,7.071067811865E-1));
#6258=DIRECTION('',(0.E0,7.071067811865E-1,-7.071067811865E-1));
#6259=AXIS2_PLACEMENT_3D('',#6256,#6257,#6258);
#6260=PLANE('',#6259);
#6261=ORIENTED_EDGE('',*,*,#5940,.F.);
#6263=ORIENTED_EDGE('',*,*,#6262,.T.);
#6264=ORIENTED_EDGE('',*,*,#4661,.T.);
#6265=ORIENTED_EDGE('',*,*,#6247,.T.);
#6266=EDGE_LOOP('',(#6261,#6263,#6264,#6265));
#6267=FACE_OUTER_BOUND('',#6266,.F.);
#6269=CARTESIAN_POINT('',(9.895E0,-3.375E0,-1.3E0));
#6270=DIRECTION('',(7.071067811865E-1,0.E0,-7.071067811865E-1));
#6271=DIRECTION('',(7.071067811865E-1,0.E0,7.071067811865E-1));
#6272=AXIS2_PLACEMENT_3D('',#6269,#6270,#6271);
#6273=PLANE('',#6272);
#6274=ORIENTED_EDGE('',*,*,#4663,.T.);
#6275=ORIENTED_EDGE('',*,*,#6262,.F.);
#6276=ORIENTED_EDGE('',*,*,#5938,.F.);
#6277=ORIENTED_EDGE('',*,*,#6133,.T.);
#6278=ORIENTED_EDGE('',*,*,#4699,.T.);
#6279=ORIENTED_EDGE('',*,*,#4678,.F.);
#6280=EDGE_LOOP('',(#6274,#6275,#6276,#6277,#6278,#6279));
#6281=FACE_OUTER_BOUND('',#6280,.F.);
#6283=CARTESIAN_POINT('',(-9.895E0,-2.475E0,-2.3E0));
#6284=DIRECTION('',(1.745240643728E-2,0.E0,9.998476951564E-1));
#6285=DIRECTION('',(-9.998476951564E-1,0.E0,1.745240643728E-2));
#6286=AXIS2_PLACEMENT_3D('',#6283,#6284,#6285);
#6287=PLANE('',#6286);
#6288=ORIENTED_EDGE('',*,*,#6236,.F.);
#6289=ORIENTED_EDGE('',*,*,#6206,.T.);
#6291=ORIENTED_EDGE('',*,*,#6290,.F.);
#6292=ORIENTED_EDGE('',*,*,#6161,.F.);
#6293=EDGE_LOOP('',(#6288,#6289,#6291,#6292));
#6294=FACE_OUTER_BOUND('',#6293,.F.);
#6296=CARTESIAN_POINT('',(-1.0795E1,-2.475E0,-2.284290441565E0));
#6297=DIRECTION('',(-1.E0,0.E0,0.E0));
#6298=DIRECTION('',(0.E0,0.E0,-1.E0));
#6299=AXIS2_PLACEMENT_3D('',#6296,#6297,#6298);
#6300=PLANE('',#6299);
#6301=ORIENTED_EDGE('',*,*,#6163,.F.);
#6302=ORIENTED_EDGE('',*,*,#6290,.T.);
#6303=ORIENTED_EDGE('',*,*,#6204,.T.);
#6304=ORIENTED_EDGE('',*,*,#4846,.F.);
#6305=EDGE_LOOP('',(#6301,#6302,#6303,#6304));
#6306=FACE_OUTER_BOUND('',#6305,.F.);
#6308=CARTESIAN_POINT('',(0.E0,3.2E-1,0.E0));
#6309=DIRECTION('',(0.E0,-1.E0,0.E0));
#6310=DIRECTION('',(1.E0,0.E0,0.E0));
#6311=AXIS2_PLACEMENT_3D('',#6308,#6309,#6310);
#6312=PLANE('',#6311);
#6313=ORIENTED_EDGE('',*,*,#4937,.F.);
#6315=ORIENTED_EDGE('',*,*,#6314,.T.);
#6317=ORIENTED_EDGE('',*,*,#6316,.T.);
#6319=ORIENTED_EDGE('',*,*,#6318,.T.);
#6321=ORIENTED_EDGE('',*,*,#6320,.T.);
#6323=ORIENTED_EDGE('',*,*,#6322,.T.);
#6325=ORIENTED_EDGE('',*,*,#6324,.T.);
#6327=ORIENTED_EDGE('',*,*,#6326,.T.);
#6328=EDGE_LOOP('',(#6313,#6315,#6317,#6319,#6321,#6323,#6325,#6327));
#6329=FACE_OUTER_BOUND('',#6328,.F.);
#6331=CARTESIAN_POINT('',(0.E0,3.2E-1,0.E0));
#6332=DIRECTION('',(0.E0,-1.E0,0.E0));
#6333=DIRECTION('',(1.E0,0.E0,0.E0));
#6334=AXIS2_PLACEMENT_3D('',#6331,#6332,#6333);
#6335=PLANE('',#6334);
#6337=ORIENTED_EDGE('',*,*,#6336,.T.);
#6339=ORIENTED_EDGE('',*,*,#6338,.T.);
#6341=ORIENTED_EDGE('',*,*,#6340,.T.);
#6342=ORIENTED_EDGE('',*,*,#6109,.T.);
#6343=EDGE_LOOP('',(#6337,#6339,#6341,#6342));
#6344=FACE_OUTER_BOUND('',#6343,.F.);
#6346=CARTESIAN_POINT('',(4.28E0,3.2E-1,-1.97E1));
#6347=DIRECTION('',(-1.E0,0.E0,0.E0));
#6348=DIRECTION('',(0.E0,0.E0,-1.E0));
#6349=AXIS2_PLACEMENT_3D('',#6346,#6347,#6348);
#6350=PLANE('',#6349);
#6351=ORIENTED_EDGE('',*,*,#4943,.T.);
#6353=ORIENTED_EDGE('',*,*,#6352,.T.);
#6355=ORIENTED_EDGE('',*,*,#6354,.F.);
#6356=ORIENTED_EDGE('',*,*,#6314,.F.);
#6357=EDGE_LOOP('',(#6351,#6353,#6355,#6356));
#6358=FACE_OUTER_BOUND('',#6357,.F.);
#6360=CARTESIAN_POINT('',(0.E0,-3.2E-1,0.E0));
#6361=DIRECTION('',(0.E0,-1.E0,0.E0));
#6362=DIRECTION('',(1.E0,0.E0,0.E0));
#6363=AXIS2_PLACEMENT_3D('',#6360,#6361,#6362);
#6364=PLANE('',#6363);
#6365=ORIENTED_EDGE('',*,*,#4941,.T.);
#6367=ORIENTED_EDGE('',*,*,#6366,.F.);
#6369=ORIENTED_EDGE('',*,*,#6368,.F.);
#6371=ORIENTED_EDGE('',*,*,#6370,.F.);
#6373=ORIENTED_EDGE('',*,*,#6372,.F.);
#6375=ORIENTED_EDGE('',*,*,#6374,.F.);
#6377=ORIENTED_EDGE('',*,*,#6376,.F.);
#6378=ORIENTED_EDGE('',*,*,#6352,.F.);
#6379=EDGE_LOOP('',(#6365,#6367,#6369,#6371,#6373,#6375,#6377,#6378));
#6380=FACE_OUTER_BOUND('',#6379,.F.);
#6382=CARTESIAN_POINT('',(0.E0,-3.2E-1,0.E0));
#6383=DIRECTION('',(0.E0,-1.E0,0.E0));
#6384=DIRECTION('',(1.E0,0.E0,0.E0));
#6385=AXIS2_PLACEMENT_3D('',#6382,#6383,#6384);
#6386=PLANE('',#6385);
#6388=ORIENTED_EDGE('',*,*,#6387,.F.);
#6389=ORIENTED_EDGE('',*,*,#6113,.F.);
#6391=ORIENTED_EDGE('',*,*,#6390,.F.);
#6393=ORIENTED_EDGE('',*,*,#6392,.F.);
#6394=EDGE_LOOP('',(#6388,#6389,#6391,#6393));
#6395=FACE_OUTER_BOUND('',#6394,.F.);
#6397=CARTESIAN_POINT('',(5.88E0,3.2E-1,-2.016861561237E1));
#6398=DIRECTION('',(1.E0,0.E0,0.E0));
#6399=DIRECTION('',(0.E0,0.E0,1.E0));
#6400=AXIS2_PLACEMENT_3D('',#6397,#6398,#6399);
#6401=PLANE('',#6400);
#6402=ORIENTED_EDGE('',*,*,#4939,.F.);
#6403=ORIENTED_EDGE('',*,*,#6326,.F.);
#6405=ORIENTED_EDGE('',*,*,#6404,.T.);
#6406=ORIENTED_EDGE('',*,*,#6366,.T.);
#6407=EDGE_LOOP('',(#6402,#6403,#6405,#6406));
#6408=FACE_OUTER_BOUND('',#6407,.F.);
#6410=CARTESIAN_POINT('',(5.4E0,3.2E-1,-2.1E1));
#6411=DIRECTION('',(8.660254037844E-1,0.E0,-5.E-1));
#6412=DIRECTION('',(5.E-1,0.E0,8.660254037844E-1));
#6413=AXIS2_PLACEMENT_3D('',#6410,#6411,#6412);
#6414=PLANE('',#6413);
#6415=ORIENTED_EDGE('',*,*,#6324,.F.);
#6417=ORIENTED_EDGE('',*,*,#6416,.T.);
#6418=ORIENTED_EDGE('',*,*,#6368,.T.);
#6419=ORIENTED_EDGE('',*,*,#6404,.F.);
#6420=EDGE_LOOP('',(#6415,#6417,#6418,#6419));
#6421=FACE_OUTER_BOUND('',#6420,.F.);
#6423=CARTESIAN_POINT('',(5.4E0,3.2E-1,-2.52E1));
#6424=DIRECTION('',(1.E0,0.E0,0.E0));
#6425=DIRECTION('',(0.E0,0.E0,1.E0));
#6426=AXIS2_PLACEMENT_3D('',#6423,#6424,#6425);
#6427=PLANE('',#6426);
#6428=ORIENTED_EDGE('',*,*,#6322,.F.);
#6430=ORIENTED_EDGE('',*,*,#6429,.T.);
#6431=ORIENTED_EDGE('',*,*,#6370,.T.);
#6432=ORIENTED_EDGE('',*,*,#6416,.F.);
#6433=EDGE_LOOP('',(#6428,#6430,#6431,#6432));
#6434=FACE_OUTER_BOUND('',#6433,.F.);
#6436=CARTESIAN_POINT('',(4.76E0,3.2E-1,-2.52E1));
#6437=DIRECTION('',(0.E0,0.E0,-1.E0));
#6438=DIRECTION('',(1.E0,0.E0,0.E0));
#6439=AXIS2_PLACEMENT_3D('',#6436,#6437,#6438);
#6440=PLANE('',#6439);
#6441=ORIENTED_EDGE('',*,*,#6320,.F.);
#6443=ORIENTED_EDGE('',*,*,#6442,.T.);
#6444=ORIENTED_EDGE('',*,*,#6372,.T.);
#6445=ORIENTED_EDGE('',*,*,#6429,.F.);
#6446=EDGE_LOOP('',(#6441,#6443,#6444,#6445));
#6447=FACE_OUTER_BOUND('',#6446,.F.);
#6449=CARTESIAN_POINT('',(4.76E0,3.2E-1,-2.1E1));
#6450=DIRECTION('',(-1.E0,0.E0,0.E0));
#6451=DIRECTION('',(0.E0,0.E0,-1.E0));
#6452=AXIS2_PLACEMENT_3D('',#6449,#6450,#6451);
#6453=PLANE('',#6452);
#6454=ORIENTED_EDGE('',*,*,#6318,.F.);
#6456=ORIENTED_EDGE('',*,*,#6455,.T.);
#6457=ORIENTED_EDGE('',*,*,#6374,.T.);
#6458=ORIENTED_EDGE('',*,*,#6442,.F.);
#6459=EDGE_LOOP('',(#6454,#6456,#6457,#6458));
#6460=FACE_OUTER_BOUND('',#6459,.F.);
#6462=CARTESIAN_POINT('',(4.28E0,3.2E-1,-2.016861561237E1));
#6463=DIRECTION('',(-8.660254037844E-1,0.E0,-5.E-1));
#6464=DIRECTION('',(5.E-1,0.E0,-8.660254037844E-1));
#6465=AXIS2_PLACEMENT_3D('',#6462,#6463,#6464);
#6466=PLANE('',#6465);
#6467=ORIENTED_EDGE('',*,*,#6316,.F.);
#6468=ORIENTED_EDGE('',*,*,#6354,.T.);
#6469=ORIENTED_EDGE('',*,*,#6376,.T.);
#6470=ORIENTED_EDGE('',*,*,#6455,.F.);
#6471=EDGE_LOOP('',(#6467,#6468,#6469,#6470));
#6472=FACE_OUTER_BOUND('',#6471,.F.);
#6474=CARTESIAN_POINT('',(6.03E0,3.2E-1,-1.944019237886E1));
#6475=DIRECTION('',(1.E0,0.E0,0.E0));
#6476=DIRECTION('',(0.E0,0.E0,1.E0));
#6477=AXIS2_PLACEMENT_3D('',#6474,#6475,#6476);
#6478=PLANE('',#6477);
#6479=ORIENTED_EDGE('',*,*,#6336,.F.);
#6480=ORIENTED_EDGE('',*,*,#6115,.T.);
#6481=ORIENTED_EDGE('',*,*,#6387,.T.);
#6483=ORIENTED_EDGE('',*,*,#6482,.F.);
#6484=EDGE_LOOP('',(#6479,#6480,#6481,#6483));
#6485=FACE_OUTER_BOUND('',#6484,.F.);
#6487=CARTESIAN_POINT('',(6.03E0,3.2E-1,-5.5E0));
#6488=DIRECTION('',(0.E0,0.E0,1.E0));
#6489=DIRECTION('',(-1.E0,0.E0,0.E0));
#6490=AXIS2_PLACEMENT_3D('',#6487,#6488,#6489);
#6491=PLANE('',#6490);
#6492=ORIENTED_EDGE('',*,*,#6338,.F.);
#6493=ORIENTED_EDGE('',*,*,#6482,.T.);
#6494=ORIENTED_EDGE('',*,*,#6392,.T.);
#6496=ORIENTED_EDGE('',*,*,#6495,.F.);
#6497=EDGE_LOOP('',(#6492,#6493,#6494,#6496));
#6498=FACE_OUTER_BOUND('',#6497,.F.);
#6500=CARTESIAN_POINT('',(4.13E0,3.2E-1,-5.5E0));
#6501=DIRECTION('',(-1.E0,0.E0,0.E0));
#6502=DIRECTION('',(0.E0,0.E0,-1.E0));
#6503=AXIS2_PLACEMENT_3D('',#6500,#6501,#6502);
#6504=PLANE('',#6503);
#6505=ORIENTED_EDGE('',*,*,#6340,.F.);
#6506=ORIENTED_EDGE('',*,*,#6495,.T.);
#6507=ORIENTED_EDGE('',*,*,#6390,.T.);
#6508=ORIENTED_EDGE('',*,*,#6111,.F.);
#6509=EDGE_LOOP('',(#6505,#6506,#6507,#6508));
#6510=FACE_OUTER_BOUND('',#6509,.F.);
#6512=CARTESIAN_POINT('',(1.0795E1,1.E0,-2.16E1));
#6513=DIRECTION('',(0.E0,1.E0,0.E0));
#6514=DIRECTION('',(1.E0,0.E0,0.E0));
#6515=AXIS2_PLACEMENT_3D('',#6512,#6513,#6514);
#6516=PLANE('',#6515);
#6517=ORIENTED_EDGE('',*,*,#5061,.T.);
#6519=ORIENTED_EDGE('',*,*,#6518,.T.);
#6520=ORIENTED_EDGE('',*,*,#5336,.T.);
#6522=ORIENTED_EDGE('',*,*,#6521,.F.);
#6523=EDGE_LOOP('',(#6517,#6519,#6520,#6522));
#6524=FACE_OUTER_BOUND('',#6523,.F.);
#6526=CARTESIAN_POINT('',(1.0795E1,3.975E0,-2.16E1));
#6527=DIRECTION('',(1.E0,0.E0,0.E0));
#6528=DIRECTION('',(0.E0,-1.E0,0.E0));
#6529=AXIS2_PLACEMENT_3D('',#6526,#6527,#6528);
#6530=PLANE('',#6529);
#6531=ORIENTED_EDGE('',*,*,#5338,.F.);
#6532=ORIENTED_EDGE('',*,*,#6518,.F.);
#6533=ORIENTED_EDGE('',*,*,#5059,.F.);
#6534=ORIENTED_EDGE('',*,*,#4998,.T.);
#6535=ORIENTED_EDGE('',*,*,#4923,.T.);
#6537=ORIENTED_EDGE('',*,*,#6536,.F.);
#6538=ORIENTED_EDGE('',*,*,#5079,.F.);
#6540=ORIENTED_EDGE('',*,*,#6539,.T.);
#6541=EDGE_LOOP('',(#6531,#6532,#6533,#6534,#6535,#6537,#6538,#6540));
#6542=FACE_OUTER_BOUND('',#6541,.F.);
#6544=CARTESIAN_POINT('',(1.0795E1,-3.975E0,-2.16E1));
#6545=DIRECTION('',(0.E0,-1.E0,0.E0));
#6546=DIRECTION('',(-1.E0,0.E0,0.E0));
#6547=AXIS2_PLACEMENT_3D('',#6544,#6545,#6546);
#6548=PLANE('',#6547);
#6549=ORIENTED_EDGE('',*,*,#5026,.T.);
#6550=ORIENTED_EDGE('',*,*,#5081,.T.);
#6551=ORIENTED_EDGE('',*,*,#6536,.T.);
#6552=ORIENTED_EDGE('',*,*,#4921,.T.);
#6553=EDGE_LOOP('',(#6549,#6550,#6551,#6552));
#6554=FACE_OUTER_BOUND('',#6553,.F.);
#6556=CARTESIAN_POINT('',(1.208E1,-2.E0,-2.16E1));
#6557=DIRECTION('',(0.E0,-1.E0,0.E0));
#6558=DIRECTION('',(-1.E0,0.E0,0.E0));
#6559=AXIS2_PLACEMENT_3D('',#6556,#6557,#6558);
#6560=PLANE('',#6559);
#6561=ORIENTED_EDGE('',*,*,#5077,.F.);
#6563=ORIENTED_EDGE('',*,*,#6562,.T.);
#6564=ORIENTED_EDGE('',*,*,#5340,.T.);
#6565=ORIENTED_EDGE('',*,*,#6539,.F.);
#6566=EDGE_LOOP('',(#6561,#6563,#6564,#6565));
#6567=FACE_OUTER_BOUND('',#6566,.F.);
#6569=CARTESIAN_POINT('',(1.208E1,-4.675E0,-2.16E1));
#6570=DIRECTION('',(1.E0,0.E0,0.E0));
#6571=DIRECTION('',(0.E0,0.E0,1.E0));
#6572=AXIS2_PLACEMENT_3D('',#6569,#6570,#6571);
#6573=PLANE('',#6572);
#6575=ORIENTED_EDGE('',*,*,#6574,.F.);
#6576=ORIENTED_EDGE('',*,*,#5098,.T.);
#6577=ORIENTED_EDGE('',*,*,#5063,.T.);
#6578=ORIENTED_EDGE('',*,*,#6521,.T.);
#6579=ORIENTED_EDGE('',*,*,#5342,.T.);
#6580=ORIENTED_EDGE('',*,*,#6562,.F.);
#6581=ORIENTED_EDGE('',*,*,#5075,.T.);
#6583=ORIENTED_EDGE('',*,*,#6582,.T.);
#6584=EDGE_LOOP('',(#6575,#6576,#6577,#6578,#6579,#6580,#6581,#6583));
#6585=FACE_OUTER_BOUND('',#6584,.F.);
#6587=CARTESIAN_POINT('',(1.208E1,-3.875E0,-3.E-1));
#6588=DIRECTION('',(-7.071067811865E-1,0.E0,-7.071067811865E-1));
#6589=DIRECTION('',(-7.071067811865E-1,0.E0,7.071067811865E-1));
#6590=AXIS2_PLACEMENT_3D('',#6587,#6588,#6589);
#6591=PLANE('',#6590);
#6592=ORIENTED_EDGE('',*,*,#6574,.T.);
#6594=ORIENTED_EDGE('',*,*,#6593,.T.);
#6595=ORIENTED_EDGE('',*,*,#4643,.T.);
#6596=ORIENTED_EDGE('',*,*,#5112,.F.);
#6597=EDGE_LOOP('',(#6592,#6594,#6595,#6596));
#6598=FACE_OUTER_BOUND('',#6597,.F.);
#6600=CARTESIAN_POINT('',(1.128E1,-4.675E0,-3.E-1));
#6601=DIRECTION('',(-5.E-1,5.E-1,-7.071067811865E-1));
#6602=DIRECTION('',(-5.E-1,5.E-1,7.071067811865E-1));
#6603=AXIS2_PLACEMENT_3D('',#6600,#6601,#6602);
#6604=PLANE('',#6603);
#6605=ORIENTED_EDGE('',*,*,#4645,.T.);
#6606=ORIENTED_EDGE('',*,*,#6593,.F.);
#6608=ORIENTED_EDGE('',*,*,#6607,.F.);
#6609=ORIENTED_EDGE('',*,*,#4612,.T.);
#6610=EDGE_LOOP('',(#6605,#6606,#6608,#6609));
#6611=FACE_OUTER_BOUND('',#6610,.F.);
#6613=CARTESIAN_POINT('',(1.168E1,-4.275E0,-1.08E1));
#6614=DIRECTION('',(7.071067811865E-1,-7.071067811865E-1,0.E0));
#6615=DIRECTION('',(7.071067811865E-1,7.071067811865E-1,0.E0));
#6616=AXIS2_PLACEMENT_3D('',#6613,#6614,#6615);
#6617=PLANE('',#6616);
#6618=ORIENTED_EDGE('',*,*,#6607,.T.);
#6619=ORIENTED_EDGE('',*,*,#6582,.F.);
#6620=ORIENTED_EDGE('',*,*,#5073,.T.);
#6621=ORIENTED_EDGE('',*,*,#4437,.T.);
#6622=EDGE_LOOP('',(#6618,#6619,#6620,#6621));
#6623=FACE_OUTER_BOUND('',#6622,.F.);
#6625=CARTESIAN_POINT('',(-7.08E0,-4.675E0,-2.16E1));
#6626=DIRECTION('',(1.E0,0.E0,0.E0));
#6627=DIRECTION('',(0.E0,0.E0,1.E0));
#6628=AXIS2_PLACEMENT_3D('',#6625,#6626,#6627);
#6629=PLANE('',#6628);
#6631=ORIENTED_EDGE('',*,*,#6630,.F.);
#6633=ORIENTED_EDGE('',*,*,#6632,.T.);
#6634=ORIENTED_EDGE('',*,*,#4461,.F.);
#6635=ORIENTED_EDGE('',*,*,#4961,.F.);
#6636=EDGE_LOOP('',(#6631,#6633,#6634,#6635));
#6637=FACE_OUTER_BOUND('',#6636,.F.);
#6639=CARTESIAN_POINT('',(-7.08E0,-4.675E0,-2.16E1));
#6640=DIRECTION('',(1.E0,0.E0,0.E0));
#6641=DIRECTION('',(0.E0,0.E0,1.E0));
#6642=AXIS2_PLACEMENT_3D('',#6639,#6640,#6641);
#6643=PLANE('',#6642);
#6645=ORIENTED_EDGE('',*,*,#6644,.T.);
#6646=ORIENTED_EDGE('',*,*,#4953,.F.);
#6647=ORIENTED_EDGE('',*,*,#5141,.T.);
#6649=ORIENTED_EDGE('',*,*,#6648,.T.);
#6650=EDGE_LOOP('',(#6645,#6646,#6647,#6649));
#6651=FACE_OUTER_BOUND('',#6650,.F.);
#6653=CARTESIAN_POINT('',(-7.08E0,-4.675E0,-2.16E1));
#6654=DIRECTION('',(1.E0,0.E0,0.E0));
#6655=DIRECTION('',(0.E0,0.E0,1.E0));
#6656=AXIS2_PLACEMENT_3D('',#6653,#6654,#6655);
#6657=PLANE('',#6656);
#6658=ORIENTED_EDGE('',*,*,#5352,.T.);
#6660=ORIENTED_EDGE('',*,*,#6659,.T.);
#6661=ORIENTED_EDGE('',*,*,#4970,.F.);
#6663=ORIENTED_EDGE('',*,*,#6662,.F.);
#6664=EDGE_LOOP('',(#6658,#6660,#6661,#6663));
#6665=FACE_OUTER_BOUND('',#6664,.F.);
#6667=CARTESIAN_POINT('',(-7.08E0,-3.975E0,-2.16E1));
#6668=DIRECTION('',(0.E0,-1.E0,0.E0));
#6669=DIRECTION('',(-1.E0,0.E0,0.E0));
#6670=AXIS2_PLACEMENT_3D('',#6667,#6668,#6669);
#6671=PLANE('',#6670);
#6673=ORIENTED_EDGE('',*,*,#6672,.F.);
#6674=ORIENTED_EDGE('',*,*,#6630,.T.);
#6675=ORIENTED_EDGE('',*,*,#4959,.T.);
#6677=ORIENTED_EDGE('',*,*,#6676,.F.);
#6678=EDGE_LOOP('',(#6673,#6674,#6675,#6677));
#6679=FACE_OUTER_BOUND('',#6678,.F.);
#6681=CARTESIAN_POINT('',(-1.208E1,-4.675E0,-2.16E1));
#6682=DIRECTION('',(0.E0,0.E0,-1.E0));
#6683=DIRECTION('',(1.E0,0.E0,0.E0));
#6684=AXIS2_PLACEMENT_3D('',#6681,#6682,#6683);
#6685=PLANE('',#6684);
#6686=ORIENTED_EDGE('',*,*,#5174,.F.);
#6687=ORIENTED_EDGE('',*,*,#5229,.T.);
#6688=ORIENTED_EDGE('',*,*,#5266,.T.);
#6690=ORIENTED_EDGE('',*,*,#6689,.T.);
#6692=ORIENTED_EDGE('',*,*,#6691,.F.);
#6693=ORIENTED_EDGE('',*,*,#6648,.F.);
#6694=ORIENTED_EDGE('',*,*,#5139,.T.);
#6695=EDGE_LOOP('',(#6686,#6687,#6688,#6690,#6692,#6693,#6694));
#6696=FACE_OUTER_BOUND('',#6695,.F.);
#6698=CARTESIAN_POINT('',(-1.208E1,-4.675E0,-2.16E1));
#6699=DIRECTION('',(0.E0,0.E0,-1.E0));
#6700=DIRECTION('',(1.E0,0.E0,0.E0));
#6701=AXIS2_PLACEMENT_3D('',#6698,#6699,#6700);
#6702=PLANE('',#6701);
#6704=ORIENTED_EDGE('',*,*,#6703,.F.);
#6705=ORIENTED_EDGE('',*,*,#4463,.F.);
#6706=ORIENTED_EDGE('',*,*,#6632,.F.);
#6707=ORIENTED_EDGE('',*,*,#6672,.T.);
#6709=ORIENTED_EDGE('',*,*,#6708,.T.);
#6711=ORIENTED_EDGE('',*,*,#6710,.F.);
#6712=ORIENTED_EDGE('',*,*,#5243,.T.);
#6713=EDGE_LOOP('',(#6704,#6705,#6706,#6707,#6709,#6711,#6712));
#6714=FACE_OUTER_BOUND('',#6713,.F.);
#6716=CARTESIAN_POINT('',(-1.0795E1,-3.975E0,-2.16E1));
#6717=DIRECTION('',(-1.E0,0.E0,0.E0));
#6718=DIRECTION('',(0.E0,1.E0,0.E0));
#6719=AXIS2_PLACEMENT_3D('',#6716,#6717,#6718);
#6720=PLANE('',#6719);
#6721=ORIENTED_EDGE('',*,*,#5416,.T.);
#6723=ORIENTED_EDGE('',*,*,#6722,.F.);
#6724=ORIENTED_EDGE('',*,*,#6708,.F.);
#6725=ORIENTED_EDGE('',*,*,#6676,.T.);
#6726=ORIENTED_EDGE('',*,*,#4957,.T.);
#6728=ORIENTED_EDGE('',*,*,#6727,.F.);
#6729=ORIENTED_EDGE('',*,*,#6689,.F.);
#6730=ORIENTED_EDGE('',*,*,#5264,.T.);
#6731=EDGE_LOOP('',(#6721,#6723,#6724,#6725,#6726,#6728,#6729,#6730));
#6732=FACE_OUTER_BOUND('',#6731,.F.);
#6734=CARTESIAN_POINT('',(-1.0795E1,-2.E0,-2.16E1));
#6735=DIRECTION('',(0.E0,-1.E0,0.E0));
#6736=DIRECTION('',(-1.E0,0.E0,0.E0));
#6737=AXIS2_PLACEMENT_3D('',#6734,#6735,#6736);
#6738=PLANE('',#6737);
#6739=ORIENTED_EDGE('',*,*,#5245,.F.);
#6740=ORIENTED_EDGE('',*,*,#6710,.T.);
#6741=ORIENTED_EDGE('',*,*,#6722,.T.);
#6742=ORIENTED_EDGE('',*,*,#5414,.T.);
#6743=EDGE_LOOP('',(#6739,#6740,#6741,#6742));
#6744=FACE_OUTER_BOUND('',#6743,.F.);
#6746=CARTESIAN_POINT('',(-1.0795E1,3.975E0,-2.16E1));
#6747=DIRECTION('',(0.E0,1.E0,0.E0));
#6748=DIRECTION('',(1.E0,0.E0,0.E0));
#6749=AXIS2_PLACEMENT_3D('',#6746,#6747,#6748);
#6750=PLANE('',#6749);
#6751=ORIENTED_EDGE('',*,*,#6691,.T.);
#6752=ORIENTED_EDGE('',*,*,#6727,.T.);
#6753=ORIENTED_EDGE('',*,*,#4955,.T.);
#6754=ORIENTED_EDGE('',*,*,#6644,.F.);
#6755=EDGE_LOOP('',(#6751,#6752,#6753,#6754));
#6756=FACE_OUTER_BOUND('',#6755,.F.);
#6758=CARTESIAN_POINT('',(-1.168E1,-4.275E0,-1.08E1));
#6759=DIRECTION('',(-7.071067811865E-1,-7.071067811865E-1,0.E0));
#6760=DIRECTION('',(-7.071067811865E-1,7.071067811865E-1,0.E0));
#6761=AXIS2_PLACEMENT_3D('',#6758,#6759,#6760);
#6762=PLANE('',#6761);
#6763=ORIENTED_EDGE('',*,*,#4625,.F.);
#6764=ORIENTED_EDGE('',*,*,#4465,.T.);
#6765=ORIENTED_EDGE('',*,*,#6703,.T.);
#6766=ORIENTED_EDGE('',*,*,#5241,.F.);
#6767=EDGE_LOOP('',(#6763,#6764,#6765,#6766));
#6768=FACE_OUTER_BOUND('',#6767,.F.);
#6770=CARTESIAN_POINT('',(-9.255E0,-3.275E0,-2.16E1));
#6771=DIRECTION('',(0.E0,1.E0,0.E0));
#6772=DIRECTION('',(1.E0,0.E0,0.E0));
#6773=AXIS2_PLACEMENT_3D('',#6770,#6771,#6772);
#6774=PLANE('',#6773);
#6775=ORIENTED_EDGE('',*,*,#5358,.F.);
#6777=ORIENTED_EDGE('',*,*,#6776,.T.);
#6778=ORIENTED_EDGE('',*,*,#4972,.T.);
#6779=ORIENTED_EDGE('',*,*,#6659,.F.);
#6780=EDGE_LOOP('',(#6775,#6777,#6778,#6779));
#6781=FACE_OUTER_BOUND('',#6780,.F.);
#6783=CARTESIAN_POINT('',(-9.255E0,1.425E0,-2.16E1));
#6784=DIRECTION('',(1.E0,0.E0,0.E0));
#6785=DIRECTION('',(0.E0,-1.E0,0.E0));
#6786=AXIS2_PLACEMENT_3D('',#6783,#6784,#6785);
#6787=PLANE('',#6786);
#6788=ORIENTED_EDGE('',*,*,#5356,.F.);
#6790=ORIENTED_EDGE('',*,*,#6789,.T.);
#6791=ORIENTED_EDGE('',*,*,#4974,.T.);
#6792=ORIENTED_EDGE('',*,*,#6776,.F.);
#6793=EDGE_LOOP('',(#6788,#6790,#6791,#6792));
#6794=FACE_OUTER_BOUND('',#6793,.F.);
#6796=CARTESIAN_POINT('',(-7.08E0,1.425E0,-2.16E1));
#6797=DIRECTION('',(0.E0,-1.E0,0.E0));
#6798=DIRECTION('',(-1.E0,0.E0,0.E0));
#6799=AXIS2_PLACEMENT_3D('',#6796,#6797,#6798);
#6800=PLANE('',#6799);
#6801=ORIENTED_EDGE('',*,*,#5354,.F.);
#6802=ORIENTED_EDGE('',*,*,#6662,.T.);
#6803=ORIENTED_EDGE('',*,*,#4976,.T.);
#6804=ORIENTED_EDGE('',*,*,#6789,.F.);
#6805=EDGE_LOOP('',(#6801,#6802,#6803,#6804));
#6806=FACE_OUTER_BOUND('',#6805,.F.);
#6808=CARTESIAN_POINT('',(7.08E0,-3.275E0,-2.16E1));
#6809=DIRECTION('',(0.E0,1.E0,0.E0));
#6810=DIRECTION('',(1.E0,0.E0,0.E0));
#6811=AXIS2_PLACEMENT_3D('',#6808,#6809,#6810);
#6812=PLANE('',#6811);
#6813=ORIENTED_EDGE('',*,*,#5383,.F.);
#6814=ORIENTED_EDGE('',*,*,#5043,.F.);
#6815=ORIENTED_EDGE('',*,*,#4927,.T.);
#6817=ORIENTED_EDGE('',*,*,#6816,.F.);
#6818=EDGE_LOOP('',(#6813,#6814,#6815,#6817));
#6819=FACE_OUTER_BOUND('',#6818,.F.);
#6821=CARTESIAN_POINT('',(9.255E0,-3.275E0,-2.16E1));
#6822=DIRECTION('',(-1.E0,0.E0,0.E0));
#6823=DIRECTION('',(0.E0,1.E0,0.E0));
#6824=AXIS2_PLACEMENT_3D('',#6821,#6822,#6823);
#6825=PLANE('',#6824);
#6826=ORIENTED_EDGE('',*,*,#5385,.F.);
#6827=ORIENTED_EDGE('',*,*,#6816,.T.);
#6828=ORIENTED_EDGE('',*,*,#4933,.T.);
#6830=ORIENTED_EDGE('',*,*,#6829,.F.);
#6831=EDGE_LOOP('',(#6826,#6827,#6828,#6830));
#6832=FACE_OUTER_BOUND('',#6831,.F.);
#6834=CARTESIAN_POINT('',(9.255E0,1.425E0,-2.16E1));
#6835=DIRECTION('',(0.E0,-1.E0,0.E0));
#6836=DIRECTION('',(-1.E0,0.E0,0.E0));
#6837=AXIS2_PLACEMENT_3D('',#6834,#6835,#6836);
#6838=PLANE('',#6837);
#6839=ORIENTED_EDGE('',*,*,#5387,.F.);
#6840=ORIENTED_EDGE('',*,*,#6829,.T.);
#6841=ORIENTED_EDGE('',*,*,#4931,.T.);
#6842=ORIENTED_EDGE('',*,*,#5040,.T.);
#6843=EDGE_LOOP('',(#6839,#6840,#6841,#6842));
#6844=FACE_OUTER_BOUND('',#6843,.F.);
#6846=CARTESIAN_POINT('',(-8.105E0,-5.7E-1,-2.095E1));
#6847=DIRECTION('',(1.E0,0.E0,0.E0));
#6848=DIRECTION('',(0.E0,0.E0,1.E0));
#6849=AXIS2_PLACEMENT_3D('',#6846,#6847,#6848);
#6850=PLANE('',#6849);
#6852=ORIENTED_EDGE('',*,*,#6851,.T.);
#6854=ORIENTED_EDGE('',*,*,#6853,.F.);
#6856=ORIENTED_EDGE('',*,*,#6855,.T.);
#6858=ORIENTED_EDGE('',*,*,#6857,.T.);
#6859=ORIENTED_EDGE('',*,*,#5364,.F.);
#6860=EDGE_LOOP('',(#6852,#6854,#6856,#6858,#6859));
#6861=FACE_OUTER_BOUND('',#6860,.F.);
#6863=CARTESIAN_POINT('',(-8.105E0,-5.7E-1,-2.095E1));
#6864=DIRECTION('',(1.E0,0.E0,0.E0));
#6865=DIRECTION('',(0.E0,0.E0,1.E0));
#6866=AXIS2_PLACEMENT_3D('',#6863,#6864,#6865);
#6867=PLANE('',#6866);
#6869=ORIENTED_EDGE('',*,*,#6868,.T.);
#6871=ORIENTED_EDGE('',*,*,#6870,.T.);
#6872=ORIENTED_EDGE('',*,*,#5362,.F.);
#6874=ORIENTED_EDGE('',*,*,#6873,.F.);
#6876=ORIENTED_EDGE('',*,*,#6875,.T.);
#6877=EDGE_LOOP('',(#6869,#6871,#6872,#6874,#6876));
#6878=FACE_OUTER_BOUND('',#6877,.F.);
#6880=CARTESIAN_POINT('',(-1.208E1,-1.27E0,-2.075E1));
#6881=DIRECTION('',(1.E0,0.E0,0.E0));
#6882=DIRECTION('',(0.E0,1.E0,0.E0));
#6883=AXIS2_PLACEMENT_3D('',#6880,#6881,#6882);
#6884=CYLINDRICAL_SURFACE('',#6883,1.5E-1);
#6885=ORIENTED_EDGE('',*,*,#6870,.F.);
#6887=ORIENTED_EDGE('',*,*,#6886,.F.);
#6889=ORIENTED_EDGE('',*,*,#6888,.T.);
#6891=ORIENTED_EDGE('',*,*,#6890,.T.);
#6893=ORIENTED_EDGE('',*,*,#6892,.T.);
#6894=ORIENTED_EDGE('',*,*,#6851,.F.);
#6895=EDGE_LOOP('',(#6885,#6887,#6889,#6891,#6893,#6894));
#6896=FACE_OUTER_BOUND('',#6895,.F.);
#6898=CARTESIAN_POINT('',(-1.208E1,-1.27E0,-2.075E1));
#6899=DIRECTION('',(1.E0,0.E0,0.E0));
#6900=DIRECTION('',(0.E0,1.E0,0.E0));
#6901=AXIS2_PLACEMENT_3D('',#6898,#6899,#6900);
#6902=CYLINDRICAL_SURFACE('',#6901,1.5E-1);
#6904=ORIENTED_EDGE('',*,*,#6903,.F.);
#6906=ORIENTED_EDGE('',*,*,#6905,.F.);
#6908=ORIENTED_EDGE('',*,*,#6907,.T.);
#6910=ORIENTED_EDGE('',*,*,#6909,.T.);
#6912=ORIENTED_EDGE('',*,*,#6911,.T.);
#6914=ORIENTED_EDGE('',*,*,#6913,.F.);
#6915=EDGE_LOOP('',(#6904,#6906,#6908,#6910,#6912,#6914));
#6916=FACE_OUTER_BOUND('',#6915,.F.);
#6918=CARTESIAN_POINT('',(-1.208E1,-1.12E0,-2.475E1));
#6919=DIRECTION('',(0.E0,1.E0,0.E0));
#6920=DIRECTION('',(0.E0,0.E0,1.E0));
#6921=AXIS2_PLACEMENT_3D('',#6918,#6919,#6920);
#6922=PLANE('',#6921);
#6924=ORIENTED_EDGE('',*,*,#6923,.F.);
#6926=ORIENTED_EDGE('',*,*,#6925,.T.);
#6928=ORIENTED_EDGE('',*,*,#6927,.F.);
#6930=ORIENTED_EDGE('',*,*,#6929,.F.);
#6932=ORIENTED_EDGE('',*,*,#6931,.T.);
#6934=ORIENTED_EDGE('',*,*,#6933,.T.);
#6935=ORIENTED_EDGE('',*,*,#6886,.T.);
#6936=ORIENTED_EDGE('',*,*,#6868,.F.);
#6938=ORIENTED_EDGE('',*,*,#6937,.T.);
#6940=ORIENTED_EDGE('',*,*,#6939,.F.);
#6942=ORIENTED_EDGE('',*,*,#6941,.F.);
#6944=ORIENTED_EDGE('',*,*,#6943,.F.);
#6946=ORIENTED_EDGE('',*,*,#6945,.T.);
#6947=EDGE_LOOP('',(#6924,#6926,#6928,#6930,#6932,#6934,#6935,#6936,#6938,#6940,
#6942,#6944,#6946));
#6948=FACE_OUTER_BOUND('',#6947,.F.);
#6950=CARTESIAN_POINT('',(-1.208E1,-1.12E0,-2.475E1));
#6951=DIRECTION('',(0.E0,1.E0,0.E0));
#6952=DIRECTION('',(0.E0,0.E0,1.E0));
#6953=AXIS2_PLACEMENT_3D('',#6950,#6951,#6952);
#6954=PLANE('',#6953);
#6956=ORIENTED_EDGE('',*,*,#6955,.F.);
#6958=ORIENTED_EDGE('',*,*,#6957,.T.);
#6960=ORIENTED_EDGE('',*,*,#6959,.F.);
#6962=ORIENTED_EDGE('',*,*,#6961,.F.);
#6964=ORIENTED_EDGE('',*,*,#6963,.T.);
#6966=ORIENTED_EDGE('',*,*,#6965,.T.);
#6967=ORIENTED_EDGE('',*,*,#6905,.T.);
#6969=ORIENTED_EDGE('',*,*,#6968,.F.);
#6971=ORIENTED_EDGE('',*,*,#6970,.T.);
#6973=ORIENTED_EDGE('',*,*,#6972,.F.);
#6975=ORIENTED_EDGE('',*,*,#6974,.F.);
#6977=ORIENTED_EDGE('',*,*,#6976,.F.);
#6979=ORIENTED_EDGE('',*,*,#6978,.T.);
#6980=EDGE_LOOP('',(#6956,#6958,#6960,#6962,#6964,#6966,#6967,#6969,#6971,#6973,
#6975,#6977,#6979));
#6981=FACE_OUTER_BOUND('',#6980,.F.);
#6983=CARTESIAN_POINT('',(-1.208E1,-1.27E0,-2.475E1));
#6984=DIRECTION('',(1.E0,0.E0,0.E0));
#6985=DIRECTION('',(0.E0,1.E0,0.E0));
#6986=AXIS2_PLACEMENT_3D('',#6983,#6984,#6985);
#6987=CYLINDRICAL_SURFACE('',#6986,1.5E-1);
#6989=ORIENTED_EDGE('',*,*,#6988,.F.);
#6991=ORIENTED_EDGE('',*,*,#6990,.F.);
#6993=ORIENTED_EDGE('',*,*,#6992,.F.);
#6995=ORIENTED_EDGE('',*,*,#6994,.T.);
#6997=ORIENTED_EDGE('',*,*,#6996,.F.);
#6999=ORIENTED_EDGE('',*,*,#6998,.F.);
#7001=ORIENTED_EDGE('',*,*,#7000,.F.);
#7002=ORIENTED_EDGE('',*,*,#6923,.T.);
#7003=EDGE_LOOP('',(#6989,#6991,#6993,#6995,#6997,#6999,#7001,#7002));
#7004=FACE_OUTER_BOUND('',#7003,.F.);
#7006=CARTESIAN_POINT('',(-1.208E1,-1.27E0,-2.475E1));
#7007=DIRECTION('',(1.E0,0.E0,0.E0));
#7008=DIRECTION('',(0.E0,1.E0,0.E0));
#7009=AXIS2_PLACEMENT_3D('',#7006,#7007,#7008);
#7010=CYLINDRICAL_SURFACE('',#7009,1.5E-1);
#7012=ORIENTED_EDGE('',*,*,#7011,.F.);
#7014=ORIENTED_EDGE('',*,*,#7013,.F.);
#7016=ORIENTED_EDGE('',*,*,#7015,.F.);
#7018=ORIENTED_EDGE('',*,*,#7017,.T.);
#7020=ORIENTED_EDGE('',*,*,#7019,.F.);
#7022=ORIENTED_EDGE('',*,*,#7021,.F.);
#7024=ORIENTED_EDGE('',*,*,#7023,.F.);
#7025=ORIENTED_EDGE('',*,*,#6955,.T.);
#7026=EDGE_LOOP('',(#7012,#7014,#7016,#7018,#7020,#7022,#7024,#7025));
#7027=FACE_OUTER_BOUND('',#7026,.F.);
#7029=CARTESIAN_POINT('',(-8.505E0,-5.7E-1,-2.49E1));
#7030=DIRECTION('',(0.E0,1.E0,0.E0));
#7031=DIRECTION('',(-1.E0,0.E0,0.E0));
#7032=AXIS2_PLACEMENT_3D('',#7029,#7030,#7031);
#7033=CYLINDRICAL_SURFACE('',#7032,4.E-1);
#7035=ORIENTED_EDGE('',*,*,#7034,.F.);
#7036=ORIENTED_EDGE('',*,*,#6988,.T.);
#7037=ORIENTED_EDGE('',*,*,#6945,.F.);
#7039=ORIENTED_EDGE('',*,*,#7038,.F.);
#7041=ORIENTED_EDGE('',*,*,#7040,.T.);
#7042=EDGE_LOOP('',(#7035,#7036,#7037,#7039,#7041));
#7043=FACE_OUTER_BOUND('',#7042,.F.);
#7045=CARTESIAN_POINT('',(-8.105E0,-5.7E-1,-2.54E1));
#7046=DIRECTION('',(1.E0,0.E0,0.E0));
#7047=DIRECTION('',(0.E0,0.E0,1.E0));
#7048=AXIS2_PLACEMENT_3D('',#7045,#7046,#7047);
#7049=PLANE('',#7048);
#7051=ORIENTED_EDGE('',*,*,#7050,.F.);
#7052=ORIENTED_EDGE('',*,*,#7034,.T.);
#7054=ORIENTED_EDGE('',*,*,#7053,.F.);
#7056=ORIENTED_EDGE('',*,*,#7055,.T.);
#7058=ORIENTED_EDGE('',*,*,#7057,.T.);
#7059=EDGE_LOOP('',(#7051,#7052,#7054,#7056,#7058));
#7060=FACE_OUTER_BOUND('',#7059,.F.);
#7062=CARTESIAN_POINT('',(-8.005E0,-5.7E-1,-2.49E1));
#7063=DIRECTION('',(0.E0,-1.E0,0.E0));
#7064=DIRECTION('',(1.E0,0.E0,0.E0));
#7065=AXIS2_PLACEMENT_3D('',#7062,#7063,#7064);
#7066=CYLINDRICAL_SURFACE('',#7065,1.E-1);
#7068=ORIENTED_EDGE('',*,*,#7067,.F.);
#7069=ORIENTED_EDGE('',*,*,#6990,.T.);
#7070=ORIENTED_EDGE('',*,*,#7050,.T.);
#7072=ORIENTED_EDGE('',*,*,#7071,.T.);
#7073=EDGE_LOOP('',(#7068,#7069,#7070,#7072));
#7074=FACE_OUTER_BOUND('',#7073,.F.);
#7076=CARTESIAN_POINT('',(-8.091854060249E0,-5.7E-1,-2.485043819799E1));
#7077=DIRECTION('',(8.685406024874E-1,0.E0,-4.956180200829E-1));
#7078=DIRECTION('',(4.956180200829E-1,0.E0,8.685406024874E-1));
#7079=AXIS2_PLACEMENT_3D('',#7076,#7077,#7078);
#7080=PLANE('',#7079);
#7082=ORIENTED_EDGE('',*,*,#7081,.F.);
#7083=ORIENTED_EDGE('',*,*,#6992,.T.);
#7084=ORIENTED_EDGE('',*,*,#7067,.T.);
#7086=ORIENTED_EDGE('',*,*,#7085,.T.);
#7088=ORIENTED_EDGE('',*,*,#7087,.F.);
#7089=EDGE_LOOP('',(#7082,#7083,#7084,#7086,#7088));
#7090=FACE_OUTER_BOUND('',#7089,.F.);
#7092=CARTESIAN_POINT('',(-1.208E1,-1.42E0,-2.075E1));
#7093=DIRECTION('',(0.E0,-1.E0,0.E0));
#7094=DIRECTION('',(0.E0,0.E0,-1.E0));
#7095=AXIS2_PLACEMENT_3D('',#7092,#7093,#7094);
#7096=PLANE('',#7095);
#7097=ORIENTED_EDGE('',*,*,#6994,.F.);
#7098=ORIENTED_EDGE('',*,*,#7081,.T.);
#7100=ORIENTED_EDGE('',*,*,#7099,.T.);
#7102=ORIENTED_EDGE('',*,*,#7101,.T.);
#7104=ORIENTED_EDGE('',*,*,#7103,.F.);
#7105=ORIENTED_EDGE('',*,*,#6853,.T.);
#7106=ORIENTED_EDGE('',*,*,#6892,.F.);
#7108=ORIENTED_EDGE('',*,*,#7107,.F.);
#7110=ORIENTED_EDGE('',*,*,#7109,.T.);
#7112=ORIENTED_EDGE('',*,*,#7111,.F.);
#7114=ORIENTED_EDGE('',*,*,#7113,.F.);
#7116=ORIENTED_EDGE('',*,*,#7115,.F.);
#7118=ORIENTED_EDGE('',*,*,#7117,.T.);
#7119=EDGE_LOOP('',(#7097,#7098,#7100,#7102,#7104,#7105,#7106,#7108,#7110,#7112,
#7114,#7116,#7118));
#7120=FACE_OUTER_BOUND('',#7119,.F.);
#7122=CARTESIAN_POINT('',(-1.208E1,-1.42E0,-2.075E1));
#7123=DIRECTION('',(0.E0,-1.E0,0.E0));
#7124=DIRECTION('',(0.E0,0.E0,-1.E0));
#7125=AXIS2_PLACEMENT_3D('',#7122,#7123,#7124);
#7126=PLANE('',#7125);
#7127=ORIENTED_EDGE('',*,*,#7017,.F.);
#7129=ORIENTED_EDGE('',*,*,#7128,.T.);
#7131=ORIENTED_EDGE('',*,*,#7130,.T.);
#7133=ORIENTED_EDGE('',*,*,#7132,.T.);
#7135=ORIENTED_EDGE('',*,*,#7134,.F.);
#7137=ORIENTED_EDGE('',*,*,#7136,.T.);
#7138=ORIENTED_EDGE('',*,*,#6911,.F.);
#7140=ORIENTED_EDGE('',*,*,#7139,.F.);
#7142=ORIENTED_EDGE('',*,*,#7141,.T.);
#7144=ORIENTED_EDGE('',*,*,#7143,.F.);
#7146=ORIENTED_EDGE('',*,*,#7145,.F.);
#7148=ORIENTED_EDGE('',*,*,#7147,.F.);
#7150=ORIENTED_EDGE('',*,*,#7149,.T.);
#7151=EDGE_LOOP('',(#7127,#7129,#7131,#7133,#7135,#7137,#7138,#7140,#7142,#7144,
#7146,#7148,#7150));
#7152=FACE_OUTER_BOUND('',#7151,.F.);
#7154=CARTESIAN_POINT('',(-7.955E0,-5.7E-1,-2.34E1));
#7155=DIRECTION('',(0.E0,-1.E0,0.E0));
#7156=DIRECTION('',(1.E0,0.E0,0.E0));
#7157=AXIS2_PLACEMENT_3D('',#7154,#7155,#7156);
#7158=CYLINDRICAL_SURFACE('',#7157,6.E-1);
#7159=ORIENTED_EDGE('',*,*,#7099,.F.);
#7160=ORIENTED_EDGE('',*,*,#7087,.T.);
#7162=ORIENTED_EDGE('',*,*,#7161,.T.);
#7164=ORIENTED_EDGE('',*,*,#7163,.F.);
#7165=EDGE_LOOP('',(#7159,#7160,#7162,#7164));
#7166=FACE_OUTER_BOUND('',#7165,.F.);
#7168=CARTESIAN_POINT('',(0.E0,-1.97E0,0.E0));
#7169=DIRECTION('',(0.E0,-1.E0,0.E0));
#7170=DIRECTION('',(1.E0,0.E0,0.E0));
#7171=AXIS2_PLACEMENT_3D('',#7168,#7169,#7170);
#7172=PLANE('',#7171);
#7174=ORIENTED_EDGE('',*,*,#7173,.F.);
#7176=ORIENTED_EDGE('',*,*,#7175,.T.);
#7178=ORIENTED_EDGE('',*,*,#7177,.T.);
#7180=ORIENTED_EDGE('',*,*,#7179,.T.);
#7182=ORIENTED_EDGE('',*,*,#7181,.F.);
#7184=ORIENTED_EDGE('',*,*,#7183,.F.);
#7185=ORIENTED_EDGE('',*,*,#5395,.T.);
#7187=ORIENTED_EDGE('',*,*,#7186,.F.);
#7189=ORIENTED_EDGE('',*,*,#7188,.F.);
#7191=ORIENTED_EDGE('',*,*,#7190,.F.);
#7193=ORIENTED_EDGE('',*,*,#7192,.F.);
#7195=ORIENTED_EDGE('',*,*,#7194,.F.);
#7197=ORIENTED_EDGE('',*,*,#7196,.F.);
#7199=ORIENTED_EDGE('',*,*,#7198,.F.);
#7201=ORIENTED_EDGE('',*,*,#7200,.F.);
#7203=ORIENTED_EDGE('',*,*,#7202,.F.);
#7204=EDGE_LOOP('',(#7174,#7176,#7178,#7180,#7182,#7184,#7185,#7187,#7189,#7191,
#7193,#7195,#7197,#7199,#7201,#7203));
#7205=FACE_OUTER_BOUND('',#7204,.F.);
#7207=CARTESIAN_POINT('',(0.E0,-1.97E0,0.E0));
#7208=DIRECTION('',(0.E0,-1.E0,0.E0));
#7209=DIRECTION('',(1.E0,0.E0,0.E0));
#7210=AXIS2_PLACEMENT_3D('',#7207,#7208,#7209);
#7211=PLANE('',#7210);
#7213=ORIENTED_EDGE('',*,*,#7212,.F.);
#7215=ORIENTED_EDGE('',*,*,#7214,.T.);
#7217=ORIENTED_EDGE('',*,*,#7216,.T.);
#7219=ORIENTED_EDGE('',*,*,#7218,.T.);
#7221=ORIENTED_EDGE('',*,*,#7220,.F.);
#7223=ORIENTED_EDGE('',*,*,#7222,.F.);
#7224=ORIENTED_EDGE('',*,*,#5366,.T.);
#7225=ORIENTED_EDGE('',*,*,#6857,.F.);
#7227=ORIENTED_EDGE('',*,*,#7226,.F.);
#7229=ORIENTED_EDGE('',*,*,#7228,.F.);
#7230=ORIENTED_EDGE('',*,*,#7161,.F.);
#7231=ORIENTED_EDGE('',*,*,#7085,.F.);
#7232=ORIENTED_EDGE('',*,*,#7071,.F.);
#7233=ORIENTED_EDGE('',*,*,#7057,.F.);
#7235=ORIENTED_EDGE('',*,*,#7234,.F.);
#7237=ORIENTED_EDGE('',*,*,#7236,.F.);
#7238=EDGE_LOOP('',(#7213,#7215,#7217,#7219,#7221,#7223,#7224,#7225,#7227,#7229,
#7230,#7231,#7232,#7233,#7235,#7237));
#7239=FACE_OUTER_BOUND('',#7238,.F.);
#7241=CARTESIAN_POINT('',(8.505E0,-1.97E0,-2.49E1));
#7242=DIRECTION('',(0.E0,-1.E0,0.E0));
#7243=DIRECTION('',(1.E0,0.E0,0.E0));
#7244=AXIS2_PLACEMENT_3D('',#7241,#7242,#7243);
#7245=CYLINDRICAL_SURFACE('',#7244,4.E-1);
#7247=ORIENTED_EDGE('',*,*,#7246,.F.);
#7248=ORIENTED_EDGE('',*,*,#7019,.T.);
#7249=ORIENTED_EDGE('',*,*,#7149,.F.);
#7251=ORIENTED_EDGE('',*,*,#7250,.F.);
#7252=ORIENTED_EDGE('',*,*,#7173,.T.);
#7253=EDGE_LOOP('',(#7247,#7248,#7249,#7251,#7252));
#7254=FACE_OUTER_BOUND('',#7253,.F.);
#7256=CARTESIAN_POINT('',(8.105E0,-5.7E-1,-2.49E1));
#7257=DIRECTION('',(-1.E0,0.E0,0.E0));
#7258=DIRECTION('',(0.E0,0.E0,-1.E0));
#7259=AXIS2_PLACEMENT_3D('',#7256,#7257,#7258);
#7260=PLANE('',#7259);
#7262=ORIENTED_EDGE('',*,*,#7261,.F.);
#7263=ORIENTED_EDGE('',*,*,#7246,.T.);
#7264=ORIENTED_EDGE('',*,*,#7202,.T.);
#7266=ORIENTED_EDGE('',*,*,#7265,.F.);
#7268=ORIENTED_EDGE('',*,*,#7267,.F.);
#7269=EDGE_LOOP('',(#7262,#7263,#7264,#7266,#7268));
#7270=FACE_OUTER_BOUND('',#7269,.F.);
#7272=CARTESIAN_POINT('',(8.005E0,-5.7E-1,-2.49E1));
#7273=DIRECTION('',(0.E0,-1.E0,0.E0));
#7274=DIRECTION('',(1.E0,0.E0,0.E0));
#7275=AXIS2_PLACEMENT_3D('',#7272,#7273,#7274);
#7276=CYLINDRICAL_SURFACE('',#7275,1.E-1);
#7278=ORIENTED_EDGE('',*,*,#7277,.F.);
#7279=ORIENTED_EDGE('',*,*,#7021,.T.);
#7280=ORIENTED_EDGE('',*,*,#7261,.T.);
#7282=ORIENTED_EDGE('',*,*,#7281,.F.);
#7283=EDGE_LOOP('',(#7278,#7279,#7280,#7282));
#7284=FACE_OUTER_BOUND('',#7283,.F.);
#7286=CARTESIAN_POINT('',(7.433875638508E0,-5.7E-1,-2.369737081205E1));
#7287=DIRECTION('',(-8.685406024874E-1,0.E0,-4.956180200829E-1));
#7288=DIRECTION('',(4.956180200829E-1,0.E0,-8.685406024874E-1));
#7289=AXIS2_PLACEMENT_3D('',#7286,#7287,#7288);
#7290=PLANE('',#7289);
#7291=ORIENTED_EDGE('',*,*,#6957,.F.);
#7292=ORIENTED_EDGE('',*,*,#7023,.T.);
#7293=ORIENTED_EDGE('',*,*,#7277,.T.);
#7295=ORIENTED_EDGE('',*,*,#7294,.F.);
#7297=ORIENTED_EDGE('',*,*,#7296,.T.);
#7298=EDGE_LOOP('',(#7291,#7292,#7293,#7295,#7297));
#7299=FACE_OUTER_BOUND('',#7298,.F.);
#7301=CARTESIAN_POINT('',(0.E0,-5.7E-1,0.E0));
#7302=DIRECTION('',(0.E0,-1.E0,0.E0));
#7303=DIRECTION('',(1.E0,0.E0,0.E0));
#7304=AXIS2_PLACEMENT_3D('',#7301,#7302,#7303);
#7305=PLANE('',#7304);
#7306=ORIENTED_EDGE('',*,*,#7040,.F.);
#7308=ORIENTED_EDGE('',*,*,#7307,.T.);
#7310=ORIENTED_EDGE('',*,*,#7309,.T.);
#7312=ORIENTED_EDGE('',*,*,#7311,.T.);
#7314=ORIENTED_EDGE('',*,*,#7313,.F.);
#7315=ORIENTED_EDGE('',*,*,#6873,.T.);
#7316=ORIENTED_EDGE('',*,*,#5372,.F.);
#7318=ORIENTED_EDGE('',*,*,#7317,.T.);
#7320=ORIENTED_EDGE('',*,*,#7319,.T.);
#7322=ORIENTED_EDGE('',*,*,#7321,.T.);
#7324=ORIENTED_EDGE('',*,*,#7323,.T.);
#7326=ORIENTED_EDGE('',*,*,#7325,.T.);
#7328=ORIENTED_EDGE('',*,*,#7327,.T.);
#7330=ORIENTED_EDGE('',*,*,#7329,.T.);
#7332=ORIENTED_EDGE('',*,*,#7331,.T.);
#7333=ORIENTED_EDGE('',*,*,#7053,.T.);
#7334=EDGE_LOOP('',(#7306,#7308,#7310,#7312,#7314,#7315,#7316,#7318,#7320,#7322,
#7324,#7326,#7328,#7330,#7332,#7333));
#7335=FACE_OUTER_BOUND('',#7334,.F.);
#7337=CARTESIAN_POINT('',(0.E0,-5.7E-1,0.E0));
#7338=DIRECTION('',(0.E0,-1.E0,0.E0));
#7339=DIRECTION('',(1.E0,0.E0,0.E0));
#7340=AXIS2_PLACEMENT_3D('',#7337,#7338,#7339);
#7341=PLANE('',#7340);
#7343=ORIENTED_EDGE('',*,*,#7342,.F.);
#7345=ORIENTED_EDGE('',*,*,#7344,.T.);
#7347=ORIENTED_EDGE('',*,*,#7346,.T.);
#7349=ORIENTED_EDGE('',*,*,#7348,.T.);
#7351=ORIENTED_EDGE('',*,*,#7350,.F.);
#7353=ORIENTED_EDGE('',*,*,#7352,.T.);
#7354=ORIENTED_EDGE('',*,*,#5401,.F.);
#7356=ORIENTED_EDGE('',*,*,#7355,.T.);
#7358=ORIENTED_EDGE('',*,*,#7357,.T.);
#7360=ORIENTED_EDGE('',*,*,#7359,.T.);
#7362=ORIENTED_EDGE('',*,*,#7361,.T.);
#7363=ORIENTED_EDGE('',*,*,#7294,.T.);
#7364=ORIENTED_EDGE('',*,*,#7281,.T.);
#7365=ORIENTED_EDGE('',*,*,#7267,.T.);
#7367=ORIENTED_EDGE('',*,*,#7366,.T.);
#7369=ORIENTED_EDGE('',*,*,#7368,.T.);
#7370=EDGE_LOOP('',(#7343,#7345,#7347,#7349,#7351,#7353,#7354,#7356,#7358,#7360,
#7362,#7363,#7364,#7365,#7367,#7369));
#7371=FACE_OUTER_BOUND('',#7370,.F.);
#7373=CARTESIAN_POINT('',(-8.157583759005E0,-5.7E-1,-2.470175279197E1));
#7374=DIRECTION('',(-8.685406024874E-1,0.E0,-4.956180200829E-1));
#7375=DIRECTION('',(-4.956180200829E-1,0.E0,8.685406024874E-1));
#7376=AXIS2_PLACEMENT_3D('',#7373,#7374,#7375);
#7377=PLANE('',#7376);
#7378=ORIENTED_EDGE('',*,*,#7307,.F.);
#7379=ORIENTED_EDGE('',*,*,#7038,.T.);
#7380=ORIENTED_EDGE('',*,*,#6943,.T.);
#7382=ORIENTED_EDGE('',*,*,#7381,.F.);
#7383=EDGE_LOOP('',(#7378,#7379,#7380,#7382));
#7384=FACE_OUTER_BOUND('',#7383,.F.);
#7386=CARTESIAN_POINT('',(-8.555E0,-5.7E-1,-2.34E1));
#7387=DIRECTION('',(0.E0,1.E0,0.E0));
#7388=DIRECTION('',(-1.E0,0.E0,0.E0));
#7389=AXIS2_PLACEMENT_3D('',#7386,#7387,#7388);
#7390=CYLINDRICAL_SURFACE('',#7389,3.E-1);
#7391=ORIENTED_EDGE('',*,*,#7309,.F.);
#7392=ORIENTED_EDGE('',*,*,#7381,.T.);
#7393=ORIENTED_EDGE('',*,*,#6941,.T.);
#7395=ORIENTED_EDGE('',*,*,#7394,.F.);
#7396=EDGE_LOOP('',(#7391,#7392,#7393,#7395));
#7397=FACE_OUTER_BOUND('',#7396,.F.);
#7399=CARTESIAN_POINT('',(-8.840306809172E0,-5.7E-1,-2.330726368219E1));
#7400=DIRECTION('',(-9.510226972395E-1,0.E0,3.091210593527E-1));
#7401=DIRECTION('',(3.091210593527E-1,0.E0,9.510226972395E-1));
#7402=AXIS2_PLACEMENT_3D('',#7399,#7400,#7401);
#7403=PLANE('',#7402);
#7404=ORIENTED_EDGE('',*,*,#7311,.F.);
#7405=ORIENTED_EDGE('',*,*,#7394,.T.);
#7406=ORIENTED_EDGE('',*,*,#6939,.T.);
#7408=ORIENTED_EDGE('',*,*,#7407,.F.);
#7409=EDGE_LOOP('',(#7404,#7405,#7406,#7408));
#7410=FACE_OUTER_BOUND('',#7409,.F.);
#7412=CARTESIAN_POINT('',(-8.705E0,-5.7E-1,-2.095E1));
#7413=DIRECTION('',(0.E0,1.E0,0.E0));
#7414=DIRECTION('',(-1.E0,0.E0,0.E0));
#7415=AXIS2_PLACEMENT_3D('',#7412,#7413,#7414);
#7416=CYLINDRICAL_SURFACE('',#7415,6.E-1);
#7417=ORIENTED_EDGE('',*,*,#7313,.T.);
#7418=ORIENTED_EDGE('',*,*,#7407,.T.);
#7419=ORIENTED_EDGE('',*,*,#6937,.F.);
#7420=ORIENTED_EDGE('',*,*,#6875,.F.);
#7421=EDGE_LOOP('',(#7417,#7418,#7419,#7420));
#7422=FACE_OUTER_BOUND('',#7421,.F.);
#7424=CARTESIAN_POINT('',(-8.405E0,-5.7E-1,-1.76E1));
#7425=DIRECTION('',(-1.E0,0.E0,0.E0));
#7426=DIRECTION('',(0.E0,0.E0,-1.E0));
#7427=AXIS2_PLACEMENT_3D('',#7424,#7425,#7426);
#7428=PLANE('',#7427);
#7429=ORIENTED_EDGE('',*,*,#6888,.F.);
#7430=ORIENTED_EDGE('',*,*,#6933,.F.);
#7432=ORIENTED_EDGE('',*,*,#7431,.F.);
#7433=ORIENTED_EDGE('',*,*,#7317,.F.);
#7434=ORIENTED_EDGE('',*,*,#5370,.T.);
#7435=EDGE_LOOP('',(#7429,#7430,#7432,#7433,#7434));
#7436=FACE_OUTER_BOUND('',#7435,.F.);
#7438=CARTESIAN_POINT('',(-8.405E0,-5.7E-1,-1.76E1));
#7439=DIRECTION('',(-1.E0,0.E0,0.E0));
#7440=DIRECTION('',(0.E0,0.E0,-1.E0));
#7441=AXIS2_PLACEMENT_3D('',#7438,#7439,#7440);
#7442=PLANE('',#7441);
#7443=ORIENTED_EDGE('',*,*,#7107,.T.);
#7444=ORIENTED_EDGE('',*,*,#6890,.F.);
#7445=ORIENTED_EDGE('',*,*,#5368,.T.);
#7446=ORIENTED_EDGE('',*,*,#7222,.T.);
#7448=ORIENTED_EDGE('',*,*,#7447,.F.);
#7449=EDGE_LOOP('',(#7443,#7444,#7445,#7446,#7448));
#7450=FACE_OUTER_BOUND('',#7449,.F.);
#7452=CARTESIAN_POINT('',(-8.705E0,-5.7E-1,-2.095E1));
#7453=DIRECTION('',(0.E0,-1.E0,0.E0));
#7454=DIRECTION('',(1.E0,0.E0,0.E0));
#7455=AXIS2_PLACEMENT_3D('',#7452,#7453,#7454);
#7456=CYLINDRICAL_SURFACE('',#7455,3.E-1);
#7457=ORIENTED_EDGE('',*,*,#6931,.F.);
#7459=ORIENTED_EDGE('',*,*,#7458,.F.);
#7460=ORIENTED_EDGE('',*,*,#7319,.F.);
#7461=ORIENTED_EDGE('',*,*,#7431,.T.);
#7462=EDGE_LOOP('',(#7457,#7459,#7460,#7461));
#7463=FACE_OUTER_BOUND('',#7462,.F.);
#7465=CARTESIAN_POINT('',(-8.419693190828E0,-5.7E-1,-2.104273631781E1));
#7466=DIRECTION('',(-9.510226972395E-1,0.E0,3.091210593527E-1));
#7467=DIRECTION('',(-3.091210593527E-1,0.E0,-9.510226972395E-1));
#7468=AXIS2_PLACEMENT_3D('',#7465,#7466,#7467);
#7469=PLANE('',#7468);
#7470=ORIENTED_EDGE('',*,*,#6929,.T.);
#7472=ORIENTED_EDGE('',*,*,#7471,.F.);
#7473=ORIENTED_EDGE('',*,*,#7321,.F.);
#7474=ORIENTED_EDGE('',*,*,#7458,.T.);
#7475=EDGE_LOOP('',(#7470,#7472,#7473,#7474));
#7476=FACE_OUTER_BOUND('',#7475,.F.);
#7478=CARTESIAN_POINT('',(-8.555E0,-5.7E-1,-2.34E1));
#7479=DIRECTION('',(0.E0,-1.E0,0.E0));
#7480=DIRECTION('',(1.E0,0.E0,0.E0));
#7481=AXIS2_PLACEMENT_3D('',#7478,#7479,#7480);
#7482=CYLINDRICAL_SURFACE('',#7481,6.E-1);
#7483=ORIENTED_EDGE('',*,*,#6927,.T.);
#7485=ORIENTED_EDGE('',*,*,#7484,.F.);
#7486=ORIENTED_EDGE('',*,*,#7323,.F.);
#7487=ORIENTED_EDGE('',*,*,#7471,.T.);
#7488=EDGE_LOOP('',(#7483,#7485,#7486,#7487));
#7489=FACE_OUTER_BOUND('',#7488,.F.);
#7491=CARTESIAN_POINT('',(-9.076124361492E0,-5.7E-1,-2.369737081205E1));
#7492=DIRECTION('',(-8.685406024874E-1,0.E0,-4.956180200829E-1));
#7493=DIRECTION('',(4.956180200829E-1,0.E0,-8.685406024874E-1));
#7494=AXIS2_PLACEMENT_3D('',#7491,#7492,#7493);
#7495=PLANE('',#7494);
#7496=ORIENTED_EDGE('',*,*,#6925,.F.);
#7497=ORIENTED_EDGE('',*,*,#7000,.T.);
#7499=ORIENTED_EDGE('',*,*,#7498,.F.);
#7500=ORIENTED_EDGE('',*,*,#7325,.F.);
#7501=ORIENTED_EDGE('',*,*,#7484,.T.);
#7502=EDGE_LOOP('',(#7496,#7497,#7499,#7500,#7501));
#7503=FACE_OUTER_BOUND('',#7502,.F.);
#7505=CARTESIAN_POINT('',(-8.505E0,-5.7E-1,-2.49E1));
#7506=DIRECTION('',(0.E0,-1.E0,0.E0));
#7507=DIRECTION('',(1.E0,0.E0,0.E0));
#7508=AXIS2_PLACEMENT_3D('',#7505,#7506,#7507);
#7509=CYLINDRICAL_SURFACE('',#7508,1.E-1);
#7510=ORIENTED_EDGE('',*,*,#7498,.T.);
#7511=ORIENTED_EDGE('',*,*,#6998,.T.);
#7513=ORIENTED_EDGE('',*,*,#7512,.T.);
#7514=ORIENTED_EDGE('',*,*,#7327,.F.);
#7515=EDGE_LOOP('',(#7510,#7511,#7513,#7514));
#7516=FACE_OUTER_BOUND('',#7515,.F.);
#7518=CARTESIAN_POINT('',(-8.405E0,-5.7E-1,-2.49E1));
#7519=DIRECTION('',(-1.E0,0.E0,0.E0));
#7520=DIRECTION('',(0.E0,0.E0,-1.E0));
#7521=AXIS2_PLACEMENT_3D('',#7518,#7519,#7520);
#7522=PLANE('',#7521);
#7523=ORIENTED_EDGE('',*,*,#7512,.F.);
#7525=ORIENTED_EDGE('',*,*,#7524,.T.);
#7526=ORIENTED_EDGE('',*,*,#7236,.T.);
#7528=ORIENTED_EDGE('',*,*,#7527,.F.);
#7529=ORIENTED_EDGE('',*,*,#7329,.F.);
#7530=EDGE_LOOP('',(#7523,#7525,#7526,#7528,#7529));
#7531=FACE_OUTER_BOUND('',#7530,.F.);
#7533=CARTESIAN_POINT('',(-8.005E0,-1.97E0,-2.49E1));
#7534=DIRECTION('',(0.E0,-1.E0,0.E0));
#7535=DIRECTION('',(1.E0,0.E0,0.E0));
#7536=AXIS2_PLACEMENT_3D('',#7533,#7534,#7535);
#7537=CYLINDRICAL_SURFACE('',#7536,4.E-1);
#7538=ORIENTED_EDGE('',*,*,#7524,.F.);
#7539=ORIENTED_EDGE('',*,*,#6996,.T.);
#7540=ORIENTED_EDGE('',*,*,#7117,.F.);
#7542=ORIENTED_EDGE('',*,*,#7541,.F.);
#7543=ORIENTED_EDGE('',*,*,#7212,.T.);
#7544=EDGE_LOOP('',(#7538,#7539,#7540,#7542,#7543));
#7545=FACE_OUTER_BOUND('',#7544,.F.);
#7547=CARTESIAN_POINT('',(-8.352416240995E0,-1.97E0,-2.470175279197E1));
#7548=DIRECTION('',(8.685406024874E-1,0.E0,-4.956180200829E-1));
#7549=DIRECTION('',(4.956180200829E-1,0.E0,8.685406024874E-1));
#7550=AXIS2_PLACEMENT_3D('',#7547,#7548,#7549);
#7551=PLANE('',#7550);
#7552=ORIENTED_EDGE('',*,*,#7214,.F.);
#7553=ORIENTED_EDGE('',*,*,#7541,.T.);
#7554=ORIENTED_EDGE('',*,*,#7115,.T.);
#7556=ORIENTED_EDGE('',*,*,#7555,.F.);
#7557=EDGE_LOOP('',(#7552,#7553,#7554,#7556));
#7558=FACE_OUTER_BOUND('',#7557,.F.);
#7560=CARTESIAN_POINT('',(-7.955E0,-1.97E0,-2.34E1));
#7561=DIRECTION('',(0.E0,-1.E0,0.E0));
#7562=DIRECTION('',(1.E0,0.E0,0.E0));
#7563=AXIS2_PLACEMENT_3D('',#7560,#7561,#7562);
#7564=CYLINDRICAL_SURFACE('',#7563,3.E-1);
#7565=ORIENTED_EDGE('',*,*,#7216,.F.);
#7566=ORIENTED_EDGE('',*,*,#7555,.T.);
#7567=ORIENTED_EDGE('',*,*,#7113,.T.);
#7569=ORIENTED_EDGE('',*,*,#7568,.F.);
#7570=EDGE_LOOP('',(#7565,#7566,#7567,#7569));
#7571=FACE_OUTER_BOUND('',#7570,.F.);
#7573=CARTESIAN_POINT('',(-7.669693190828E0,-1.97E0,-2.330726368219E1));
#7574=DIRECTION('',(9.510226972395E-1,0.E0,3.091210593527E-1));
#7575=DIRECTION('',(-3.091210593527E-1,0.E0,9.510226972395E-1));
#7576=AXIS2_PLACEMENT_3D('',#7573,#7574,#7575);
#7577=PLANE('',#7576);
#7578=ORIENTED_EDGE('',*,*,#7218,.F.);
#7579=ORIENTED_EDGE('',*,*,#7568,.T.);
#7580=ORIENTED_EDGE('',*,*,#7111,.T.);
#7582=ORIENTED_EDGE('',*,*,#7581,.F.);
#7583=EDGE_LOOP('',(#7578,#7579,#7580,#7582));
#7584=FACE_OUTER_BOUND('',#7583,.F.);
#7586=CARTESIAN_POINT('',(-7.805E0,-1.97E0,-2.095E1));
#7587=DIRECTION('',(0.E0,-1.E0,0.E0));
#7588=DIRECTION('',(1.E0,0.E0,0.E0));
#7589=AXIS2_PLACEMENT_3D('',#7586,#7587,#7588);
#7590=CYLINDRICAL_SURFACE('',#7589,6.E-1);
#7591=ORIENTED_EDGE('',*,*,#7220,.T.);
#7592=ORIENTED_EDGE('',*,*,#7581,.T.);
#7593=ORIENTED_EDGE('',*,*,#7109,.F.);
#7594=ORIENTED_EDGE('',*,*,#7447,.T.);
#7595=EDGE_LOOP('',(#7591,#7592,#7593,#7594));
#7596=FACE_OUTER_BOUND('',#7595,.F.);
#7598=CARTESIAN_POINT('',(-8.405E0,-5.7E-1,-2.54E1));
#7599=DIRECTION('',(0.E0,0.E0,-1.E0));
#7600=DIRECTION('',(1.E0,0.E0,0.E0));
#7601=AXIS2_PLACEMENT_3D('',#7598,#7599,#7600);
#7602=PLANE('',#7601);
#7603=ORIENTED_EDGE('',*,*,#7331,.F.);
#7604=ORIENTED_EDGE('',*,*,#7527,.T.);
#7605=ORIENTED_EDGE('',*,*,#7234,.T.);
#7606=ORIENTED_EDGE('',*,*,#7055,.F.);
#7607=EDGE_LOOP('',(#7603,#7604,#7605,#7606));
#7608=FACE_OUTER_BOUND('',#7607,.F.);
#7610=CARTESIAN_POINT('',(8.005E0,-5.7E-1,-2.49E1));
#7611=DIRECTION('',(0.E0,1.E0,0.E0));
#7612=DIRECTION('',(-1.E0,0.E0,0.E0));
#7613=AXIS2_PLACEMENT_3D('',#7610,#7611,#7612);
#7614=CYLINDRICAL_SURFACE('',#7613,4.E-1);
#7616=ORIENTED_EDGE('',*,*,#7615,.T.);
#7617=ORIENTED_EDGE('',*,*,#7011,.T.);
#7618=ORIENTED_EDGE('',*,*,#6978,.F.);
#7620=ORIENTED_EDGE('',*,*,#7619,.F.);
#7621=ORIENTED_EDGE('',*,*,#7342,.T.);
#7622=EDGE_LOOP('',(#7616,#7617,#7618,#7620,#7621));
#7623=FACE_OUTER_BOUND('',#7622,.F.);
#7625=CARTESIAN_POINT('',(8.405E0,-5.7E-1,-2.54E1));
#7626=DIRECTION('',(1.E0,0.E0,0.E0));
#7627=DIRECTION('',(0.E0,0.E0,1.E0));
#7628=AXIS2_PLACEMENT_3D('',#7625,#7626,#7627);
#7629=PLANE('',#7628);
#7631=ORIENTED_EDGE('',*,*,#7630,.F.);
#7632=ORIENTED_EDGE('',*,*,#7615,.F.);
#7633=ORIENTED_EDGE('',*,*,#7368,.F.);
#7635=ORIENTED_EDGE('',*,*,#7634,.T.);
#7636=ORIENTED_EDGE('',*,*,#7198,.T.);
#7637=EDGE_LOOP('',(#7631,#7632,#7633,#7635,#7636));
#7638=FACE_OUTER_BOUND('',#7637,.F.);
#7640=CARTESIAN_POINT('',(8.505E0,-5.7E-1,-2.49E1));
#7641=DIRECTION('',(0.E0,-1.E0,0.E0));
#7642=DIRECTION('',(1.E0,0.E0,0.E0));
#7643=AXIS2_PLACEMENT_3D('',#7640,#7641,#7642);
#7644=CYLINDRICAL_SURFACE('',#7643,1.E-1);
#7646=ORIENTED_EDGE('',*,*,#7645,.T.);
#7647=ORIENTED_EDGE('',*,*,#7013,.T.);
#7648=ORIENTED_EDGE('',*,*,#7630,.T.);
#7649=ORIENTED_EDGE('',*,*,#7196,.T.);
#7650=EDGE_LOOP('',(#7646,#7647,#7648,#7649));
#7651=FACE_OUTER_BOUND('',#7650,.F.);
#7653=CARTESIAN_POINT('',(8.418145939751E0,-5.7E-1,-2.485043819799E1));
#7654=DIRECTION('',(8.685406024874E-1,0.E0,-4.956180200829E-1));
#7655=DIRECTION('',(4.956180200829E-1,0.E0,8.685406024874E-1));
#7656=AXIS2_PLACEMENT_3D('',#7653,#7654,#7655);
#7657=PLANE('',#7656);
#7658=ORIENTED_EDGE('',*,*,#7128,.F.);
#7659=ORIENTED_EDGE('',*,*,#7015,.T.);
#7660=ORIENTED_EDGE('',*,*,#7645,.F.);
#7661=ORIENTED_EDGE('',*,*,#7194,.T.);
#7663=ORIENTED_EDGE('',*,*,#7662,.F.);
#7664=EDGE_LOOP('',(#7658,#7659,#7660,#7661,#7663));
#7665=FACE_OUTER_BOUND('',#7664,.F.);
#7667=CARTESIAN_POINT('',(8.555E0,-5.7E-1,-2.34E1));
#7668=DIRECTION('',(0.E0,-1.E0,0.E0));
#7669=DIRECTION('',(1.E0,0.E0,0.E0));
#7670=AXIS2_PLACEMENT_3D('',#7667,#7668,#7669);
#7671=CYLINDRICAL_SURFACE('',#7670,6.E-1);
#7672=ORIENTED_EDGE('',*,*,#7130,.F.);
#7673=ORIENTED_EDGE('',*,*,#7662,.T.);
#7674=ORIENTED_EDGE('',*,*,#7192,.T.);
#7676=ORIENTED_EDGE('',*,*,#7675,.F.);
#7677=EDGE_LOOP('',(#7672,#7673,#7674,#7676));
#7678=FACE_OUTER_BOUND('',#7677,.F.);
#7680=CARTESIAN_POINT('',(9.125613618344E0,-5.7E-1,-2.321452736439E1));
#7681=DIRECTION('',(9.510226972395E-1,0.E0,3.091210593527E-1));
#7682=DIRECTION('',(-3.091210593527E-1,0.E0,9.510226972395E-1));
#7683=AXIS2_PLACEMENT_3D('',#7680,#7681,#7682);
#7684=PLANE('',#7683);
#7685=ORIENTED_EDGE('',*,*,#7132,.F.);
#7686=ORIENTED_EDGE('',*,*,#7675,.T.);
#7687=ORIENTED_EDGE('',*,*,#7190,.T.);
#7689=ORIENTED_EDGE('',*,*,#7688,.F.);
#7690=EDGE_LOOP('',(#7685,#7686,#7687,#7689));
#7691=FACE_OUTER_BOUND('',#7690,.F.);
#7693=CARTESIAN_POINT('',(8.705E0,-5.7E-1,-2.095E1));
#7694=DIRECTION('',(0.E0,-1.E0,0.E0));
#7695=DIRECTION('',(1.E0,0.E0,0.E0));
#7696=AXIS2_PLACEMENT_3D('',#7693,#7694,#7695);
#7697=CYLINDRICAL_SURFACE('',#7696,3.E-1);
#7698=ORIENTED_EDGE('',*,*,#7134,.T.);
#7699=ORIENTED_EDGE('',*,*,#7688,.T.);
#7700=ORIENTED_EDGE('',*,*,#7188,.T.);
#7702=ORIENTED_EDGE('',*,*,#7701,.F.);
#7703=EDGE_LOOP('',(#7698,#7699,#7700,#7702));
#7704=FACE_OUTER_BOUND('',#7703,.F.);
#7706=CARTESIAN_POINT('',(8.405E0,-5.7E-1,-2.095E1));
#7707=DIRECTION('',(1.E0,0.E0,0.E0));
#7708=DIRECTION('',(0.E0,0.E0,1.E0));
#7709=AXIS2_PLACEMENT_3D('',#7706,#7707,#7708);
#7710=PLANE('',#7709);
#7711=ORIENTED_EDGE('',*,*,#6913,.T.);
#7712=ORIENTED_EDGE('',*,*,#7136,.F.);
#7713=ORIENTED_EDGE('',*,*,#7701,.T.);
#7714=ORIENTED_EDGE('',*,*,#7186,.T.);
#7715=ORIENTED_EDGE('',*,*,#5393,.F.);
#7716=EDGE_LOOP('',(#7711,#7712,#7713,#7714,#7715));
#7717=FACE_OUTER_BOUND('',#7716,.F.);
#7719=CARTESIAN_POINT('',(8.405E0,-5.7E-1,-2.095E1));
#7720=DIRECTION('',(1.E0,0.E0,0.E0));
#7721=DIRECTION('',(0.E0,0.E0,1.E0));
#7722=AXIS2_PLACEMENT_3D('',#7719,#7720,#7721);
#7723=PLANE('',#7722);
#7724=ORIENTED_EDGE('',*,*,#6968,.T.);
#7725=ORIENTED_EDGE('',*,*,#6903,.T.);
#7726=ORIENTED_EDGE('',*,*,#5391,.F.);
#7727=ORIENTED_EDGE('',*,*,#7352,.F.);
#7729=ORIENTED_EDGE('',*,*,#7728,.T.);
#7730=EDGE_LOOP('',(#7724,#7725,#7726,#7727,#7729));
#7731=FACE_OUTER_BOUND('',#7730,.F.);
#7733=CARTESIAN_POINT('',(7.805E0,-5.7E-1,-2.095E1));
#7734=DIRECTION('',(0.E0,1.E0,0.E0));
#7735=DIRECTION('',(-1.E0,0.E0,0.E0));
#7736=AXIS2_PLACEMENT_3D('',#7733,#7734,#7735);
#7737=CYLINDRICAL_SURFACE('',#7736,6.E-1);
#7738=ORIENTED_EDGE('',*,*,#7350,.T.);
#7740=ORIENTED_EDGE('',*,*,#7739,.T.);
#7741=ORIENTED_EDGE('',*,*,#6970,.F.);
#7742=ORIENTED_EDGE('',*,*,#7728,.F.);
#7743=EDGE_LOOP('',(#7738,#7740,#7741,#7742));
#7744=FACE_OUTER_BOUND('',#7743,.F.);
#7746=CARTESIAN_POINT('',(7.669693190828E0,-5.7E-1,-2.330726368219E1));
#7747=DIRECTION('',(-9.510226972395E-1,0.E0,3.091210593527E-1));
#7748=DIRECTION('',(3.091210593527E-1,0.E0,9.510226972395E-1));
#7749=AXIS2_PLACEMENT_3D('',#7746,#7747,#7748);
#7750=PLANE('',#7749);
#7751=ORIENTED_EDGE('',*,*,#7348,.F.);
#7753=ORIENTED_EDGE('',*,*,#7752,.T.);
#7754=ORIENTED_EDGE('',*,*,#6972,.T.);
#7755=ORIENTED_EDGE('',*,*,#7739,.F.);
#7756=EDGE_LOOP('',(#7751,#7753,#7754,#7755));
#7757=FACE_OUTER_BOUND('',#7756,.F.);
#7759=CARTESIAN_POINT('',(7.955E0,-5.7E-1,-2.34E1));
#7760=DIRECTION('',(0.E0,1.E0,0.E0));
#7761=DIRECTION('',(-1.E0,0.E0,0.E0));
#7762=AXIS2_PLACEMENT_3D('',#7759,#7760,#7761);
#7763=CYLINDRICAL_SURFACE('',#7762,3.E-1);
#7764=ORIENTED_EDGE('',*,*,#7346,.F.);
#7766=ORIENTED_EDGE('',*,*,#7765,.T.);
#7767=ORIENTED_EDGE('',*,*,#6974,.T.);
#7768=ORIENTED_EDGE('',*,*,#7752,.F.);
#7769=EDGE_LOOP('',(#7764,#7766,#7767,#7768));
#7770=FACE_OUTER_BOUND('',#7769,.F.);
#7772=CARTESIAN_POINT('',(8.352416240995E0,-5.7E-1,-2.470175279197E1));
#7773=DIRECTION('',(-8.685406024874E-1,0.E0,-4.956180200829E-1));
#7774=DIRECTION('',(-4.956180200829E-1,0.E0,8.685406024874E-1));
#7775=AXIS2_PLACEMENT_3D('',#7772,#7773,#7774);
#7776=PLANE('',#7775);
#7777=ORIENTED_EDGE('',*,*,#7344,.F.);
#7778=ORIENTED_EDGE('',*,*,#7619,.T.);
#7779=ORIENTED_EDGE('',*,*,#6976,.T.);
#7780=ORIENTED_EDGE('',*,*,#7765,.F.);
#7781=EDGE_LOOP('',(#7777,#7778,#7779,#7780));
#7782=FACE_OUTER_BOUND('',#7781,.F.);
#7784=CARTESIAN_POINT('',(8.105E0,-5.7E-1,-2.54E1));
#7785=DIRECTION('',(0.E0,0.E0,-1.E0));
#7786=DIRECTION('',(1.E0,0.E0,0.E0));
#7787=AXIS2_PLACEMENT_3D('',#7784,#7785,#7786);
#7788=PLANE('',#7787);
#7789=ORIENTED_EDGE('',*,*,#7366,.F.);
#7790=ORIENTED_EDGE('',*,*,#7265,.T.);
#7791=ORIENTED_EDGE('',*,*,#7200,.T.);
#7792=ORIENTED_EDGE('',*,*,#7634,.F.);
#7793=EDGE_LOOP('',(#7789,#7790,#7791,#7792));
#7794=FACE_OUTER_BOUND('',#7793,.F.);
#7796=CARTESIAN_POINT('',(8.105E0,-5.7E-1,-1.76E1));
#7797=DIRECTION('',(-1.E0,0.E0,0.E0));
#7798=DIRECTION('',(0.E0,0.E0,-1.E0));
#7799=AXIS2_PLACEMENT_3D('',#7796,#7797,#7798);
#7800=PLANE('',#7799);
#7801=ORIENTED_EDGE('',*,*,#6907,.F.);
#7802=ORIENTED_EDGE('',*,*,#6965,.F.);
#7804=ORIENTED_EDGE('',*,*,#7803,.F.);
#7805=ORIENTED_EDGE('',*,*,#7355,.F.);
#7806=ORIENTED_EDGE('',*,*,#5399,.T.);
#7807=EDGE_LOOP('',(#7801,#7802,#7804,#7805,#7806));
#7808=FACE_OUTER_BOUND('',#7807,.F.);
#7810=CARTESIAN_POINT('',(8.105E0,-5.7E-1,-1.76E1));
#7811=DIRECTION('',(-1.E0,0.E0,0.E0));
#7812=DIRECTION('',(0.E0,0.E0,-1.E0));
#7813=AXIS2_PLACEMENT_3D('',#7810,#7811,#7812);
#7814=PLANE('',#7813);
#7815=ORIENTED_EDGE('',*,*,#7139,.T.);
#7816=ORIENTED_EDGE('',*,*,#6909,.F.);
#7817=ORIENTED_EDGE('',*,*,#5397,.T.);
#7818=ORIENTED_EDGE('',*,*,#7183,.T.);
#7820=ORIENTED_EDGE('',*,*,#7819,.F.);
#7821=EDGE_LOOP('',(#7815,#7816,#7817,#7818,#7820));
#7822=FACE_OUTER_BOUND('',#7821,.F.);
#7824=CARTESIAN_POINT('',(7.805E0,-5.7E-1,-2.095E1));
#7825=DIRECTION('',(0.E0,-1.E0,0.E0));
#7826=DIRECTION('',(1.E0,0.E0,0.E0));
#7827=AXIS2_PLACEMENT_3D('',#7824,#7825,#7826);
#7828=CYLINDRICAL_SURFACE('',#7827,3.E-1);
#7829=ORIENTED_EDGE('',*,*,#6963,.F.);
#7831=ORIENTED_EDGE('',*,*,#7830,.F.);
#7832=ORIENTED_EDGE('',*,*,#7357,.F.);
#7833=ORIENTED_EDGE('',*,*,#7803,.T.);
#7834=EDGE_LOOP('',(#7829,#7831,#7832,#7833));
#7835=FACE_OUTER_BOUND('',#7834,.F.);
#7837=CARTESIAN_POINT('',(8.090306809172E0,-5.7E-1,-2.104273631781E1));
#7838=DIRECTION('',(-9.510226972395E-1,0.E0,3.091210593527E-1));
#7839=DIRECTION('',(-3.091210593527E-1,0.E0,-9.510226972395E-1));
#7840=AXIS2_PLACEMENT_3D('',#7837,#7838,#7839);
#7841=PLANE('',#7840);
#7842=ORIENTED_EDGE('',*,*,#6961,.T.);
#7844=ORIENTED_EDGE('',*,*,#7843,.F.);
#7845=ORIENTED_EDGE('',*,*,#7359,.F.);
#7846=ORIENTED_EDGE('',*,*,#7830,.T.);
#7847=EDGE_LOOP('',(#7842,#7844,#7845,#7846));
#7848=FACE_OUTER_BOUND('',#7847,.F.);
#7850=CARTESIAN_POINT('',(7.955E0,-5.7E-1,-2.34E1));
#7851=DIRECTION('',(0.E0,-1.E0,0.E0));
#7852=DIRECTION('',(1.E0,0.E0,0.E0));
#7853=AXIS2_PLACEMENT_3D('',#7850,#7851,#7852);
#7854=CYLINDRICAL_SURFACE('',#7853,6.E-1);
#7855=ORIENTED_EDGE('',*,*,#6959,.T.);
#7856=ORIENTED_EDGE('',*,*,#7296,.F.);
#7857=ORIENTED_EDGE('',*,*,#7361,.F.);
#7858=ORIENTED_EDGE('',*,*,#7843,.T.);
#7859=EDGE_LOOP('',(#7855,#7856,#7857,#7858));
#7860=FACE_OUTER_BOUND('',#7859,.F.);
#7862=CARTESIAN_POINT('',(8.705E0,-1.97E0,-2.095E1));
#7863=DIRECTION('',(0.E0,-1.E0,0.E0));
#7864=DIRECTION('',(1.E0,0.E0,0.E0));
#7865=AXIS2_PLACEMENT_3D('',#7862,#7863,#7864);
#7866=CYLINDRICAL_SURFACE('',#7865,6.E-1);
#7867=ORIENTED_EDGE('',*,*,#7181,.T.);
#7869=ORIENTED_EDGE('',*,*,#7868,.T.);
#7870=ORIENTED_EDGE('',*,*,#7141,.F.);
#7871=ORIENTED_EDGE('',*,*,#7819,.T.);
#7872=EDGE_LOOP('',(#7867,#7869,#7870,#7871));
#7873=FACE_OUTER_BOUND('',#7872,.F.);
#7875=CARTESIAN_POINT('',(8.840306809172E0,-1.97E0,-2.330726368219E1));
#7876=DIRECTION('',(9.510226972395E-1,0.E0,3.091210593527E-1));
#7877=DIRECTION('',(-3.091210593527E-1,0.E0,9.510226972395E-1));
#7878=AXIS2_PLACEMENT_3D('',#7875,#7876,#7877);
#7879=PLANE('',#7878);
#7880=ORIENTED_EDGE('',*,*,#7179,.F.);
#7882=ORIENTED_EDGE('',*,*,#7881,.T.);
#7883=ORIENTED_EDGE('',*,*,#7143,.T.);
#7884=ORIENTED_EDGE('',*,*,#7868,.F.);
#7885=EDGE_LOOP('',(#7880,#7882,#7883,#7884));
#7886=FACE_OUTER_BOUND('',#7885,.F.);
#7888=CARTESIAN_POINT('',(8.555E0,-1.97E0,-2.34E1));
#7889=DIRECTION('',(0.E0,-1.E0,0.E0));
#7890=DIRECTION('',(1.E0,0.E0,0.E0));
#7891=AXIS2_PLACEMENT_3D('',#7888,#7889,#7890);
#7892=CYLINDRICAL_SURFACE('',#7891,3.E-1);
#7893=ORIENTED_EDGE('',*,*,#7177,.F.);
#7895=ORIENTED_EDGE('',*,*,#7894,.T.);
#7896=ORIENTED_EDGE('',*,*,#7145,.T.);
#7897=ORIENTED_EDGE('',*,*,#7881,.F.);
#7898=EDGE_LOOP('',(#7893,#7895,#7896,#7897));
#7899=FACE_OUTER_BOUND('',#7898,.F.);
#7901=CARTESIAN_POINT('',(8.157583759005E0,-1.97E0,-2.470175279197E1));
#7902=DIRECTION('',(8.685406024874E-1,0.E0,-4.956180200829E-1));
#7903=DIRECTION('',(4.956180200829E-1,0.E0,8.685406024874E-1));
#7904=AXIS2_PLACEMENT_3D('',#7901,#7902,#7903);
#7905=PLANE('',#7904);
#7906=ORIENTED_EDGE('',*,*,#7175,.F.);
#7907=ORIENTED_EDGE('',*,*,#7250,.T.);
#7908=ORIENTED_EDGE('',*,*,#7147,.T.);
#7909=ORIENTED_EDGE('',*,*,#7894,.F.);
#7910=EDGE_LOOP('',(#7906,#7907,#7908,#7909));
#7911=FACE_OUTER_BOUND('',#7910,.F.);
#7913=CARTESIAN_POINT('',(-7.805E0,-5.7E-1,-2.095E1));
#7914=DIRECTION('',(0.E0,-1.E0,0.E0));
#7915=DIRECTION('',(1.E0,0.E0,0.E0));
#7916=AXIS2_PLACEMENT_3D('',#7913,#7914,#7915);
#7917=CYLINDRICAL_SURFACE('',#7916,3.E-1);
#7918=ORIENTED_EDGE('',*,*,#7103,.T.);
#7920=ORIENTED_EDGE('',*,*,#7919,.T.);
#7921=ORIENTED_EDGE('',*,*,#7226,.T.);
#7922=ORIENTED_EDGE('',*,*,#6855,.F.);
#7923=EDGE_LOOP('',(#7918,#7920,#7921,#7922));
#7924=FACE_OUTER_BOUND('',#7923,.F.);
#7926=CARTESIAN_POINT('',(-7.384386381656E0,-5.7E-1,-2.321452736439E1));
#7927=DIRECTION('',(9.510226972395E-1,0.E0,3.091210593527E-1));
#7928=DIRECTION('',(-3.091210593527E-1,0.E0,9.510226972395E-1));
#7929=AXIS2_PLACEMENT_3D('',#7926,#7927,#7928);
#7930=PLANE('',#7929);
#7931=ORIENTED_EDGE('',*,*,#7101,.F.);
#7932=ORIENTED_EDGE('',*,*,#7163,.T.);
#7933=ORIENTED_EDGE('',*,*,#7228,.T.);
#7934=ORIENTED_EDGE('',*,*,#7919,.F.);
#7935=EDGE_LOOP('',(#7931,#7932,#7933,#7934));
#7936=FACE_OUTER_BOUND('',#7935,.F.);
#7938=CARTESIAN_POINT('',(-4.28E0,3.2E-1,-2.016861561237E1));
#7939=DIRECTION('',(1.E0,0.E0,0.E0));
#7940=DIRECTION('',(0.E0,0.E0,1.E0));
#7941=AXIS2_PLACEMENT_3D('',#7938,#7939,#7940);
#7942=PLANE('',#7941);
#7943=ORIENTED_EDGE('',*,*,#4981,.F.);
#7944=ORIENTED_EDGE('',*,*,#4885,.F.);
#7946=ORIENTED_EDGE('',*,*,#7945,.T.);
#7948=ORIENTED_EDGE('',*,*,#7947,.T.);
#7949=EDGE_LOOP('',(#7943,#7944,#7946,#7948));
#7950=FACE_OUTER_BOUND('',#7949,.F.);
#7952=CARTESIAN_POINT('',(-4.76E0,3.2E-1,-2.1E1));
#7953=DIRECTION('',(8.660254037844E-1,0.E0,-5.E-1));
#7954=DIRECTION('',(5.E-1,0.E0,8.660254037844E-1));
#7955=AXIS2_PLACEMENT_3D('',#7952,#7953,#7954);
#7956=PLANE('',#7955);
#7957=ORIENTED_EDGE('',*,*,#4883,.F.);
#7959=ORIENTED_EDGE('',*,*,#7958,.T.);
#7961=ORIENTED_EDGE('',*,*,#7960,.T.);
#7962=ORIENTED_EDGE('',*,*,#7945,.F.);
#7963=EDGE_LOOP('',(#7957,#7959,#7961,#7962));
#7964=FACE_OUTER_BOUND('',#7963,.F.);
#7966=CARTESIAN_POINT('',(-4.76E0,3.2E-1,-2.52E1));
#7967=DIRECTION('',(1.E0,0.E0,0.E0));
#7968=DIRECTION('',(0.E0,0.E0,1.E0));
#7969=AXIS2_PLACEMENT_3D('',#7966,#7967,#7968);
#7970=PLANE('',#7969);
#7971=ORIENTED_EDGE('',*,*,#4881,.F.);
#7973=ORIENTED_EDGE('',*,*,#7972,.T.);
#7975=ORIENTED_EDGE('',*,*,#7974,.T.);
#7976=ORIENTED_EDGE('',*,*,#7958,.F.);
#7977=EDGE_LOOP('',(#7971,#7973,#7975,#7976));
#7978=FACE_OUTER_BOUND('',#7977,.F.);
#7980=CARTESIAN_POINT('',(-5.4E0,3.2E-1,-2.52E1));
#7981=DIRECTION('',(0.E0,0.E0,-1.E0));
#7982=DIRECTION('',(1.E0,0.E0,0.E0));
#7983=AXIS2_PLACEMENT_3D('',#7980,#7981,#7982);
#7984=PLANE('',#7983);
#7985=ORIENTED_EDGE('',*,*,#4879,.F.);
#7987=ORIENTED_EDGE('',*,*,#7986,.T.);
#7989=ORIENTED_EDGE('',*,*,#7988,.T.);
#7990=ORIENTED_EDGE('',*,*,#7972,.F.);
#7991=EDGE_LOOP('',(#7985,#7987,#7989,#7990));
#7992=FACE_OUTER_BOUND('',#7991,.F.);
#7994=CARTESIAN_POINT('',(-5.4E0,3.2E-1,-2.1E1));
#7995=DIRECTION('',(-1.E0,0.E0,0.E0));
#7996=DIRECTION('',(0.E0,0.E0,-1.E0));
#7997=AXIS2_PLACEMENT_3D('',#7994,#7995,#7996);
#7998=PLANE('',#7997);
#7999=ORIENTED_EDGE('',*,*,#4877,.F.);
#8001=ORIENTED_EDGE('',*,*,#8000,.T.);
#8003=ORIENTED_EDGE('',*,*,#8002,.T.);
#8004=ORIENTED_EDGE('',*,*,#7986,.F.);
#8005=EDGE_LOOP('',(#7999,#8001,#8003,#8004));
#8006=FACE_OUTER_BOUND('',#8005,.F.);
#8008=CARTESIAN_POINT('',(-5.88E0,3.2E-1,-2.016861561237E1));
#8009=DIRECTION('',(-8.660254037844E-1,0.E0,-5.E-1));
#8010=DIRECTION('',(5.E-1,0.E0,-8.660254037844E-1));
#8011=AXIS2_PLACEMENT_3D('',#8008,#8009,#8010);
#8012=PLANE('',#8011);
#8013=ORIENTED_EDGE('',*,*,#4875,.F.);
#8015=ORIENTED_EDGE('',*,*,#8014,.T.);
#8017=ORIENTED_EDGE('',*,*,#8016,.T.);
#8018=ORIENTED_EDGE('',*,*,#8000,.F.);
#8019=EDGE_LOOP('',(#8013,#8015,#8017,#8018));
#8020=FACE_OUTER_BOUND('',#8019,.F.);
#8022=CARTESIAN_POINT('',(-5.88E0,3.2E-1,-1.97E1));
#8023=DIRECTION('',(-1.E0,0.E0,0.E0));
#8024=DIRECTION('',(0.E0,0.E0,-1.E0));
#8025=AXIS2_PLACEMENT_3D('',#8022,#8023,#8024);
#8026=PLANE('',#8025);
#8027=ORIENTED_EDGE('',*,*,#4985,.T.);
#8029=ORIENTED_EDGE('',*,*,#8028,.T.);
#8030=ORIENTED_EDGE('',*,*,#8014,.F.);
#8031=ORIENTED_EDGE('',*,*,#4873,.F.);
#8032=EDGE_LOOP('',(#8027,#8029,#8030,#8031));
#8033=FACE_OUTER_BOUND('',#8032,.F.);
#8035=CARTESIAN_POINT('',(-1.016E1,-3.2E-1,0.E0));
#8036=DIRECTION('',(0.E0,-1.E0,0.E0));
#8037=DIRECTION('',(1.E0,0.E0,0.E0));
#8038=AXIS2_PLACEMENT_3D('',#8035,#8036,#8037);
#8039=PLANE('',#8038);
#8040=ORIENTED_EDGE('',*,*,#4983,.T.);
#8041=ORIENTED_EDGE('',*,*,#7947,.F.);
#8042=ORIENTED_EDGE('',*,*,#7960,.F.);
#8043=ORIENTED_EDGE('',*,*,#7974,.F.);
#8044=ORIENTED_EDGE('',*,*,#7988,.F.);
#8045=ORIENTED_EDGE('',*,*,#8002,.F.);
#8046=ORIENTED_EDGE('',*,*,#8016,.F.);
#8047=ORIENTED_EDGE('',*,*,#8028,.F.);
#8048=EDGE_LOOP('',(#8040,#8041,#8042,#8043,#8044,#8045,#8046,#8047));
#8049=FACE_OUTER_BOUND('',#8048,.F.);
#8051=CARTESIAN_POINT('',(-1.016E1,-3.2E-1,0.E0));
#8052=DIRECTION('',(0.E0,-1.E0,0.E0));
#8053=DIRECTION('',(1.E0,0.E0,0.E0));
#8054=AXIS2_PLACEMENT_3D('',#8051,#8052,#8053);
#8055=PLANE('',#8054);
#8056=ORIENTED_EDGE('',*,*,#4859,.F.);
#8058=ORIENTED_EDGE('',*,*,#8057,.F.);
#8060=ORIENTED_EDGE('',*,*,#8059,.F.);
#8062=ORIENTED_EDGE('',*,*,#8061,.F.);
#8063=EDGE_LOOP('',(#8056,#8058,#8060,#8062));
#8064=FACE_OUTER_BOUND('',#8063,.F.);
#8066=CARTESIAN_POINT('',(-6.03E0,3.2E-1,-5.5E0));
#8067=DIRECTION('',(-1.E0,0.E0,0.E0));
#8068=DIRECTION('',(0.E0,0.E0,-1.E0));
#8069=AXIS2_PLACEMENT_3D('',#8066,#8067,#8068);
#8070=PLANE('',#8069);
#8071=ORIENTED_EDGE('',*,*,#4857,.F.);
#8072=ORIENTED_EDGE('',*,*,#4900,.F.);
#8074=ORIENTED_EDGE('',*,*,#8073,.T.);
#8075=ORIENTED_EDGE('',*,*,#8057,.T.);
#8076=EDGE_LOOP('',(#8071,#8072,#8074,#8075));
#8077=FACE_OUTER_BOUND('',#8076,.F.);
#8079=CARTESIAN_POINT('',(-4.13E0,3.2E-1,-5.5E0));
#8080=DIRECTION('',(0.E0,0.E0,1.E0));
#8081=DIRECTION('',(-1.E0,0.E0,0.E0));
#8082=AXIS2_PLACEMENT_3D('',#8079,#8080,#8081);
#8083=PLANE('',#8082);
#8084=ORIENTED_EDGE('',*,*,#4898,.F.);
#8086=ORIENTED_EDGE('',*,*,#8085,.T.);
#8087=ORIENTED_EDGE('',*,*,#8059,.T.);
#8088=ORIENTED_EDGE('',*,*,#8073,.F.);
#8089=EDGE_LOOP('',(#8084,#8086,#8087,#8088));
#8090=FACE_OUTER_BOUND('',#8089,.F.);
#8092=CARTESIAN_POINT('',(-4.13E0,3.2E-1,-1.944019237886E1));
#8093=DIRECTION('',(1.E0,0.E0,0.E0));
#8094=DIRECTION('',(0.E0,0.E0,1.E0));
#8095=AXIS2_PLACEMENT_3D('',#8092,#8093,#8094);
#8096=PLANE('',#8095);
#8097=ORIENTED_EDGE('',*,*,#4861,.T.);
#8098=ORIENTED_EDGE('',*,*,#8061,.T.);
#8099=ORIENTED_EDGE('',*,*,#8085,.F.);
#8100=ORIENTED_EDGE('',*,*,#4896,.F.);
#8101=EDGE_LOOP('',(#8097,#8098,#8099,#8100));
#8102=FACE_OUTER_BOUND('',#8101,.F.);
#8104=CARTESIAN_POINT('',(5.05E0,-4.675E0,-1.81E1));
#8105=DIRECTION('',(1.E0,0.E0,0.E0));
#8106=DIRECTION('',(0.E0,0.E0,1.E0));
#8107=AXIS2_PLACEMENT_3D('',#8104,#8105,#8106);
#8108=PLANE('',#8107);
#8110=ORIENTED_EDGE('',*,*,#8109,.T.);
#8112=ORIENTED_EDGE('',*,*,#8111,.T.);
#8114=ORIENTED_EDGE('',*,*,#8113,.F.);
#8115=ORIENTED_EDGE('',*,*,#4469,.F.);
#8116=EDGE_LOOP('',(#8110,#8112,#8114,#8115));
#8117=FACE_OUTER_BOUND('',#8116,.F.);
#8119=CARTESIAN_POINT('',(4.925E0,-4.675E0,-1.81E1));
#8120=DIRECTION('',(0.E0,0.E0,-1.E0));
#8121=DIRECTION('',(1.E0,0.E0,0.E0));
#8122=AXIS2_PLACEMENT_3D('',#8119,#8120,#8121);
#8123=PLANE('',#8122);
#8124=ORIENTED_EDGE('',*,*,#8109,.F.);
#8125=ORIENTED_EDGE('',*,*,#4481,.F.);
#8127=ORIENTED_EDGE('',*,*,#8126,.T.);
#8129=ORIENTED_EDGE('',*,*,#8128,.T.);
#8130=EDGE_LOOP('',(#8124,#8125,#8127,#8129));
#8131=FACE_OUTER_BOUND('',#8130,.F.);
#8133=CARTESIAN_POINT('',(4.925E0,-4.675E0,-1.727021274567E1));
#8134=DIRECTION('',(-1.E0,0.E0,0.E0));
#8135=DIRECTION('',(0.E0,0.E0,-1.E0));
#8136=AXIS2_PLACEMENT_3D('',#8133,#8134,#8135);
#8137=PLANE('',#8136);
#8139=ORIENTED_EDGE('',*,*,#8138,.T.);
#8141=ORIENTED_EDGE('',*,*,#8140,.T.);
#8142=ORIENTED_EDGE('',*,*,#8126,.F.);
#8143=ORIENTED_EDGE('',*,*,#4479,.F.);
#8144=EDGE_LOOP('',(#8139,#8141,#8142,#8143));
#8145=FACE_OUTER_BOUND('',#8144,.F.);
#8147=CARTESIAN_POINT('',(4.8E0,-4.675E0,-1.741914895773E1));
#8148=DIRECTION('',(7.659743427825E-1,0.E0,-6.428711427642E-1));
#8149=DIRECTION('',(6.428711427642E-1,0.E0,7.659743427825E-1));
#8150=AXIS2_PLACEMENT_3D('',#8147,#8148,#8149);
#8151=PLANE('',#8150);
#8153=ORIENTED_EDGE('',*,*,#8152,.T.);
#8155=ORIENTED_EDGE('',*,*,#8154,.T.);
#8156=ORIENTED_EDGE('',*,*,#8138,.F.);
#8157=ORIENTED_EDGE('',*,*,#4477,.F.);
#8158=EDGE_LOOP('',(#8153,#8155,#8156,#8157));
#8159=FACE_OUTER_BOUND('',#8158,.F.);
#8161=CARTESIAN_POINT('',(4.8E0,-4.675E0,-1.724893615246E1));
#8162=DIRECTION('',(-1.E0,0.E0,0.E0));
#8163=DIRECTION('',(0.E0,0.E0,-1.E0));
#8164=AXIS2_PLACEMENT_3D('',#8161,#8162,#8163);
#8165=PLANE('',#8164);
#8167=ORIENTED_EDGE('',*,*,#8166,.T.);
#8169=ORIENTED_EDGE('',*,*,#8168,.T.);
#8170=ORIENTED_EDGE('',*,*,#8152,.F.);
#8171=ORIENTED_EDGE('',*,*,#4475,.F.);
#8172=EDGE_LOOP('',(#8167,#8169,#8170,#8171));
#8173=FACE_OUTER_BOUND('',#8172,.F.);
#8175=CARTESIAN_POINT('',(4.925E0,-4.675E0,-1.71E1));
#8176=DIRECTION('',(-7.659742160926E-1,0.E0,6.428712937139E-1));
#8177=DIRECTION('',(-6.428712937139E-1,0.E0,-7.659742160926E-1));
#8178=AXIS2_PLACEMENT_3D('',#8175,#8176,#8177);
#8179=PLANE('',#8178);
#8181=ORIENTED_EDGE('',*,*,#8180,.T.);
#8183=ORIENTED_EDGE('',*,*,#8182,.T.);
#8184=ORIENTED_EDGE('',*,*,#8166,.F.);
#8185=ORIENTED_EDGE('',*,*,#4473,.F.);
#8186=EDGE_LOOP('',(#8181,#8183,#8184,#8185));
#8187=FACE_OUTER_BOUND('',#8186,.F.);
#8189=CARTESIAN_POINT('',(5.05E0,-4.675E0,-1.71E1));
#8190=DIRECTION('',(0.E0,0.E0,1.E0));
#8191=DIRECTION('',(-1.E0,0.E0,0.E0));
#8192=AXIS2_PLACEMENT_3D('',#8189,#8190,#8191);
#8193=PLANE('',#8192);
#8194=ORIENTED_EDGE('',*,*,#8113,.T.);
#8196=ORIENTED_EDGE('',*,*,#8195,.T.);
#8197=ORIENTED_EDGE('',*,*,#8180,.F.);
#8198=ORIENTED_EDGE('',*,*,#4471,.F.);
#8199=EDGE_LOOP('',(#8194,#8196,#8197,#8198));
#8200=FACE_OUTER_BOUND('',#8199,.F.);
#8202=CARTESIAN_POINT('',(0.E0,-4.575E0,0.E0));
#8203=DIRECTION('',(0.E0,-1.E0,0.E0));
#8204=DIRECTION('',(1.E0,0.E0,0.E0));
#8205=AXIS2_PLACEMENT_3D('',#8202,#8203,#8204);
#8206=PLANE('',#8205);
#8207=ORIENTED_EDGE('',*,*,#8111,.F.);
#8208=ORIENTED_EDGE('',*,*,#8128,.F.);
#8209=ORIENTED_EDGE('',*,*,#8140,.F.);
#8210=ORIENTED_EDGE('',*,*,#8154,.F.);
#8211=ORIENTED_EDGE('',*,*,#8168,.F.);
#8212=ORIENTED_EDGE('',*,*,#8182,.F.);
#8213=ORIENTED_EDGE('',*,*,#8195,.F.);
#8214=EDGE_LOOP('',(#8207,#8208,#8209,#8210,#8211,#8212,#8213));
#8215=FACE_OUTER_BOUND('',#8214,.F.);
#8217=CARTESIAN_POINT('',(0.E0,-4.575E0,0.E0));
#8218=DIRECTION('',(0.E0,-1.E0,0.E0));
#8219=DIRECTION('',(1.E0,0.E0,0.E0));
#8220=AXIS2_PLACEMENT_3D('',#8217,#8218,#8219);
#8221=PLANE('',#8220);
#8223=ORIENTED_EDGE('',*,*,#8222,.F.);
#8225=ORIENTED_EDGE('',*,*,#8224,.F.);
#8227=ORIENTED_EDGE('',*,*,#8226,.F.);
#8229=ORIENTED_EDGE('',*,*,#8228,.F.);
#8231=ORIENTED_EDGE('',*,*,#8230,.F.);
#8233=ORIENTED_EDGE('',*,*,#8232,.F.);
#8235=ORIENTED_EDGE('',*,*,#8234,.F.);
#8237=ORIENTED_EDGE('',*,*,#8236,.F.);
#8239=ORIENTED_EDGE('',*,*,#8238,.F.);
#8241=ORIENTED_EDGE('',*,*,#8240,.F.);
#8243=ORIENTED_EDGE('',*,*,#8242,.F.);
#8245=ORIENTED_EDGE('',*,*,#8244,.F.);
#8247=ORIENTED_EDGE('',*,*,#8246,.F.);
#8249=ORIENTED_EDGE('',*,*,#8248,.F.);
#8251=ORIENTED_EDGE('',*,*,#8250,.F.);
#8253=ORIENTED_EDGE('',*,*,#8252,.F.);
#8255=ORIENTED_EDGE('',*,*,#8254,.F.);
#8257=ORIENTED_EDGE('',*,*,#8256,.F.);
#8259=ORIENTED_EDGE('',*,*,#8258,.F.);
#8261=ORIENTED_EDGE('',*,*,#8260,.F.);
#8263=ORIENTED_EDGE('',*,*,#8262,.F.);
#8265=ORIENTED_EDGE('',*,*,#8264,.F.);
#8267=ORIENTED_EDGE('',*,*,#8266,.F.);
#8269=ORIENTED_EDGE('',*,*,#8268,.F.);
#8271=ORIENTED_EDGE('',*,*,#8270,.F.);
#8273=ORIENTED_EDGE('',*,*,#8272,.F.);
#8275=ORIENTED_EDGE('',*,*,#8274,.F.);
#8277=ORIENTED_EDGE('',*,*,#8276,.F.);
#8279=ORIENTED_EDGE('',*,*,#8278,.F.);
#8281=ORIENTED_EDGE('',*,*,#8280,.F.);
#8283=ORIENTED_EDGE('',*,*,#8282,.F.);
#8285=ORIENTED_EDGE('',*,*,#8284,.F.);
#8287=ORIENTED_EDGE('',*,*,#8286,.F.);
#8289=ORIENTED_EDGE('',*,*,#8288,.F.);
#8291=ORIENTED_EDGE('',*,*,#8290,.F.);
#8293=ORIENTED_EDGE('',*,*,#8292,.F.);
#8295=ORIENTED_EDGE('',*,*,#8294,.F.);
#8297=ORIENTED_EDGE('',*,*,#8296,.F.);
#8299=ORIENTED_EDGE('',*,*,#8298,.F.);
#8301=ORIENTED_EDGE('',*,*,#8300,.F.);
#8303=ORIENTED_EDGE('',*,*,#8302,.F.);
#8305=ORIENTED_EDGE('',*,*,#8304,.F.);
#8307=ORIENTED_EDGE('',*,*,#8306,.F.);
#8309=ORIENTED_EDGE('',*,*,#8308,.F.);
#8311=ORIENTED_EDGE('',*,*,#8310,.F.);
#8313=ORIENTED_EDGE('',*,*,#8312,.F.);
#8315=ORIENTED_EDGE('',*,*,#8314,.F.);
#8317=ORIENTED_EDGE('',*,*,#8316,.F.);
#8319=ORIENTED_EDGE('',*,*,#8318,.F.);
#8321=ORIENTED_EDGE('',*,*,#8320,.F.);
#8323=ORIENTED_EDGE('',*,*,#8322,.F.);
#8325=ORIENTED_EDGE('',*,*,#8324,.F.);
#8327=ORIENTED_EDGE('',*,*,#8326,.F.);
#8329=ORIENTED_EDGE('',*,*,#8328,.F.);
#8331=ORIENTED_EDGE('',*,*,#8330,.F.);
#8333=ORIENTED_EDGE('',*,*,#8332,.F.);
#8335=ORIENTED_EDGE('',*,*,#8334,.F.);
#8336=EDGE_LOOP('',(#8223,#8225,#8227,#8229,#8231,#8233,#8235,#8237,#8239,#8241,
#8243,#8245,#8247,#8249,#8251,#8253,#8255,#8257,#8259,#8261,#8263,#8265,#8267,
#8269,#8271,#8273,#8275,#8277,#8279,#8281,#8283,#8285,#8287,#8289,#8291,#8293,
#8295,#8297,#8299,#8301,#8303,#8305,#8307,#8309,#8311,#8313,#8315,#8317,#8319,
#8321,#8323,#8325,#8327,#8329,#8331,#8333,#8335));
#8337=FACE_OUTER_BOUND('',#8336,.F.);
#8339=CARTESIAN_POINT('',(-4.7725E0,-4.675E0,-1.799361701906E1));
#8340=DIRECTION('',(8.373790012342E-1,0.E0,-5.466227293958E-1));
#8341=DIRECTION('',(5.466227293958E-1,0.E0,8.373790012342E-1));
#8342=AXIS2_PLACEMENT_3D('',#8339,#8340,#8341);
#8343=PLANE('',#8342);
#8345=ORIENTED_EDGE('',*,*,#8344,.T.);
#8346=ORIENTED_EDGE('',*,*,#8222,.T.);
#8348=ORIENTED_EDGE('',*,*,#8347,.F.);
#8349=ORIENTED_EDGE('',*,*,#4485,.F.);
#8350=EDGE_LOOP('',(#8345,#8346,#8348,#8349));
#8351=FACE_OUTER_BOUND('',#8350,.F.);
#8353=CARTESIAN_POINT('',(-4.835E0,-4.675E0,-1.803617021292E1));
#8354=DIRECTION('',(5.627909985697E-1,0.E0,-8.265992329593E-1));
#8355=DIRECTION('',(8.265992329593E-1,0.E0,5.627909985697E-1));
#8356=AXIS2_PLACEMENT_3D('',#8353,#8354,#8355);
#8357=PLANE('',#8356);
#8358=ORIENTED_EDGE('',*,*,#8344,.F.);
#8359=ORIENTED_EDGE('',*,*,#4597,.F.);
#8361=ORIENTED_EDGE('',*,*,#8360,.T.);
#8362=ORIENTED_EDGE('',*,*,#8224,.T.);
#8363=EDGE_LOOP('',(#8358,#8359,#8361,#8362));
#8364=FACE_OUTER_BOUND('',#8363,.F.);
#8366=CARTESIAN_POINT('',(-4.918333313465E0,-4.675E0,-1.807872340493E1));
#8367=DIRECTION('',(4.547772469181E-1,0.E0,-8.906052187617E-1));
#8368=DIRECTION('',(8.906052187617E-1,0.E0,4.547772469181E-1));
#8369=AXIS2_PLACEMENT_3D('',#8366,#8367,#8368);
#8370=PLANE('',#8369);
#8372=ORIENTED_EDGE('',*,*,#8371,.T.);
#8373=ORIENTED_EDGE('',*,*,#8226,.T.);
#8374=ORIENTED_EDGE('',*,*,#8360,.F.);
#8375=ORIENTED_EDGE('',*,*,#4595,.F.);
#8376=EDGE_LOOP('',(#8372,#8373,#8374,#8375));
#8377=FACE_OUTER_BOUND('',#8376,.F.);
#8379=CARTESIAN_POINT('',(-5.001666656733E0,-4.675E0,-1.81E1));
#8380=DIRECTION('',(2.473832102262E-1,0.E0,-9.689177195707E-1));
#8381=DIRECTION('',(9.689177195707E-1,0.E0,2.473832102262E-1));
#8382=AXIS2_PLACEMENT_3D('',#8379,#8380,#8381);
#8383=PLANE('',#8382);
#8385=ORIENTED_EDGE('',*,*,#8384,.T.);
#8386=ORIENTED_EDGE('',*,*,#8228,.T.);
#8387=ORIENTED_EDGE('',*,*,#8371,.F.);
#8388=ORIENTED_EDGE('',*,*,#4593,.F.);
#8389=EDGE_LOOP('',(#8385,#8386,#8387,#8388));
#8390=FACE_OUTER_BOUND('',#8389,.F.);
#8392=CARTESIAN_POINT('',(-5.168333343267E0,-4.675E0,-1.81E1));
#8393=DIRECTION('',(0.E0,0.E0,-1.E0));
#8394=DIRECTION('',(1.E0,0.E0,0.E0));
#8395=AXIS2_PLACEMENT_3D('',#8392,#8393,#8394);
#8396=PLANE('',#8395);
#8398=ORIENTED_EDGE('',*,*,#8397,.T.);
#8399=ORIENTED_EDGE('',*,*,#8230,.T.);
#8400=ORIENTED_EDGE('',*,*,#8384,.F.);
#8401=ORIENTED_EDGE('',*,*,#4591,.F.);
#8402=EDGE_LOOP('',(#8398,#8399,#8400,#8401));
#8403=FACE_OUTER_BOUND('',#8402,.F.);
#8405=CARTESIAN_POINT('',(-5.251666671634E0,-4.675E0,-1.807872340493E1));
#8406=DIRECTION('',(-2.473832517546E-1,0.E0,-9.689177089677E-1));
#8407=DIRECTION('',(9.689177089677E-1,0.E0,-2.473832517546E-1));
#8408=AXIS2_PLACEMENT_3D('',#8405,#8406,#8407);
#8409=PLANE('',#8408);
#8411=ORIENTED_EDGE('',*,*,#8410,.T.);
#8412=ORIENTED_EDGE('',*,*,#8232,.T.);
#8413=ORIENTED_EDGE('',*,*,#8397,.F.);
#8414=ORIENTED_EDGE('',*,*,#4589,.F.);
#8415=EDGE_LOOP('',(#8411,#8412,#8413,#8414));
#8416=FACE_OUTER_BOUND('',#8415,.F.);
#8418=CARTESIAN_POINT('',(-5.335E0,-4.675E0,-1.803617021292E1));
#8419=DIRECTION('',(-4.547771824165E-1,0.E0,-8.906052516987E-1));
#8420=DIRECTION('',(8.906052516987E-1,0.E0,-4.547771824165E-1));
#8421=AXIS2_PLACEMENT_3D('',#8418,#8419,#8420);
#8422=PLANE('',#8421);
#8424=ORIENTED_EDGE('',*,*,#8423,.T.);
#8425=ORIENTED_EDGE('',*,*,#8234,.T.);
#8426=ORIENTED_EDGE('',*,*,#8410,.F.);
#8427=ORIENTED_EDGE('',*,*,#4587,.F.);
#8428=EDGE_LOOP('',(#8424,#8425,#8426,#8427));
#8429=FACE_OUTER_BOUND('',#8428,.F.);
#8431=CARTESIAN_POINT('',(-5.3975E0,-4.675E0,-1.799361701906E1));
#8432=DIRECTION('',(-5.627909985697E-1,0.E0,-8.265992329593E-1));
#8433=DIRECTION('',(8.265992329593E-1,0.E0,-5.627909985697E-1));
#8434=AXIS2_PLACEMENT_3D('',#8431,#8432,#8433);
#8435=PLANE('',#8434);
#8437=ORIENTED_EDGE('',*,*,#8436,.T.);
#8438=ORIENTED_EDGE('',*,*,#8236,.T.);
#8439=ORIENTED_EDGE('',*,*,#8423,.F.);
#8440=ORIENTED_EDGE('',*,*,#4585,.F.);
#8441=EDGE_LOOP('',(#8437,#8438,#8439,#8440));
#8442=FACE_OUTER_BOUND('',#8441,.F.);
#8444=CARTESIAN_POINT('',(-5.439166666046E0,-4.675E0,-1.792978723943E1));
#8445=DIRECTION('',(-8.373791242699E-1,0.E0,-5.466225409156E-1));
#8446=DIRECTION('',(5.466225409156E-1,0.E0,-8.373791242699E-1));
#8447=AXIS2_PLACEMENT_3D('',#8444,#8445,#8446);
#8448=PLANE('',#8447);
#8450=ORIENTED_EDGE('',*,*,#8449,.T.);
#8451=ORIENTED_EDGE('',*,*,#8238,.T.);
#8452=ORIENTED_EDGE('',*,*,#8436,.F.);
#8453=ORIENTED_EDGE('',*,*,#4583,.F.);
#8454=EDGE_LOOP('',(#8450,#8451,#8452,#8453));
#8455=FACE_OUTER_BOUND('',#8454,.F.);
#8457=CARTESIAN_POINT('',(-5.46E0,-4.675E0,-1.786595744491E1));
#8458=DIRECTION('',(-9.506452107490E-1,0.E0,-3.102800078639E-1));
#8459=DIRECTION('',(3.102800078639E-1,0.E0,-9.506452107490E-1));
#8460=AXIS2_PLACEMENT_3D('',#8457,#8458,#8459);
#8461=PLANE('',#8460);
#8463=ORIENTED_EDGE('',*,*,#8462,.T.);
#8464=ORIENTED_EDGE('',*,*,#8240,.T.);
#8465=ORIENTED_EDGE('',*,*,#8449,.F.);
#8466=ORIENTED_EDGE('',*,*,#4581,.F.);
#8467=EDGE_LOOP('',(#8463,#8464,#8465,#8466));
#8468=FACE_OUTER_BOUND('',#8467,.F.);
#8470=CARTESIAN_POINT('',(-5.355833335817E0,-4.675E0,-1.786595744491E1));
#8471=DIRECTION('',(0.E0,0.E0,1.E0));
#8472=DIRECTION('',(-1.E0,0.E0,0.E0));
#8473=AXIS2_PLACEMENT_3D('',#8470,#8471,#8472);
#8474=PLANE('',#8473);
#8476=ORIENTED_EDGE('',*,*,#8475,.T.);
#8477=ORIENTED_EDGE('',*,*,#8242,.T.);
#8478=ORIENTED_EDGE('',*,*,#8462,.F.);
#8479=ORIENTED_EDGE('',*,*,#4579,.F.);
#8480=EDGE_LOOP('',(#8476,#8477,#8478,#8479));
#8481=FACE_OUTER_BOUND('',#8480,.F.);
#8483=CARTESIAN_POINT('',(-5.335E0,-4.675E0,-1.790851063132E1));
#8484=DIRECTION('',(8.981380764698E-1,0.E0,4.397135381076E-1));
#8485=DIRECTION('',(-4.397135381076E-1,0.E0,8.981380764698E-1));
#8486=AXIS2_PLACEMENT_3D('',#8483,#8484,#8485);
#8487=PLANE('',#8486);
#8489=ORIENTED_EDGE('',*,*,#8488,.T.);
#8490=ORIENTED_EDGE('',*,*,#8244,.T.);
#8491=ORIENTED_EDGE('',*,*,#8475,.F.);
#8492=ORIENTED_EDGE('',*,*,#4577,.F.);
#8493=EDGE_LOOP('',(#8489,#8490,#8491,#8492));
#8494=FACE_OUTER_BOUND('',#8493,.F.);
#8496=CARTESIAN_POINT('',(-5.293333328366E0,-4.675E0,-1.795106383264E1));
#8497=DIRECTION('',(7.145104655794E-1,0.E0,6.996247526907E-1));
#8498=DIRECTION('',(-6.996247526907E-1,0.E0,7.145104655794E-1));
#8499=AXIS2_PLACEMENT_3D('',#8496,#8497,#8498);
#8500=PLANE('',#8499);
#8502=ORIENTED_EDGE('',*,*,#8501,.T.);
#8503=ORIENTED_EDGE('',*,*,#8246,.T.);
#8504=ORIENTED_EDGE('',*,*,#8488,.F.);
#8505=ORIENTED_EDGE('',*,*,#4575,.F.);
#8506=EDGE_LOOP('',(#8502,#8503,#8504,#8505));
#8507=FACE_OUTER_BOUND('',#8506,.F.);
#8509=CARTESIAN_POINT('',(-5.251666671634E0,-4.675E0,-1.797234042585E1));
#8510=DIRECTION('',(4.547771995497E-1,0.E0,8.906052429498E-1));
#8511=DIRECTION('',(-8.906052429498E-1,0.E0,4.547771995497E-1));
#8512=AXIS2_PLACEMENT_3D('',#8509,#8510,#8511);
#8513=PLANE('',#8512);
#8515=ORIENTED_EDGE('',*,*,#8514,.T.);
#8516=ORIENTED_EDGE('',*,*,#8248,.T.);
#8517=ORIENTED_EDGE('',*,*,#8501,.F.);
#8518=ORIENTED_EDGE('',*,*,#4573,.F.);
#8519=EDGE_LOOP('',(#8515,#8516,#8517,#8518));
#8520=FACE_OUTER_BOUND('',#8519,.F.);
#8522=CARTESIAN_POINT('',(-5.1475E0,-4.675E0,-1.799361701906E1));
#8523=DIRECTION('',(2.001233458994E-1,0.E0,9.797707111493E-1));
#8524=DIRECTION('',(-9.797707111493E-1,0.E0,2.001233458994E-1));
#8525=AXIS2_PLACEMENT_3D('',#8522,#8523,#8524);
#8526=PLANE('',#8525);
#8528=ORIENTED_EDGE('',*,*,#8527,.T.);
#8529=ORIENTED_EDGE('',*,*,#8250,.T.);
#8530=ORIENTED_EDGE('',*,*,#8514,.F.);
#8531=ORIENTED_EDGE('',*,*,#4571,.F.);
#8532=EDGE_LOOP('',(#8528,#8529,#8530,#8531));
#8533=FACE_OUTER_BOUND('',#8532,.F.);
#8535=CARTESIAN_POINT('',(-5.0225E0,-4.675E0,-1.799361701906E1));
#8536=DIRECTION('',(0.E0,0.E0,1.E0));
#8537=DIRECTION('',(-1.E0,0.E0,0.E0));
#8538=AXIS2_PLACEMENT_3D('',#8535,#8536,#8537);
#8539=PLANE('',#8538);
#8541=ORIENTED_EDGE('',*,*,#8540,.T.);
#8542=ORIENTED_EDGE('',*,*,#8252,.T.);
#8543=ORIENTED_EDGE('',*,*,#8527,.F.);
#8544=ORIENTED_EDGE('',*,*,#4569,.F.);
#8545=EDGE_LOOP('',(#8541,#8542,#8543,#8544));
#8546=FACE_OUTER_BOUND('',#8545,.F.);
#8548=CARTESIAN_POINT('',(-4.918333313465E0,-4.675E0,-1.797234042585E1));
#8549=DIRECTION('',(-2.001233184181E-1,0.E0,9.797707167625E-1));
#8550=DIRECTION('',(-9.797707167625E-1,0.E0,-2.001233184181E-1));
#8551=AXIS2_PLACEMENT_3D('',#8548,#8549,#8550);
#8552=PLANE('',#8551);
#8554=ORIENTED_EDGE('',*,*,#8553,.T.);
#8555=ORIENTED_EDGE('',*,*,#8254,.T.);
#8556=ORIENTED_EDGE('',*,*,#8540,.F.);
#8557=ORIENTED_EDGE('',*,*,#4567,.F.);
#8558=EDGE_LOOP('',(#8554,#8555,#8556,#8557));
#8559=FACE_OUTER_BOUND('',#8558,.F.);
#8561=CARTESIAN_POINT('',(-4.876666686535E0,-4.675E0,-1.795106383264E1));
#8562=DIRECTION('',(-4.547774575564E-1,0.E0,8.906051112017E-1));
#8563=DIRECTION('',(-8.906051112017E-1,0.E0,-4.547774575564E-1));
#8564=AXIS2_PLACEMENT_3D('',#8561,#8562,#8563);
#8565=PLANE('',#8564);
#8567=ORIENTED_EDGE('',*,*,#8566,.T.);
#8568=ORIENTED_EDGE('',*,*,#8256,.T.);
#8569=ORIENTED_EDGE('',*,*,#8553,.F.);
#8570=ORIENTED_EDGE('',*,*,#4565,.F.);
#8571=EDGE_LOOP('',(#8567,#8568,#8569,#8570));
#8572=FACE_OUTER_BOUND('',#8571,.F.);
#8574=CARTESIAN_POINT('',(-4.835E0,-4.675E0,-1.790851063132E1));
#8575=DIRECTION('',(-7.145103405045E-1,0.E0,6.996248804268E-1));
#8576=DIRECTION('',(-6.996248804268E-1,0.E0,-7.145103405045E-1));
#8577=AXIS2_PLACEMENT_3D('',#8574,#8575,#8576);
#8578=PLANE('',#8577);
#8580=ORIENTED_EDGE('',*,*,#8579,.T.);
#8581=ORIENTED_EDGE('',*,*,#8258,.T.);
#8582=ORIENTED_EDGE('',*,*,#8566,.F.);
#8583=ORIENTED_EDGE('',*,*,#4563,.F.);
#8584=EDGE_LOOP('',(#8580,#8581,#8582,#8583));
#8585=FACE_OUTER_BOUND('',#8584,.F.);
#8587=CARTESIAN_POINT('',(-4.814166686535E0,-4.675E0,-1.786595744491E1));
#8588=DIRECTION('',(-8.981382627794E-1,0.E0,4.397131575602E-1));
#8589=DIRECTION('',(-4.397131575602E-1,0.E0,-8.981382627794E-1));
#8590=AXIS2_PLACEMENT_3D('',#8587,#8588,#8589);
#8591=PLANE('',#8590);
#8593=ORIENTED_EDGE('',*,*,#8592,.T.);
#8594=ORIENTED_EDGE('',*,*,#8260,.T.);
#8595=ORIENTED_EDGE('',*,*,#8579,.F.);
#8596=ORIENTED_EDGE('',*,*,#4561,.F.);
#8597=EDGE_LOOP('',(#8593,#8594,#8595,#8596));
#8598=FACE_OUTER_BOUND('',#8597,.F.);
#8600=CARTESIAN_POINT('',(-4.814166686535E0,-4.675E0,-1.778085107207E1));
#8601=DIRECTION('',(-1.E0,0.E0,0.E0));
#8602=DIRECTION('',(0.E0,0.E0,-1.E0));
#8603=AXIS2_PLACEMENT_3D('',#8600,#8601,#8602);
#8604=PLANE('',#8603);
#8606=ORIENTED_EDGE('',*,*,#8605,.T.);
#8607=ORIENTED_EDGE('',*,*,#8262,.T.);
#8608=ORIENTED_EDGE('',*,*,#8592,.F.);
#8609=ORIENTED_EDGE('',*,*,#4559,.F.);
#8610=EDGE_LOOP('',(#8606,#8607,#8608,#8609));
#8611=FACE_OUTER_BOUND('',#8610,.F.);
#8613=CARTESIAN_POINT('',(-4.855833313465E0,-4.675E0,-1.769574466944E1));
#8614=DIRECTION('',(-8.981383235887E-1,0.E0,-4.397130333538E-1));
#8615=DIRECTION('',(4.397130333538E-1,0.E0,-8.981383235887E-1));
#8616=AXIS2_PLACEMENT_3D('',#8613,#8614,#8615);
#8617=PLANE('',#8616);
#8619=ORIENTED_EDGE('',*,*,#8618,.T.);
#8620=ORIENTED_EDGE('',*,*,#8264,.T.);
#8621=ORIENTED_EDGE('',*,*,#8605,.F.);
#8622=ORIENTED_EDGE('',*,*,#4557,.F.);
#8623=EDGE_LOOP('',(#8619,#8620,#8621,#8622));
#8624=FACE_OUTER_BOUND('',#8623,.F.);
#8626=CARTESIAN_POINT('',(-4.918333313465E0,-4.675E0,-1.765319148302E1));
#8627=DIRECTION('',(-5.627909312417E-1,0.E0,-8.265992787996E-1));
#8628=DIRECTION('',(8.265992787996E-1,0.E0,-5.627909312417E-1));
#8629=AXIS2_PLACEMENT_3D('',#8626,#8627,#8628);
#8630=PLANE('',#8629);
#8632=ORIENTED_EDGE('',*,*,#8631,.T.);
#8633=ORIENTED_EDGE('',*,*,#8266,.T.);
#8634=ORIENTED_EDGE('',*,*,#8618,.F.);
#8635=ORIENTED_EDGE('',*,*,#4555,.F.);
#8636=EDGE_LOOP('',(#8632,#8633,#8634,#8635));
#8637=FACE_OUTER_BOUND('',#8636,.F.);
#8639=CARTESIAN_POINT('',(-5.043333343267E0,-4.675E0,-1.763191488981E1));
#8640=DIRECTION('',(-1.677992897283E-1,0.E0,-9.858211797109E-1));
#8641=DIRECTION('',(9.858211797109E-1,0.E0,-1.677992897283E-1));
#8642=AXIS2_PLACEMENT_3D('',#8639,#8640,#8641);
#8643=PLANE('',#8642);
#8645=ORIENTED_EDGE('',*,*,#8644,.T.);
#8646=ORIENTED_EDGE('',*,*,#8268,.T.);
#8647=ORIENTED_EDGE('',*,*,#8631,.F.);
#8648=ORIENTED_EDGE('',*,*,#4553,.F.);
#8649=EDGE_LOOP('',(#8645,#8646,#8647,#8648));
#8650=FACE_OUTER_BOUND('',#8649,.F.);
#8652=CARTESIAN_POINT('',(-5.126666656733E0,-4.675E0,-1.763191488981E1));
#8653=DIRECTION('',(0.E0,0.E0,-1.E0));
#8654=DIRECTION('',(1.E0,0.E0,0.E0));
#8655=AXIS2_PLACEMENT_3D('',#8652,#8653,#8654);
#8656=PLANE('',#8655);
#8658=ORIENTED_EDGE('',*,*,#8657,.T.);
#8659=ORIENTED_EDGE('',*,*,#8270,.T.);
#8660=ORIENTED_EDGE('',*,*,#8644,.F.);
#8661=ORIENTED_EDGE('',*,*,#4551,.F.);
#8662=EDGE_LOOP('',(#8658,#8659,#8660,#8661));
#8663=FACE_OUTER_BOUND('',#8662,.F.);
#8665=CARTESIAN_POINT('',(-5.126666656733E0,-4.675E0,-1.754680851698E1));
#8666=DIRECTION('',(-1.E0,0.E0,0.E0));
#8667=DIRECTION('',(0.E0,0.E0,-1.E0));
#8668=AXIS2_PLACEMENT_3D('',#8665,#8666,#8667);
#8669=PLANE('',#8668);
#8671=ORIENTED_EDGE('',*,*,#8670,.T.);
#8672=ORIENTED_EDGE('',*,*,#8272,.T.);
#8673=ORIENTED_EDGE('',*,*,#8657,.F.);
#8674=ORIENTED_EDGE('',*,*,#4549,.F.);
#8675=EDGE_LOOP('',(#8671,#8672,#8673,#8674));
#8676=FACE_OUTER_BOUND('',#8675,.F.);
#8678=CARTESIAN_POINT('',(-5.043333343267E0,-4.675E0,-1.754680851698E1));
#8679=DIRECTION('',(0.E0,0.E0,1.E0));
#8680=DIRECTION('',(-1.E0,0.E0,0.E0));
#8681=AXIS2_PLACEMENT_3D('',#8678,#8679,#8680);
#8682=PLANE('',#8681);
#8684=ORIENTED_EDGE('',*,*,#8683,.T.);
#8685=ORIENTED_EDGE('',*,*,#8274,.T.);
#8686=ORIENTED_EDGE('',*,*,#8670,.F.);
#8687=ORIENTED_EDGE('',*,*,#4547,.F.);
#8688=EDGE_LOOP('',(#8684,#8685,#8686,#8687));
#8689=FACE_OUTER_BOUND('',#8688,.F.);
#8691=CARTESIAN_POINT('',(-4.918333313465E0,-4.675E0,-1.750425533056E1));
#8692=DIRECTION('',(-3.222636945230E-1,0.E0,9.466499412097E-1));
#8693=DIRECTION('',(-9.466499412097E-1,0.E0,-3.222636945230E-1));
#8694=AXIS2_PLACEMENT_3D('',#8691,#8692,#8693);
#8695=PLANE('',#8694);
#8697=ORIENTED_EDGE('',*,*,#8696,.T.);
#8698=ORIENTED_EDGE('',*,*,#8276,.T.);
#8699=ORIENTED_EDGE('',*,*,#8683,.F.);
#8700=ORIENTED_EDGE('',*,*,#4545,.F.);
#8701=EDGE_LOOP('',(#8697,#8698,#8699,#8700));
#8702=FACE_OUTER_BOUND('',#8701,.F.);
#8704=CARTESIAN_POINT('',(-4.876666686535E0,-4.675E0,-1.746170214415E1));
#8705=DIRECTION('',(-7.145107183351E-1,0.E0,6.996244945571E-1));
#8706=DIRECTION('',(-6.996244945571E-1,0.E0,-7.145107183351E-1));
#8707=AXIS2_PLACEMENT_3D('',#8704,#8705,#8706);
#8708=PLANE('',#8707);
#8710=ORIENTED_EDGE('',*,*,#8709,.T.);
#8711=ORIENTED_EDGE('',*,*,#8278,.T.);
#8712=ORIENTED_EDGE('',*,*,#8696,.F.);
#8713=ORIENTED_EDGE('',*,*,#4543,.F.);
#8714=EDGE_LOOP('',(#8710,#8711,#8712,#8713));
#8715=FACE_OUTER_BOUND('',#8714,.F.);
#8717=CARTESIAN_POINT('',(-4.835E0,-4.675E0,-1.737659577131E1));
#8718=DIRECTION('',(-8.981380143666E-1,0.E0,4.397136649566E-1));
#8719=DIRECTION('',(-4.397136649566E-1,0.E0,-8.981380143666E-1));
#8720=AXIS2_PLACEMENT_3D('',#8717,#8718,#8719);
#8721=PLANE('',#8720);
#8723=ORIENTED_EDGE('',*,*,#8722,.T.);
#8724=ORIENTED_EDGE('',*,*,#8280,.T.);
#8725=ORIENTED_EDGE('',*,*,#8709,.F.);
#8726=ORIENTED_EDGE('',*,*,#4541,.F.);
#8727=EDGE_LOOP('',(#8723,#8724,#8725,#8726));
#8728=FACE_OUTER_BOUND('',#8727,.F.);
#8730=CARTESIAN_POINT('',(-4.835E0,-4.675E0,-1.733404252529E1));
#8731=DIRECTION('',(-1.E0,0.E0,0.E0));
#8732=DIRECTION('',(0.E0,0.E0,-1.E0));
#8733=AXIS2_PLACEMENT_3D('',#8730,#8731,#8732);
#8734=PLANE('',#8733);
#8736=ORIENTED_EDGE('',*,*,#8735,.T.);
#8737=ORIENTED_EDGE('',*,*,#8282,.T.);
#8738=ORIENTED_EDGE('',*,*,#8722,.F.);
#8739=ORIENTED_EDGE('',*,*,#4539,.F.);
#8740=EDGE_LOOP('',(#8736,#8737,#8738,#8739));
#8741=FACE_OUTER_BOUND('',#8740,.F.);
#8743=CARTESIAN_POINT('',(-4.876666686535E0,-4.675E0,-1.727021274567E1));
#8744=DIRECTION('',(-8.373790012342E-1,0.E0,-5.466227293958E-1));
#8745=DIRECTION('',(5.466227293958E-1,0.E0,-8.373790012342E-1));
#8746=AXIS2_PLACEMENT_3D('',#8743,#8744,#8745);
#8747=PLANE('',#8746);
#8749=ORIENTED_EDGE('',*,*,#8748,.T.);
#8750=ORIENTED_EDGE('',*,*,#8284,.T.);
#8751=ORIENTED_EDGE('',*,*,#8735,.F.);
#8752=ORIENTED_EDGE('',*,*,#4537,.F.);
#8753=EDGE_LOOP('',(#8749,#8750,#8751,#8752));
#8754=FACE_OUTER_BOUND('',#8753,.F.);
#8756=CARTESIAN_POINT('',(-4.939166686535E0,-4.675E0,-1.722765955925E1));
#8757=DIRECTION('',(-5.627909312417E-1,0.E0,-8.265992787996E-1));
#8758=DIRECTION('',(8.265992787996E-1,0.E0,-5.627909312417E-1));
#8759=AXIS2_PLACEMENT_3D('',#8756,#8757,#8758);
#8760=PLANE('',#8759);
#8762=ORIENTED_EDGE('',*,*,#8761,.T.);
#8763=ORIENTED_EDGE('',*,*,#8286,.T.);
#8764=ORIENTED_EDGE('',*,*,#8748,.F.);
#8765=ORIENTED_EDGE('',*,*,#4535,.F.);
#8766=EDGE_LOOP('',(#8762,#8763,#8764,#8765));
#8767=FACE_OUTER_BOUND('',#8766,.F.);
#8769=CARTESIAN_POINT('',(-5.043333343267E0,-4.675E0,-1.720638296604E1));
#8770=DIRECTION('',(-2.001233733807E-1,0.E0,-9.797707055361E-1));
#8771=DIRECTION('',(9.797707055361E-1,0.E0,-2.001233733807E-1));
#8772=AXIS2_PLACEMENT_3D('',#8769,#8770,#8771);
#8773=PLANE('',#8772);
#8775=ORIENTED_EDGE('',*,*,#8774,.T.);
#8776=ORIENTED_EDGE('',*,*,#8288,.T.);
#8777=ORIENTED_EDGE('',*,*,#8761,.F.);
#8778=ORIENTED_EDGE('',*,*,#4533,.F.);
#8779=EDGE_LOOP('',(#8775,#8776,#8777,#8778));
#8780=FACE_OUTER_BOUND('',#8779,.F.);
#8782=CARTESIAN_POINT('',(-5.126666656733E0,-4.675E0,-1.720638296604E1));
#8783=DIRECTION('',(0.E0,0.E0,-1.E0));
#8784=DIRECTION('',(1.E0,0.E0,0.E0));
#8785=AXIS2_PLACEMENT_3D('',#8782,#8783,#8784);
#8786=PLANE('',#8785);
#8788=ORIENTED_EDGE('',*,*,#8787,.T.);
#8789=ORIENTED_EDGE('',*,*,#8290,.T.);
#8790=ORIENTED_EDGE('',*,*,#8774,.F.);
#8791=ORIENTED_EDGE('',*,*,#4531,.F.);
#8792=EDGE_LOOP('',(#8788,#8789,#8790,#8791));
#8793=FACE_OUTER_BOUND('',#8792,.F.);
#8795=CARTESIAN_POINT('',(-5.230833328366E0,-4.675E0,-1.722765955925E1));
#8796=DIRECTION('',(2.001233458994E-1,0.E0,-9.797707111493E-1));
#8797=DIRECTION('',(9.797707111493E-1,0.E0,2.001233458994E-1));
#8798=AXIS2_PLACEMENT_3D('',#8795,#8796,#8797);
#8799=PLANE('',#8798);
#8801=ORIENTED_EDGE('',*,*,#8800,.T.);
#8802=ORIENTED_EDGE('',*,*,#8292,.T.);
#8803=ORIENTED_EDGE('',*,*,#8787,.F.);
#8804=ORIENTED_EDGE('',*,*,#4529,.F.);
#8805=EDGE_LOOP('',(#8801,#8802,#8803,#8804));
#8806=FACE_OUTER_BOUND('',#8805,.F.);
#8808=CARTESIAN_POINT('',(-5.293333328366E0,-4.675E0,-1.727021274567E1));
#8809=DIRECTION('',(5.627909312417E-1,0.E0,-8.265992787996E-1));
#8810=DIRECTION('',(8.265992787996E-1,0.E0,5.627909312417E-1));
#8811=AXIS2_PLACEMENT_3D('',#8808,#8809,#8810);
#8812=PLANE('',#8811);
#8814=ORIENTED_EDGE('',*,*,#8813,.T.);
#8815=ORIENTED_EDGE('',*,*,#8294,.T.);
#8816=ORIENTED_EDGE('',*,*,#8800,.F.);
#8817=ORIENTED_EDGE('',*,*,#4527,.F.);
#8818=EDGE_LOOP('',(#8814,#8815,#8816,#8817));
#8819=FACE_OUTER_BOUND('',#8818,.F.);
#8821=CARTESIAN_POINT('',(-5.335E0,-4.675E0,-1.733404252529E1));
#8822=DIRECTION('',(8.373790907147E-1,0.E0,-5.466225923193E-1));
#8823=DIRECTION('',(5.466225923193E-1,0.E0,8.373790907147E-1));
#8824=AXIS2_PLACEMENT_3D('',#8821,#8822,#8823);
#8825=PLANE('',#8824);
#8827=ORIENTED_EDGE('',*,*,#8826,.T.);
#8828=ORIENTED_EDGE('',*,*,#8296,.T.);
#8829=ORIENTED_EDGE('',*,*,#8813,.F.);
#8830=ORIENTED_EDGE('',*,*,#4525,.F.);
#8831=EDGE_LOOP('',(#8827,#8828,#8829,#8830));
#8832=FACE_OUTER_BOUND('',#8831,.F.);
#8834=CARTESIAN_POINT('',(-5.439166666046E0,-4.675E0,-1.733404252529E1));
#8835=DIRECTION('',(0.E0,0.E0,-1.E0));
#8836=DIRECTION('',(1.E0,0.E0,0.E0));
#8837=AXIS2_PLACEMENT_3D('',#8834,#8835,#8836);
#8838=PLANE('',#8837);
#8840=ORIENTED_EDGE('',*,*,#8839,.T.);
#8841=ORIENTED_EDGE('',*,*,#8298,.T.);
#8842=ORIENTED_EDGE('',*,*,#8826,.F.);
#8843=ORIENTED_EDGE('',*,*,#4523,.F.);
#8844=EDGE_LOOP('',(#8840,#8841,#8842,#8843));
#8845=FACE_OUTER_BOUND('',#8844,.F.);
#8847=CARTESIAN_POINT('',(-5.418333332092E0,-4.675E0,-1.724893615246E1));
#8848=DIRECTION('',(-9.713211522284E-1,0.E0,2.377713591533E-1));
#8849=DIRECTION('',(-2.377713591533E-1,0.E0,-9.713211522284E-1));
#8850=AXIS2_PLACEMENT_3D('',#8847,#8848,#8849);
#8851=PLANE('',#8850);
#8853=ORIENTED_EDGE('',*,*,#8852,.T.);
#8854=ORIENTED_EDGE('',*,*,#8300,.T.);
#8855=ORIENTED_EDGE('',*,*,#8839,.F.);
#8856=ORIENTED_EDGE('',*,*,#4521,.F.);
#8857=EDGE_LOOP('',(#8853,#8854,#8855,#8856));
#8858=FACE_OUTER_BOUND('',#8857,.F.);
#8860=CARTESIAN_POINT('',(-5.335E0,-4.675E0,-1.716382977962E1));
#8861=DIRECTION('',(-7.145103900133E-1,0.E0,6.996248298646E-1));
#8862=DIRECTION('',(-6.996248298646E-1,0.E0,-7.145103900133E-1));
#8863=AXIS2_PLACEMENT_3D('',#8860,#8861,#8862);
#8864=PLANE('',#8863);
#8866=ORIENTED_EDGE('',*,*,#8865,.T.);
#8867=ORIENTED_EDGE('',*,*,#8302,.T.);
#8868=ORIENTED_EDGE('',*,*,#8852,.F.);
#8869=ORIENTED_EDGE('',*,*,#4519,.F.);
#8870=EDGE_LOOP('',(#8866,#8867,#8868,#8869));
#8871=FACE_OUTER_BOUND('',#8870,.F.);
#8873=CARTESIAN_POINT('',(-5.251666671634E0,-4.675E0,-1.712127659321E1));
#8874=DIRECTION('',(-4.547771350481E-1,0.E0,8.906052758868E-1));
#8875=DIRECTION('',(-8.906052758868E-1,0.E0,-4.547771350481E-1));
#8876=AXIS2_PLACEMENT_3D('',#8873,#8874,#8875);
#8877=PLANE('',#8876);
#8879=ORIENTED_EDGE('',*,*,#8878,.T.);
#8880=ORIENTED_EDGE('',*,*,#8304,.T.);
#8881=ORIENTED_EDGE('',*,*,#8865,.F.);
#8882=ORIENTED_EDGE('',*,*,#4517,.F.);
#8883=EDGE_LOOP('',(#8879,#8880,#8881,#8882));
#8884=FACE_OUTER_BOUND('',#8883,.F.);
#8886=CARTESIAN_POINT('',(-5.105833343267E0,-4.675E0,-1.71E1));
#8887=DIRECTION('',(-1.443682357291E-1,0.E0,9.895240333173E-1));
#8888=DIRECTION('',(-9.895240333173E-1,0.E0,-1.443682357291E-1));
#8889=AXIS2_PLACEMENT_3D('',#8886,#8887,#8888);
#8890=PLANE('',#8889);
#8892=ORIENTED_EDGE('',*,*,#8891,.T.);
#8893=ORIENTED_EDGE('',*,*,#8306,.T.);
#8894=ORIENTED_EDGE('',*,*,#8878,.F.);
#8895=ORIENTED_EDGE('',*,*,#4515,.F.);
#8896=EDGE_LOOP('',(#8892,#8893,#8894,#8895));
#8897=FACE_OUTER_BOUND('',#8896,.F.);
#8899=CARTESIAN_POINT('',(-5.064166656733E0,-4.675E0,-1.71E1));
#8900=DIRECTION('',(0.E0,0.E0,1.E0));
#8901=DIRECTION('',(-1.E0,0.E0,0.E0));
#8902=AXIS2_PLACEMENT_3D('',#8899,#8900,#8901);
#8903=PLANE('',#8902);
#8905=ORIENTED_EDGE('',*,*,#8904,.T.);
#8906=ORIENTED_EDGE('',*,*,#8308,.T.);
#8907=ORIENTED_EDGE('',*,*,#8891,.F.);
#8908=ORIENTED_EDGE('',*,*,#4513,.F.);
#8909=EDGE_LOOP('',(#8905,#8906,#8907,#8908));
#8910=FACE_OUTER_BOUND('',#8909,.F.);
#8912=CARTESIAN_POINT('',(-4.918333313465E0,-4.675E0,-1.712127659321E1));
#8913=DIRECTION('',(1.443682212851E-1,0.E0,9.895240354246E-1));
#8914=DIRECTION('',(-9.895240354246E-1,0.E0,1.443682212851E-1));
#8915=AXIS2_PLACEMENT_3D('',#8912,#8913,#8914);
#8916=PLANE('',#8915);
#8918=ORIENTED_EDGE('',*,*,#8917,.T.);
#8919=ORIENTED_EDGE('',*,*,#8310,.T.);
#8920=ORIENTED_EDGE('',*,*,#8904,.F.);
#8921=ORIENTED_EDGE('',*,*,#4511,.F.);
#8922=EDGE_LOOP('',(#8918,#8919,#8920,#8921));
#8923=FACE_OUTER_BOUND('',#8922,.F.);
#8925=CARTESIAN_POINT('',(-4.835E0,-4.675E0,-1.716382977962E1));
#8926=DIRECTION('',(4.547771995497E-1,0.E0,8.906052429498E-1));
#8927=DIRECTION('',(-8.906052429498E-1,0.E0,4.547771995497E-1));
#8928=AXIS2_PLACEMENT_3D('',#8925,#8926,#8927);
#8929=PLANE('',#8928);
#8931=ORIENTED_EDGE('',*,*,#8930,.T.);
#8932=ORIENTED_EDGE('',*,*,#8312,.T.);
#8933=ORIENTED_EDGE('',*,*,#8917,.F.);
#8934=ORIENTED_EDGE('',*,*,#4509,.F.);
#8935=EDGE_LOOP('',(#8931,#8932,#8933,#8934));
#8936=FACE_OUTER_BOUND('',#8935,.F.);
#8938=CARTESIAN_POINT('',(-4.751666686535E0,-4.675E0,-1.724893615246E1));
#8939=DIRECTION('',(7.145104681851E-1,0.E0,6.996247500295E-1));
#8940=DIRECTION('',(-6.996247500295E-1,0.E0,7.145104681851E-1));
#8941=AXIS2_PLACEMENT_3D('',#8938,#8939,#8940);
#8942=PLANE('',#8941);
#8944=ORIENTED_EDGE('',*,*,#8943,.T.);
#8945=ORIENTED_EDGE('',*,*,#8314,.T.);
#8946=ORIENTED_EDGE('',*,*,#8930,.F.);
#8947=ORIENTED_EDGE('',*,*,#4507,.F.);
#8948=EDGE_LOOP('',(#8944,#8945,#8946,#8947));
#8949=FACE_OUTER_BOUND('',#8948,.F.);
#8951=CARTESIAN_POINT('',(-4.730833313465E0,-4.675E0,-1.733404252529E1));
#8952=DIRECTION('',(9.713210491251E-1,0.E0,2.377717803411E-1));
#8953=DIRECTION('',(-2.377717803411E-1,0.E0,9.713210491251E-1));
#8954=AXIS2_PLACEMENT_3D('',#8951,#8952,#8953);
#8955=PLANE('',#8954);
#8957=ORIENTED_EDGE('',*,*,#8956,.T.);
#8958=ORIENTED_EDGE('',*,*,#8316,.T.);
#8959=ORIENTED_EDGE('',*,*,#8943,.F.);
#8960=ORIENTED_EDGE('',*,*,#4505,.F.);
#8961=EDGE_LOOP('',(#8957,#8958,#8959,#8960));
#8962=FACE_OUTER_BOUND('',#8961,.F.);
#8964=CARTESIAN_POINT('',(-4.730833313465E0,-4.675E0,-1.737659577131E1));
#8965=DIRECTION('',(1.E0,0.E0,0.E0));
#8966=DIRECTION('',(0.E0,0.E0,1.E0));
#8967=AXIS2_PLACEMENT_3D('',#8964,#8965,#8966);
#8968=PLANE('',#8967);
#8970=ORIENTED_EDGE('',*,*,#8969,.T.);
#8971=ORIENTED_EDGE('',*,*,#8318,.T.);
#8972=ORIENTED_EDGE('',*,*,#8956,.F.);
#8973=ORIENTED_EDGE('',*,*,#4503,.F.);
#8974=EDGE_LOOP('',(#8970,#8971,#8972,#8973));
#8975=FACE_OUTER_BOUND('',#8974,.F.);
#8977=CARTESIAN_POINT('',(-4.751666686535E0,-4.675E0,-1.746170214415E1));
#8978=DIRECTION('',(9.713210491251E-1,0.E0,-2.377717803411E-1));
#8979=DIRECTION('',(2.377717803411E-1,0.E0,9.713210491251E-1));
#8980=AXIS2_PLACEMENT_3D('',#8977,#8978,#8979);
#8981=PLANE('',#8980);
#8983=ORIENTED_EDGE('',*,*,#8982,.T.);
#8984=ORIENTED_EDGE('',*,*,#8320,.T.);
#8985=ORIENTED_EDGE('',*,*,#8969,.F.);
#8986=ORIENTED_EDGE('',*,*,#4501,.F.);
#8987=EDGE_LOOP('',(#8983,#8984,#8985,#8986));
#8988=FACE_OUTER_BOUND('',#8987,.F.);
#8990=CARTESIAN_POINT('',(-4.793333313465E0,-4.675E0,-1.752553192377E1));
#8991=DIRECTION('',(8.373793591563E-1,0.E0,-5.466221810895E-1));
#8992=DIRECTION('',(5.466221810895E-1,0.E0,8.373793591563E-1));
#8993=AXIS2_PLACEMENT_3D('',#8990,#8991,#8992);
#8994=PLANE('',#8993);
#8996=ORIENTED_EDGE('',*,*,#8995,.T.);
#8997=ORIENTED_EDGE('',*,*,#8322,.T.);
#8998=ORIENTED_EDGE('',*,*,#8982,.F.);
#8999=ORIENTED_EDGE('',*,*,#4499,.F.);
#9000=EDGE_LOOP('',(#8996,#8997,#8998,#8999));
#9001=FACE_OUTER_BOUND('',#9000,.F.);
#9003=CARTESIAN_POINT('',(-4.876666686535E0,-4.675E0,-1.758936170340E1));
#9004=DIRECTION('',(6.080766493621E-1,0.E0,-7.938783209665E-1));
#9005=DIRECTION('',(7.938783209665E-1,0.E0,6.080766493621E-1));
#9006=AXIS2_PLACEMENT_3D('',#9003,#9004,#9005);
#9007=PLANE('',#9006);
#9009=ORIENTED_EDGE('',*,*,#9008,.T.);
#9010=ORIENTED_EDGE('',*,*,#8324,.T.);
#9011=ORIENTED_EDGE('',*,*,#8995,.F.);
#9012=ORIENTED_EDGE('',*,*,#4497,.F.);
#9013=EDGE_LOOP('',(#9009,#9010,#9011,#9012));
#9014=FACE_OUTER_BOUND('',#9013,.F.);
#9016=CARTESIAN_POINT('',(-4.7725E0,-4.675E0,-1.763191488981E1));
#9017=DIRECTION('',(3.781725326593E-1,0.E0,9.257351324985E-1));
#9018=DIRECTION('',(-9.257351324985E-1,0.E0,3.781725326593E-1));
#9019=AXIS2_PLACEMENT_3D('',#9016,#9017,#9018);
#9020=PLANE('',#9019);
#9022=ORIENTED_EDGE('',*,*,#9021,.T.);
#9023=ORIENTED_EDGE('',*,*,#8326,.T.);
#9024=ORIENTED_EDGE('',*,*,#9008,.F.);
#9025=ORIENTED_EDGE('',*,*,#4495,.F.);
#9026=EDGE_LOOP('',(#9022,#9023,#9024,#9025));
#9027=FACE_OUTER_BOUND('',#9026,.F.);
#9029=CARTESIAN_POINT('',(-4.730833313465E0,-4.675E0,-1.769574466944E1));
#9030=DIRECTION('',(8.373790012342E-1,0.E0,5.466227293958E-1));
#9031=DIRECTION('',(-5.466227293958E-1,0.E0,8.373790012342E-1));
#9032=AXIS2_PLACEMENT_3D('',#9029,#9030,#9031);
#9033=PLANE('',#9032);
#9035=ORIENTED_EDGE('',*,*,#9034,.T.);
#9036=ORIENTED_EDGE('',*,*,#8328,.T.);
#9037=ORIENTED_EDGE('',*,*,#9021,.F.);
#9038=ORIENTED_EDGE('',*,*,#4493,.F.);
#9039=EDGE_LOOP('',(#9035,#9036,#9037,#9038));
#9040=FACE_OUTER_BOUND('',#9039,.F.);
#9042=CARTESIAN_POINT('',(-4.71E0,-4.675E0,-1.778085107207E1));
#9043=DIRECTION('',(9.713212254645E-1,0.E0,2.377710599762E-1));
#9044=DIRECTION('',(-2.377710599762E-1,0.E0,9.713212254645E-1));
#9045=AXIS2_PLACEMENT_3D('',#9042,#9043,#9044);
#9046=PLANE('',#9045);
#9048=ORIENTED_EDGE('',*,*,#9047,.T.);
#9049=ORIENTED_EDGE('',*,*,#8330,.T.);
#9050=ORIENTED_EDGE('',*,*,#9034,.F.);
#9051=ORIENTED_EDGE('',*,*,#4491,.F.);
#9052=EDGE_LOOP('',(#9048,#9049,#9050,#9051));
#9053=FACE_OUTER_BOUND('',#9052,.F.);
#9055=CARTESIAN_POINT('',(-4.71E0,-4.675E0,-1.786595744491E1));
#9056=DIRECTION('',(1.E0,0.E0,0.E0));
#9057=DIRECTION('',(0.E0,0.E0,1.E0));
#9058=AXIS2_PLACEMENT_3D('',#9055,#9056,#9057);
#9059=PLANE('',#9058);
#9061=ORIENTED_EDGE('',*,*,#9060,.T.);
#9062=ORIENTED_EDGE('',*,*,#8332,.T.);
#9063=ORIENTED_EDGE('',*,*,#9047,.F.);
#9064=ORIENTED_EDGE('',*,*,#4489,.F.);
#9065=EDGE_LOOP('',(#9061,#9062,#9063,#9064));
#9066=FACE_OUTER_BOUND('',#9065,.F.);
#9068=CARTESIAN_POINT('',(-4.730833313465E0,-4.675E0,-1.792978723943E1));
#9069=DIRECTION('',(9.506453007588E-1,0.E0,-3.102797320889E-1));
#9070=DIRECTION('',(3.102797320889E-1,0.E0,9.506453007588E-1));
#9071=AXIS2_PLACEMENT_3D('',#9068,#9069,#9070);
#9072=PLANE('',#9071);
#9073=ORIENTED_EDGE('',*,*,#8347,.T.);
#9074=ORIENTED_EDGE('',*,*,#8334,.T.);
#9075=ORIENTED_EDGE('',*,*,#9060,.F.);
#9076=ORIENTED_EDGE('',*,*,#4487,.F.);
#9077=EDGE_LOOP('',(#9073,#9074,#9075,#9076));
#9078=FACE_OUTER_BOUND('',#9077,.F.);
#9080=CLOSED_SHELL('',(#4601,#4616,#4631,#4667,#4682,#4737,#4752,#4767,#4783,
#4797,#4811,#4824,#4865,#4889,#4904,#4947,#4989,#5004,#5018,#5032,#5047,#5067,
#5087,#5102,#5116,#5130,#5164,#5179,#5192,#5206,#5220,#5234,#5253,#5271,#5285,
#5298,#5314,#5330,#5346,#5376,#5405,#5421,#5436,#5451,#5470,#5484,#5499,#5518,
#5530,#5542,#5565,#5583,#5596,#5609,#5625,#5648,#5664,#5678,#5700,#5716,#5729,
#5742,#5755,#5768,#5781,#5793,#5827,#5840,#5853,#5865,#5878,#5891,#5903,#5917,
#5951,#5964,#5986,#5998,#6011,#6024,#6037,#6049,#6062,#6075,#6088,#6119,#6139,
#6153,#6168,#6182,#6195,#6210,#6222,#6240,#6255,#6268,#6282,#6295,#6307,#6330,
#6345,#6359,#6381,#6396,#6409,#6422,#6435,#6448,#6461,#6473,#6486,#6499,#6511,
#6525,#6543,#6555,#6568,#6586,#6599,#6612,#6624,#6638,#6652,#6666,#6680,#6697,
#6715,#6733,#6745,#6757,#6769,#6782,#6795,#6807,#6820,#6833,#6845,#6862,#6879,
#6897,#6917,#6949,#6982,#7005,#7028,#7044,#7061,#7075,#7091,#7121,#7153,#7167,
#7206,#7240,#7255,#7271,#7285,#7300,#7336,#7372,#7385,#7398,#7411,#7423,#7437,
#7451,#7464,#7477,#7490,#7504,#7517,#7532,#7546,#7559,#7572,#7585,#7597,#7609,
#7624,#7639,#7652,#7666,#7679,#7692,#7705,#7718,#7732,#7745,#7758,#7771,#7783,
#7795,#7809,#7823,#7836,#7849,#7861,#7874,#7887,#7900,#7912,#7925,#7937,#7951,
#7965,#7979,#7993,#8007,#8021,#8034,#8050,#8065,#8078,#8091,#8103,#8118,#8132,
#8146,#8160,#8174,#8188,#8201,#8216,#8338,#8352,#8365,#8378,#8391,#8404,#8417,
#8430,#8443,#8456,#8469,#8482,#8495,#8508,#8521,#8534,#8547,#8560,#8573,#8586,
#8599,#8612,#8625,#8638,#8651,#8664,#8677,#8690,#8703,#8716,#8729,#8742,#8755,
#8768,#8781,#8794,#8807,#8820,#8833,#8846,#8859,#8872,#8885,#8898,#8911,#8924,
#8937,#8950,#8963,#8976,#8989,#9002,#9015,#9028,#9041,#9054,#9067,#9079));
#9081=MANIFOLD_SOLID_BREP('',#9080);
#9084=PLANE_ANGLE_MEASURE_WITH_UNIT(PLANE_ANGLE_MEASURE(1.745329251994E-2),
#9083);
#9085=(CONVERSION_BASED_UNIT('DEGREE',#9084)NAMED_UNIT(*)PLANE_ANGLE_UNIT());
#9087=UNCERTAINTY_MEASURE_WITH_UNIT(LENGTH_MEASURE(3.627923371652E-3),#9082,
'distance_accuracy_value',
'Maximum model space distance between geometric entities at asserted connectivities');
#9090=APPLICATION_CONTEXT('automotive_design');
#9091=APPLICATION_PROTOCOL_DEFINITION('international standard',
'automotive_design',2001,#9090);
#9092=PRODUCT_DEFINITION_CONTEXT('part definition',#9090,'design');
#9093=PRODUCT_CONTEXT('',#9090,'mechanical');
#9094=PRODUCT('C-1-178136-3','C-1-178136-3','NOT SPECIFIED',(#9093));
#9095=PRODUCT_DEFINITION_FORMATION('1','LAST_VERSION',#9094);
#9103=DERIVED_UNIT_ELEMENT(#9102,2.E0);
#9104=DERIVED_UNIT((#9103));
#9105=MEASURE_REPRESENTATION_ITEM('surface area measure',AREA_MEASURE(
3.467047374080E3),#9104);
#9110=DERIVED_UNIT_ELEMENT(#9109,3.E0);
#9111=DERIVED_UNIT((#9110));
#9112=MEASURE_REPRESENTATION_ITEM('volume measure',VOLUME_MEASURE(
2.438682850816E3),#9111);
#9116=CARTESIAN_POINT('centre point',(-6.169254639350E-3,1.840293622288E-2,
-1.214790411652E1));
#9121=DERIVED_UNIT_ELEMENT(#9120,2.E0);
#9122=DERIVED_UNIT((#9121));
#9123=MEASURE_REPRESENTATION_ITEM('surface area measure',AREA_MEASURE(
3.467047374080E3),#9122);
#9128=DERIVED_UNIT_ELEMENT(#9127,3.E0);
#9129=DERIVED_UNIT((#9128));
#9130=MEASURE_REPRESENTATION_ITEM('volume measure',VOLUME_MEASURE(
2.438682850816E3),#9129);
#9134=CARTESIAN_POINT('centre point',(-6.169254639350E-3,1.840293622288E-2,
-1.214790411652E1));
#9139=PRODUCT_RELATED_PRODUCT_CATEGORY('part','',(#9094));
#1=DRAUGHTING_PRE_DEFINED_COLOUR('black');
#2=COLOUR_RGB('',0.E0,0.E0,3.6E-1);
#3=COLOUR_RGB('',0.E0,0.E0,4.8E-1);
#4=DRAUGHTING_PRE_DEFINED_COLOUR('blue');
#5=COLOUR_RGB('',0.E0,5.8824E-2,4.58824E-1);
#6=COLOUR_RGB('',0.E0,1.80392E-1,4.78431E-1);
#7=COLOUR_RGB('',0.E0,3.6E-1,9.E-2);
#8=COLOUR_RGB('',0.E0,3.6E-1,2.7E-1);
#9=COLOUR_RGB('',0.E0,5.6E-1,6.4E-1);
#10=COLOUR_RGB('',0.E0,5.8E-1,8.E-1);
#11=COLOUR_RGB('',0.E0,7.1E-1,6.6E-1);
#12=COLOUR_RGB('',0.E0,7.13E-1,0.E0);
#13=COLOUR_RGB('',0.E0,9.5E-1,8.4E-1);
#14=DRAUGHTING_PRE_DEFINED_COLOUR('green');
#15=DRAUGHTING_PRE_DEFINED_COLOUR('cyan');
#16=COLOUR_RGB('',1.1765E-2,1.9608E-2,3.9216E-2);
#17=COLOUR_RGB('',4.E-2,0.E0,1.6E-1);
#18=COLOUR_RGB('',3.9216E-2,2.19608E-1,1.21569E-1);
#19=COLOUR_RGB('',3.9216E-2,3.60784E-1,2.E-1);
#20=COLOUR_RGB('',5.098E-2,7.0588E-2,1.01961E-1);
#21=COLOUR_RGB('',9.E-2,0.E0,1.2E-1);
#22=COLOUR_RGB('',9.0196E-2,1.60784E-1,1.09804E-1);
#23=COLOUR_RGB('',9.0196E-2,3.80392E-1,6.70588E-1);
#24=COLOUR_RGB('',1.E-1,0.E0,2.5E-1);
#25=COLOUR_RGB('',1.01961E-1,4.78431E-1,3.88235E-1);
#26=COLOUR_RGB('',1.09804E-1,1.4902E-1,9.0196E-2);
#27=COLOUR_RGB('',1.4902E-1,3.09804E-1,5.29412E-1);
#28=COLOUR_RGB('',1.4902E-1,4.E-1,1.60784E-1);
#29=COLOUR_RGB('',1.6E-1,3.2E-2,0.E0);
#30=COLOUR_RGB('',1.60784E-1,4.5098E-1,7.21569E-1);
#31=COLOUR_RGB('',1.6E-1,4.6E-1,6.5E-1);
#32=COLOUR_RGB('',1.6E-1,1.E0,1.6E-1);
#33=COLOUR_RGB('',2.E-1,3.2E-2,0.E0);
#34=COLOUR_RGB('',2.11765E-1,4.11765E-1,1.4902E-1);
#35=COLOUR_RGB('',2.39216E-1,2.39216E-1,2.31373E-1);
#36=COLOUR_RGB('',2.39216E-1,2.70588E-1,1.80392E-1);
#37=COLOUR_RGB('',2.5098E-1,2.90196E-1,3.29412E-1);
#38=COLOUR_RGB('',2.90196E-1,4.31373E-1,2.E-1);
#39=COLOUR_RGB('',3.1E-1,3.1E-1,5.6E-1);
#40=COLOUR_RGB('',3.09804E-1,6.58824E-1,2.E-1);
#41=COLOUR_RGB('',3.2E-1,1.5E-1,0.E0);
#42=COLOUR_RGB('',3.60784E-1,3.1373E-2,1.68627E-1);
#43=COLOUR_RGB('',3.68627E-1,2.E-1,1.21569E-1);
#44=COLOUR_RGB('',3.88235E-1,2.39216E-1,6.11765E-1);
#45=COLOUR_RGB('',4.E-1,4.E-1,4.E-1);
#46=COLOUR_RGB('',4.11765E-1,5.8824E-2,7.8431E-2);
#47=COLOUR_RGB('',4.11765E-1,3.29412E-1,2.19608E-1);
#48=COLOUR_RGB('',4.2E-1,4.2E-1,1.E0);
#49=COLOUR_RGB('',4.4E-1,8.5E-1,1.E0);
#50=COLOUR_RGB('',4.58824E-1,4.5098E-1,3.09804E-1);
#51=COLOUR_RGB('',4.70588E-1,5.09804E-1,5.4902E-1);
#52=COLOUR_RGB('',4.78431E-1,4.90196E-1,4.58824E-1);
#53=COLOUR_RGB('',4.90196E-1,3.60784E-1,2.19608E-1);
#54=COLOUR_RGB('',4.9E-1,4.9E-1,0.E0);
#55=COLOUR_RGB('',4.9E-1,1.E0,0.E0);
#56=COLOUR_RGB('',5.E-1,0.E0,0.E0);
#57=COLOUR_RGB('',5.E-1,0.E0,2.3E-1);
#58=COLOUR_RGB('',5.E-1,5.E-1,5.E-1);
#59=COLOUR_RGB('',5.21569E-1,2.19608E-1,1.68627E-1);
#60=COLOUR_RGB('',5.3E-1,0.E0,0.E0);
#61=COLOUR_RGB('',5.29412E-1,5.80392E-1,6.5098E-1);
#62=COLOUR_RGB('',5.4E-1,0.E0,4.4E-1);
#63=COLOUR_RGB('',5.5E-1,3.E-1,0.E0);
#64=COLOUR_RGB('',5.6E-1,1.E-1,5.E-2);
#65=COLOUR_RGB('',5.60784E-1,5.80392E-1,6.19608E-1);
#66=COLOUR_RGB('',5.68627E-1,5.8824E-2,4.E-1);
#67=COLOUR_RGB('',5.8E-1,2.2E-1,1.E-2);
#68=COLOUR_RGB('',5.88235E-1,1.21569E-1,1.09804E-1);
#69=COLOUR_RGB('',6.E-1,6.E-1,6.E-1);
#70=COLOUR_RGB('',6.11765E-1,5.60784E-1,3.80392E-1);
#71=COLOUR_RGB('',6.11765E-1,6.11765E-1,6.5098E-1);
#72=COLOUR_RGB('',6.2E-1,0.E0,5.5E-1);
#73=COLOUR_RGB('',6.19608E-1,6.39216E-1,6.90196E-1);
#74=COLOUR_RGB('',6.4E-1,0.E0,2.5E-1);
#75=COLOUR_RGB('',6.4E-1,1.E-2,0.E0);
#76=COLOUR_RGB('',6.39216E-1,5.4902E-1,4.78431E-1);
#77=COLOUR_RGB('',6.5098E-1,6.70588E-1,7.09804E-1);
#78=COLOUR_RGB('',6.70588E-1,1.21569E-1,1.09804E-1);
#79=COLOUR_RGB('',6.78431E-1,4.78431E-1,3.09804E-1);
#80=COLOUR_RGB('',6.8E-1,7.5E-1,1.E0);
#81=COLOUR_RGB('',6.952E-1,7.426E-1,7.9E-1);
#82=COLOUR_RGB('',7.09804E-1,7.0588E-2,2.E-1);
#83=COLOUR_RGB('',7.1E-1,3.1E-1,0.E0);
#84=COLOUR_RGB('',7.2E-1,7.2E-1,7.2E-1);
#85=COLOUR_RGB('',7.29412E-1,7.41176E-1,7.29412E-1);
#86=COLOUR_RGB('',7.41176E-1,7.29412E-1,6.70588E-1);
#87=COLOUR_RGB('',7.4E-1,1.E0,2.6E-1);
#88=COLOUR_RGB('',7.5E-1,3.E-2,0.E0);
#89=COLOUR_RGB('',7.4902E-1,8.90196E-1,7.29412E-1);
#90=COLOUR_RGB('',7.6E-1,0.E0,4.7E-1);
#91=COLOUR_RGB('',7.80392E-1,9.0196E-2,7.0588E-2);
#92=COLOUR_RGB('',7.88235E-1,2.19608E-1,5.4902E-1);
#93=COLOUR_RGB('',8.1E-1,4.E-2,0.E0);
#94=COLOUR_RGB('',8.1E-1,6.1E-1,0.E0);
#95=COLOUR_RGB('',8.2E-1,4.E-2,6.6E-1);
#96=COLOUR_RGB('',8.31373E-1,8.5098E-1,8.58824E-1);
#97=COLOUR_RGB('',8.5098E-1,7.29412E-1,5.4902E-1);
#98=COLOUR_RGB('',8.5E-1,8.5E-1,8.5E-1);
#99=COLOUR_RGB('',8.78431E-1,3.68627E-1,1.21569E-1);
#100=COLOUR_RGB('',8.784E-1,9.49E-1,1.E0);
#101=COLOUR_RGB('',8.90196E-1,5.88235E-1,1.41176E-1);
#102=COLOUR_RGB('',9.E-1,1.E0,0.E0);
#103=COLOUR_RGB('',9.09804E-1,6.11765E-1,7.09804E-1);
#104=COLOUR_RGB('',9.37E-1,7.85E-1,0.E0);
#105=COLOUR_RGB('',9.41176E-1,9.29412E-1,9.01961E-1);
#106=COLOUR_RGB('',9.5E-1,2.2E-1,8.1E-1);
#107=COLOUR_RGB('',9.6E-1,3.7E-1,3.E-1);
#108=COLOUR_RGB('',9.6E-1,7.1E-1,3.75E-1);
#109=COLOUR_RGB('',9.80392E-1,1.E0,1.E0);
#110=COLOUR_RGB('',9.88235E-1,1.09804E-1,7.8431E-2);
#111=COLOUR_RGB('',9.88235E-1,7.21569E-1,1.29412E-1);
#112=COLOUR_RGB('',9.88235E-1,9.21569E-1,8.E-1);
#113=DRAUGHTING_PRE_DEFINED_COLOUR('red');
#114=COLOUR_RGB('',1.E0,0.E0,6.1E-1);
#115=COLOUR_RGB('',1.E0,4.E-2,0.E0);
#116=COLOUR_RGB('',1.E0,2.3E-1,0.E0);
#117=COLOUR_RGB('',1.E0,3.5E-1,5.2E-1);
#118=COLOUR_RGB('',1.E0,3.6E-1,0.E0);
#119=COLOUR_RGB('',1.E0,3.88235E-1,2.11765E-1);
#120=COLOUR_RGB('',1.E0,4.9E-1,3.7E-1);
#121=COLOUR_RGB('',1.E0,5.E-1,0.E0);
#122=COLOUR_RGB('',1.E0,5.6E-1,7.8E-1);
#123=COLOUR_RGB('',1.E0,6.4E-1,4.9E-1);
#124=COLOUR_RGB('',1.E0,6.7E-1,0.E0);
#125=COLOUR_RGB('',1.E0,7.6E-1,6.5E-1);
#126=COLOUR_RGB('',1.E0,8.39216E-1,3.01961E-1);
#127=COLOUR_RGB('',1.E0,8.6E-1,4.E-2);
#128=COLOUR_RGB('',1.E0,9.60784E-1,2.58824E-1);
#129=COLOUR_RGB('',1.E0,9.60784E-1,8.90196E-1);
#130=COLOUR_RGB('',1.E0,9.8E-1,7.2E-1);
#131=DRAUGHTING_PRE_DEFINED_COLOUR('yellow');
#132=COLOUR_RGB('',1.E0,1.E0,3.9216E-2);
#133=DRAUGHTING_PRE_DEFINED_COLOUR('white');
#1986=CIRCLE('',#1985,1.5E-1);
#2003=CIRCLE('',#2002,1.5E-1);
#2024=CIRCLE('',#2023,6.E-1);
#2033=CIRCLE('',#2032,3.E-1);
#2042=CIRCLE('',#2041,4.E-1);
#2051=CIRCLE('',#2050,6.E-1);
#2060=CIRCLE('',#2059,3.E-1);
#2069=CIRCLE('',#2068,4.E-1);
#2078=B_SPLINE_CURVE_WITH_KNOTS('',3,(#2070,#2071,#2072,#2073,#2074,#2075,#2076,
#2077),.UNSPECIFIED.,.F.,.F.,(4,1,1,1,1,4),(0.E0,2.E-1,4.E-1,6.E-1,8.E-1,1.E0),
.UNSPECIFIED.);
#2085=B_SPLINE_CURVE_WITH_KNOTS('',3,(#2079,#2080,#2081,#2082,#2083,#2084),
.UNSPECIFIED.,.F.,.F.,(4,1,1,4),(0.E0,3.333333333333E-1,6.666666666667E-1,1.E0),
.UNSPECIFIED.);
#2090=B_SPLINE_CURVE_WITH_KNOTS('',3,(#2086,#2087,#2088,#2089),.UNSPECIFIED.,
.F.,.F.,(4,4),(0.E0,1.E0),.UNSPECIFIED.);
#2103=B_SPLINE_CURVE_WITH_KNOTS('',3,(#2095,#2096,#2097,#2098,#2099,#2100,#2101,
#2102),.UNSPECIFIED.,.F.,.F.,(4,1,1,1,1,4),(0.E0,2.E-1,4.E-1,6.E-1,8.E-1,1.E0),
.UNSPECIFIED.);
#2110=B_SPLINE_CURVE_WITH_KNOTS('',3,(#2104,#2105,#2106,#2107,#2108,#2109),
.UNSPECIFIED.,.F.,.F.,(4,1,1,4),(0.E0,3.333333333333E-1,6.666666666667E-1,1.E0),
.UNSPECIFIED.);
#2115=B_SPLINE_CURVE_WITH_KNOTS('',3,(#2111,#2112,#2113,#2114),.UNSPECIFIED.,
.F.,.F.,(4,4),(0.E0,1.E0),.UNSPECIFIED.);
#2128=B_SPLINE_CURVE_WITH_KNOTS('',3,(#2120,#2121,#2122,#2123,#2124,#2125,#2126,
#2127),.UNSPECIFIED.,.F.,.F.,(4,1,1,1,1,4),(0.E0,2.E-1,4.E-1,6.E-1,8.E-1,1.E0),
.UNSPECIFIED.);
#2135=B_SPLINE_CURVE_WITH_KNOTS('',3,(#2129,#2130,#2131,#2132,#2133,#2134),
.UNSPECIFIED.,.F.,.F.,(4,1,1,4),(0.E0,3.333333333333E-1,6.666666666667E-1,1.E0),
.UNSPECIFIED.);
#2140=B_SPLINE_CURVE_WITH_KNOTS('',3,(#2136,#2137,#2138,#2139),.UNSPECIFIED.,
.F.,.F.,(4,4),(0.E0,1.E0),.UNSPECIFIED.);
#2153=B_SPLINE_CURVE_WITH_KNOTS('',3,(#2145,#2146,#2147,#2148,#2149,#2150,#2151,
#2152),.UNSPECIFIED.,.F.,.F.,(4,1,1,1,1,4),(0.E0,2.E-1,4.E-1,6.E-1,8.E-1,1.E0),
.UNSPECIFIED.);
#2160=B_SPLINE_CURVE_WITH_KNOTS('',3,(#2154,#2155,#2156,#2157,#2158,#2159),
.UNSPECIFIED.,.F.,.F.,(4,1,1,4),(0.E0,3.333333333333E-1,6.666666666667E-1,1.E0),
.UNSPECIFIED.);
#2165=B_SPLINE_CURVE_WITH_KNOTS('',3,(#2161,#2162,#2163,#2164),.UNSPECIFIED.,
.F.,.F.,(4,4),(0.E0,1.E0),.UNSPECIFIED.);
#2198=CIRCLE('',#2197,6.E-1);
#2207=CIRCLE('',#2206,3.E-1);
#2216=CIRCLE('',#2215,4.E-1);
#2229=CIRCLE('',#2228,6.E-1);
#2238=CIRCLE('',#2237,3.E-1);
#2247=CIRCLE('',#2246,4.E-1);
#2252=CIRCLE('',#2251,6.E-1);
#2261=CIRCLE('',#2260,4.E-1);
#2270=CIRCLE('',#2269,3.E-1);
#2279=CIRCLE('',#2278,6.E-1);
#2292=CIRCLE('',#2291,3.E-1);
#2301=CIRCLE('',#2300,6.E-1);
#2310=CIRCLE('',#2309,1.E-1);
#2327=CIRCLE('',#2326,4.E-1);
#2336=CIRCLE('',#2335,3.E-1);
#2345=CIRCLE('',#2344,6.E-1);
#2358=CIRCLE('',#2357,3.E-1);
#2367=CIRCLE('',#2366,6.E-1);
#2376=CIRCLE('',#2375,1.E-1);
#2409=CIRCLE('',#2408,4.E-1);
#2418=CIRCLE('',#2417,3.E-1);
#2427=CIRCLE('',#2426,6.E-1);
#2440=CIRCLE('',#2439,3.E-1);
#2449=CIRCLE('',#2448,6.E-1);
#2458=CIRCLE('',#2457,1.E-1);
#2475=CIRCLE('',#2474,4.E-1);
#2484=CIRCLE('',#2483,3.E-1);
#2493=CIRCLE('',#2492,6.E-1);
#2506=CIRCLE('',#2505,3.E-1);
#2515=CIRCLE('',#2514,6.E-1);
#2524=CIRCLE('',#2523,1.E-1);
#2557=CIRCLE('',#2556,1.5E-1);
#2570=CIRCLE('',#2569,1.5E-1);
#2579=CIRCLE('',#2578,3.E-1);
#2596=CIRCLE('',#2595,6.E-1);
#2657=CIRCLE('',#2656,6.E-1);
#2674=CIRCLE('',#2673,3.E-1);
#2683=CIRCLE('',#2682,1.5E-1);
#2700=CIRCLE('',#2699,1.5E-1);
#2729=CIRCLE('',#2728,1.5E-1);
#2742=CIRCLE('',#2741,1.5E-1);
#2751=CIRCLE('',#2750,3.E-1);
#2768=CIRCLE('',#2767,6.E-1);
#2793=CIRCLE('',#2792,3.E-1);
#4435=EDGE_CURVE('',#4220,#4221,#137,.T.);
#4437=EDGE_CURVE('',#4201,#4221,#141,.T.);
#4439=EDGE_CURVE('',#4201,#3413,#145,.T.);
#4441=EDGE_CURVE('',#3413,#3411,#149,.T.);
#4443=EDGE_CURVE('',#3411,#3409,#153,.T.);
#4445=EDGE_CURVE('',#3409,#3407,#157,.T.);
#4447=EDGE_CURVE('',#3407,#3405,#161,.T.);
#4449=EDGE_CURVE('',#3405,#3403,#165,.T.);
#4451=EDGE_CURVE('',#3403,#3401,#169,.T.);
#4453=EDGE_CURVE('',#3401,#3399,#173,.T.);
#4455=EDGE_CURVE('',#3399,#3397,#177,.T.);
#4457=EDGE_CURVE('',#3397,#3395,#181,.T.);
#4459=EDGE_CURVE('',#3395,#3392,#185,.T.);
#4461=EDGE_CURVE('',#3392,#3393,#189,.T.);
#4463=EDGE_CURVE('',#3393,#4196,#193,.T.);
#4465=EDGE_CURVE('',#4220,#4196,#197,.T.);
#4469=EDGE_CURVE('',#4001,#4003,#201,.T.);
#4471=EDGE_CURVE('',#4003,#4005,#205,.T.);
#4473=EDGE_CURVE('',#4005,#4007,#209,.T.);
#4475=EDGE_CURVE('',#4007,#4009,#213,.T.);
#4477=EDGE_CURVE('',#4009,#4011,#217,.T.);
#4479=EDGE_CURVE('',#4011,#4013,#221,.T.);
#4481=EDGE_CURVE('',#4013,#4001,#225,.T.);
#4485=EDGE_CURVE('',#4015,#4017,#229,.T.);
#4487=EDGE_CURVE('',#4017,#4019,#233,.T.);
#4489=EDGE_CURVE('',#4019,#4021,#237,.T.);
#4491=EDGE_CURVE('',#4021,#4023,#241,.T.);
#4493=EDGE_CURVE('',#4023,#4025,#245,.T.);
#4495=EDGE_CURVE('',#4025,#4027,#249,.T.);
#4497=EDGE_CURVE('',#4027,#4029,#253,.T.);
#4499=EDGE_CURVE('',#4029,#4031,#257,.T.);
#4501=EDGE_CURVE('',#4031,#4033,#261,.T.);
#4503=EDGE_CURVE('',#4033,#4035,#265,.T.);
#4505=EDGE_CURVE('',#4035,#4037,#269,.T.);
#4507=EDGE_CURVE('',#4037,#4039,#273,.T.);
#4509=EDGE_CURVE('',#4039,#4041,#277,.T.);
#4511=EDGE_CURVE('',#4041,#4043,#281,.T.);
#4513=EDGE_CURVE('',#4043,#4045,#285,.T.);
#4515=EDGE_CURVE('',#4045,#4047,#289,.T.);
#4517=EDGE_CURVE('',#4047,#4049,#293,.T.);
#4519=EDGE_CURVE('',#4049,#4051,#297,.T.);
#4521=EDGE_CURVE('',#4051,#4053,#301,.T.);
#4523=EDGE_CURVE('',#4053,#4055,#305,.T.);
#4525=EDGE_CURVE('',#4055,#4057,#309,.T.);
#4527=EDGE_CURVE('',#4057,#4059,#313,.T.);
#4529=EDGE_CURVE('',#4059,#4061,#317,.T.);
#4531=EDGE_CURVE('',#4061,#4063,#321,.T.);
#4533=EDGE_CURVE('',#4063,#4065,#325,.T.);
#4535=EDGE_CURVE('',#4065,#4067,#329,.T.);
#4537=EDGE_CURVE('',#4067,#4069,#333,.T.);
#4539=EDGE_CURVE('',#4069,#4071,#337,.T.);
#4541=EDGE_CURVE('',#4071,#4073,#341,.T.);
#4543=EDGE_CURVE('',#4073,#4075,#345,.T.);
#4545=EDGE_CURVE('',#4075,#4077,#349,.T.);
#4547=EDGE_CURVE('',#4077,#4079,#353,.T.);
#4549=EDGE_CURVE('',#4079,#4081,#357,.T.);
#4551=EDGE_CURVE('',#4081,#4083,#361,.T.);
#4553=EDGE_CURVE('',#4083,#4085,#365,.T.);
#4555=EDGE_CURVE('',#4085,#4087,#369,.T.);
#4557=EDGE_CURVE('',#4087,#4089,#373,.T.);
#4559=EDGE_CURVE('',#4089,#4091,#377,.T.);
#4561=EDGE_CURVE('',#4091,#4093,#381,.T.);
#4563=EDGE_CURVE('',#4093,#4095,#385,.T.);
#4565=EDGE_CURVE('',#4095,#4097,#389,.T.);
#4567=EDGE_CURVE('',#4097,#4099,#393,.T.);
#4569=EDGE_CURVE('',#4099,#4101,#397,.T.);
#4571=EDGE_CURVE('',#4101,#4103,#401,.T.);
#4573=EDGE_CURVE('',#4103,#4105,#405,.T.);
#4575=EDGE_CURVE('',#4105,#4107,#409,.T.);
#4577=EDGE_CURVE('',#4107,#4109,#413,.T.);
#4579=EDGE_CURVE('',#4109,#4111,#417,.T.);
#4581=EDGE_CURVE('',#4111,#4113,#421,.T.);
#4583=EDGE_CURVE('',#4113,#4115,#425,.T.);
#4585=EDGE_CURVE('',#4115,#4117,#429,.T.);
#4587=EDGE_CURVE('',#4117,#4119,#433,.T.);
#4589=EDGE_CURVE('',#4119,#4121,#437,.T.);
#4591=EDGE_CURVE('',#4121,#4123,#441,.T.);
#4593=EDGE_CURVE('',#4123,#4125,#445,.T.);
#4595=EDGE_CURVE('',#4125,#4127,#449,.T.);
#4597=EDGE_CURVE('',#4127,#4015,#453,.T.);
#4601=ADVANCED_FACE('',(#4468,#4484,#4600),#4434,.T.);
#4608=EDGE_CURVE('',#4220,#4249,#457,.T.);
#4610=EDGE_CURVE('',#4249,#4251,#493,.T.);
#4612=EDGE_CURVE('',#4221,#4251,#1845,.T.);
#4616=ADVANCED_FACE('',(#4615),#4606,.F.);
#4622=EDGE_CURVE('',#4247,#4249,#497,.T.);
#4625=EDGE_CURVE('',#4220,#4233,#1941,.T.);
#4627=EDGE_CURVE('',#4233,#4247,#461,.T.);
#4631=ADVANCED_FACE('',(#4630),#4621,.F.);
#4637=EDGE_CURVE('',#4240,#4241,#473,.T.);
#4639=EDGE_CURVE('',#4257,#4240,#477,.T.);
#4641=EDGE_CURVE('',#4255,#4257,#481,.T.);
#4643=EDGE_CURVE('',#4253,#4255,#485,.T.);
#4645=EDGE_CURVE('',#4251,#4253,#489,.T.);
#4649=EDGE_CURVE('',#4246,#4247,#501,.T.);
#4651=EDGE_CURVE('',#4243,#4246,#505,.T.);
#4653=EDGE_CURVE('',#4241,#4243,#509,.T.);
#4657=EDGE_CURVE('',#4208,#4209,#465,.T.);
#4659=EDGE_CURVE('',#4217,#4208,#1653,.T.);
#4661=EDGE_CURVE('',#4216,#4217,#469,.T.);
#4663=EDGE_CURVE('',#4209,#4216,#1665,.T.);
#4667=ADVANCED_FACE('',(#4656,#4666),#4636,.T.);
#4673=EDGE_CURVE('',#4204,#4205,#541,.T.);
#4675=EDGE_CURVE('',#4204,#4208,#513,.T.);
#4678=EDGE_CURVE('',#4209,#4205,#517,.T.);
#4682=ADVANCED_FACE('',(#4681),#4672,.T.);
#4688=EDGE_CURVE('',#4141,#4143,#521,.T.);
#4690=EDGE_CURVE('',#4169,#4141,#525,.T.);
#4692=EDGE_CURVE('',#3711,#4169,#529,.T.);
#4694=EDGE_CURVE('',#3710,#3711,#533,.T.);
#4696=EDGE_CURVE('',#4204,#3710,#537,.T.);
#4699=EDGE_CURVE('',#3735,#4205,#545,.T.);
#4701=EDGE_CURVE('',#3733,#3735,#549,.T.);
#4703=EDGE_CURVE('',#3731,#3733,#553,.T.);
#4705=EDGE_CURVE('',#3729,#3731,#557,.T.);
#4707=EDGE_CURVE('',#3727,#3729,#561,.T.);
#4709=EDGE_CURVE('',#3725,#3727,#565,.T.);
#4711=EDGE_CURVE('',#3724,#3725,#569,.T.);
#4713=EDGE_CURVE('',#4175,#3724,#573,.T.);
#4715=EDGE_CURVE('',#4175,#4147,#577,.T.);
#4717=EDGE_CURVE('',#4145,#4147,#581,.T.);
#4719=EDGE_CURVE('',#4173,#4145,#585,.T.);
#4721=EDGE_CURVE('',#3721,#4173,#589,.T.);
#4723=EDGE_CURVE('',#3719,#3721,#593,.T.);
#4725=EDGE_CURVE('',#3717,#3719,#597,.T.);
#4727=EDGE_CURVE('',#3715,#3717,#601,.T.);
#4729=EDGE_CURVE('',#3714,#3715,#605,.T.);
#4731=EDGE_CURVE('',#4171,#3714,#609,.T.);
#4733=EDGE_CURVE('',#4171,#4143,#613,.T.);
#4737=ADVANCED_FACE('',(#4736),#4687,.T.);
#4743=EDGE_CURVE('',#4141,#4130,#617,.T.);
#4746=EDGE_CURVE('',#4131,#4143,#621,.T.);
#4748=EDGE_CURVE('',#4130,#4131,#625,.T.);
#4752=ADVANCED_FACE('',(#4751),#4742,.T.);
#4758=EDGE_CURVE('',#4145,#4134,#629,.T.);
#4761=EDGE_CURVE('',#4135,#4147,#633,.T.);
#4763=EDGE_CURVE('',#4134,#4135,#637,.T.);
#4767=ADVANCED_FACE('',(#4766),#4757,.T.);
#4773=EDGE_CURVE('',#4149,#4138,#641,.T.);
#4775=EDGE_CURVE('',#4151,#4149,#1429,.T.);
#4777=EDGE_CURVE('',#4139,#4151,#645,.T.);
#4779=EDGE_CURVE('',#4138,#4139,#649,.T.);
#4783=ADVANCED_FACE('',(#4782),#4772,.T.);
#4790=EDGE_CURVE('',#4153,#4130,#653,.T.);
#4792=EDGE_CURVE('',#4169,#4153,#677,.T.);
#4797=ADVANCED_FACE('',(#4796),#4788,.T.);
#4805=EDGE_CURVE('',#4155,#4131,#657,.T.);
#4807=EDGE_CURVE('',#4153,#4155,#681,.T.);
#4811=ADVANCED_FACE('',(#4810),#4802,.T.);
#4819=EDGE_CURVE('',#4171,#4155,#685,.T.);
#4824=ADVANCED_FACE('',(#4823),#4816,.T.);
#4834=EDGE_CURVE('',#4177,#3714,#1501,.T.);
#4836=EDGE_CURVE('',#4177,#4163,#689,.T.);
#4838=EDGE_CURVE('',#4167,#4163,#693,.T.);
#4840=EDGE_CURVE('',#3693,#4167,#1481,.T.);
#4842=EDGE_CURVE('',#3693,#3746,#697,.T.);
#4844=EDGE_CURVE('',#3739,#3746,#1601,.T.);
#4846=EDGE_CURVE('',#3739,#3743,#701,.T.);
#4848=EDGE_CURVE('',#3743,#3750,#1621,.T.);
#4850=EDGE_CURVE('',#3750,#3711,#705,.T.);
#4855=EDGE_CURVE('',#3866,#3867,#661,.T.);
#4857=EDGE_CURVE('',#3866,#3870,#665,.T.);
#4859=EDGE_CURVE('',#3870,#3871,#669,.T.);
#4861=EDGE_CURVE('',#3867,#3871,#673,.T.);
#4865=ADVANCED_FACE('',(#4854,#4864),#4829,.F.);
#4871=EDGE_CURVE('',#3858,#3859,#829,.T.);
#4873=EDGE_CURVE('',#3858,#3826,#709,.T.);
#4875=EDGE_CURVE('',#3826,#3827,#713,.T.);
#4877=EDGE_CURVE('',#3827,#3829,#717,.T.);
#4879=EDGE_CURVE('',#3829,#3831,#721,.T.);
#4881=EDGE_CURVE('',#3831,#3833,#725,.T.);
#4883=EDGE_CURVE('',#3833,#3835,#729,.T.);
#4885=EDGE_CURVE('',#3835,#3859,#733,.T.);
#4889=ADVANCED_FACE('',(#4888),#4870,.F.);
#4896=EDGE_CURVE('',#3867,#3838,#737,.T.);
#4898=EDGE_CURVE('',#3838,#3839,#741,.T.);
#4900=EDGE_CURVE('',#3839,#3866,#745,.T.);
#4904=ADVANCED_FACE('',(#4903),#4894,.F.);
#4910=EDGE_CURVE('',#3583,#3762,#749,.T.);
#4912=EDGE_CURVE('',#3435,#3583,#845,.T.);
#4914=EDGE_CURVE('',#3435,#3433,#981,.T.);
#4916=EDGE_CURVE('',#3433,#3409,#753,.T.);
#4919=EDGE_CURVE('',#3589,#3411,#857,.T.);
#4921=EDGE_CURVE('',#3763,#3589,#757,.T.);
#4923=EDGE_CURVE('',#3762,#3763,#761,.T.);
#4927=EDGE_CURVE('',#3587,#3758,#765,.T.);
#4929=EDGE_CURVE('',#3586,#3587,#869,.T.);
#4931=EDGE_CURVE('',#3759,#3586,#769,.T.);
#4933=EDGE_CURVE('',#3758,#3759,#773,.T.);
#4937=EDGE_CURVE('',#3568,#3569,#813,.T.);
#4939=EDGE_CURVE('',#3569,#3573,#817,.T.);
#4941=EDGE_CURVE('',#3572,#3573,#821,.T.);
#4943=EDGE_CURVE('',#3568,#3572,#825,.T.);
#4947=ADVANCED_FACE('',(#4926,#4936,#4946),#4909,.T.);
#4953=EDGE_CURVE('',#3416,#3517,#777,.T.);
#4955=EDGE_CURVE('',#3501,#3517,#781,.T.);
#4957=EDGE_CURVE('',#3500,#3501,#785,.T.);
#4959=EDGE_CURVE('',#3515,#3500,#789,.T.);
#4961=EDGE_CURVE('',#3515,#3392,#793,.T.);
#4964=EDGE_CURVE('',#3419,#3395,#1149,.T.);
#4966=EDGE_CURVE('',#3419,#3416,#949,.T.);
#4970=EDGE_CURVE('',#3523,#3525,#797,.T.);
#4972=EDGE_CURVE('',#3505,#3525,#801,.T.);
#4974=EDGE_CURVE('',#3504,#3505,#805,.T.);
#4976=EDGE_CURVE('',#3523,#3504,#809,.T.);
#4981=EDGE_CURVE('',#3859,#3863,#833,.T.);
#4983=EDGE_CURVE('',#3862,#3863,#837,.T.);
#4985=EDGE_CURVE('',#3858,#3862,#841,.T.);
#4989=ADVANCED_FACE('',(#4969,#4979,#4988),#4952,.T.);
#4995=EDGE_CURVE('',#3583,#3519,#849,.T.);
#4998=EDGE_CURVE('',#3765,#3762,#1797,.T.);
#5000=EDGE_CURVE('',#3519,#3765,#885,.T.);
#5004=ADVANCED_FACE('',(#5003),#4994,.F.);
#5010=EDGE_CURVE('',#3437,#3519,#881,.T.);
#5012=EDGE_CURVE('',#3437,#3435,#985,.T.);
#5018=ADVANCED_FACE('',(#5017),#5009,.T.);
#5024=EDGE_CURVE('',#3521,#3413,#913,.T.);
#5026=EDGE_CURVE('',#3589,#3521,#853,.T.);
#5032=ADVANCED_FACE('',(#5031),#5023,.T.);
#5038=EDGE_CURVE('',#3604,#3605,#861,.T.);
#5040=EDGE_CURVE('',#3586,#3604,#865,.T.);
#5043=EDGE_CURVE('',#3587,#3605,#873,.T.);
#5047=ADVANCED_FACE('',(#5046),#5037,.T.);
#5053=EDGE_CURVE('',#4192,#4193,#877,.T.);
#5055=EDGE_CURVE('',#4192,#3437,#989,.T.);
#5059=EDGE_CURVE('',#3765,#3485,#889,.T.);
#5061=EDGE_CURVE('',#3484,#3485,#893,.T.);
#5063=EDGE_CURVE('',#4193,#3484,#1817,.T.);
#5067=ADVANCED_FACE('',(#5066),#5052,.T.);
#5073=EDGE_CURVE('',#4200,#4201,#897,.T.);
#5075=EDGE_CURVE('',#3488,#4200,#1833,.T.);
#5077=EDGE_CURVE('',#3488,#3489,#901,.T.);
#5079=EDGE_CURVE('',#3489,#3767,#905,.T.);
#5081=EDGE_CURVE('',#3521,#3767,#909,.T.);
#5087=ADVANCED_FACE('',(#5086),#5072,.T.);
#5093=EDGE_CURVE('',#4225,#4236,#917,.T.);
#5095=EDGE_CURVE('',#4225,#4192,#993,.T.);
#5098=EDGE_CURVE('',#4236,#4193,#1813,.T.);
#5102=ADVANCED_FACE('',(#5101),#5092,.T.);
#5109=EDGE_CURVE('',#4225,#4257,#925,.T.);
#5112=EDGE_CURVE('',#4236,#4255,#921,.T.);
#5116=ADVANCED_FACE('',(#5115),#5107,.F.);
#5122=EDGE_CURVE('',#4224,#4225,#933,.T.);
#5126=EDGE_CURVE('',#4224,#4240,#929,.T.);
#5130=ADVANCED_FACE('',(#5129),#5121,.F.);
#5137=EDGE_CURVE('',#4189,#4224,#937,.T.);
#5139=EDGE_CURVE('',#3417,#4189,#941,.T.);
#5141=EDGE_CURVE('',#3416,#3417,#945,.T.);
#5144=EDGE_CURVE('',#3421,#3419,#953,.T.);
#5146=EDGE_CURVE('',#3423,#3421,#957,.T.);
#5148=EDGE_CURVE('',#3425,#3423,#961,.T.);
#5150=EDGE_CURVE('',#3427,#3425,#965,.T.);
#5152=EDGE_CURVE('',#3429,#3427,#969,.T.);
#5154=EDGE_CURVE('',#3431,#3429,#973,.T.);
#5156=EDGE_CURVE('',#3433,#3431,#977,.T.);
#5164=ADVANCED_FACE('',(#5163),#5135,.F.);
#5170=EDGE_CURVE('',#4224,#4228,#997,.T.);
#5172=EDGE_CURVE('',#4188,#4228,#1009,.T.);
#5174=EDGE_CURVE('',#4188,#4189,#1881,.T.);
#5179=ADVANCED_FACE('',(#5178),#5169,.T.);
#5186=EDGE_CURVE('',#4228,#4241,#1001,.T.);
#5192=ADVANCED_FACE('',(#5191),#5184,.F.);
#5198=EDGE_CURVE('',#4228,#4229,#1005,.T.);
#5202=EDGE_CURVE('',#4229,#4243,#1033,.T.);
#5206=ADVANCED_FACE('',(#5205),#5197,.F.);
#5212=EDGE_CURVE('',#4232,#4233,#1013,.T.);
#5214=EDGE_CURVE('',#4232,#4246,#1045,.T.);
#5220=ADVANCED_FACE('',(#5219),#5211,.F.);
#5227=EDGE_CURVE('',#3775,#4229,#1037,.T.);
#5229=EDGE_CURVE('',#4188,#3775,#1885,.T.);
#5234=ADVANCED_FACE('',(#5233),#5225,.T.);
#5241=EDGE_CURVE('',#4233,#4197,#1017,.T.);
#5243=EDGE_CURVE('',#3773,#4197,#1917,.T.);
#5245=EDGE_CURVE('',#3773,#3533,#1021,.T.);
#5247=EDGE_CURVE('',#3531,#3533,#1025,.T.);
#5249=EDGE_CURVE('',#4232,#3531,#1029,.T.);
#5253=ADVANCED_FACE('',(#5252),#5239,.T.);
#5260=EDGE_CURVE('',#3528,#4243,#1041,.T.);
#5262=EDGE_CURVE('',#3528,#3592,#1089,.T.);
#5264=EDGE_CURVE('',#3597,#3592,#1933,.T.);
#5266=EDGE_CURVE('',#3775,#3597,#1889,.T.);
#5271=ADVANCED_FACE('',(#5270),#5258,.F.);
#5278=EDGE_CURVE('',#3529,#4246,#1049,.T.);
#5280=EDGE_CURVE('',#3528,#3529,#1077,.T.);
#5285=ADVANCED_FACE('',(#5284),#5276,.F.);
#5293=EDGE_CURVE('',#3531,#3529,#1081,.T.);
#5298=ADVANCED_FACE('',(#5297),#5290,.F.);
#5304=EDGE_CURVE('',#3465,#3453,#1053,.T.);
#5306=EDGE_CURVE('',#3464,#3465,#1157,.T.);
#5308=EDGE_CURVE('',#3452,#3464,#1057,.T.);
#5310=EDGE_CURVE('',#3452,#3453,#1141,.T.);
#5314=ADVANCED_FACE('',(#5313),#5303,.T.);
#5320=EDGE_CURVE('',#3468,#3469,#1213,.T.);
#5322=EDGE_CURVE('',#3481,#3469,#1061,.T.);
#5324=EDGE_CURVE('',#3480,#3481,#1245,.T.);
#5326=EDGE_CURVE('',#3468,#3480,#1065,.T.);
#5330=ADVANCED_FACE('',(#5329),#5319,.T.);
#5336=EDGE_CURVE('',#3495,#3492,#1069,.T.);
#5338=EDGE_CURVE('',#3495,#3497,#1789,.T.);
#5340=EDGE_CURVE('',#3493,#3497,#1073,.T.);
#5342=EDGE_CURVE('',#3492,#3493,#1825,.T.);
#5346=ADVANCED_FACE('',(#5345),#5335,.T.);
#5352=EDGE_CURVE('',#3600,#3601,#1869,.T.);
#5354=EDGE_CURVE('',#3600,#3607,#1961,.T.);
#5356=EDGE_CURVE('',#3607,#3609,#1953,.T.);
#5358=EDGE_CURVE('',#3609,#3601,#1945,.T.);
#5362=EDGE_CURVE('',#3677,#4269,#1093,.T.);
#5364=EDGE_CURVE('',#4269,#3685,#1097,.T.);
#5366=EDGE_CURVE('',#3684,#3685,#1101,.T.);
#5368=EDGE_CURVE('',#4275,#3684,#1105,.T.);
#5370=EDGE_CURVE('',#3676,#4275,#1109,.T.);
#5372=EDGE_CURVE('',#3676,#3677,#1113,.T.);
#5376=ADVANCED_FACE('',(#5361,#5375),#5351,.T.);
#5383=EDGE_CURVE('',#3605,#3769,#1965,.T.);
#5385=EDGE_CURVE('',#3769,#3771,#1969,.T.);
#5387=EDGE_CURVE('',#3771,#3604,#1977,.T.);
#5391=EDGE_CURVE('',#3681,#4297,#1117,.T.);
#5393=EDGE_CURVE('',#4297,#3689,#1121,.T.);
#5395=EDGE_CURVE('',#3688,#3689,#1125,.T.);
#5397=EDGE_CURVE('',#4303,#3688,#1129,.T.);
#5399=EDGE_CURVE('',#3680,#4303,#1133,.T.);
#5401=EDGE_CURVE('',#3680,#3681,#1137,.T.);
#5405=ADVANCED_FACE('',(#5390,#5404),#5381,.T.);
#5414=EDGE_CURVE('',#3593,#3533,#1085,.T.);
#5416=EDGE_CURVE('',#3592,#3593,#1921,.T.);
#5421=ADVANCED_FACE('',(#5420),#5410,.T.);
#5427=EDGE_CURVE('',#3457,#3453,#1153,.T.);
#5429=EDGE_CURVE('',#3457,#3461,#1185,.T.);
#5431=EDGE_CURVE('',#3461,#3465,#1161,.T.);
#5436=ADVANCED_FACE('',(#5435),#5426,.F.);
#5442=EDGE_CURVE('',#3473,#3469,#1225,.T.);
#5444=EDGE_CURVE('',#3473,#3477,#1237,.T.);
#5446=EDGE_CURVE('',#3477,#3481,#1249,.T.);
#5451=ADVANCED_FACE('',(#5450),#5441,.F.);
#5458=EDGE_CURVE('',#3455,#3452,#1145,.T.);
#5460=EDGE_CURVE('',#3421,#3455,#1181,.T.);
#5465=EDGE_CURVE('',#3457,#3397,#1189,.T.);
#5470=ADVANCED_FACE('',(#5469),#5456,.T.);
#5478=EDGE_CURVE('',#3459,#3464,#1173,.T.);
#5480=EDGE_CURVE('',#3455,#3459,#1177,.T.);
#5484=ADVANCED_FACE('',(#5483),#5475,.F.);
#5490=EDGE_CURVE('',#3471,#3468,#1217,.T.);
#5493=EDGE_CURVE('',#3475,#3480,#1261,.T.);
#5495=EDGE_CURVE('',#3471,#3475,#1229,.T.);
#5499=ADVANCED_FACE('',(#5498),#5489,.F.);
#5507=EDGE_CURVE('',#3461,#3399,#1165,.T.);
#5510=EDGE_CURVE('',#3425,#3401,#1193,.T.);
#5513=EDGE_CURVE('',#3423,#3459,#1169,.T.);
#5518=ADVANCED_FACE('',(#5517),#5504,.T.);
#5530=ADVANCED_FACE('',(#5529),#5523,.T.);
#5542=ADVANCED_FACE('',(#5541),#5535,.T.);
#5549=EDGE_CURVE('',#3427,#3403,#1221,.T.);
#5555=EDGE_CURVE('',#3810,#3811,#1197,.T.);
#5557=EDGE_CURVE('',#3811,#3815,#1201,.T.);
#5559=EDGE_CURVE('',#3814,#3815,#1205,.T.);
#5561=EDGE_CURVE('',#3810,#3814,#1209,.T.);
#5565=ADVANCED_FACE('',(#5554,#5564),#5547,.T.);
#5573=EDGE_CURVE('',#3429,#3471,#1233,.T.);
#5578=EDGE_CURVE('',#3473,#3405,#1241,.T.);
#5583=ADVANCED_FACE('',(#5582),#5570,.T.);
#5590=EDGE_CURVE('',#3431,#3475,#1257,.T.);
#5596=ADVANCED_FACE('',(#5595),#5588,.T.);
#5605=EDGE_CURVE('',#3477,#3407,#1253,.T.);
#5609=ADVANCED_FACE('',(#5608),#5601,.T.);
#5625=ADVANCED_FACE('',(#5624),#5614,.T.);
#5632=EDGE_CURVE('',#3810,#3778,#1265,.T.);
#5634=EDGE_CURVE('',#3778,#3779,#1269,.T.);
#5636=EDGE_CURVE('',#3779,#3781,#1273,.T.);
#5638=EDGE_CURVE('',#3781,#3783,#1277,.T.);
#5640=EDGE_CURVE('',#3783,#3785,#1281,.T.);
#5642=EDGE_CURVE('',#3785,#3787,#1285,.T.);
#5644=EDGE_CURVE('',#3787,#3811,#1289,.T.);
#5648=ADVANCED_FACE('',(#5647),#5630,.F.);
#5654=EDGE_CURVE('',#3818,#3819,#1369,.T.);
#5656=EDGE_CURVE('',#3819,#3790,#1293,.T.);
#5658=EDGE_CURVE('',#3790,#3791,#1297,.T.);
#5660=EDGE_CURVE('',#3791,#3818,#1301,.T.);
#5664=ADVANCED_FACE('',(#5663),#5653,.F.);
#5671=EDGE_CURVE('',#3814,#3794,#1329,.T.);
#5673=EDGE_CURVE('',#3778,#3794,#1365,.T.);
#5678=ADVANCED_FACE('',(#5677),#5669,.T.);
#5685=EDGE_CURVE('',#3803,#3815,#1305,.T.);
#5687=EDGE_CURVE('',#3801,#3803,#1309,.T.);
#5689=EDGE_CURVE('',#3799,#3801,#1313,.T.);
#5691=EDGE_CURVE('',#3797,#3799,#1317,.T.);
#5693=EDGE_CURVE('',#3795,#3797,#1321,.T.);
#5695=EDGE_CURVE('',#3794,#3795,#1325,.T.);
#5700=ADVANCED_FACE('',(#5699),#5683,.T.);
#5706=EDGE_CURVE('',#3822,#3823,#1377,.T.);
#5708=EDGE_CURVE('',#3807,#3822,#1333,.T.);
#5710=EDGE_CURVE('',#3806,#3807,#1337,.T.);
#5712=EDGE_CURVE('',#3823,#3806,#1341,.T.);
#5716=ADVANCED_FACE('',(#5715),#5705,.T.);
#5724=EDGE_CURVE('',#3787,#3803,#1345,.T.);
#5729=ADVANCED_FACE('',(#5728),#5721,.T.);
#5736=EDGE_CURVE('',#3785,#3801,#1349,.T.);
#5742=ADVANCED_FACE('',(#5741),#5734,.T.);
#5749=EDGE_CURVE('',#3783,#3799,#1353,.T.);
#5755=ADVANCED_FACE('',(#5754),#5747,.T.);
#5762=EDGE_CURVE('',#3781,#3797,#1357,.T.);
#5768=ADVANCED_FACE('',(#5767),#5760,.T.);
#5775=EDGE_CURVE('',#3779,#3795,#1361,.T.);
#5781=ADVANCED_FACE('',(#5780),#5773,.T.);
#5793=ADVANCED_FACE('',(#5792),#5786,.T.);
#5799=EDGE_CURVE('',#4173,#4157,#1385,.T.);
#5801=EDGE_CURVE('',#4157,#4159,#1389,.T.);
#5803=EDGE_CURVE('',#4175,#4159,#1393,.T.);
#5806=EDGE_CURVE('',#3696,#3724,#1425,.T.);
#5808=EDGE_CURVE('',#4165,#3696,#1437,.T.);
#5810=EDGE_CURVE('',#4165,#4161,#1397,.T.);
#5812=EDGE_CURVE('',#4185,#4161,#1401,.T.);
#5814=EDGE_CURVE('',#4185,#3721,#1405,.T.);
#5820=EDGE_CURVE('',#3818,#3822,#1373,.T.);
#5823=EDGE_CURVE('',#3819,#3823,#1381,.T.);
#5827=ADVANCED_FACE('',(#5818,#5826),#5798,.F.);
#5835=EDGE_CURVE('',#3791,#3807,#1409,.T.);
#5840=ADVANCED_FACE('',(#5839),#5832,.T.);
#5847=EDGE_CURVE('',#3790,#3806,#1413,.T.);
#5853=ADVANCED_FACE('',(#5852),#5845,.T.);
#5865=ADVANCED_FACE('',(#5864),#5858,.T.);
#5872=EDGE_CURVE('',#4157,#4134,#1417,.T.);
#5878=ADVANCED_FACE('',(#5877),#5870,.T.);
#5886=EDGE_CURVE('',#4159,#4135,#1421,.T.);
#5891=ADVANCED_FACE('',(#5890),#5883,.T.);
#5903=ADVANCED_FACE('',(#5902),#5896,.T.);
#5909=EDGE_CURVE('',#3696,#3697,#1441,.T.);
#5913=EDGE_CURVE('',#3697,#3725,#1529,.T.);
#5917=ADVANCED_FACE('',(#5916),#5908,.F.);
#5924=EDGE_CURVE('',#4165,#4149,#1433,.T.);
#5928=EDGE_CURVE('',#3697,#3699,#1445,.T.);
#5930=EDGE_CURVE('',#3699,#3701,#1449,.T.);
#5932=EDGE_CURVE('',#3701,#3703,#1453,.T.);
#5934=EDGE_CURVE('',#3703,#3705,#1457,.T.);
#5936=EDGE_CURVE('',#3705,#3707,#1461,.T.);
#5938=EDGE_CURVE('',#3707,#4212,#1465,.T.);
#5940=EDGE_CURVE('',#4212,#4213,#1469,.T.);
#5942=EDGE_CURVE('',#4213,#3692,#1473,.T.);
#5944=EDGE_CURVE('',#3692,#3693,#1477,.T.);
#5947=EDGE_CURVE('',#4167,#4151,#1485,.T.);
#5951=ADVANCED_FACE('',(#5950),#5922,.F.);
#5958=EDGE_CURVE('',#4161,#4138,#1489,.T.);
#5964=ADVANCED_FACE('',(#5963),#5956,.T.);
#5972=EDGE_CURVE('',#4163,#4139,#1493,.T.);
#5975=EDGE_CURVE('',#4177,#4179,#1497,.T.);
#5977=EDGE_CURVE('',#4179,#4181,#1505,.T.);
#5979=EDGE_CURVE('',#4181,#4183,#1513,.T.);
#5981=EDGE_CURVE('',#4183,#4185,#1521,.T.);
#5986=ADVANCED_FACE('',(#5985),#5969,.T.);
#5998=ADVANCED_FACE('',(#5997),#5991,.T.);
#6007=EDGE_CURVE('',#4179,#3715,#1509,.T.);
#6011=ADVANCED_FACE('',(#6010),#6003,.F.);
#6020=EDGE_CURVE('',#4181,#3717,#1517,.T.);
#6024=ADVANCED_FACE('',(#6023),#6016,.F.);
#6033=EDGE_CURVE('',#4183,#3719,#1525,.T.);
#6037=ADVANCED_FACE('',(#6036),#6029,.F.);
#6049=ADVANCED_FACE('',(#6048),#6042,.F.);
#6058=EDGE_CURVE('',#3699,#3727,#1533,.T.);
#6062=ADVANCED_FACE('',(#6061),#6054,.F.);
#6071=EDGE_CURVE('',#3701,#3729,#1537,.T.);
#6075=ADVANCED_FACE('',(#6074),#6067,.F.);
#6084=EDGE_CURVE('',#3703,#3731,#1541,.T.);
#6088=ADVANCED_FACE('',(#6087),#6080,.F.);
#6094=EDGE_CURVE('',#3449,#3733,#1573,.T.);
#6096=EDGE_CURVE('',#3449,#3444,#1609,.T.);
#6098=EDGE_CURVE('',#3440,#3444,#1605,.T.);
#6100=EDGE_CURVE('',#3447,#3440,#1581,.T.);
#6102=EDGE_CURVE('',#3705,#3447,#1577,.T.);
#6109=EDGE_CURVE('',#3577,#3575,#1545,.T.);
#6111=EDGE_CURVE('',#3577,#3581,#1549,.T.);
#6113=EDGE_CURVE('',#3581,#3579,#1553,.T.);
#6115=EDGE_CURVE('',#3575,#3579,#1557,.T.);
#6119=ADVANCED_FACE('',(#6108,#6118),#6093,.F.);
#6125=EDGE_CURVE('',#3447,#3753,#1561,.T.);
#6127=EDGE_CURVE('',#3755,#3753,#1565,.T.);
#6129=EDGE_CURVE('',#3449,#3755,#1569,.T.);
#6133=EDGE_CURVE('',#3707,#3735,#1669,.T.);
#6139=ADVANCED_FACE('',(#6138),#6124,.F.);
#6146=EDGE_CURVE('',#3440,#3441,#1585,.T.);
#6148=EDGE_CURVE('',#3441,#3753,#1589,.T.);
#6153=ADVANCED_FACE('',(#6152),#6144,.F.);
#6159=EDGE_CURVE('',#3746,#3747,#1637,.T.);
#6161=EDGE_CURVE('',#3747,#3738,#1593,.T.);
#6163=EDGE_CURVE('',#3738,#3739,#1597,.T.);
#6168=ADVANCED_FACE('',(#6167),#6158,.F.);
#6176=EDGE_CURVE('',#3444,#3445,#1617,.T.);
#6178=EDGE_CURVE('',#3441,#3445,#1633,.T.);
#6182=ADVANCED_FACE('',(#6181),#6173,.F.);
#6190=EDGE_CURVE('',#3445,#3755,#1613,.T.);
#6195=ADVANCED_FACE('',(#6194),#6187,.T.);
#6201=EDGE_CURVE('',#3750,#3751,#1645,.T.);
#6204=EDGE_CURVE('',#3742,#3743,#1625,.T.);
#6206=EDGE_CURVE('',#3751,#3742,#1629,.T.);
#6210=ADVANCED_FACE('',(#6209),#6200,.T.);
#6222=ADVANCED_FACE('',(#6221),#6215,.F.);
#6231=EDGE_CURVE('',#3692,#3710,#1641,.T.);
#6236=EDGE_CURVE('',#3751,#3747,#1649,.T.);
#6240=ADVANCED_FACE('',(#6239),#6227,.F.);
#6247=EDGE_CURVE('',#4217,#4213,#1661,.T.);
#6255=ADVANCED_FACE('',(#6254),#6245,.F.);
#6262=EDGE_CURVE('',#4212,#4216,#1657,.T.);
#6268=ADVANCED_FACE('',(#6267),#6260,.T.);
#6282=ADVANCED_FACE('',(#6281),#6273,.F.);
#6290=EDGE_CURVE('',#3738,#3742,#1673,.T.);
#6295=ADVANCED_FACE('',(#6294),#6287,.F.);
#6307=ADVANCED_FACE('',(#6306),#6300,.F.);
#6314=EDGE_CURVE('',#3568,#3536,#1677,.T.);
#6316=EDGE_CURVE('',#3536,#3537,#1681,.T.);
#6318=EDGE_CURVE('',#3537,#3539,#1685,.T.);
#6320=EDGE_CURVE('',#3539,#3541,#1689,.T.);
#6322=EDGE_CURVE('',#3541,#3543,#1693,.T.);
#6324=EDGE_CURVE('',#3543,#3545,#1697,.T.);
#6326=EDGE_CURVE('',#3545,#3569,#1701,.T.);
#6330=ADVANCED_FACE('',(#6329),#6312,.F.);
#6336=EDGE_CURVE('',#3575,#3548,#1705,.T.);
#6338=EDGE_CURVE('',#3548,#3549,#1709,.T.);
#6340=EDGE_CURVE('',#3549,#3577,#1713,.T.);
#6345=ADVANCED_FACE('',(#6344),#6335,.F.);
#6352=EDGE_CURVE('',#3572,#3552,#1741,.T.);
#6354=EDGE_CURVE('',#3536,#3552,#1777,.T.);
#6359=ADVANCED_FACE('',(#6358),#6350,.T.);
#6366=EDGE_CURVE('',#3561,#3573,#1717,.T.);
#6368=EDGE_CURVE('',#3559,#3561,#1721,.T.);
#6370=EDGE_CURVE('',#3557,#3559,#1725,.T.);
#6372=EDGE_CURVE('',#3555,#3557,#1729,.T.);
#6374=EDGE_CURVE('',#3553,#3555,#1733,.T.);
#6376=EDGE_CURVE('',#3552,#3553,#1737,.T.);
#6381=ADVANCED_FACE('',(#6380),#6364,.T.);
#6387=EDGE_CURVE('',#3579,#3564,#1745,.T.);
#6390=EDGE_CURVE('',#3565,#3581,#1749,.T.);
#6392=EDGE_CURVE('',#3564,#3565,#1753,.T.);
#6396=ADVANCED_FACE('',(#6395),#6386,.T.);
#6404=EDGE_CURVE('',#3545,#3561,#1757,.T.);
#6409=ADVANCED_FACE('',(#6408),#6401,.T.);
#6416=EDGE_CURVE('',#3543,#3559,#1761,.T.);
#6422=ADVANCED_FACE('',(#6421),#6414,.T.);
#6429=EDGE_CURVE('',#3541,#3557,#1765,.T.);
#6435=ADVANCED_FACE('',(#6434),#6427,.T.);
#6442=EDGE_CURVE('',#3539,#3555,#1769,.T.);
#6448=ADVANCED_FACE('',(#6447),#6440,.T.);
#6455=EDGE_CURVE('',#3537,#3553,#1773,.T.);
#6461=ADVANCED_FACE('',(#6460),#6453,.T.);
#6473=ADVANCED_FACE('',(#6472),#6466,.T.);
#6482=EDGE_CURVE('',#3548,#3564,#1781,.T.);
#6486=ADVANCED_FACE('',(#6485),#6478,.T.);
#6495=EDGE_CURVE('',#3549,#3565,#1785,.T.);
#6499=ADVANCED_FACE('',(#6498),#6491,.T.);
#6511=ADVANCED_FACE('',(#6510),#6504,.T.);
#6518=EDGE_CURVE('',#3485,#3495,#1793,.T.);
#6521=EDGE_CURVE('',#3484,#3492,#1821,.T.);
#6525=ADVANCED_FACE('',(#6524),#6516,.F.);
#6536=EDGE_CURVE('',#3767,#3763,#1805,.T.);
#6539=EDGE_CURVE('',#3489,#3497,#1801,.T.);
#6543=ADVANCED_FACE('',(#6542),#6530,.F.);
#6555=ADVANCED_FACE('',(#6554),#6548,.F.);
#6562=EDGE_CURVE('',#3488,#3493,#1829,.T.);
#6568=ADVANCED_FACE('',(#6567),#6560,.F.);
#6574=EDGE_CURVE('',#4236,#4237,#1809,.T.);
#6582=EDGE_CURVE('',#4200,#4237,#1837,.T.);
#6586=ADVANCED_FACE('',(#6585),#6573,.T.);
#6593=EDGE_CURVE('',#4237,#4253,#1841,.T.);
#6599=ADVANCED_FACE('',(#6598),#6591,.F.);
#6607=EDGE_CURVE('',#4221,#4237,#1849,.T.);
#6612=ADVANCED_FACE('',(#6611),#6604,.F.);
#6624=ADVANCED_FACE('',(#6623),#6617,.T.);
#6630=EDGE_CURVE('',#3508,#3515,#1853,.T.);
#6632=EDGE_CURVE('',#3508,#3393,#1857,.T.);
#6638=ADVANCED_FACE('',(#6637),#6629,.T.);
#6644=EDGE_CURVE('',#3512,#3517,#1861,.T.);
#6648=EDGE_CURVE('',#3417,#3512,#1865,.T.);
#6652=ADVANCED_FACE('',(#6651),#6643,.T.);
#6659=EDGE_CURVE('',#3601,#3525,#1873,.T.);
#6662=EDGE_CURVE('',#3600,#3523,#1877,.T.);
#6666=ADVANCED_FACE('',(#6665),#6657,.T.);
#6672=EDGE_CURVE('',#3508,#3509,#1905,.T.);
#6676=EDGE_CURVE('',#3509,#3500,#1929,.T.);
#6680=ADVANCED_FACE('',(#6679),#6671,.F.);
#6689=EDGE_CURVE('',#3597,#3513,#1893,.T.);
#6691=EDGE_CURVE('',#3512,#3513,#1897,.T.);
#6697=ADVANCED_FACE('',(#6696),#6685,.T.);
#6703=EDGE_CURVE('',#4196,#4197,#1901,.T.);
#6708=EDGE_CURVE('',#3509,#3595,#1909,.T.);
#6710=EDGE_CURVE('',#3773,#3595,#1913,.T.);
#6715=ADVANCED_FACE('',(#6714),#6702,.T.);
#6722=EDGE_CURVE('',#3595,#3593,#1925,.T.);
#6727=EDGE_CURVE('',#3513,#3501,#1937,.T.);
#6733=ADVANCED_FACE('',(#6732),#6720,.F.);
#6745=ADVANCED_FACE('',(#6744),#6738,.F.);
#6757=ADVANCED_FACE('',(#6756),#6750,.F.);
#6769=ADVANCED_FACE('',(#6768),#6762,.T.);
#6776=EDGE_CURVE('',#3609,#3505,#1949,.T.);
#6782=ADVANCED_FACE('',(#6781),#6774,.F.);
#6789=EDGE_CURVE('',#3607,#3504,#1957,.T.);
#6795=ADVANCED_FACE('',(#6794),#6787,.F.);
#6807=ADVANCED_FACE('',(#6806),#6800,.F.);
#6816=EDGE_CURVE('',#3769,#3758,#1973,.T.);
#6820=ADVANCED_FACE('',(#6819),#6812,.F.);
#6829=EDGE_CURVE('',#3771,#3759,#1981,.T.);
#6833=ADVANCED_FACE('',(#6832),#6825,.F.);
#6845=ADVANCED_FACE('',(#6844),#6838,.F.);
#6851=EDGE_CURVE('',#4269,#4271,#1986,.T.);
#6853=EDGE_CURVE('',#4265,#4271,#1990,.T.);
#6855=EDGE_CURVE('',#4265,#3657,#1994,.T.);
#6857=EDGE_CURVE('',#3657,#3685,#2353,.T.);
#6862=ADVANCED_FACE('',(#6861),#6850,.T.);
#6868=EDGE_CURVE('',#4339,#4268,#1998,.T.);
#6870=EDGE_CURVE('',#4268,#4269,#2003,.T.);
#6873=EDGE_CURVE('',#4325,#3677,#2431,.T.);
#6875=EDGE_CURVE('',#4325,#4339,#2007,.T.);
#6879=ADVANCED_FACE('',(#6878),#6867,.T.);
#6886=EDGE_CURVE('',#4274,#4268,#2011,.T.);
#6888=EDGE_CURVE('',#4274,#4275,#2557,.T.);
#6890=EDGE_CURVE('',#4275,#4277,#2570,.T.);
#6892=EDGE_CURVE('',#4277,#4271,#2193,.T.);
#6897=ADVANCED_FACE('',(#6896),#6884,.F.);
#6903=EDGE_CURVE('',#4296,#4297,#2700,.T.);
#6905=EDGE_CURVE('',#4302,#4296,#2015,.T.);
#6907=EDGE_CURVE('',#4302,#4303,#2729,.T.);
#6909=EDGE_CURVE('',#4303,#4305,#2742,.T.);
#6911=EDGE_CURVE('',#4305,#4299,#2224,.T.);
#6913=EDGE_CURVE('',#4297,#4299,#2683,.T.);
#6917=ADVANCED_FACE('',(#6916),#6902,.F.);
#6923=EDGE_CURVE('',#4413,#4345,#2119,.T.);
#6925=EDGE_CURVE('',#4413,#4285,#2019,.T.);
#6927=EDGE_CURVE('',#4283,#4285,#2596,.T.);
#6929=EDGE_CURVE('',#4281,#4283,#2587,.T.);
#6931=EDGE_CURVE('',#4281,#4279,#2579,.T.);
#6933=EDGE_CURVE('',#4279,#4274,#2561,.T.);
#6937=EDGE_CURVE('',#4339,#4351,#2024,.T.);
#6939=EDGE_CURVE('',#4349,#4351,#2028,.T.);
#6941=EDGE_CURVE('',#4347,#4349,#2033,.T.);
#6943=EDGE_CURVE('',#4344,#4347,#2037,.T.);
#6945=EDGE_CURVE('',#4344,#4345,#2042,.T.);
#6949=ADVANCED_FACE('',(#6948),#6922,.F.);
#6955=EDGE_CURVE('',#4418,#4355,#2169,.T.);
#6957=EDGE_CURVE('',#4418,#4313,#2046,.T.);
#6959=EDGE_CURVE('',#4311,#4313,#2768,.T.);
#6961=EDGE_CURVE('',#4309,#4311,#2759,.T.);
#6963=EDGE_CURVE('',#4309,#4307,#2751,.T.);
#6965=EDGE_CURVE('',#4307,#4302,#2733,.T.);
#6968=EDGE_CURVE('',#4341,#4296,#2695,.T.);
#6970=EDGE_CURVE('',#4341,#4361,#2051,.T.);
#6972=EDGE_CURVE('',#4359,#4361,#2055,.T.);
#6974=EDGE_CURVE('',#4357,#4359,#2060,.T.);
#6976=EDGE_CURVE('',#4354,#4357,#2064,.T.);
#6978=EDGE_CURVE('',#4354,#4355,#2069,.T.);
#6982=ADVANCED_FACE('',(#6981),#6954,.F.);
#6988=EDGE_CURVE('',#4421,#4345,#2078,.T.);
#6990=EDGE_CURVE('',#4428,#4421,#2085,.T.);
#6992=EDGE_CURVE('',#4425,#4428,#2090,.T.);
#6994=EDGE_CURVE('',#4425,#4403,#2094,.T.);
#6996=EDGE_CURVE('',#4411,#4403,#2103,.T.);
#6998=EDGE_CURVE('',#4414,#4411,#2110,.T.);
#7000=EDGE_CURVE('',#4413,#4414,#2115,.T.);
#7005=ADVANCED_FACE('',(#7004),#6987,.F.);
#7011=EDGE_CURVE('',#4423,#4355,#2128,.T.);
#7013=EDGE_CURVE('',#4429,#4423,#2135,.T.);
#7015=EDGE_CURVE('',#4427,#4429,#2140,.T.);
#7017=EDGE_CURVE('',#4427,#4393,#2144,.T.);
#7019=EDGE_CURVE('',#4416,#4393,#2153,.T.);
#7021=EDGE_CURVE('',#4419,#4416,#2160,.T.);
#7023=EDGE_CURVE('',#4418,#4419,#2165,.T.);
#7028=ADVANCED_FACE('',(#7027),#7010,.F.);
#7034=EDGE_CURVE('',#4421,#4317,#2173,.T.);
#7038=EDGE_CURVE('',#4316,#4344,#2540,.T.);
#7040=EDGE_CURVE('',#4316,#4317,#2409,.T.);
#7044=ADVANCED_FACE('',(#7043),#7033,.T.);
#7050=EDGE_CURVE('',#4421,#3647,#2181,.T.);
#7053=EDGE_CURVE('',#3615,#4317,#2470,.T.);
#7055=EDGE_CURVE('',#3615,#3645,#2177,.T.);
#7057=EDGE_CURVE('',#3645,#3647,#2380,.T.);
#7061=ADVANCED_FACE('',(#7060),#7049,.T.);
#7067=EDGE_CURVE('',#4428,#3649,#2185,.T.);
#7071=EDGE_CURVE('',#3647,#3649,#2376,.T.);
#7075=ADVANCED_FACE('',(#7074),#7066,.F.);
#7081=EDGE_CURVE('',#4425,#4260,#2189,.T.);
#7085=EDGE_CURVE('',#3649,#3651,#2371,.T.);
#7087=EDGE_CURVE('',#4260,#3651,#2256,.T.);
#7091=ADVANCED_FACE('',(#7090),#7080,.T.);
#7099=EDGE_CURVE('',#4260,#4261,#2252,.T.);
#7101=EDGE_CURVE('',#4261,#4263,#2801,.T.);
#7103=EDGE_CURVE('',#4265,#4263,#2793,.T.);
#7107=EDGE_CURVE('',#4387,#4277,#2565,.T.);
#7109=EDGE_CURVE('',#4387,#4409,#2198,.T.);
#7111=EDGE_CURVE('',#4407,#4409,#2202,.T.);
#7113=EDGE_CURVE('',#4405,#4407,#2207,.T.);
#7115=EDGE_CURVE('',#4402,#4405,#2211,.T.);
#7117=EDGE_CURVE('',#4402,#4403,#2216,.T.);
#7121=ADVANCED_FACE('',(#7120),#7096,.F.);
#7128=EDGE_CURVE('',#4427,#4288,#2220,.T.);
#7130=EDGE_CURVE('',#4288,#4289,#2657,.T.);
#7132=EDGE_CURVE('',#4289,#4291,#2665,.T.);
#7134=EDGE_CURVE('',#4293,#4291,#2674,.T.);
#7136=EDGE_CURVE('',#4293,#4299,#2687,.T.);
#7139=EDGE_CURVE('',#4389,#4305,#2737,.T.);
#7141=EDGE_CURVE('',#4389,#4399,#2229,.T.);
#7143=EDGE_CURVE('',#4397,#4399,#2233,.T.);
#7145=EDGE_CURVE('',#4395,#4397,#2238,.T.);
#7147=EDGE_CURVE('',#4392,#4395,#2242,.T.);
#7149=EDGE_CURVE('',#4392,#4393,#2247,.T.);
#7153=ADVANCED_FACE('',(#7152),#7126,.F.);
#7161=EDGE_CURVE('',#3651,#3653,#2367,.T.);
#7163=EDGE_CURVE('',#4261,#3653,#2805,.T.);
#7167=ADVANCED_FACE('',(#7166),#7158,.T.);
#7173=EDGE_CURVE('',#4364,#4365,#2261,.T.);
#7175=EDGE_CURVE('',#4364,#4367,#2265,.T.);
#7177=EDGE_CURVE('',#4367,#4369,#2270,.T.);
#7179=EDGE_CURVE('',#4369,#4371,#2274,.T.);
#7181=EDGE_CURVE('',#4373,#4371,#2279,.T.);
#7183=EDGE_CURVE('',#3688,#4373,#2283,.T.);
#7186=EDGE_CURVE('',#3669,#3689,#2287,.T.);
#7188=EDGE_CURVE('',#3667,#3669,#2292,.T.);
#7190=EDGE_CURVE('',#3665,#3667,#2296,.T.);
#7192=EDGE_CURVE('',#3663,#3665,#2301,.T.);
#7194=EDGE_CURVE('',#3661,#3663,#2305,.T.);
#7196=EDGE_CURVE('',#3660,#3661,#2310,.T.);
#7198=EDGE_CURVE('',#3673,#3660,#2314,.T.);
#7200=EDGE_CURVE('',#3672,#3673,#2318,.T.);
#7202=EDGE_CURVE('',#4365,#3672,#2322,.T.);
#7206=ADVANCED_FACE('',(#7205),#7172,.T.);
#7212=EDGE_CURVE('',#4376,#4377,#2327,.T.);
#7214=EDGE_CURVE('',#4376,#4379,#2331,.T.);
#7216=EDGE_CURVE('',#4379,#4381,#2336,.T.);
#7218=EDGE_CURVE('',#4381,#4383,#2340,.T.);
#7220=EDGE_CURVE('',#4385,#4383,#2345,.T.);
#7222=EDGE_CURVE('',#3684,#4385,#2349,.T.);
#7226=EDGE_CURVE('',#3655,#3657,#2358,.T.);
#7228=EDGE_CURVE('',#3653,#3655,#2362,.T.);
#7234=EDGE_CURVE('',#3644,#3645,#2384,.T.);
#7236=EDGE_CURVE('',#4377,#3644,#2388,.T.);
#7240=ADVANCED_FACE('',(#7239),#7211,.T.);
#7246=EDGE_CURVE('',#4416,#4365,#2392,.T.);
#7250=EDGE_CURVE('',#4364,#4392,#2788,.T.);
#7255=ADVANCED_FACE('',(#7254),#7245,.T.);
#7261=EDGE_CURVE('',#4416,#3637,#2396,.T.);
#7265=EDGE_CURVE('',#3639,#3672,#2724,.T.);
#7267=EDGE_CURVE('',#3637,#3639,#2528,.T.);
#7271=ADVANCED_FACE('',(#7270),#7260,.T.);
#7277=EDGE_CURVE('',#4419,#3635,#2400,.T.);
#7281=EDGE_CURVE('',#3635,#3637,#2524,.T.);
#7285=ADVANCED_FACE('',(#7284),#7276,.F.);
#7294=EDGE_CURVE('',#3633,#3635,#2519,.T.);
#7296=EDGE_CURVE('',#3633,#4313,#2404,.T.);
#7300=ADVANCED_FACE('',(#7299),#7290,.T.);
#7307=EDGE_CURVE('',#4316,#4319,#2413,.T.);
#7309=EDGE_CURVE('',#4319,#4321,#2418,.T.);
#7311=EDGE_CURVE('',#4321,#4323,#2422,.T.);
#7313=EDGE_CURVE('',#4325,#4323,#2427,.T.);
#7317=EDGE_CURVE('',#3676,#3618,#2435,.T.);
#7319=EDGE_CURVE('',#3618,#3619,#2440,.T.);
#7321=EDGE_CURVE('',#3619,#3621,#2444,.T.);
#7323=EDGE_CURVE('',#3621,#3623,#2449,.T.);
#7325=EDGE_CURVE('',#3623,#3625,#2453,.T.);
#7327=EDGE_CURVE('',#3625,#3612,#2458,.T.);
#7329=EDGE_CURVE('',#3612,#3613,#2462,.T.);
#7331=EDGE_CURVE('',#3613,#3615,#2466,.T.);
#7336=ADVANCED_FACE('',(#7335),#7305,.F.);
#7342=EDGE_CURVE('',#4328,#4329,#2475,.T.);
#7344=EDGE_CURVE('',#4328,#4331,#2479,.T.);
#7346=EDGE_CURVE('',#4331,#4333,#2484,.T.);
#7348=EDGE_CURVE('',#4333,#4335,#2488,.T.);
#7350=EDGE_CURVE('',#4337,#4335,#2493,.T.);
#7352=EDGE_CURVE('',#4337,#3681,#2497,.T.);
#7355=EDGE_CURVE('',#3680,#3628,#2501,.T.);
#7357=EDGE_CURVE('',#3628,#3629,#2506,.T.);
#7359=EDGE_CURVE('',#3629,#3631,#2510,.T.);
#7361=EDGE_CURVE('',#3631,#3633,#2515,.T.);
#7366=EDGE_CURVE('',#3639,#3641,#2532,.T.);
#7368=EDGE_CURVE('',#3641,#4329,#2536,.T.);
#7372=ADVANCED_FACE('',(#7371),#7341,.F.);
#7381=EDGE_CURVE('',#4319,#4347,#2544,.T.);
#7385=ADVANCED_FACE('',(#7384),#7377,.F.);
#7394=EDGE_CURVE('',#4321,#4349,#2548,.T.);
#7398=ADVANCED_FACE('',(#7397),#7390,.F.);
#7407=EDGE_CURVE('',#4323,#4351,#2552,.T.);
#7411=ADVANCED_FACE('',(#7410),#7403,.F.);
#7423=ADVANCED_FACE('',(#7422),#7416,.T.);
#7431=EDGE_CURVE('',#3618,#4279,#2583,.T.);
#7437=ADVANCED_FACE('',(#7436),#7428,.T.);
#7447=EDGE_CURVE('',#4387,#4385,#2574,.T.);
#7451=ADVANCED_FACE('',(#7450),#7442,.T.);
#7458=EDGE_CURVE('',#3619,#4281,#2591,.T.);
#7464=ADVANCED_FACE('',(#7463),#7456,.F.);
#7471=EDGE_CURVE('',#3621,#4283,#2600,.T.);
#7477=ADVANCED_FACE('',(#7476),#7469,.T.);
#7484=EDGE_CURVE('',#3623,#4285,#2604,.T.);
#7490=ADVANCED_FACE('',(#7489),#7482,.T.);
#7498=EDGE_CURVE('',#3625,#4414,#2608,.T.);
#7504=ADVANCED_FACE('',(#7503),#7495,.T.);
#7512=EDGE_CURVE('',#4411,#3612,#2612,.T.);
#7517=ADVANCED_FACE('',(#7516),#7509,.F.);
#7524=EDGE_CURVE('',#4411,#4377,#2616,.T.);
#7527=EDGE_CURVE('',#3613,#3644,#2636,.T.);
#7532=ADVANCED_FACE('',(#7531),#7522,.T.);
#7541=EDGE_CURVE('',#4376,#4402,#2620,.T.);
#7546=ADVANCED_FACE('',(#7545),#7537,.T.);
#7555=EDGE_CURVE('',#4379,#4405,#2624,.T.);
#7559=ADVANCED_FACE('',(#7558),#7551,.F.);
#7568=EDGE_CURVE('',#4381,#4407,#2628,.T.);
#7572=ADVANCED_FACE('',(#7571),#7564,.F.);
#7581=EDGE_CURVE('',#4383,#4409,#2632,.T.);
#7585=ADVANCED_FACE('',(#7584),#7577,.F.);
#7597=ADVANCED_FACE('',(#7596),#7590,.T.);
#7609=ADVANCED_FACE('',(#7608),#7602,.T.);
#7615=EDGE_CURVE('',#4329,#4423,#2640,.T.);
#7619=EDGE_CURVE('',#4328,#4354,#2720,.T.);
#7624=ADVANCED_FACE('',(#7623),#7614,.T.);
#7630=EDGE_CURVE('',#4423,#3660,#2652,.T.);
#7634=EDGE_CURVE('',#3641,#3673,#2644,.T.);
#7639=ADVANCED_FACE('',(#7638),#7629,.T.);
#7645=EDGE_CURVE('',#3661,#4429,#2648,.T.);
#7652=ADVANCED_FACE('',(#7651),#7644,.F.);
#7662=EDGE_CURVE('',#4288,#3663,#2661,.T.);
#7666=ADVANCED_FACE('',(#7665),#7657,.T.);
#7675=EDGE_CURVE('',#4289,#3665,#2669,.T.);
#7679=ADVANCED_FACE('',(#7678),#7671,.T.);
#7688=EDGE_CURVE('',#4291,#3667,#2678,.T.);
#7692=ADVANCED_FACE('',(#7691),#7684,.T.);
#7701=EDGE_CURVE('',#4293,#3669,#2691,.T.);
#7705=ADVANCED_FACE('',(#7704),#7697,.F.);
#7718=ADVANCED_FACE('',(#7717),#7710,.T.);
#7728=EDGE_CURVE('',#4337,#4341,#2704,.T.);
#7732=ADVANCED_FACE('',(#7731),#7723,.T.);
#7739=EDGE_CURVE('',#4335,#4361,#2708,.T.);
#7745=ADVANCED_FACE('',(#7744),#7737,.T.);
#7752=EDGE_CURVE('',#4333,#4359,#2712,.T.);
#7758=ADVANCED_FACE('',(#7757),#7750,.F.);
#7765=EDGE_CURVE('',#4331,#4357,#2716,.T.);
#7771=ADVANCED_FACE('',(#7770),#7763,.F.);
#7783=ADVANCED_FACE('',(#7782),#7776,.F.);
#7795=ADVANCED_FACE('',(#7794),#7788,.T.);
#7803=EDGE_CURVE('',#3628,#4307,#2755,.T.);
#7809=ADVANCED_FACE('',(#7808),#7800,.T.);
#7819=EDGE_CURVE('',#4389,#4373,#2746,.T.);
#7823=ADVANCED_FACE('',(#7822),#7814,.T.);
#7830=EDGE_CURVE('',#3629,#4309,#2763,.T.);
#7836=ADVANCED_FACE('',(#7835),#7828,.F.);
#7843=EDGE_CURVE('',#3631,#4311,#2772,.T.);
#7849=ADVANCED_FACE('',(#7848),#7841,.T.);
#7861=ADVANCED_FACE('',(#7860),#7854,.T.);
#7868=EDGE_CURVE('',#4371,#4399,#2776,.T.);
#7874=ADVANCED_FACE('',(#7873),#7866,.T.);
#7881=EDGE_CURVE('',#4369,#4397,#2780,.T.);
#7887=ADVANCED_FACE('',(#7886),#7879,.F.);
#7894=EDGE_CURVE('',#4367,#4395,#2784,.T.);
#7900=ADVANCED_FACE('',(#7899),#7892,.F.);
#7912=ADVANCED_FACE('',(#7911),#7905,.F.);
#7919=EDGE_CURVE('',#4263,#3655,#2797,.T.);
#7925=ADVANCED_FACE('',(#7924),#7917,.F.);
#7937=ADVANCED_FACE('',(#7936),#7930,.T.);
#7945=EDGE_CURVE('',#3835,#3851,#2809,.T.);
#7947=EDGE_CURVE('',#3851,#3863,#2833,.T.);
#7951=ADVANCED_FACE('',(#7950),#7942,.T.);
#7958=EDGE_CURVE('',#3833,#3849,#2813,.T.);
#7960=EDGE_CURVE('',#3849,#3851,#2837,.T.);
#7965=ADVANCED_FACE('',(#7964),#7956,.T.);
#7972=EDGE_CURVE('',#3831,#3847,#2817,.T.);
#7974=EDGE_CURVE('',#3847,#3849,#2841,.T.);
#7979=ADVANCED_FACE('',(#7978),#7970,.T.);
#7986=EDGE_CURVE('',#3829,#3845,#2821,.T.);
#7988=EDGE_CURVE('',#3845,#3847,#2845,.T.);
#7993=ADVANCED_FACE('',(#7992),#7984,.T.);
#8000=EDGE_CURVE('',#3827,#3843,#2825,.T.);
#8002=EDGE_CURVE('',#3843,#3845,#2849,.T.);
#8007=ADVANCED_FACE('',(#8006),#7998,.T.);
#8014=EDGE_CURVE('',#3826,#3842,#2829,.T.);
#8016=EDGE_CURVE('',#3842,#3843,#2853,.T.);
#8021=ADVANCED_FACE('',(#8020),#8012,.T.);
#8028=EDGE_CURVE('',#3862,#3842,#2857,.T.);
#8034=ADVANCED_FACE('',(#8033),#8026,.T.);
#8050=ADVANCED_FACE('',(#8049),#8039,.T.);
#8057=EDGE_CURVE('',#3855,#3870,#2861,.T.);
#8059=EDGE_CURVE('',#3854,#3855,#2865,.T.);
#8061=EDGE_CURVE('',#3871,#3854,#2869,.T.);
#8065=ADVANCED_FACE('',(#8064),#8055,.T.);
#8073=EDGE_CURVE('',#3839,#3855,#2873,.T.);
#8078=ADVANCED_FACE('',(#8077),#8070,.T.);
#8085=EDGE_CURVE('',#3838,#3854,#2877,.T.);
#8091=ADVANCED_FACE('',(#8090),#8083,.T.);
#8103=ADVANCED_FACE('',(#8102),#8096,.T.);
#8109=EDGE_CURVE('',#4001,#3874,#2881,.T.);
#8111=EDGE_CURVE('',#3874,#3875,#2909,.T.);
#8113=EDGE_CURVE('',#4003,#3875,#2905,.T.);
#8118=ADVANCED_FACE('',(#8117),#8108,.F.);
#8126=EDGE_CURVE('',#4013,#3885,#2885,.T.);
#8128=EDGE_CURVE('',#3885,#3874,#2913,.T.);
#8132=ADVANCED_FACE('',(#8131),#8123,.F.);
#8138=EDGE_CURVE('',#4011,#3883,#2889,.T.);
#8140=EDGE_CURVE('',#3883,#3885,#2917,.T.);
#8146=ADVANCED_FACE('',(#8145),#8137,.F.);
#8152=EDGE_CURVE('',#4009,#3881,#2893,.T.);
#8154=EDGE_CURVE('',#3881,#3883,#2921,.T.);
#8160=ADVANCED_FACE('',(#8159),#8151,.F.);
#8166=EDGE_CURVE('',#4007,#3879,#2897,.T.);
#8168=EDGE_CURVE('',#3879,#3881,#2925,.T.);
#8174=ADVANCED_FACE('',(#8173),#8165,.F.);
#8180=EDGE_CURVE('',#4005,#3877,#2901,.T.);
#8182=EDGE_CURVE('',#3877,#3879,#2929,.T.);
#8188=ADVANCED_FACE('',(#8187),#8179,.F.);
#8195=EDGE_CURVE('',#3875,#3877,#2933,.T.);
#8201=ADVANCED_FACE('',(#8200),#8193,.F.);
#8216=ADVANCED_FACE('',(#8215),#8206,.T.);
#8222=EDGE_CURVE('',#3888,#3889,#2937,.T.);
#8224=EDGE_CURVE('',#3999,#3888,#2941,.T.);
#8226=EDGE_CURVE('',#3997,#3999,#2945,.T.);
#8228=EDGE_CURVE('',#3995,#3997,#2949,.T.);
#8230=EDGE_CURVE('',#3993,#3995,#2953,.T.);
#8232=EDGE_CURVE('',#3991,#3993,#2957,.T.);
#8234=EDGE_CURVE('',#3989,#3991,#2961,.T.);
#8236=EDGE_CURVE('',#3987,#3989,#2965,.T.);
#8238=EDGE_CURVE('',#3985,#3987,#2969,.T.);
#8240=EDGE_CURVE('',#3983,#3985,#2973,.T.);
#8242=EDGE_CURVE('',#3981,#3983,#2977,.T.);
#8244=EDGE_CURVE('',#3979,#3981,#2981,.T.);
#8246=EDGE_CURVE('',#3977,#3979,#2985,.T.);
#8248=EDGE_CURVE('',#3975,#3977,#2989,.T.);
#8250=EDGE_CURVE('',#3973,#3975,#2993,.T.);
#8252=EDGE_CURVE('',#3971,#3973,#2997,.T.);
#8254=EDGE_CURVE('',#3969,#3971,#3001,.T.);
#8256=EDGE_CURVE('',#3967,#3969,#3005,.T.);
#8258=EDGE_CURVE('',#3965,#3967,#3009,.T.);
#8260=EDGE_CURVE('',#3963,#3965,#3013,.T.);
#8262=EDGE_CURVE('',#3961,#3963,#3017,.T.);
#8264=EDGE_CURVE('',#3959,#3961,#3021,.T.);
#8266=EDGE_CURVE('',#3957,#3959,#3025,.T.);
#8268=EDGE_CURVE('',#3955,#3957,#3029,.T.);
#8270=EDGE_CURVE('',#3953,#3955,#3033,.T.);
#8272=EDGE_CURVE('',#3951,#3953,#3037,.T.);
#8274=EDGE_CURVE('',#3949,#3951,#3041,.T.);
#8276=EDGE_CURVE('',#3947,#3949,#3045,.T.);
#8278=EDGE_CURVE('',#3945,#3947,#3049,.T.);
#8280=EDGE_CURVE('',#3943,#3945,#3053,.T.);
#8282=EDGE_CURVE('',#3941,#3943,#3057,.T.);
#8284=EDGE_CURVE('',#3939,#3941,#3061,.T.);
#8286=EDGE_CURVE('',#3937,#3939,#3065,.T.);
#8288=EDGE_CURVE('',#3935,#3937,#3069,.T.);
#8290=EDGE_CURVE('',#3933,#3935,#3073,.T.);
#8292=EDGE_CURVE('',#3931,#3933,#3077,.T.);
#8294=EDGE_CURVE('',#3929,#3931,#3081,.T.);
#8296=EDGE_CURVE('',#3927,#3929,#3085,.T.);
#8298=EDGE_CURVE('',#3925,#3927,#3089,.T.);
#8300=EDGE_CURVE('',#3923,#3925,#3093,.T.);
#8302=EDGE_CURVE('',#3921,#3923,#3097,.T.);
#8304=EDGE_CURVE('',#3919,#3921,#3101,.T.);
#8306=EDGE_CURVE('',#3917,#3919,#3105,.T.);
#8308=EDGE_CURVE('',#3915,#3917,#3109,.T.);
#8310=EDGE_CURVE('',#3913,#3915,#3113,.T.);
#8312=EDGE_CURVE('',#3911,#3913,#3117,.T.);
#8314=EDGE_CURVE('',#3909,#3911,#3121,.T.);
#8316=EDGE_CURVE('',#3907,#3909,#3125,.T.);
#8318=EDGE_CURVE('',#3905,#3907,#3129,.T.);
#8320=EDGE_CURVE('',#3903,#3905,#3133,.T.);
#8322=EDGE_CURVE('',#3901,#3903,#3137,.T.);
#8324=EDGE_CURVE('',#3899,#3901,#3141,.T.);
#8326=EDGE_CURVE('',#3897,#3899,#3145,.T.);
#8328=EDGE_CURVE('',#3895,#3897,#3149,.T.);
#8330=EDGE_CURVE('',#3893,#3895,#3153,.T.);
#8332=EDGE_CURVE('',#3891,#3893,#3157,.T.);
#8334=EDGE_CURVE('',#3889,#3891,#3161,.T.);
#8338=ADVANCED_FACE('',(#8337),#8221,.T.);
#8344=EDGE_CURVE('',#4015,#3888,#3165,.T.);
#8347=EDGE_CURVE('',#4017,#3889,#3389,.T.);
#8352=ADVANCED_FACE('',(#8351),#8343,.F.);
#8360=EDGE_CURVE('',#4127,#3999,#3169,.T.);
#8365=ADVANCED_FACE('',(#8364),#8357,.F.);
#8371=EDGE_CURVE('',#4125,#3997,#3173,.T.);
#8378=ADVANCED_FACE('',(#8377),#8370,.F.);
#8384=EDGE_CURVE('',#4123,#3995,#3177,.T.);
#8391=ADVANCED_FACE('',(#8390),#8383,.F.);
#8397=EDGE_CURVE('',#4121,#3993,#3181,.T.);
#8404=ADVANCED_FACE('',(#8403),#8396,.F.);
#8410=EDGE_CURVE('',#4119,#3991,#3185,.T.);
#8417=ADVANCED_FACE('',(#8416),#8409,.F.);
#8423=EDGE_CURVE('',#4117,#3989,#3189,.T.);
#8430=ADVANCED_FACE('',(#8429),#8422,.F.);
#8436=EDGE_CURVE('',#4115,#3987,#3193,.T.);
#8443=ADVANCED_FACE('',(#8442),#8435,.F.);
#8449=EDGE_CURVE('',#4113,#3985,#3197,.T.);
#8456=ADVANCED_FACE('',(#8455),#8448,.F.);
#8462=EDGE_CURVE('',#4111,#3983,#3201,.T.);
#8469=ADVANCED_FACE('',(#8468),#8461,.F.);
#8475=EDGE_CURVE('',#4109,#3981,#3205,.T.);
#8482=ADVANCED_FACE('',(#8481),#8474,.F.);
#8488=EDGE_CURVE('',#4107,#3979,#3209,.T.);
#8495=ADVANCED_FACE('',(#8494),#8487,.F.);
#8501=EDGE_CURVE('',#4105,#3977,#3213,.T.);
#8508=ADVANCED_FACE('',(#8507),#8500,.F.);
#8514=EDGE_CURVE('',#4103,#3975,#3217,.T.);
#8521=ADVANCED_FACE('',(#8520),#8513,.F.);
#8527=EDGE_CURVE('',#4101,#3973,#3221,.T.);
#8534=ADVANCED_FACE('',(#8533),#8526,.F.);
#8540=EDGE_CURVE('',#4099,#3971,#3225,.T.);
#8547=ADVANCED_FACE('',(#8546),#8539,.F.);
#8553=EDGE_CURVE('',#4097,#3969,#3229,.T.);
#8560=ADVANCED_FACE('',(#8559),#8552,.F.);
#8566=EDGE_CURVE('',#4095,#3967,#3233,.T.);
#8573=ADVANCED_FACE('',(#8572),#8565,.F.);
#8579=EDGE_CURVE('',#4093,#3965,#3237,.T.);
#8586=ADVANCED_FACE('',(#8585),#8578,.F.);
#8592=EDGE_CURVE('',#4091,#3963,#3241,.T.);
#8599=ADVANCED_FACE('',(#8598),#8591,.F.);
#8605=EDGE_CURVE('',#4089,#3961,#3245,.T.);
#8612=ADVANCED_FACE('',(#8611),#8604,.F.);
#8618=EDGE_CURVE('',#4087,#3959,#3249,.T.);
#8625=ADVANCED_FACE('',(#8624),#8617,.F.);
#8631=EDGE_CURVE('',#4085,#3957,#3253,.T.);
#8638=ADVANCED_FACE('',(#8637),#8630,.F.);
#8644=EDGE_CURVE('',#4083,#3955,#3257,.T.);
#8651=ADVANCED_FACE('',(#8650),#8643,.F.);
#8657=EDGE_CURVE('',#4081,#3953,#3261,.T.);
#8664=ADVANCED_FACE('',(#8663),#8656,.F.);
#8670=EDGE_CURVE('',#4079,#3951,#3265,.T.);
#8677=ADVANCED_FACE('',(#8676),#8669,.F.);
#8683=EDGE_CURVE('',#4077,#3949,#3269,.T.);
#8690=ADVANCED_FACE('',(#8689),#8682,.F.);
#8696=EDGE_CURVE('',#4075,#3947,#3273,.T.);
#8703=ADVANCED_FACE('',(#8702),#8695,.F.);
#8709=EDGE_CURVE('',#4073,#3945,#3277,.T.);
#8716=ADVANCED_FACE('',(#8715),#8708,.F.);
#8722=EDGE_CURVE('',#4071,#3943,#3281,.T.);
#8729=ADVANCED_FACE('',(#8728),#8721,.F.);
#8735=EDGE_CURVE('',#4069,#3941,#3285,.T.);
#8742=ADVANCED_FACE('',(#8741),#8734,.F.);
#8748=EDGE_CURVE('',#4067,#3939,#3289,.T.);
#8755=ADVANCED_FACE('',(#8754),#8747,.F.);
#8761=EDGE_CURVE('',#4065,#3937,#3293,.T.);
#8768=ADVANCED_FACE('',(#8767),#8760,.F.);
#8774=EDGE_CURVE('',#4063,#3935,#3297,.T.);
#8781=ADVANCED_FACE('',(#8780),#8773,.F.);
#8787=EDGE_CURVE('',#4061,#3933,#3301,.T.);
#8794=ADVANCED_FACE('',(#8793),#8786,.F.);
#8800=EDGE_CURVE('',#4059,#3931,#3305,.T.);
#8807=ADVANCED_FACE('',(#8806),#8799,.F.);
#8813=EDGE_CURVE('',#4057,#3929,#3309,.T.);
#8820=ADVANCED_FACE('',(#8819),#8812,.F.);
#8826=EDGE_CURVE('',#4055,#3927,#3313,.T.);
#8833=ADVANCED_FACE('',(#8832),#8825,.F.);
#8839=EDGE_CURVE('',#4053,#3925,#3317,.T.);
#8846=ADVANCED_FACE('',(#8845),#8838,.F.);
#8852=EDGE_CURVE('',#4051,#3923,#3321,.T.);
#8859=ADVANCED_FACE('',(#8858),#8851,.F.);
#8865=EDGE_CURVE('',#4049,#3921,#3325,.T.);
#8872=ADVANCED_FACE('',(#8871),#8864,.F.);
#8878=EDGE_CURVE('',#4047,#3919,#3329,.T.);
#8885=ADVANCED_FACE('',(#8884),#8877,.F.);
#8891=EDGE_CURVE('',#4045,#3917,#3333,.T.);
#8898=ADVANCED_FACE('',(#8897),#8890,.F.);
#8904=EDGE_CURVE('',#4043,#3915,#3337,.T.);
#8911=ADVANCED_FACE('',(#8910),#8903,.F.);
#8917=EDGE_CURVE('',#4041,#3913,#3341,.T.);
#8924=ADVANCED_FACE('',(#8923),#8916,.F.);
#8930=EDGE_CURVE('',#4039,#3911,#3345,.T.);
#8937=ADVANCED_FACE('',(#8936),#8929,.F.);
#8943=EDGE_CURVE('',#4037,#3909,#3349,.T.);
#8950=ADVANCED_FACE('',(#8949),#8942,.F.);
#8956=EDGE_CURVE('',#4035,#3907,#3353,.T.);
#8963=ADVANCED_FACE('',(#8962),#8955,.F.);
#8969=EDGE_CURVE('',#4033,#3905,#3357,.T.);
#8976=ADVANCED_FACE('',(#8975),#8968,.F.);
#8982=EDGE_CURVE('',#4031,#3903,#3361,.T.);
#8989=ADVANCED_FACE('',(#8988),#8981,.F.);
#8995=EDGE_CURVE('',#4029,#3901,#3365,.T.);
#9002=ADVANCED_FACE('',(#9001),#8994,.F.);
#9008=EDGE_CURVE('',#4027,#3899,#3369,.T.);
#9015=ADVANCED_FACE('',(#9014),#9007,.F.);
#9021=EDGE_CURVE('',#4025,#3897,#3373,.T.);
#9028=ADVANCED_FACE('',(#9027),#9020,.F.);
#9034=EDGE_CURVE('',#4023,#3895,#3377,.T.);
#9041=ADVANCED_FACE('',(#9040),#9033,.F.);
#9047=EDGE_CURVE('',#4021,#3893,#3381,.T.);
#9054=ADVANCED_FACE('',(#9053),#9046,.F.);
#9060=EDGE_CURVE('',#4019,#3891,#3385,.T.);
#9067=ADVANCED_FACE('',(#9066),#9059,.F.);
#9079=ADVANCED_FACE('',(#9078),#9072,.F.);
#9082=(LENGTH_UNIT()NAMED_UNIT(*)SI_UNIT(.MILLI.,.METRE.));
#9083=(NAMED_UNIT(*)PLANE_ANGLE_UNIT()SI_UNIT($,.RADIAN.));
#9086=(NAMED_UNIT(*)SI_UNIT($,.STERADIAN.)SOLID_ANGLE_UNIT());
#9088=(GEOMETRIC_REPRESENTATION_CONTEXT(3)GLOBAL_UNCERTAINTY_ASSIGNED_CONTEXT((
#9087))GLOBAL_UNIT_ASSIGNED_CONTEXT((#9082,#9085,#9086))REPRESENTATION_CONTEXT(
'ID1','3'));
#9089=ADVANCED_BREP_SHAPE_REPRESENTATION('',(#9081),#9088);
#9096=PRODUCT_DEFINITION('part definition','',#9095,#9092);
#9097=PRODUCT_DEFINITION_SHAPE('','SHAPE FOR C-1-178136-3.',#9096);
#9098=SHAPE_ASPECT('','solid data associated with C-1-178136-3',#9097,.F.);
#9099=PROPERTY_DEFINITION('',
'shape for solid data with which properties are associated',#9098);
#9100=SHAPE_REPRESENTATION('',(#9081),#9088);
#9101=SHAPE_DEFINITION_REPRESENTATION(#9099,#9100);
#9102=(LENGTH_UNIT()NAMED_UNIT(*)SI_UNIT(.MILLI.,.METRE.));
#9106=PROPERTY_DEFINITION('geometric validation property',
'area of C-1-178136-3',#9098);
#9107=REPRESENTATION('surface area',(#9105),#9088);
#9108=PROPERTY_DEFINITION_REPRESENTATION(#9106,#9107);
#9109=(LENGTH_UNIT()NAMED_UNIT(*)SI_UNIT(.MILLI.,.METRE.));
#9113=PROPERTY_DEFINITION('geometric validation property',
'volume of C-1-178136-3',#9098);
#9114=REPRESENTATION('volume',(#9112),#9088);
#9115=PROPERTY_DEFINITION_REPRESENTATION(#9113,#9114);
#9117=PROPERTY_DEFINITION('geometric validation property',
'centroid of C-1-178136-3',#9098);
#9118=REPRESENTATION('centroid',(#9116),#9088);
#9119=PROPERTY_DEFINITION_REPRESENTATION(#9117,#9118);
#9120=(LENGTH_UNIT()NAMED_UNIT(*)SI_UNIT(.MILLI.,.METRE.));
#9124=PROPERTY_DEFINITION('geometric validation property',
'area of C-1-178136-3',#9097);
#9125=REPRESENTATION('surface area',(#9123),#9088);
#9126=PROPERTY_DEFINITION_REPRESENTATION(#9124,#9125);
#9127=(LENGTH_UNIT()NAMED_UNIT(*)SI_UNIT(.MILLI.,.METRE.));
#9131=PROPERTY_DEFINITION('geometric validation property',
'volume of C-1-178136-3',#9097);
#9132=REPRESENTATION('volume',(#9130),#9088);
#9133=PROPERTY_DEFINITION_REPRESENTATION(#9131,#9132);
#9135=PROPERTY_DEFINITION('geometric validation property',
'centroid of C-1-178136-3',#9097);
#9136=REPRESENTATION('centroid',(#9134),#9088);
#9137=PROPERTY_DEFINITION_REPRESENTATION(#9135,#9136);
#9138=SHAPE_DEFINITION_REPRESENTATION(#9097,#9089);
ENDSEC;
END-ISO-10303-21;
