#VRML V2.0 utf8
# 3D model generated by easyeda2kicad.py (https://github.com/uPesy/easyeda2kicad.py)

Shape{
    appearance Appearance {
        material  Material 	{
            diffuseColor 0.5254901960784314 0.5254901960784314 0.5254901960784314
            specularColor 0.2627450980392157 0.2627450980392157 0.2627450980392157
            ambientIntensity 0.5255
            transparency 0.0
            shininess 0.5
        }
    }
    geometry IndexedFaceSet {
        ccw TRUE
        solid FALSE
        coord DEF co Coordinate {
            point [
                -2.4917 -0.689 0.0394, -2.8658 -0.689 0.0394, -2.4917 0.689 0.0394, -2.8658 0.689 0.0394, -1.3162 -0.2828 1.8386, -1.3162 -0.422 1.8386, -1.1433 -0.422 1.8386, -1.5376 0.2451 1.8386, -1.5394 0.264 1.8386, -1.5394 0.1373 1.8386, -1.8387 0.3829 1.8386, -1.8333 0.3353 1.8386, -1.8333 0.4782 1.8386, -1.1464 1.6024 1.8386, -1.1409 1.5549 1.8386, -1.1409 1.8069 1.8386, -2.0547 1.3125 1.8386, -2.0489 1.3031 1.8386, -2.0399 1.3185 1.8386, -2.2294 1.7001 1.8386, -1.9785 1.5753 1.8386, -1.8357 1.5753 1.8386, -1.2165 -0.7869 1.8386, -1.5394 -1.2969 1.8386, -1.1589 -0.7869 1.8386, -1.1409 -1.2969 1.8386, -1.1529 -0.7744 1.8386, -1.1437 -0.7385 1.8386, -1.3599 -0.7491 1.8386, -1.3767 -0.7665 1.8386, -1.4166 -0.785 1.8386, -1.4362 -0.7869 1.8386, -1.4634 -0.7834 1.8386, -1.4822 -0.7757 1.8386, -1.3949 -0.7779 1.8386, -1.4993 -0.7633 1.8386, -1.514 -0.7464 1.8386, -1.5267 -0.7242 1.8386, -1.3245 -0.6906 1.8386, -1.1991 -0.7585 1.8386, -1.2958 -0.6367 1.8386, -1.1843 -0.71 1.8386, -1.2927 -0.6318 1.8386, -1.1817 -0.6819 1.8386, -1.1839 -0.6533 1.8386, -1.1893 -0.6334 1.8386, -1.1971 -0.6192 1.8386, -1.2048 -0.6111 1.8386, -1.2127 -0.6058 1.8386, -1.2249 -0.6013 1.8386, -1.2405 -0.5996 1.8386, -1.2544 -0.6013 1.8386, -1.2658 -0.6059 1.8386, -1.2786 -0.6151 1.8386, 0.3191 -0.5108 1.8386, -1.1385 -0.6878 1.8386, -1.1409 -0.7111 1.8386, 0.3191 -1.2969 1.8386, -1.1409 -0.5108 1.8386, -1.5394 -0.5108 1.8386, -1.4734 -0.5612 1.8386, -1.531 -0.5612 1.8386, -1.3275 -0.5925 1.8386, -1.3065 -0.5699 1.8386, -1.2171 -0.5499 1.8386, -1.1972 -0.5572 1.8386, -1.1787 -0.5699 1.8386, -1.1644 -0.5864 1.8386, -1.1522 -0.6087 1.8386, -1.1417 -0.6459 1.8386, -1.1409 -0.6561 1.8386, -1.2871 -0.5568 1.8386, -1.2674 -0.5495 1.8386, -1.2448 -0.5468 1.8386, -1.3615 -0.6504 1.8386, -1.4888 -0.591 1.8386, -1.3809 -0.6871 1.8386, -1.4969 -0.6247 1.8386, -1.3951 -0.7094 1.8386, -1.4986 -0.6519 1.8386, -1.4961 -0.6794 1.8386, -1.489 -0.7012 1.8386, -1.4806 -0.7151 1.8386, -1.4719 -0.724 1.8386, -1.4639 -0.7291 1.8386, -1.4539 -0.7327 1.8386, -1.4414 -0.7341 1.8386, -1.4263 -0.7323 1.8386, -1.4155 -0.7282 1.8386, -1.4057 -0.7215 1.8386, -1.5394 -0.6723 1.8386, -1.5418 -0.6477 1.8386, -1.8333 -0.5108 1.8386, -1.5399 -0.6039 1.8386, -1.5394 -0.6014 1.8386, -1.5376 -0.6912 1.8386, -1.8333 -1.2969 1.8386, 0.3191 0.7159 1.8386, -1.1405 0.5905 1.8386, 0.3191 0.4782 1.8386, -1.1385 0.5645 1.8386, -1.1409 0.5424 1.8386, -1.5394 0.7159 1.8386, -1.5394 0.5906 1.8386, -1.5382 0.6013 1.8386, -1.2009 0.6797 1.8386, -1.179 0.6648 1.8386, -1.1409 0.7159 1.8386, -1.4998 0.663 1.8386, -1.4799 0.6747 1.8386, -1.5284 0.6279 1.8386, -1.5157 0.6476 1.8386, -1.3976 0.6698 1.8386, -1.3795 0.6561 1.8386, -1.3431 0.649 1.8386, -1.3623 0.6355 1.8386, -1.3565 0.6261 1.8386, -1.1611 0.6444 1.8386, -1.1487 0.6207 1.8386, -1.1409 0.5922 1.8386, -1.4191 0.6792 1.8386, -1.3245 0.6674 1.8386, -1.2993 0.6825 1.8386, -1.2748 0.69 1.8386, -1.2537 0.6919 1.8386, -1.2242 0.6884 1.8386, -1.442 0.6823 1.8386, -1.4599 0.6807 1.8386, -1.5394 0.4782 1.8386, -1.5072 0.4826 1.8386, -1.5225 0.501 1.8386, -1.5394 0.3348 1.8386, -1.531 0.375 1.8386, -1.393 0.4721 1.8386, -1.4117 0.4622 1.8386, -1.4734 0.375 1.8386, -1.4678 0.4601 1.8386, -1.4884 0.4687 1.8386, -1.5013 0.4782 1.8386, -1.1972 0.379 1.8386, -1.1787 0.3663 1.8386, -1.1409 0.4782 1.8386, -1.1644 0.3498 1.8386, -1.1522 0.3276 1.8386, -1.1417 0.2904 1.8386, -1.1409 0.2802 1.8386, -1.43 0.4575 1.8386, -1.442 0.4566 1.8386, -1.3065 0.3664 1.8386, -1.2803 0.4409 1.8386, -1.3275 0.3438 1.8386, -1.3022 0.4498 1.8386, -1.3615 0.2858 1.8386, -1.1687 0.4753 1.8386, -1.1873 0.4583 1.8386, -1.2171 0.3863 1.8386, -1.4155 0.208 1.8386, -1.4057 0.2147 1.8386, -1.3951 0.2268 1.8386, -1.3859 0.4782 1.8386, -1.326 0.467 1.8386, -1.4888 0.3452 1.8386, -1.4969 0.3116 1.8386, -1.4986 0.2844 1.8386, -1.4961 0.2568 1.8386, -1.489 0.2351 1.8386, -1.2871 0.3794 1.8386, -1.2674 0.3868 1.8386, -1.2537 0.4374 1.8386, -1.2448 0.3894 1.8386, -1.2344 0.4389 1.8386, -1.2101 0.4456 1.8386, -1.4806 0.2211 1.8386, -1.4719 0.2123 1.8386, -1.4639 0.2071 1.8386, -1.3809 0.2491 1.8386, -1.4414 0.2022 1.8386, -1.4539 0.2035 1.8386, -1.4263 0.2039 1.8386, -1.3355 0.4782 1.8386, -1.3448 0.4894 1.8386, -1.3744 0.4883 1.8386, -1.3565 0.5133 1.8386, -1.1423 0.5292 1.8386, -1.1527 0.4997 1.8386, -1.1668 0.4782 1.8386, -1.8333 1.2691 1.8386, -1.8328 1.2675 1.8386, -1.5394 1.3185 1.8386, -1.8309 1.2415 1.8386, -1.8333 1.2194 1.8386, -1.5394 1.0928 1.8386, -1.8333 1.3185 1.8386, -1.852 1.3185 1.8386, -1.8411 1.2976 1.8386, -2.2294 1.4553 1.8386, -2.6057 1.8069 1.8386, -2.2294 1.3977 1.8386, -2.6057 1.3185 1.8386, -1.8932 1.3567 1.8386, -1.8713 1.3418 1.8386, -1.8357 1.5225 1.8386, -2.0265 1.5498 1.8386, -2.0265 1.5506 1.8386, -2.0393 1.5451 1.8386, -2.0395 1.555 1.8386, -2.0521 1.5404 1.8386, -2.0519 1.5607 1.8386, -2.2294 1.6473 1.8386, -1.8333 1.8069 1.8386, -1.8535 1.3213 1.8386, -2.1921 1.34 1.8386, -2.1722 1.3516 1.8386, -2.1523 1.3577 1.8386, -1.9772 1.5225 1.8386, -2.1343 1.3593 1.8386, -2.1115 1.3561 1.8386, -1.9916 1.3594 1.8386, -2.0168 1.3444 1.8386, -2.0354 1.326 1.8386, -1.9671 1.367 1.8386, -1.9461 1.3689 1.8386, -1.9165 1.3654 1.8386, -2.0899 1.3467 1.8386, -2.0718 1.3331 1.8386, -2.0596 1.3185 1.8386, -1.8347 1.2062 1.8386, -1.8451 1.1767 1.8386, -1.8333 1.0928 1.8386, -2.1808 1.1457 1.8386, -2.1996 1.1596 1.8386, -2.6057 1.0928 1.8386, -2.2149 1.178 1.8386, -2.2306 1.2782 1.8386, -2.2208 1.3049 1.8386, -2.212 1.3185 1.8386, -2.208 1.3246 1.8386, -1.8611 1.1523 1.8386, -1.8797 1.1352 1.8386, -1.9025 1.1226 1.8386, -2.0372 1.1664 1.8386, -2.0489 1.1903 1.8386, -2.0667 1.1653 1.8386, -1.9268 1.1159 1.8386, -1.9461 1.1144 1.8386, -1.9727 1.1179 1.8386, -1.9946 1.1268 1.8386, -2.0854 1.1491 1.8386, -2.1041 1.1392 1.8386, -2.0184 1.1439 1.8386, -2.1224 1.1345 1.8386, -2.1343 1.1336 1.8386, -2.1602 1.1371 1.8386, -2.2263 1.2007 1.8386, -2.233 1.2281 1.8386, -2.2342 1.2463 1.8386, -1.8333 0.7159 1.8386, -1.8628 0.7159 1.8386, -1.8572 0.7108 1.8386, -1.8427 0.6889 1.8386, -1.834 0.6642 1.8386, -1.8333 0.6574 1.8386, -2.6057 0.7903 1.8386, -2.6057 0.7159 1.8386, -2.2097 0.7159 1.8386, -2.2095 0.7162 1.8386, -2.1923 0.732 1.8386, -2.1619 0.7489 1.8386, -1.8783 0.7301 1.8386, -1.8333 0.7903 1.8386, -1.9104 0.7482 1.8386, -2.1108 0.763 1.8386, -2.0342 0.7687 1.8386, -1.9613 0.7628 1.8386, -2.2342 0.6439 1.8386, -2.2312 0.6725 1.8386, -2.2231 0.6958 1.8386, -2.1836 0.5455 1.8386, -2.2049 0.5638 1.8386, -2.6057 0.4782 1.8386, -1.8333 0.6127 1.8386, -1.8339 0.6072 1.8386, -1.8418 0.5847 1.8386, -1.8545 0.5653 1.8386, -1.8724 0.5482 1.8386, -2.0249 0.5094 1.8386, -2.1004 0.5151 1.8386, -2.1545 0.5301 1.8386, -2.2203 0.585 1.8386, -2.23 0.6095 1.8386, -2.2339 0.6359 1.8386, -1.9028 0.5302 1.8386, -1.9505 0.5158 1.8386, -1.4686 1.6569 1.8386, -1.5214 1.6569 1.8386, -1.5394 1.8069 1.8386, -1.1849 1.504 1.8386, -1.1817 1.5381 1.8386, -1.3066 1.5273 1.8386, -1.1941 1.4754 1.8386, -1.1991 1.6137 1.8386, -1.3066 1.6137 1.8386, -1.1968 1.6092 1.8386, -1.1856 1.5771 1.8386, -1.3498 1.5273 1.8386, -1.4374 1.4253 1.8386, -1.4052 1.4087 1.8386, -1.3632 1.399 1.8386, -1.3384 1.3977 1.8386, -1.2946 1.4015 1.8386, -1.2603 1.4117 1.8386, -1.4885 1.6142 1.8386, -1.3498 1.6665 1.8386, -1.1716 1.6665 1.8386, -1.2332 1.4271 1.8386, -1.2106 1.4486 1.8386, -1.4978 1.5659 1.8386, -1.4986 1.5448 1.8386, -1.4941 1.5063 1.8386, -1.483 1.4766 1.8386, -1.464 1.4488 1.8386, -1.5286 1.4714 1.8386, -1.5394 1.5154 1.8386, -1.5398 1.5171 1.8386, -1.5418 1.5494 1.8386, -1.5394 1.5792 1.8386, -1.5374 1.6043 1.8386, -1.4338 1.3664 1.8386, -1.4747 1.3939 1.8386, -1.5061 1.4286 1.8386, -1.1572 1.4451 1.8386, -1.1409 1.3185 1.8386, -1.1437 1.4841 1.8386, -1.1409 1.511 1.8386, -1.1811 1.4085 1.8386, -1.2078 1.3833 1.8386, -1.2455 1.3614 1.8386, -1.2869 1.3491 1.8386, -1.335 1.3449 1.8386, -1.3902 1.3509 1.8386, 0.3191 1.3185 1.8386, -1.1385 1.5339 1.8386, 0.3191 1.8069 1.8386, -1.2241 1.1722 1.8386, -1.1433 1.1564 1.8386, -1.1433 1.1036 1.8386, -1.2678 1.1347 1.8386, -1.4938 1.0928 1.8386, -1.1409 1.0928 1.8386, -1.4136 1.1967 1.8386, -1.4408 1.2105 1.8386, -1.4938 1.2392 1.8386, -1.537 1.292 1.8386, -1.507 1.292 1.8386, -1.3508 1.216 1.8386, -1.1409 1.0232 1.8386, -1.4938 1.0472 1.8386, -1.5394 1.0232 1.8386, -1.537 1.0472 1.8386, -1.537 1.0928 1.8386, -2.2298 0.3848 1.8386, -2.2138 0.4374 1.8386, -2.161 0.4374 1.8386, -1.8773 0.2845 1.8386, -1.8741 0.3186 1.8386, -1.9989 0.3078 1.8386, -2.0993 0.1373 1.8386, -2.1262 0.1469 1.8386, -2.6057 0.1373 1.8386, -2.1671 0.1744 1.8386, -2.1985 0.2091 1.8386, -1.8864 0.2559 1.8386, -1.8915 0.3942 1.8386, -1.9989 0.3942 1.8386, -1.8891 0.3896 1.8386, -1.878 0.3576 1.8386, -2.0421 0.3078 1.8386, -2.1298 0.2058 1.8386, -2.0976 0.1891 1.8386, -2.0556 0.1795 1.8386, -2.0307 0.1782 1.8386, -1.987 0.182 1.8386, -1.9527 0.1922 1.8386, -2.1809 0.3946 1.8386, -2.0421 0.447 1.8386, -1.864 0.447 1.8386, -1.9256 0.2076 1.8386, -1.903 0.2291 1.8386, -2.1902 0.3464 1.8386, -2.191 0.3253 1.8386, -2.1865 0.2868 1.8386, -2.221 0.2519 1.8386, -2.2322 0.2975 1.8386, -2.2342 0.3299 1.8386, -2.1754 0.2571 1.8386, -2.1563 0.2293 1.8386, -2.0826 0.1314 1.8386, -2.6057 0.1181 1.8386, -2.0274 0.1253 1.8386, -1.8333 0.1373 1.8386, -1.9532 0.1373 1.8386, -1.8333 0.1181 1.8386, -1.9793 0.1295 1.8386, -1.8333 0.2915 1.8386, -1.8361 0.2646 1.8386, -1.8495 0.2256 1.8386, -1.8734 0.189 1.8386, -1.9002 0.1638 1.8386, -1.9379 0.1419 1.8386, -1.8333 1.0232 1.8386, -1.8681 1.0232 1.8386, -1.8572 1.0133 1.8386, -1.8427 0.9914 1.8386, -1.834 0.9667 1.8386, -1.8333 0.9599 1.8386, -1.8783 1.0326 1.8386, -1.9104 1.0506 1.8386, -2.1619 1.0513 1.8386, -2.1108 1.0655 1.8386, -2.0342 1.0712 1.8386, -1.9613 1.0653 1.8386, -2.2312 0.975 1.8386, -2.2231 0.9982 1.8386, -2.6057 1.0232 1.8386, -2.2095 1.0187 1.8386, -2.2046 1.0232 1.8386, -2.1923 1.0345 1.8386, -1.8418 0.8872 1.8386, -1.8339 0.9097 1.8386, -1.8333 0.9151 1.8386, -1.8545 0.8677 1.8386, -1.8724 0.8506 1.8386, -1.9028 0.8326 1.8386, -2.1545 0.8325 1.8386, -2.1836 0.848 1.8386, -2.2049 0.8663 1.8386, -2.2203 0.8875 1.8386, -2.23 0.9119 1.8386, -2.2339 0.9384 1.8386, -2.2342 0.9464 1.8386, -1.9505 0.8183 1.8386, -2.0249 0.8119 1.8386, -2.1004 0.8176 1.8386, -1.1409 0.8879 1.8386, -1.1416 0.8947 1.8386, -1.1503 0.9193 1.8386, -1.5307 0.9262 1.8386, -1.5388 0.903 1.8386, -1.5394 0.8972 1.8386, -1.5171 0.9466 1.8386, -1.4999 0.9625 1.8386, -1.4695 0.9793 1.8386, -1.2181 0.9786 1.8386, -1.186 0.9606 1.8386, -1.1649 0.9412 1.8386, -1.4184 0.9934 1.8386, -1.3418 0.9992 1.8386, -1.2689 0.9933 1.8386, -1.5279 0.8155 1.8386, -1.5394 0.7903 1.8386, -1.5126 0.7943 1.8386, -1.5079 0.7903 1.8386, -1.4912 0.776 1.8386, -1.4621 0.7605 1.8386, -1.2104 0.7606 1.8386, -1.2581 0.7463 1.8386, -1.3325 0.7399 1.8386, -1.408 0.7456 1.8386, -1.1494 0.8152 1.8386, -1.1409 0.7903 1.8386, -1.1415 0.8376 1.8386, -1.1409 0.8431 1.8386, -1.1622 0.7957 1.8386, -1.1678 0.7903 1.8386, -1.18 0.7786 1.8386, -1.1409 0.1373 1.8386, -1.1589 0.1494 1.8386, -1.2165 0.1494 1.8386, -1.1409 0.2252 1.8386, -1.1437 0.1978 1.8386, -1.1529 0.1618 1.8386, -1.4362 0.1494 1.8386, -1.4634 0.1529 1.8386, -1.4822 0.1606 1.8386, -1.4993 0.1729 1.8386, -1.3599 0.1871 1.8386, -1.3767 0.1697 1.8386, -1.3949 0.1583 1.8386, -1.4166 0.1512 1.8386, -1.514 0.1899 1.8386, -1.5267 0.212 1.8386, -1.3245 0.2456 1.8386, -1.1991 0.1777 1.8386, -1.2958 0.2996 1.8386, -1.1843 0.2262 1.8386, -1.2927 0.3044 1.8386, -1.1817 0.2543 1.8386, -1.1839 0.2829 1.8386, -1.1893 0.3029 1.8386, -1.1971 0.317 1.8386, -1.2048 0.3252 1.8386, -1.2127 0.3304 1.8386, -1.2249 0.3349 1.8386, -1.2405 0.3366 1.8386, -1.2544 0.3349 1.8386, -1.2658 0.3303 1.8386, -1.2786 0.3211 1.8386, 0.3191 0.1373 1.8386, -1.1385 0.2485 1.8386, 0.3191 -1.8069 1.8386, -1.1409 -1.8069 1.8386, -1.5394 -1.8069 1.8386, -1.8333 -1.8069 1.8386, -1.4938 -0.2732 1.8386, -1.1409 -0.2588 1.8386, -1.5394 -0.2588 1.8386, -1.4938 -0.422 1.8386, -1.3594 -0.422 1.8386, -1.3594 -0.2828 1.8386, -1.1433 -0.4748 1.8386, -1.537 -0.4748 1.8386, -1.537 -0.2732 1.8386, -2.6057 -0.2588 1.8386, -1.8333 -0.2588 1.8386, -2.6057 -0.5108 1.8386, -2.6057 -1.2969 1.8386, -2.6057 -1.8069 1.8386, -1.2537 0.0135 1.8386, -1.2537 -0.1492 1.8386, -1.1433 0.0533 1.8386, -1.1433 -0.1867 1.8386, -1.537 -0.0427 1.8386, -1.5394 0.1181 1.8386, -1.537 -0.0955 1.8386, -1.1433 -0.2444 1.8386, -1.1409 0.1181 1.8386, -1.1433 0.1109 1.8386, -1.5399 0.3323 1.8386, -1.8309 0.3144 1.8386, -1.5418 0.2886 1.8386, 0.3191 0.1181 1.8386, 0.3191 -0.2588 1.8386, -1.5339 0.5237 1.8386, -1.5394 0.5461 1.8386, -1.5407 0.5511 1.8386, -1.5418 0.5693 1.8386, -1.8309 0.635 1.8386, 0.3191 0.7903 1.8386, -1.5376 0.8399 1.8386, -1.5394 0.852 1.8386, -1.5415 0.8664 1.8386, -1.5418 0.8743 1.8386, -1.8309 0.9375 1.8386, 0.3191 1.0928 1.8386, 0.3191 1.0232 1.8386, -1.1385 0.8655 1.8386, 0.57 2.0578 0.1263, 0.4938 -0.8406 0.8514, 0.57 -1.9795 0.1263, 0.4938 -1.1594 0.8514, 0.3974 -1.8069 1.7681, 0.4754 -0.1594 1.0266, 0.3974 1.8852 1.7681, 0.4754 0.1594 1.0266, 0.4938 -0.1594 0.8514, 0.4754 -0.8406 1.0266, 0.4754 -1.1594 1.0266, 0.4938 0.1594 0.8514, 0.4938 0.8406 0.8514, 0.4754 0.8406 1.0266, 0.4754 1.1594 1.0266, 0.4938 1.1594 0.8514, -2.8566 2.0578 0.1263, -2.6841 1.8852 1.7681, -2.8132 0.689 0.5394, -2.8132 -0.689 0.5394, -2.8132 -1.0039 0.5394, -2.6841 -1.8069 1.7681, -2.8132 1.0039 0.5394, -2.8658 1.0039 0.0394, -2.8658 1.9795 0.0394, -2.8586 2.0575 0.1075, -2.8605 2.0528 0.0893, -2.8622 2.0439 0.0728, -2.8658 -1.0039 0.0394, -2.8658 -1.9795 0.0394, -2.8657 -1.9886 0.0399, -2.8637 2.0313 0.0588, -2.8648 2.0158 0.0482, -2.8655 1.9981 0.0416, 0.4917 -2.0578 0.1263, 0.3191 -1.8852 1.7681, -2.7783 -2.0578 0.1263, -2.6057 -1.8852 1.7681, -2.4917 1.0039 0.0394, -2.4917 1.5748 0.0394, -0.5232 1.5748 0.0394, 0.4917 1.9795 0.0394, -0.5232 -1.5748 0.0394, 0.4917 -1.9795 0.0394, -2.4917 -1.5748 0.0394, -2.4917 -1.0039 0.0394
            ]
        }
        coordIndex [
            0,1,2,-1,2,1,3,-1,4,5,6,-1,7,8,9,-1,10,11,12,-1,13,14,15,-1,16,17,18,-1,19,20,21,-1,22,23,24,-1,24,23,25,-1,24,25,26,-1,26,25,27,-1,28,29,22,-1,30,31,23,-1,23,31,32,-1,23,32,33,-1,22,29,23,-1,23,29,34,-1,23,34,30,-1,33,35,23,-1,23,35,36,-1,23,36,37,-1,28,22,38,-1,38,22,39,-1,38,39,40,-1,40,39,41,-1,40,41,42,-1,42,41,43,-1,42,43,44,-1,44,45,42,-1,42,45,46,-1,42,46,47,-1,47,48,42,-1,42,48,49,-1,42,49,50,-1,51,52,50,-1,50,52,53,-1,50,53,42,-1,54,55,56,-1,27,25,56,-1,56,25,57,-1,56,57,54,-1,58,59,60,-1,60,59,61,-1,62,63,60,-1,64,65,58,-1,58,65,66,-1,58,66,67,-1,67,68,58,-1,58,68,69,-1,58,69,70,-1,63,71,60,-1,60,71,72,-1,60,72,58,-1,58,72,73,-1,58,73,64,-1,62,60,74,-1,74,60,75,-1,74,75,76,-1,76,75,77,-1,76,77,78,-1,78,77,79,-1,78,79,80,-1,80,81,78,-1,78,81,82,-1,78,82,83,-1,83,84,78,-1,78,84,85,-1,78,85,86,-1,86,87,78,-1,78,87,88,-1,78,88,89,-1,90,91,92,-1,92,91,93,-1,92,93,94,-1,37,95,23,-1,23,95,90,-1,23,90,96,-1,96,90,92,-1,97,98,99,-1,99,98,100,-1,99,100,101,-1,102,103,104,-1,105,106,107,-1,102,108,109,-1,104,110,102,-1,102,110,111,-1,102,111,108,-1,112,113,114,-1,114,113,115,-1,114,115,116,-1,106,117,107,-1,107,117,118,-1,107,118,119,-1,112,114,120,-1,120,114,121,-1,120,121,122,-1,123,124,107,-1,107,124,125,-1,107,125,105,-1,122,123,120,-1,120,123,107,-1,120,107,126,-1,126,107,102,-1,126,102,127,-1,127,102,109,-1,128,129,130,-1,128,131,132,-1,133,134,135,-1,135,136,132,-1,132,136,137,-1,132,137,128,-1,128,137,138,-1,128,138,129,-1,139,140,141,-1,141,140,142,-1,142,143,141,-1,141,143,144,-1,141,144,145,-1,134,146,135,-1,135,146,147,-1,135,147,136,-1,148,149,150,-1,150,149,151,-1,150,151,152,-1,141,153,139,-1,139,153,154,-1,139,154,155,-1,156,157,158,-1,159,133,160,-1,160,133,135,-1,160,135,151,-1,151,135,161,-1,151,161,162,-1,162,163,151,-1,151,163,164,-1,151,164,165,-1,148,166,149,-1,149,166,167,-1,149,167,168,-1,168,167,169,-1,168,169,170,-1,170,169,155,-1,170,155,171,-1,171,155,154,-1,165,172,151,-1,151,172,173,-1,151,173,174,-1,175,152,176,-1,176,152,151,-1,176,151,177,-1,177,151,174,-1,175,176,158,-1,158,176,178,-1,158,178,156,-1,160,179,159,-1,159,179,180,-1,159,180,181,-1,181,180,182,-1,183,184,141,-1,141,184,185,-1,141,185,153,-1,186,187,188,-1,187,189,188,-1,188,189,190,-1,188,190,191,-1,192,193,194,-1,195,196,197,-1,197,196,198,-1,199,200,201,-1,202,203,204,-1,204,203,205,-1,204,205,206,-1,206,205,207,-1,206,207,208,-1,201,192,21,-1,21,192,209,-1,21,209,19,-1,19,209,196,-1,19,196,208,-1,208,196,195,-1,208,195,206,-1,201,200,192,-1,192,200,210,-1,192,210,193,-1,211,212,197,-1,197,212,213,-1,197,213,214,-1,214,213,215,-1,214,215,216,-1,217,214,218,-1,218,214,216,-1,218,216,219,-1,217,220,214,-1,214,220,221,-1,214,221,201,-1,201,221,222,-1,201,222,199,-1,216,223,219,-1,219,223,224,-1,219,224,18,-1,18,224,225,-1,18,225,16,-1,226,227,228,-1,229,230,231,-1,231,230,232,-1,233,234,198,-1,198,234,235,-1,198,235,197,-1,197,235,236,-1,197,236,211,-1,227,237,228,-1,228,237,238,-1,228,238,239,-1,240,241,242,-1,239,243,228,-1,228,243,244,-1,228,244,231,-1,231,244,245,-1,231,245,246,-1,242,247,240,-1,240,247,248,-1,240,248,249,-1,249,248,250,-1,249,250,246,-1,246,250,251,-1,246,251,231,-1,231,251,252,-1,231,252,229,-1,232,253,231,-1,231,253,254,-1,231,254,198,-1,198,254,255,-1,198,255,233,-1,256,257,258,-1,258,259,256,-1,256,259,260,-1,256,260,261,-1,262,263,264,-1,264,265,262,-1,262,265,266,-1,262,266,267,-1,257,256,268,-1,268,256,269,-1,268,269,270,-1,267,271,262,-1,262,271,272,-1,262,272,269,-1,269,272,273,-1,269,273,270,-1,274,275,263,-1,263,275,276,-1,263,276,264,-1,277,278,279,-1,12,280,281,-1,281,282,12,-1,12,282,283,-1,12,283,284,-1,285,286,279,-1,279,286,287,-1,279,287,277,-1,278,288,279,-1,279,288,289,-1,279,289,263,-1,263,289,290,-1,263,290,274,-1,284,291,12,-1,12,291,292,-1,12,292,285,-1,293,15,294,-1,294,15,295,-1,296,297,298,-1,296,298,299,-1,300,301,302,-1,302,301,298,-1,302,298,303,-1,303,298,297,-1,304,305,306,-1,306,307,304,-1,304,307,308,-1,304,308,298,-1,298,308,309,-1,298,309,310,-1,293,311,312,-1,312,311,304,-1,293,312,15,-1,15,312,313,-1,15,313,13,-1,310,314,298,-1,298,314,315,-1,298,315,299,-1,311,316,304,-1,304,316,317,-1,304,317,318,-1,318,319,304,-1,304,319,320,-1,304,320,305,-1,321,322,188,-1,188,322,192,-1,188,192,186,-1,186,192,194,-1,322,323,192,-1,192,323,324,-1,192,324,209,-1,209,324,325,-1,209,325,295,-1,295,325,326,-1,295,326,294,-1,327,328,188,-1,188,328,329,-1,188,329,321,-1,330,331,332,-1,332,331,333,-1,330,334,331,-1,331,334,335,-1,331,335,336,-1,336,337,331,-1,331,337,338,-1,331,338,188,-1,188,338,339,-1,188,339,327,-1,340,341,333,-1,341,340,14,-1,14,340,342,-1,14,342,15,-1,343,344,331,-1,345,346,347,-1,331,344,348,-1,346,349,347,-1,347,349,350,-1,347,350,351,-1,191,352,188,-1,188,352,353,-1,188,353,331,-1,331,353,354,-1,331,354,343,-1,344,345,348,-1,348,345,347,-1,348,347,355,-1,355,347,356,-1,355,356,357,-1,357,356,358,-1,357,358,191,-1,191,358,359,-1,191,359,352,-1,360,361,279,-1,285,279,12,-1,12,279,361,-1,12,361,362,-1,363,364,365,-1,366,367,368,-1,368,367,369,-1,368,369,370,-1,363,365,371,-1,372,373,374,-1,374,373,365,-1,374,365,375,-1,375,365,364,-1,376,377,378,-1,378,379,376,-1,376,379,380,-1,376,380,365,-1,365,380,381,-1,365,381,382,-1,362,383,384,-1,384,383,376,-1,362,384,12,-1,12,384,385,-1,12,385,10,-1,382,386,365,-1,365,386,387,-1,365,387,371,-1,383,388,376,-1,376,388,389,-1,376,389,390,-1,370,391,368,-1,368,391,392,-1,368,392,279,-1,279,392,393,-1,279,393,360,-1,390,394,376,-1,376,394,395,-1,376,395,377,-1,366,368,396,-1,396,368,397,-1,396,397,398,-1,399,400,401,-1,401,400,402,-1,401,402,398,-1,403,404,399,-1,399,404,405,-1,399,405,406,-1,406,407,399,-1,399,407,408,-1,399,408,400,-1,409,410,411,-1,411,412,409,-1,409,412,413,-1,409,413,414,-1,410,409,415,-1,415,409,228,-1,415,228,416,-1,417,418,231,-1,231,418,419,-1,231,419,228,-1,228,419,420,-1,228,420,416,-1,421,422,423,-1,422,424,423,-1,423,424,425,-1,423,425,231,-1,231,425,426,-1,231,426,417,-1,427,269,428,-1,428,269,429,-1,427,430,269,-1,269,430,431,-1,269,431,432,-1,433,434,262,-1,262,434,435,-1,262,435,436,-1,436,437,262,-1,262,437,438,-1,262,438,423,-1,423,438,439,-1,423,439,421,-1,432,440,269,-1,269,440,441,-1,269,441,262,-1,262,441,442,-1,262,442,433,-1,443,355,444,-1,444,355,445,-1,446,357,447,-1,447,357,448,-1,446,449,357,-1,357,449,450,-1,357,450,451,-1,452,453,355,-1,355,453,454,-1,355,454,445,-1,451,455,357,-1,357,455,456,-1,357,456,355,-1,355,456,457,-1,355,457,452,-1,458,459,460,-1,460,459,461,-1,461,459,462,-1,462,459,102,-1,462,102,463,-1,464,465,107,-1,107,465,466,-1,107,466,102,-1,102,466,467,-1,102,467,463,-1,468,469,470,-1,470,469,471,-1,468,472,469,-1,469,472,473,-1,469,473,107,-1,107,473,474,-1,107,474,464,-1,475,476,477,-1,478,479,475,-1,475,479,480,-1,475,480,476,-1,481,482,9,-1,9,482,483,-1,9,483,484,-1,485,486,477,-1,477,486,487,-1,477,487,488,-1,484,489,9,-1,9,489,490,-1,9,490,7,-1,485,477,491,-1,491,477,492,-1,491,492,493,-1,493,492,494,-1,493,494,495,-1,495,494,496,-1,495,496,497,-1,497,498,495,-1,495,498,499,-1,495,499,500,-1,500,501,495,-1,495,501,502,-1,495,502,503,-1,504,505,503,-1,503,505,506,-1,503,506,495,-1,507,508,478,-1,508,507,145,-1,145,507,99,-1,145,99,141,-1,141,99,101,-1,141,101,183,-1,509,57,510,-1,510,57,25,-1,510,25,511,-1,511,25,23,-1,511,23,512,-1,512,23,96,-1,513,514,515,-1,516,517,513,-1,513,517,518,-1,513,518,514,-1,518,4,514,-1,514,4,6,-1,514,6,58,-1,58,6,519,-1,58,519,59,-1,59,519,520,-1,59,520,515,-1,515,520,521,-1,515,521,513,-1,398,397,401,-1,401,397,522,-1,401,522,523,-1,523,522,524,-1,523,524,92,-1,92,524,525,-1,92,525,96,-1,96,525,526,-1,96,526,512,-1,527,528,529,-1,529,528,530,-1,531,532,533,-1,533,532,515,-1,533,515,534,-1,534,515,514,-1,534,514,530,-1,530,514,535,-1,530,535,529,-1,529,535,536,-1,128,12,131,-1,131,12,11,-1,131,11,537,-1,537,11,538,-1,537,538,539,-1,539,538,403,-1,539,403,8,-1,8,403,399,-1,8,399,9,-1,9,399,401,-1,9,401,532,-1,532,401,523,-1,532,523,515,-1,515,523,92,-1,515,92,59,-1,59,92,94,-1,59,94,61,-1,488,481,477,-1,477,481,9,-1,477,9,475,-1,475,9,532,-1,475,532,535,-1,535,532,531,-1,535,531,536,-1,478,475,507,-1,507,475,535,-1,507,535,540,-1,540,535,514,-1,540,514,541,-1,541,514,58,-1,541,58,54,-1,54,58,70,-1,54,70,55,-1,130,542,128,-1,128,542,543,-1,128,543,12,-1,12,543,544,-1,12,544,280,-1,280,544,545,-1,280,545,546,-1,546,545,103,-1,546,103,261,-1,261,103,102,-1,261,102,256,-1,256,102,459,-1,256,459,269,-1,471,469,547,-1,547,469,107,-1,547,107,97,-1,97,107,119,-1,97,119,98,-1,458,548,459,-1,459,548,549,-1,459,549,269,-1,269,549,550,-1,269,550,429,-1,429,550,551,-1,429,551,552,-1,552,551,448,-1,552,448,414,-1,414,448,357,-1,414,357,409,-1,409,357,191,-1,409,191,228,-1,228,191,190,-1,228,190,226,-1,333,331,340,-1,340,331,348,-1,340,348,553,-1,553,348,355,-1,553,355,554,-1,554,355,443,-1,554,443,547,-1,547,443,555,-1,547,555,471,-1,556,557,558,-1,558,557,559,-1,558,559,560,-1,560,561,562,-1,562,561,563,-1,564,561,565,-1,565,561,560,-1,565,560,566,-1,566,560,559,-1,565,557,564,-1,564,557,556,-1,564,556,567,-1,567,556,568,-1,567,568,563,-1,563,568,569,-1,563,569,562,-1,562,569,570,-1,562,570,556,-1,556,570,571,-1,556,571,568,-1,572,573,556,-1,556,573,562,-1,574,3,1,-1,575,576,577,-1,1,575,574,-1,574,575,577,-1,574,577,578,-1,578,577,573,-1,578,573,579,-1,579,573,572,-1,579,572,580,-1,572,581,580,-1,580,581,582,-1,580,582,583,-1,576,584,577,-1,577,584,585,-1,577,585,586,-1,583,587,580,-1,580,587,588,-1,580,588,589,-1,590,591,592,-1,592,591,593,-1,594,579,595,-1,595,579,580,-1,595,580,596,-1,596,580,597,-1,596,597,598,-1,598,597,599,-1,598,599,600,-1,600,599,585,-1,600,585,601,-1,601,585,584,-1,
        ]
    }
}
Shape{
    appearance Appearance {
        material  Material 	{
            diffuseColor 1.0 1.0 1.0
            specularColor 0.8784313725490196 0.8784313725490196 0.8784313725490196
            ambientIntensity 1.0
            transparency 0.0
            shininess 0.5
        }
    }
    geometry IndexedFaceSet {
        ccw TRUE
        solid FALSE
        coord DEF co Coordinate {
            point [
                2.6342 1.1594 0.0, 2.6342 1.1594 0.1752, 2.6342 0.8406 0.0, 2.6342 0.8406 0.1752, 1.6559 1.1594 0.0, 1.6559 0.8406 0.0, 1.4591 1.1594 0.6545, 1.4591 1.1594 0.1969, 1.4591 0.8406 0.6545, 1.4591 0.8406 0.1969, 1.2622 0.8406 0.8514, 0.4938 0.8406 0.8514, 1.2622 1.1594 0.8514, 0.4938 1.1594 0.8514, 1.4374 1.1594 1.0266, 0.4754 1.1594 1.0266, 1.4374 0.8406 1.0266, 0.4754 0.8406 1.0266, 1.6342 1.1594 0.372, 1.6342 1.1594 0.8297, 1.6342 0.8406 0.372, 1.6342 0.8406 0.8297, 1.8311 0.8406 0.1752, 1.8311 1.1594 0.1752, 1.3132 1.1594 0.8447, 1.7802 1.1594 0.1819, 1.5575 1.1594 0.0264, 1.6919 1.1594 0.2329, 1.7327 1.1594 0.2016, 1.605 1.1594 0.0067, 1.5358 1.1594 1.0002, 1.4014 1.1594 0.7937, 1.3606 1.1594 0.825, 1.4883 1.1594 1.0199, 1.5766 1.1594 0.9689, 1.6079 1.1594 0.9281, 1.4327 1.1594 0.753, 1.6275 1.1594 0.8807, 1.4523 1.1594 0.7055, 1.5167 1.1594 0.0577, 1.4854 1.1594 0.0984, 1.6606 1.1594 0.2736, 1.4658 1.1594 0.1459, 1.641 1.1594 0.3211, 1.7802 0.8406 0.1819, 1.605 0.8406 0.0067, 1.7327 0.8406 0.2016, 1.5575 0.8406 0.0264, 1.6919 0.8406 0.2329, 1.3132 0.8406 0.8447, 1.4883 0.8406 1.0199, 1.3606 0.8406 0.825, 1.5358 0.8406 1.0002, 1.4014 0.8406 0.7937, 1.6275 0.8406 0.8807, 1.4327 0.8406 0.753, 1.6079 0.8406 0.9281, 1.5766 0.8406 0.9689, 1.4658 0.8406 0.1459, 1.6606 0.8406 0.2736, 1.4854 0.8406 0.0984, 1.5167 0.8406 0.0577, 1.4523 0.8406 0.7055, 1.641 0.8406 0.3211, 2.6342 -1.1594 0.1752, 2.6342 -1.1594 0.0, 2.6342 -0.8406 0.1752, 2.6342 -0.8406 0.0, 1.8311 -1.1594 0.1752, 1.8311 -0.8406 0.1752, 1.6342 -0.8406 0.372, 1.6342 -0.8406 0.8297, 1.6342 -1.1594 0.372, 1.6342 -1.1594 0.8297, 1.4374 -0.8406 1.0266, 0.4754 -0.8406 1.0266, 1.4374 -1.1594 1.0266, 0.4754 -1.1594 1.0266, 1.2622 -1.1594 0.8514, 0.4938 -1.1594 0.8514, 1.2622 -0.8406 0.8514, 0.4938 -0.8406 0.8514, 1.4591 -0.8406 0.6545, 1.4591 -0.8406 0.1969, 1.4591 -1.1594 0.6545, 1.4591 -1.1594 0.1969, 1.6559 -0.8406 0.0, 1.6559 -1.1594 0.0, 1.7802 -1.1594 0.1819, 1.605 -1.1594 0.0067, 1.7327 -1.1594 0.2016, 1.5575 -1.1594 0.0264, 1.6919 -1.1594 0.2329, 1.3132 -1.1594 0.8447, 1.4883 -1.1594 1.0199, 1.3606 -1.1594 0.825, 1.5358 -1.1594 1.0002, 1.4014 -1.1594 0.7937, 1.6275 -1.1594 0.8807, 1.4327 -1.1594 0.753, 1.6079 -1.1594 0.9281, 1.5766 -1.1594 0.9689, 1.4658 -1.1594 0.1459, 1.6606 -1.1594 0.2736, 1.4854 -1.1594 0.0984, 1.5167 -1.1594 0.0577, 1.4523 -1.1594 0.7055, 1.641 -1.1594 0.3211, 1.3132 -0.8406 0.8447, 1.605 -0.8406 0.0067, 1.7327 -0.8406 0.2016, 1.5575 -0.8406 0.0264, 1.6919 -0.8406 0.2329, 1.7802 -0.8406 0.1819, 1.5358 -0.8406 1.0002, 1.4014 -0.8406 0.7937, 1.3606 -0.8406 0.825, 1.4883 -0.8406 1.0199, 1.5766 -0.8406 0.9689, 1.6079 -0.8406 0.9281, 1.4327 -0.8406 0.753, 1.6275 -0.8406 0.8807, 1.4523 -0.8406 0.7055, 1.5167 -0.8406 0.0577, 1.4854 -0.8406 0.0984, 1.6606 -0.8406 0.2736, 1.4658 -0.8406 0.1459, 1.641 -0.8406 0.3211, 0.751 0.1594 1.0266, 0.4754 0.1594 1.0266, 0.751 -0.1594 1.0266, 0.4754 -0.1594 1.0266, 0.751 0.1594 0.8514, 0.751 -0.1594 0.8514, 0.4938 0.1594 0.8514, 0.4938 -0.1594 0.8514, -2.2294 1.6473 1.8346, -2.2294 1.7001 1.8346, -2.2294 1.6473 1.8386, -2.2294 1.7001 1.8386, -1.9785 1.5753 1.8346, -1.9785 1.5753 1.8386, -1.8357 1.5753 1.8346, -1.8357 1.5753 1.8386, -1.8357 1.5225 1.8346, -1.8357 1.5225 1.8386, -1.9772 1.5225 1.8346, -1.9772 1.5225 1.8386, -2.2294 1.3977 1.8346, -2.2294 1.3977 1.8386, -2.2294 1.4553 1.8346, -2.2294 1.4553 1.8386, -2.0521 1.5404 1.8346, -2.0521 1.5404 1.8386, -2.0265 1.5498 1.8346, -2.0265 1.5498 1.8386, -2.0393 1.5451 1.8386, -2.0393 1.5451 1.8346, -2.0265 1.5506 1.8346, -2.0265 1.5506 1.8386, -2.0519 1.5607 1.8346, -2.0519 1.5607 1.8386, -2.0395 1.555 1.8386, -2.0395 1.555 1.8346, -1.537 1.292 1.8346, -1.507 1.292 1.8346, -1.537 1.292 1.8386, -1.507 1.292 1.8386, -1.1433 1.1564 1.8346, -1.1433 1.1564 1.8386, -1.224 1.1722 1.8386, -1.224 1.1722 1.8346, -1.3507 1.216 1.8386, -1.3507 1.216 1.8346, -1.1433 1.1036 1.8346, -1.1433 1.1036 1.8386, -1.4938 1.2392 1.8346, -1.4938 1.2392 1.8386, -1.4405 1.2104 1.8386, -1.4405 1.2104 1.8346, -1.4138 1.1968 1.8386, -1.4138 1.1968 1.8346, -1.2678 1.1347 1.8386, -1.2678 1.1347 1.8346, -1.4938 1.0928 1.8386, -1.4938 1.0472 1.8346, -1.4938 1.0472 1.8386, -1.537 1.0472 1.8346, -1.537 1.0472 1.8386, -1.537 1.0928 1.8386, -1.3498 1.6665 1.8346, -1.1716 1.6665 1.8346, -1.3498 1.6665 1.8386, -1.1716 1.6665 1.8386, -1.1464 1.6024 1.8346, -1.1385 1.5339 1.8346, -1.1385 1.5339 1.8386, -1.1409 1.5549 1.8386, -1.1464 1.6024 1.8386, -1.1409 1.511 1.8386, -1.1437 1.4841 1.8346, -1.1437 1.4841 1.8386, -1.1572 1.4451 1.8346, -1.1572 1.4451 1.8386, -1.1811 1.4085 1.8346, -1.1811 1.4085 1.8386, -1.2078 1.3833 1.8346, -1.2078 1.3833 1.8386, -1.2455 1.3614 1.8346, -1.2455 1.3614 1.8386, -1.2869 1.3491 1.8346, -1.2869 1.3491 1.8386, -1.335 1.3449 1.8346, -1.335 1.3449 1.8386, -1.5418 1.5494 1.8346, -1.5418 1.5494 1.8386, -1.5398 1.5171 1.8386, -1.5398 1.5171 1.8346, -1.5394 1.5154 1.8386, -1.5286 1.4714 1.8346, -1.5286 1.4714 1.8386, -1.5061 1.4286 1.8386, -1.5061 1.4286 1.8346, -1.4747 1.3939 1.8386, -1.4747 1.3939 1.8346, -1.4338 1.3664 1.8386, -1.4338 1.3664 1.8346, -1.3902 1.3509 1.8386, -1.3902 1.3509 1.8346, -1.5394 1.5792 1.8386, -1.5374 1.6043 1.8346, -1.5374 1.6043 1.8386, -1.5214 1.6569 1.8346, -1.5214 1.6569 1.8386, -1.4686 1.6569 1.8346, -1.4686 1.6569 1.8386, -1.4986 1.5448 1.8346, -1.4986 1.5448 1.8386, -1.4978 1.5659 1.8386, -1.4978 1.5659 1.8346, -1.4885 1.6142 1.8386, -1.4885 1.6142 1.8346, -1.3384 1.3977 1.8346, -1.3384 1.3977 1.8386, -1.3632 1.399 1.8386, -1.3632 1.399 1.8346, -1.4052 1.4087 1.8386, -1.4052 1.4087 1.8346, -1.4374 1.4253 1.8386, -1.4374 1.4253 1.8346, -1.464 1.4488 1.8386, -1.464 1.4488 1.8346, -1.483 1.4766 1.8386, -1.483 1.4766 1.8346, -1.4941 1.5063 1.8386, -1.4941 1.5063 1.8346, -1.1817 1.5381 1.8346, -1.1817 1.5381 1.8386, -1.1849 1.504 1.8386, -1.1849 1.504 1.8346, -1.1941 1.4754 1.8386, -1.1941 1.4754 1.8346, -1.2106 1.4486 1.8386, -1.2106 1.4486 1.8346, -1.2332 1.4271 1.8386, -1.2332 1.4271 1.8346, -1.2603 1.4117 1.8386, -1.2603 1.4117 1.8346, -1.2946 1.4015 1.8386, -1.2946 1.4015 1.8346, -1.1991 1.6137 1.8346, -1.1991 1.6137 1.8386, -1.1968 1.6092 1.8386, -1.1968 1.6092 1.8346, -1.1856 1.5771 1.8386, -1.1856 1.5771 1.8346, -1.3066 1.6137 1.8346, -1.3066 1.6137 1.8386, -1.3066 1.5273 1.8346, -1.3066 1.5273 1.8386, -1.3498 1.5273 1.8346, -1.3498 1.5273 1.8386, -2.0421 0.447 1.8346, -1.864 0.447 1.8346, -2.0421 0.447 1.8386, -1.864 0.447 1.8386, -1.8387 0.3829 1.8346, -1.8309 0.3144 1.8346, -1.8309 0.3144 1.8386, -1.8333 0.3353 1.8386, -1.8387 0.3829 1.8386, -2.0274 0.1253 1.8346, -2.0274 0.1253 1.8386, -1.9793 0.1295 1.8386, -1.9793 0.1295 1.8346, -1.9532 0.1373 1.8386, -1.9379 0.1419 1.8346, -1.9379 0.1419 1.8386, -1.9002 0.1638 1.8386, -1.9002 0.1638 1.8346, -1.8734 0.189 1.8386, -1.8734 0.189 1.8346, -1.8495 0.2256 1.8386, -1.8495 0.2256 1.8346, -1.8361 0.2646 1.8386, -1.8361 0.2646 1.8346, -1.8333 0.2915 1.8386, -2.0826 0.1314 1.8346, -2.2342 0.3299 1.8346, -2.2342 0.3299 1.8386, -2.2322 0.2975 1.8386, -2.2322 0.2975 1.8346, -2.221 0.2519 1.8386, -2.221 0.2519 1.8346, -2.1985 0.2091 1.8386, -2.1985 0.2091 1.8346, -2.1671 0.1744 1.8386, -2.1671 0.1744 1.8346, -2.1262 0.1469 1.8386, -2.1262 0.1469 1.8346, -2.0993 0.1373 1.8386, -2.0826 0.1314 1.8386, -2.2138 0.4374 1.8346, -2.2138 0.4374 1.8386, -2.2298 0.3848 1.8386, -2.2298 0.3848 1.8346, -2.161 0.4374 1.8346, -2.161 0.4374 1.8386, -2.191 0.3253 1.8346, -2.191 0.3253 1.8386, -2.1902 0.3464 1.8386, -2.1902 0.3464 1.8346, -2.1809 0.3946 1.8386, -2.1809 0.3946 1.8346, -2.0307 0.1782 1.8346, -2.0307 0.1782 1.8386, -2.0556 0.1795 1.8386, -2.0556 0.1795 1.8346, -2.0976 0.1891 1.8386, -2.0976 0.1891 1.8346, -2.1298 0.2058 1.8386, -2.1298 0.2058 1.8346, -2.1563 0.2293 1.8386, -2.1563 0.2293 1.8346, -2.1754 0.2571 1.8386, -2.1754 0.2571 1.8346, -2.1865 0.2868 1.8386, -2.1865 0.2868 1.8346, -1.8741 0.3186 1.8346, -1.8741 0.3186 1.8386, -1.8773 0.2845 1.8386, -1.8773 0.2845 1.8346, -1.8864 0.2559 1.8386, -1.8864 0.2559 1.8346, -1.903 0.2291 1.8386, -1.903 0.2291 1.8346, -1.9256 0.2076 1.8386, -1.9256 0.2076 1.8346, -1.9527 0.1922 1.8386, -1.9527 0.1922 1.8346, -1.987 0.182 1.8386, -1.987 0.182 1.8346, -1.8915 0.3942 1.8346, -1.8915 0.3942 1.8386, -1.8891 0.3896 1.8386, -1.8891 0.3896 1.8346, -1.878 0.3576 1.8386, -1.878 0.3576 1.8346, -1.9989 0.3942 1.8346, -1.9989 0.3942 1.8386, -1.9989 0.3078 1.8346, -1.9989 0.3078 1.8386, -2.0421 0.3078 1.8346, -2.0421 0.3078 1.8386, -1.8309 0.635 1.8386, -1.8309 0.635 1.8346, -1.8333 0.6127 1.8386, -1.8339 0.6072 1.8346, -1.8339 0.6072 1.8386, -1.8418 0.5847 1.8346, -1.8418 0.5847 1.8386, -1.8545 0.5653 1.8346, -1.8545 0.5653 1.8386, -1.8724 0.5482 1.8346, -1.8724 0.5482 1.8386, -1.9028 0.5302 1.8346, -1.9028 0.5302 1.8386, -1.9505 0.5158 1.8346, -1.9505 0.5158 1.8386, -2.0249 0.5094 1.8346, -2.0249 0.5094 1.8386, -2.2342 0.6439 1.8346, -2.2342 0.6439 1.8386, -2.2339 0.6359 1.8386, -2.2339 0.6359 1.8346, -2.23 0.6094 1.8386, -2.23 0.6094 1.8346, -2.2202 0.585 1.8386, -2.2202 0.585 1.8346, -2.2049 0.5638 1.8386, -2.2049 0.5638 1.8346, -2.1835 0.5455 1.8386, -2.1835 0.5455 1.8346, -2.1545 0.5301 1.8386, -2.1545 0.5301 1.8346, -2.1004 0.5151 1.8386, -2.1004 0.5151 1.8346, -2.0342 0.7687 1.8346, -2.0342 0.7687 1.8386, -2.1108 0.763 1.8386, -2.1108 0.763 1.8346, -2.1619 0.7489 1.8386, -2.1619 0.7489 1.8346, -2.1923 0.732 1.8386, -2.1923 0.732 1.8346, -2.2095 0.7162 1.8386, -2.2095 0.7162 1.8346, -2.2097 0.7159 1.8386, -2.2231 0.6958 1.8346, -2.2231 0.6958 1.8386, -2.2312 0.6725 1.8386, -2.2312 0.6725 1.8346, -1.834 0.6642 1.8346, -1.8333 0.6574 1.8386, -1.834 0.6642 1.8386, -1.8426 0.6889 1.8386, -1.8426 0.6889 1.8346, -1.8572 0.7108 1.8386, -1.8572 0.7108 1.8346, -1.8628 0.7159 1.8386, -1.8783 0.7301 1.8346, -1.8783 0.7301 1.8386, -1.9104 0.7482 1.8386, -1.9104 0.7482 1.8346, -1.9612 0.7628 1.8386, -1.9612 0.7628 1.8346, -2.191 0.6412 1.8346, -2.189 0.6247 1.8346, -2.1841 0.6122 1.8346, -2.1762 0.6008 1.8346, -2.1634 0.5897 1.8346, -2.1405 0.5778 1.8346, -2.0974 0.567 1.8346, -2.0273 0.5623 1.8346, -1.9535 0.5684 1.8346, -1.918 0.579 1.8346, -1.9005 0.5888 1.8346, -1.8879 0.6001 1.8346, -1.8803 0.6117 1.8346, -1.8758 0.6243 1.8346, -1.8741 0.6397 1.8346, -1.8759 0.6555 1.8346, -1.8807 0.6678 1.8346, -1.8886 0.6791 1.8346, -1.9014 0.6902 1.8346, -1.9231 0.7012 1.8346, -1.965 0.7117 1.8346, -2.0298 0.7159 1.8346, -2.1094 0.7097 1.8346, -2.1472 0.6987 1.8346, -2.1656 0.6887 1.8346, -2.1786 0.6768 1.8346, -2.1853 0.6665 1.8346, -2.1895 0.6547 1.8346, -2.0273 0.5623 1.8386, -2.0974 0.567 1.8386, -2.1405 0.5778 1.8386, -2.1634 0.5897 1.8386, -2.1762 0.6008 1.8386, -2.1841 0.6122 1.8386, -2.189 0.6247 1.8386, -2.191 0.6412 1.8386, -2.1895 0.6547 1.8386, -2.1853 0.6665 1.8386, -2.1786 0.6768 1.8386, -2.1656 0.6887 1.8386, -2.1472 0.6987 1.8386, -2.1094 0.7097 1.8386, -2.0298 0.7159 1.8386, -1.965 0.7117 1.8386, -1.9231 0.7012 1.8386, -1.9014 0.6902 1.8386, -1.8886 0.6791 1.8386, -1.8807 0.6678 1.8386, -1.8759 0.6555 1.8386, -1.8741 0.6397 1.8386, -1.8758 0.6243 1.8386, -1.8803 0.6117 1.8386, -1.8879 0.6001 1.8386, -1.9005 0.5888 1.8386, -1.918 0.579 1.8386, -1.9535 0.5684 1.8386, -1.8309 0.9375 1.8386, -1.8309 0.9375 1.8346, -1.8333 0.9151 1.8386, -1.8339 0.9097 1.8346, -1.8339 0.9097 1.8386, -1.8418 0.8872 1.8346, -1.8418 0.8872 1.8386, -1.8545 0.8677 1.8346, -1.8545 0.8677 1.8386, -1.8724 0.8506 1.8346, -1.8724 0.8506 1.8386, -1.9028 0.8326 1.8346, -1.9028 0.8326 1.8386, -1.9505 0.8183 1.8346, -1.9505 0.8183 1.8386, -2.0249 0.8119 1.8346, -2.0249 0.8119 1.8386, -2.2342 0.9464 1.8346, -2.2342 0.9464 1.8386, -2.2339 0.9384 1.8386, -2.2339 0.9384 1.8346, -2.23 0.9119 1.8386, -2.23 0.9119 1.8346, -2.2202 0.8874 1.8386, -2.2202 0.8874 1.8346, -2.2049 0.8662 1.8386, -2.2049 0.8662 1.8346, -2.1835 0.848 1.8386, -2.1835 0.848 1.8346, -2.1545 0.8325 1.8386, -2.1545 0.8325 1.8346, -2.1004 0.8176 1.8386, -2.1004 0.8176 1.8346, -2.1923 1.0345 1.8386, -2.1619 1.0513 1.8346, -2.1619 1.0513 1.8386, -2.1108 1.0655 1.8346, -2.1108 1.0655 1.8386, -2.0342 1.0712 1.8346, -2.0342 1.0712 1.8386, -2.2046 1.0232 1.8386, -2.2095 1.0187 1.8346, -2.1923 1.0345 1.8346, -2.2095 1.0187 1.8386, -2.2231 0.9982 1.8386, -2.2231 0.9982 1.8346, -2.2312 0.975 1.8386, -2.2312 0.975 1.8346, -1.834 0.9667 1.8346, -1.8333 0.9599 1.8386, -1.834 0.9667 1.8386, -1.8426 0.9913 1.8386, -1.8426 0.9913 1.8346, -1.8572 1.0132 1.8386, -1.8572 1.0132 1.8346, -1.8681 1.0232 1.8386, -1.8783 1.0326 1.8346, -1.8783 1.0326 1.8386, -1.9104 1.0506 1.8386, -1.9104 1.0506 1.8346, -1.9612 1.0653 1.8386, -1.9612 1.0653 1.8346, -2.191 0.9437 1.8346, -2.189 0.9272 1.8346, -2.1841 0.9147 1.8346, -2.1762 0.9033 1.8346, -2.1634 0.8922 1.8346, -2.1405 0.8803 1.8346, -2.0974 0.8694 1.8346, -2.0273 0.8647 1.8346, -1.9535 0.8708 1.8346, -1.918 0.8815 1.8346, -1.9005 0.8913 1.8346, -1.8879 0.9026 1.8346, -1.8803 0.9142 1.8346, -1.8758 0.9268 1.8346, -1.8741 0.9422 1.8346, -1.8759 0.958 1.8346, -1.8807 0.9703 1.8346, -1.8886 0.9816 1.8346, -1.9014 0.9927 1.8346, -1.9231 1.0037 1.8346, -1.965 1.0142 1.8346, -2.0298 1.0184 1.8346, -2.1094 1.0122 1.8346, -2.1472 1.0012 1.8346, -2.1656 0.9912 1.8346, -2.1786 0.9793 1.8346, -2.1853 0.9689 1.8346, -2.1895 0.9572 1.8346, -2.0273 0.8647 1.8386, -2.0974 0.8694 1.8386, -2.1405 0.8803 1.8386, -2.1634 0.8922 1.8386, -2.1762 0.9033 1.8386, -2.1841 0.9147 1.8386, -2.189 0.9272 1.8386, -2.191 0.9437 1.8386, -2.1895 0.9572 1.8386, -2.1853 0.9689 1.8386, -2.1786 0.9793 1.8386, -2.1656 0.9912 1.8386, -2.1472 1.0012 1.8386, -2.1094 1.0122 1.8386, -2.0298 1.0184 1.8386, -1.965 1.0142 1.8386, -1.9231 1.0037 1.8386, -1.9014 0.9927 1.8386, -1.8886 0.9816 1.8386, -1.8807 0.9703 1.8386, -1.8759 0.958 1.8386, -1.8741 0.9422 1.8386, -1.8758 0.9268 1.8386, -1.8803 0.9142 1.8386, -1.8879 0.9026 1.8386, -1.9005 0.8913 1.8386, -1.918 0.8815 1.8386, -1.9535 0.8708 1.8386, -1.8309 1.2415 1.8386, -1.8309 1.2415 1.8346, -1.8333 1.2194 1.8386, -1.8347 1.2062 1.8346, -1.8347 1.2062 1.8386, -1.8451 1.1767 1.8346, -1.8451 1.1767 1.8386, -1.8611 1.1523 1.8346, -1.8611 1.1523 1.8386, -1.8797 1.1352 1.8346, -1.8797 1.1352 1.8386, -1.9025 1.1226 1.8346, -1.9025 1.1226 1.8386, -1.9268 1.1159 1.8346, -1.9268 1.1159 1.8386, -1.9461 1.1144 1.8346, -1.9461 1.1144 1.8386, -2.0489 1.1903 1.8346, -2.0489 1.1903 1.8386, -2.0372 1.1664 1.8386, -2.0372 1.1664 1.8346, -2.0184 1.1439 1.8386, -2.0184 1.1439 1.8346, -1.9946 1.1268 1.8386, -1.9946 1.1268 1.8346, -1.9727 1.1179 1.8386, -1.9727 1.1179 1.8346, -2.1343 1.1336 1.8346, -2.1343 1.1336 1.8386, -2.1224 1.1345 1.8386, -2.1224 1.1345 1.8346, -2.1041 1.1392 1.8386, -2.1041 1.1392 1.8346, -2.0854 1.1491 1.8386, -2.0854 1.1491 1.8346, -2.0667 1.1653 1.8386, -2.0667 1.1653 1.8346, -2.2342 1.2463 1.8346, -2.2342 1.2463 1.8386, -2.233 1.2281 1.8386, -2.233 1.2281 1.8346, -2.2263 1.2007 1.8386, -2.2263 1.2007 1.8346, -2.2149 1.178 1.8386, -2.2149 1.178 1.8346, -2.1996 1.1596 1.8386, -2.1996 1.1596 1.8346, -2.1808 1.1457 1.8386, -2.1808 1.1457 1.8346, -2.1602 1.1371 1.8386, -2.1602 1.1371 1.8346, -2.1343 1.3593 1.8346, -2.1343 1.3593 1.8386, -2.1523 1.3577 1.8386, -2.1523 1.3577 1.8346, -2.1722 1.3516 1.8386, -2.1722 1.3516 1.8346, -2.1921 1.34 1.8386, -2.1921 1.34 1.8346, -2.208 1.3246 1.8386, -2.208 1.3246 1.8346, -2.212 1.3185 1.8386, -2.2208 1.3049 1.8346, -2.2208 1.3049 1.8386, -2.2306 1.2782 1.8386, -2.2306 1.2782 1.8346, -2.0489 1.3031 1.8346, -2.0489 1.3031 1.8386, -2.0547 1.3125 1.8386, -2.0547 1.3125 1.8346, -2.0596 1.3185 1.8386, -2.0718 1.3331 1.8346, -2.0718 1.3331 1.8386, -2.0899 1.3467 1.8386, -2.0899 1.3467 1.8346, -2.1115 1.3561 1.8386, -2.1115 1.3561 1.8346, -2.0399 1.3185 1.8386, -2.0354 1.326 1.8346, -2.0354 1.326 1.8386, -2.0168 1.3444 1.8346, -2.0168 1.3444 1.8386, -1.9916 1.3594 1.8346, -1.9916 1.3594 1.8386, -1.9671 1.367 1.8346, -1.9671 1.367 1.8386, -1.9461 1.3689 1.8346, -1.9461 1.3689 1.8386, -1.852 1.3185 1.8386, -1.8535 1.3213 1.8346, -1.8411 1.2976 1.8386, -1.8411 1.2976 1.8346, -1.8333 1.2691 1.8386, -1.8328 1.2675 1.8346, -1.8328 1.2675 1.8386, -1.8535 1.3213 1.8386, -1.8713 1.3418 1.8386, -1.8713 1.3418 1.8346, -1.8932 1.3567 1.8386, -1.8932 1.3567 1.8346, -1.9165 1.3654 1.8386, -1.9165 1.3654 1.8346, -2.0683 1.2619 1.8346, -2.0661 1.2461 1.8346, -2.022 1.2555 1.8346, -1.8803 1.2063 1.8346, -1.8887 1.191 1.8346, -2.068 1.2311 1.8346, -2.0735 1.2744 1.8346, -1.9013 1.1777 1.8346, -2.1068 1.3026 1.8346, -2.1208 1.306 1.8346, -2.1288 1.3064 1.8346, -2.0943 1.2963 1.8346, -2.0819 1.2857 1.8346, -2.1455 1.3045 1.8346, -2.1589 1.2994 1.8346, -2.1711 1.2909 1.8346, -2.1774 1.2845 1.8346, -2.0172 1.2738 1.8346, -2.0081 1.2905 1.8346, -1.9964 1.3032 1.8346, -1.9829 1.3127 1.8346, -1.9683 1.3184 1.8346, -1.9487 1.3209 1.8346, -1.9141 1.1696 1.8346, -1.9291 1.1644 1.8346, -1.9487 1.1624 1.8346, -1.9678 1.1646 1.8346, -1.9833 1.1704 1.8346, -1.9961 1.1791 1.8346, -2.0048 1.188 1.8346, -2.0146 1.2028 1.8346, -2.0207 1.22 1.8346, -2.0229 1.2414 1.8346, -1.8755 1.2233 1.8346, -1.8741 1.2414 1.8346, -1.8763 1.2629 1.8346, -1.8823 1.2805 1.8346, -1.8915 1.2949 1.8346, -1.9022 1.3055 1.8346, -1.9146 1.3135 1.8346, -1.9295 1.3188 1.8346, -2.0734 1.2178 1.8346, -2.0814 1.2069 1.8346, -2.0863 1.2022 1.8346, -2.0985 1.1937 1.8346, -2.1118 1.1885 1.8346, -2.1288 1.1864 1.8346, -2.1429 1.1877 1.8346, -2.1848 1.2735 1.8346, -2.1896 1.2599 1.8346, -2.191 1.2461 1.8346, -2.1891 1.2304 1.8346, -2.1847 1.2185 1.8346, -2.1773 1.2076 1.8346, -2.1679 1.1988 1.8346, -2.1563 1.1919 1.8346, -1.9487 1.1624 1.8386, -1.9678 1.1646 1.8386, -1.9833 1.1704 1.8386, -1.9961 1.1791 1.8386, -2.0048 1.188 1.8386, -2.0146 1.2028 1.8386, -2.0207 1.22 1.8386, -2.0229 1.2414 1.8386, -2.022 1.2555 1.8386, -2.0172 1.2738 1.8386, -2.0081 1.2905 1.8386, -1.9964 1.3032 1.8386, -1.9829 1.3127 1.8386, -1.9683 1.3184 1.8386, -1.9487 1.3209 1.8386, -1.9295 1.3188 1.8386, -1.9146 1.3135 1.8386, -1.9022 1.3055 1.8386, -1.8915 1.2949 1.8386, -1.8823 1.2805 1.8386, -1.8763 1.2629 1.8386, -1.8741 1.2414 1.8386, -1.8755 1.2233 1.8386, -1.8803 1.2063 1.8386, -1.8887 1.191 1.8386, -1.9013 1.1777 1.8386, -1.9141 1.1696 1.8386, -1.9291 1.1644 1.8386, -2.1288 1.1864 1.8386, -2.1429 1.1877 1.8386, -2.1563 1.1919 1.8386, -2.1679 1.1988 1.8386, -2.1773 1.2076 1.8386, -2.1847 1.2185 1.8386, -2.1891 1.2304 1.8386, -2.191 1.2461 1.8386, -2.1896 1.2599 1.8386, -2.1848 1.2735 1.8386, -2.1774 1.2845 1.8386, -2.1711 1.2909 1.8386, -2.1589 1.2994 1.8386, -2.1455 1.3045 1.8386, -2.1288 1.3064 1.8386, -2.1208 1.306 1.8386, -2.1068 1.3026 1.8386, -2.0943 1.2963 1.8386, -2.0819 1.2857 1.8386, -2.0735 1.2744 1.8386, -2.0683 1.2619 1.8386, -2.0661 1.2461 1.8386, -2.068 1.2311 1.8386, -2.0734 1.2178 1.8386, -2.0814 1.2069 1.8386, -2.0863 1.2022 1.8386, -2.0985 1.1937 1.8386, -2.1118 1.1885 1.8386
            ]
        }
        coordIndex [
            0,1,2,-1,2,1,3,-1,4,0,5,-1,5,0,2,-1,6,7,8,-1,8,7,9,-1,10,11,12,-1,12,11,13,-1,14,15,16,-1,16,15,17,-1,18,19,20,-1,20,19,21,-1,22,3,23,-1,23,3,1,-1,13,15,12,-1,12,15,14,-1,12,14,24,-1,1,0,23,-1,23,0,4,-1,23,4,25,-1,26,27,28,-1,25,4,28,-1,28,4,29,-1,28,29,26,-1,30,31,32,-1,24,14,32,-1,32,14,33,-1,32,33,30,-1,30,34,31,-1,31,34,35,-1,31,35,36,-1,36,35,37,-1,36,37,38,-1,38,37,19,-1,38,19,6,-1,6,19,7,-1,26,39,27,-1,27,39,40,-1,27,40,41,-1,41,40,42,-1,41,42,43,-1,43,42,7,-1,43,7,18,-1,18,7,19,-1,16,17,11,-1,5,2,3,-1,3,22,5,-1,5,22,44,-1,5,44,45,-1,45,44,46,-1,45,46,47,-1,47,46,48,-1,11,10,16,-1,16,10,49,-1,16,49,50,-1,50,49,51,-1,50,51,52,-1,52,51,53,-1,21,54,55,-1,55,54,56,-1,55,56,53,-1,53,56,57,-1,53,57,52,-1,9,58,59,-1,59,58,60,-1,59,60,48,-1,48,60,61,-1,48,61,47,-1,55,62,21,-1,21,62,8,-1,21,8,20,-1,20,8,9,-1,20,9,63,-1,63,9,59,-1,64,65,66,-1,66,65,67,-1,68,64,69,-1,69,64,66,-1,70,71,72,-1,72,71,73,-1,74,75,76,-1,76,75,77,-1,78,79,80,-1,80,79,81,-1,82,83,84,-1,84,83,85,-1,86,67,87,-1,87,67,65,-1,76,77,79,-1,87,65,64,-1,64,68,87,-1,87,68,88,-1,87,88,89,-1,89,88,90,-1,89,90,91,-1,91,90,92,-1,79,78,76,-1,76,78,93,-1,76,93,94,-1,94,93,95,-1,94,95,96,-1,96,95,97,-1,73,98,99,-1,99,98,100,-1,99,100,97,-1,97,100,101,-1,97,101,96,-1,85,102,103,-1,103,102,104,-1,103,104,92,-1,92,104,105,-1,92,105,91,-1,99,106,73,-1,73,106,84,-1,73,84,72,-1,72,84,85,-1,72,85,107,-1,107,85,103,-1,81,75,80,-1,80,75,74,-1,80,74,108,-1,86,109,110,-1,110,109,111,-1,110,111,112,-1,66,67,69,-1,69,67,86,-1,69,86,113,-1,113,86,110,-1,114,115,116,-1,108,74,116,-1,116,74,117,-1,116,117,114,-1,114,118,115,-1,115,118,119,-1,115,119,120,-1,120,119,121,-1,120,121,122,-1,122,121,71,-1,122,71,82,-1,82,71,83,-1,111,123,112,-1,112,123,124,-1,112,124,125,-1,125,124,126,-1,125,126,127,-1,127,126,83,-1,127,83,70,-1,70,83,71,-1,128,129,130,-1,130,129,131,-1,132,128,133,-1,133,128,130,-1,134,132,135,-1,135,132,133,-1,128,132,129,-1,129,132,134,-1,133,130,135,-1,135,130,131,-1,136,137,138,-1,138,137,139,-1,137,140,139,-1,139,140,141,-1,140,142,141,-1,141,142,143,-1,142,144,143,-1,143,144,145,-1,144,146,145,-1,145,146,147,-1,146,148,147,-1,147,148,149,-1,148,150,149,-1,149,150,151,-1,150,152,151,-1,151,152,153,-1,154,155,156,-1,154,156,157,-1,157,156,153,-1,157,153,152,-1,154,158,155,-1,155,158,159,-1,160,161,162,-1,160,162,163,-1,163,162,159,-1,163,159,158,-1,160,136,161,-1,161,136,138,-1,140,137,136,-1,136,160,140,-1,140,160,163,-1,140,163,158,-1,158,154,140,-1,140,154,146,-1,140,146,142,-1,142,146,144,-1,150,148,152,-1,152,148,146,-1,152,146,157,-1,157,146,154,-1,164,165,166,-1,166,165,167,-1,168,169,170,-1,168,170,171,-1,171,170,172,-1,171,172,173,-1,173,172,167,-1,173,167,165,-1,168,174,169,-1,169,174,175,-1,176,177,178,-1,176,178,179,-1,179,178,180,-1,179,180,181,-1,181,180,182,-1,181,182,183,-1,183,182,175,-1,183,175,174,-1,177,176,184,-1,184,176,185,-1,184,185,186,-1,185,187,186,-1,186,187,188,-1,188,187,189,-1,189,187,164,-1,189,164,166,-1,187,185,164,-1,164,185,176,-1,174,168,183,-1,183,168,171,-1,183,171,181,-1,181,171,173,-1,181,173,179,-1,179,173,176,-1,176,173,165,-1,176,165,164,-1,190,191,192,-1,192,191,193,-1,193,191,194,-1,195,196,197,-1,195,197,194,-1,194,197,198,-1,194,198,193,-1,196,195,199,-1,199,195,200,-1,199,200,201,-1,201,200,202,-1,201,202,203,-1,203,202,204,-1,203,204,205,-1,205,204,206,-1,205,206,207,-1,207,206,208,-1,207,208,209,-1,209,208,210,-1,209,210,211,-1,211,210,212,-1,211,212,213,-1,214,215,216,-1,214,216,217,-1,217,216,218,-1,217,218,219,-1,218,220,219,-1,219,220,221,-1,219,221,222,-1,222,221,223,-1,222,223,224,-1,224,223,225,-1,224,225,226,-1,226,225,227,-1,226,227,228,-1,228,227,213,-1,228,213,212,-1,215,214,229,-1,229,214,230,-1,229,230,231,-1,231,230,232,-1,231,232,233,-1,232,234,233,-1,233,234,235,-1,236,237,238,-1,236,238,239,-1,239,238,240,-1,239,240,241,-1,241,240,235,-1,241,235,234,-1,242,243,244,-1,242,244,245,-1,245,244,246,-1,245,246,247,-1,247,246,248,-1,247,248,249,-1,249,248,250,-1,249,250,251,-1,251,250,252,-1,251,252,253,-1,253,252,254,-1,253,254,255,-1,255,254,237,-1,255,237,236,-1,256,257,258,-1,256,258,259,-1,259,258,260,-1,259,260,261,-1,261,260,262,-1,261,262,263,-1,263,262,264,-1,263,264,265,-1,265,264,266,-1,265,266,267,-1,267,266,268,-1,267,268,269,-1,269,268,243,-1,269,243,242,-1,270,271,272,-1,270,272,273,-1,273,272,274,-1,273,274,275,-1,275,274,257,-1,275,257,256,-1,270,276,271,-1,271,276,277,-1,276,278,277,-1,277,278,279,-1,278,280,279,-1,279,280,281,-1,280,190,281,-1,281,190,192,-1,280,278,190,-1,190,278,276,-1,190,276,191,-1,191,276,270,-1,191,270,194,-1,270,273,194,-1,194,273,275,-1,194,275,195,-1,195,275,256,-1,195,256,200,-1,200,256,259,-1,200,259,202,-1,202,259,261,-1,202,261,204,-1,204,261,263,-1,204,263,206,-1,206,263,265,-1,206,265,208,-1,208,265,267,-1,208,267,210,-1,210,267,269,-1,210,269,212,-1,212,269,242,-1,212,242,228,-1,228,242,245,-1,228,245,226,-1,226,245,247,-1,226,247,224,-1,224,247,249,-1,224,249,222,-1,222,249,251,-1,222,251,219,-1,219,251,253,-1,219,253,217,-1,217,253,255,-1,217,255,214,-1,234,232,241,-1,241,232,230,-1,241,230,239,-1,239,230,214,-1,239,214,236,-1,236,214,255,-1,282,283,284,-1,284,283,285,-1,285,283,286,-1,287,288,289,-1,287,289,286,-1,286,289,290,-1,286,290,285,-1,291,292,293,-1,291,293,294,-1,294,293,295,-1,294,295,296,-1,295,297,296,-1,296,297,298,-1,296,298,299,-1,299,298,300,-1,299,300,301,-1,301,300,302,-1,301,302,303,-1,303,302,304,-1,303,304,305,-1,305,304,306,-1,305,306,287,-1,287,306,288,-1,292,291,307,-1,308,309,310,-1,308,310,311,-1,311,310,312,-1,311,312,313,-1,313,312,314,-1,313,314,315,-1,315,314,316,-1,315,316,317,-1,317,316,318,-1,317,318,319,-1,319,318,320,-1,319,320,307,-1,307,320,321,-1,307,321,292,-1,322,323,324,-1,322,324,325,-1,325,324,309,-1,325,309,308,-1,322,326,323,-1,323,326,327,-1,328,329,330,-1,328,330,331,-1,331,330,332,-1,331,332,333,-1,333,332,327,-1,333,327,326,-1,334,335,336,-1,334,336,337,-1,337,336,338,-1,337,338,339,-1,339,338,340,-1,339,340,341,-1,341,340,342,-1,341,342,343,-1,343,342,344,-1,343,344,345,-1,345,344,346,-1,345,346,347,-1,347,346,329,-1,347,329,328,-1,348,349,350,-1,348,350,351,-1,351,350,352,-1,351,352,353,-1,353,352,354,-1,353,354,355,-1,355,354,356,-1,355,356,357,-1,357,356,358,-1,357,358,359,-1,359,358,360,-1,359,360,361,-1,361,360,335,-1,361,335,334,-1,362,363,364,-1,362,364,365,-1,365,364,366,-1,365,366,367,-1,367,366,349,-1,367,349,348,-1,362,368,363,-1,363,368,369,-1,368,370,369,-1,369,370,371,-1,370,372,371,-1,371,372,373,-1,372,282,373,-1,373,282,284,-1,372,370,282,-1,282,370,368,-1,282,368,283,-1,283,368,362,-1,283,362,286,-1,362,365,286,-1,286,365,367,-1,286,367,287,-1,287,367,348,-1,287,348,305,-1,305,348,351,-1,305,351,303,-1,303,351,353,-1,303,353,301,-1,301,353,355,-1,301,355,299,-1,299,355,357,-1,299,357,296,-1,296,357,359,-1,296,359,294,-1,294,359,361,-1,294,361,291,-1,291,361,334,-1,291,334,307,-1,307,334,337,-1,307,337,319,-1,319,337,339,-1,319,339,317,-1,317,339,341,-1,317,341,315,-1,315,341,343,-1,315,343,313,-1,313,343,345,-1,313,345,311,-1,311,345,347,-1,311,347,308,-1,326,322,333,-1,333,322,325,-1,333,325,331,-1,331,325,308,-1,331,308,328,-1,328,308,347,-1,374,375,376,-1,376,375,377,-1,376,377,378,-1,378,377,379,-1,378,379,380,-1,380,379,381,-1,380,381,382,-1,382,381,383,-1,382,383,384,-1,384,383,385,-1,384,385,386,-1,386,385,387,-1,386,387,388,-1,388,387,389,-1,388,389,390,-1,391,392,393,-1,391,393,394,-1,394,393,395,-1,394,395,396,-1,396,395,397,-1,396,397,398,-1,398,397,399,-1,398,399,400,-1,400,399,401,-1,400,401,402,-1,402,401,403,-1,402,403,404,-1,404,403,405,-1,404,405,406,-1,406,405,390,-1,406,390,389,-1,407,408,409,-1,407,409,410,-1,410,409,411,-1,410,411,412,-1,412,411,413,-1,412,413,414,-1,414,413,415,-1,414,415,416,-1,416,415,417,-1,416,417,418,-1,417,419,418,-1,418,419,420,-1,418,420,421,-1,421,420,392,-1,421,392,391,-1,375,374,422,-1,422,374,423,-1,423,424,422,-1,422,424,425,-1,422,425,426,-1,426,425,427,-1,426,427,428,-1,428,427,429,-1,428,429,430,-1,429,431,430,-1,430,431,432,-1,430,432,433,-1,433,432,434,-1,433,434,435,-1,435,434,408,-1,435,408,407,-1,421,391,436,-1,436,391,394,-1,436,394,437,-1,437,394,396,-1,437,396,438,-1,438,396,398,-1,438,398,439,-1,439,398,400,-1,439,400,440,-1,440,400,402,-1,440,402,441,-1,441,402,404,-1,441,404,442,-1,442,404,406,-1,442,406,443,-1,443,406,389,-1,443,389,444,-1,444,389,387,-1,444,387,445,-1,445,387,385,-1,445,385,446,-1,446,385,383,-1,446,383,447,-1,447,383,381,-1,447,381,448,-1,448,381,379,-1,448,379,449,-1,449,379,377,-1,449,377,450,-1,450,377,375,-1,450,375,451,-1,451,375,422,-1,451,422,452,-1,452,422,426,-1,452,426,453,-1,453,426,428,-1,453,428,454,-1,454,428,430,-1,454,430,455,-1,455,430,433,-1,455,433,456,-1,456,433,435,-1,456,435,457,-1,457,435,407,-1,457,407,458,-1,458,407,410,-1,458,410,459,-1,459,410,412,-1,459,412,460,-1,460,412,414,-1,460,414,461,-1,461,414,416,-1,461,416,462,-1,462,416,418,-1,462,418,463,-1,463,418,421,-1,463,421,436,-1,443,464,465,-1,443,465,442,-1,442,465,466,-1,442,466,441,-1,441,466,467,-1,441,467,440,-1,440,467,468,-1,440,468,439,-1,439,468,469,-1,439,469,438,-1,438,469,470,-1,438,470,437,-1,437,470,471,-1,437,471,436,-1,436,471,472,-1,436,472,463,-1,463,472,473,-1,463,473,462,-1,462,473,474,-1,462,474,461,-1,461,474,475,-1,461,475,460,-1,460,475,476,-1,460,476,459,-1,459,476,477,-1,459,477,458,-1,458,477,478,-1,458,478,457,-1,457,478,479,-1,457,479,456,-1,456,479,480,-1,456,480,455,-1,455,480,481,-1,455,481,454,-1,454,481,482,-1,454,482,453,-1,453,482,483,-1,453,483,452,-1,452,483,484,-1,452,484,451,-1,451,484,485,-1,451,485,450,-1,450,485,486,-1,450,486,449,-1,449,486,487,-1,449,487,448,-1,448,487,488,-1,448,488,447,-1,447,488,489,-1,447,489,446,-1,446,489,490,-1,446,490,445,-1,445,490,491,-1,445,491,444,-1,444,491,464,-1,444,464,443,-1,492,493,494,-1,494,493,495,-1,494,495,496,-1,496,495,497,-1,496,497,498,-1,498,497,499,-1,498,499,500,-1,500,499,501,-1,500,501,502,-1,502,501,503,-1,502,503,504,-1,504,503,505,-1,504,505,506,-1,506,505,507,-1,506,507,508,-1,509,510,511,-1,509,511,512,-1,512,511,513,-1,512,513,514,-1,514,513,515,-1,514,515,516,-1,516,515,517,-1,516,517,518,-1,518,517,519,-1,518,519,520,-1,520,519,521,-1,520,521,522,-1,522,521,523,-1,522,523,524,-1,524,523,508,-1,524,508,507,-1,525,526,527,-1,527,526,528,-1,527,528,529,-1,529,528,530,-1,529,530,531,-1,532,533,525,-1,525,533,534,-1,525,534,526,-1,532,535,533,-1,533,535,536,-1,533,536,537,-1,537,536,538,-1,537,538,539,-1,539,538,510,-1,539,510,509,-1,493,492,540,-1,540,492,541,-1,541,542,540,-1,540,542,543,-1,540,543,544,-1,544,543,545,-1,544,545,546,-1,546,545,547,-1,546,547,548,-1,547,549,548,-1,548,549,550,-1,548,550,551,-1,551,550,552,-1,551,552,553,-1,553,552,531,-1,553,531,530,-1,539,509,554,-1,554,509,512,-1,554,512,555,-1,555,512,514,-1,555,514,556,-1,556,514,516,-1,556,516,557,-1,557,516,518,-1,557,518,558,-1,558,518,520,-1,558,520,559,-1,559,520,522,-1,559,522,560,-1,560,522,524,-1,560,524,561,-1,561,524,507,-1,561,507,562,-1,562,507,505,-1,562,505,563,-1,563,505,503,-1,563,503,564,-1,564,503,501,-1,564,501,565,-1,565,501,499,-1,565,499,566,-1,566,499,497,-1,566,497,567,-1,567,497,495,-1,567,495,568,-1,568,495,493,-1,568,493,569,-1,569,493,540,-1,569,540,570,-1,570,540,544,-1,570,544,571,-1,571,544,546,-1,571,546,572,-1,572,546,548,-1,572,548,573,-1,573,548,551,-1,573,551,574,-1,574,551,553,-1,574,553,575,-1,575,553,530,-1,575,530,576,-1,576,530,528,-1,576,528,577,-1,577,528,526,-1,577,526,578,-1,578,526,534,-1,578,534,579,-1,579,534,533,-1,579,533,580,-1,580,533,537,-1,580,537,581,-1,581,537,539,-1,581,539,554,-1,561,582,583,-1,561,583,560,-1,560,583,584,-1,560,584,559,-1,559,584,585,-1,559,585,558,-1,558,585,586,-1,558,586,557,-1,557,586,587,-1,557,587,556,-1,556,587,588,-1,556,588,555,-1,555,588,589,-1,555,589,554,-1,554,589,590,-1,554,590,581,-1,581,590,591,-1,581,591,580,-1,580,591,592,-1,580,592,579,-1,579,592,593,-1,579,593,578,-1,578,593,594,-1,578,594,577,-1,577,594,595,-1,577,595,576,-1,576,595,596,-1,576,596,575,-1,575,596,597,-1,575,597,574,-1,574,597,598,-1,574,598,573,-1,573,598,599,-1,573,599,572,-1,572,599,600,-1,572,600,571,-1,571,600,601,-1,571,601,570,-1,570,601,602,-1,570,602,569,-1,569,602,603,-1,569,603,568,-1,568,603,604,-1,568,604,567,-1,567,604,605,-1,567,605,566,-1,566,605,606,-1,566,606,565,-1,565,606,607,-1,565,607,564,-1,564,607,608,-1,564,608,563,-1,563,608,609,-1,563,609,562,-1,562,609,582,-1,562,582,561,-1,610,611,612,-1,612,611,613,-1,612,613,614,-1,614,613,615,-1,614,615,616,-1,616,615,617,-1,616,617,618,-1,618,617,619,-1,618,619,620,-1,620,619,621,-1,620,621,622,-1,622,621,623,-1,622,623,624,-1,624,623,625,-1,624,625,626,-1,627,628,629,-1,627,629,630,-1,630,629,631,-1,630,631,632,-1,632,631,633,-1,632,633,634,-1,634,633,635,-1,634,635,636,-1,636,635,626,-1,636,626,625,-1,637,638,639,-1,637,639,640,-1,640,639,641,-1,640,641,642,-1,642,641,643,-1,642,643,644,-1,644,643,645,-1,644,645,646,-1,646,645,628,-1,646,628,627,-1,647,648,649,-1,647,649,650,-1,650,649,651,-1,650,651,652,-1,652,651,653,-1,652,653,654,-1,654,653,655,-1,654,655,656,-1,656,655,657,-1,656,657,658,-1,658,657,659,-1,658,659,660,-1,660,659,638,-1,660,638,637,-1,661,662,663,-1,661,663,664,-1,664,663,665,-1,664,665,666,-1,666,665,667,-1,666,667,668,-1,668,667,669,-1,668,669,670,-1,670,669,671,-1,670,671,672,-1,671,673,672,-1,672,673,674,-1,672,674,675,-1,675,674,648,-1,675,648,647,-1,676,677,678,-1,676,678,679,-1,679,678,680,-1,679,680,681,-1,680,682,681,-1,681,682,683,-1,681,683,684,-1,684,683,685,-1,684,685,686,-1,686,685,662,-1,686,662,661,-1,677,676,687,-1,687,676,688,-1,687,688,689,-1,689,688,690,-1,689,690,691,-1,691,690,692,-1,691,692,693,-1,693,692,694,-1,693,694,695,-1,695,694,696,-1,695,696,697,-1,698,699,700,-1,700,699,701,-1,700,701,702,-1,702,701,703,-1,702,703,704,-1,704,703,611,-1,704,611,610,-1,698,705,699,-1,699,705,706,-1,699,706,707,-1,707,706,708,-1,707,708,709,-1,709,708,710,-1,709,710,711,-1,711,710,697,-1,711,697,696,-1,712,713,714,-1,715,716,615,-1,627,713,717,-1,712,714,718,-1,615,716,617,-1,617,716,719,-1,617,719,619,-1,720,676,721,-1,721,676,722,-1,720,723,676,-1,676,723,724,-1,676,724,718,-1,725,666,726,-1,726,666,668,-1,726,668,727,-1,727,668,670,-1,727,670,728,-1,718,714,676,-1,676,714,729,-1,676,729,688,-1,688,729,730,-1,688,730,690,-1,690,730,731,-1,690,731,692,-1,731,732,692,-1,692,732,733,-1,692,733,694,-1,694,733,734,-1,676,679,722,-1,722,679,681,-1,722,681,684,-1,619,719,621,-1,621,719,735,-1,621,735,623,-1,623,735,736,-1,623,736,625,-1,625,736,737,-1,625,737,636,-1,636,737,738,-1,636,738,634,-1,634,738,739,-1,634,739,632,-1,632,739,740,-1,632,740,630,-1,630,740,741,-1,630,741,627,-1,741,742,627,-1,627,742,743,-1,627,743,713,-1,713,743,744,-1,713,744,714,-1,715,615,745,-1,745,615,613,-1,745,613,746,-1,746,613,611,-1,746,611,747,-1,747,611,703,-1,747,703,748,-1,748,703,701,-1,748,701,749,-1,749,701,699,-1,749,699,750,-1,750,699,707,-1,750,707,751,-1,751,707,709,-1,751,709,752,-1,752,709,711,-1,752,711,734,-1,734,711,696,-1,734,696,694,-1,684,686,722,-1,722,686,661,-1,722,661,725,-1,725,661,664,-1,725,664,666,-1,717,753,627,-1,627,753,754,-1,627,754,646,-1,646,754,755,-1,646,755,644,-1,644,755,756,-1,644,756,642,-1,642,756,757,-1,642,757,640,-1,640,757,758,-1,640,758,637,-1,637,758,759,-1,728,670,760,-1,760,670,672,-1,760,672,761,-1,761,672,675,-1,761,675,762,-1,762,675,647,-1,762,647,763,-1,763,647,650,-1,763,650,764,-1,764,650,652,-1,764,652,765,-1,765,652,654,-1,765,654,766,-1,766,654,656,-1,766,656,767,-1,767,656,658,-1,767,658,759,-1,759,658,660,-1,759,660,637,-1,737,768,769,-1,737,769,738,-1,738,769,770,-1,738,770,739,-1,739,770,771,-1,739,771,740,-1,740,771,772,-1,740,772,741,-1,741,772,773,-1,741,773,742,-1,742,773,774,-1,742,774,743,-1,743,774,775,-1,743,775,744,-1,744,775,776,-1,744,776,714,-1,714,776,777,-1,714,777,729,-1,729,777,778,-1,729,778,730,-1,730,778,779,-1,730,779,731,-1,731,779,780,-1,731,780,732,-1,732,780,781,-1,732,781,733,-1,733,781,782,-1,733,782,734,-1,734,782,783,-1,734,783,752,-1,752,783,784,-1,752,784,751,-1,751,784,785,-1,751,785,750,-1,750,785,786,-1,750,786,749,-1,749,786,787,-1,749,787,748,-1,748,787,788,-1,748,788,747,-1,747,788,789,-1,747,789,746,-1,746,789,790,-1,746,790,745,-1,745,790,791,-1,745,791,715,-1,715,791,792,-1,715,792,716,-1,716,792,793,-1,716,793,719,-1,719,793,794,-1,719,794,735,-1,735,794,795,-1,735,795,736,-1,736,795,768,-1,736,768,737,-1,758,796,797,-1,758,797,759,-1,759,797,798,-1,759,798,767,-1,767,798,799,-1,767,799,766,-1,766,799,800,-1,766,800,765,-1,765,800,801,-1,765,801,764,-1,764,801,802,-1,764,802,763,-1,763,802,803,-1,763,803,762,-1,762,803,804,-1,762,804,761,-1,761,804,805,-1,761,805,760,-1,760,805,806,-1,760,806,728,-1,728,806,807,-1,728,807,727,-1,727,807,808,-1,727,808,726,-1,726,808,809,-1,726,809,725,-1,725,809,810,-1,725,810,722,-1,722,810,811,-1,722,811,721,-1,721,811,812,-1,721,812,720,-1,720,812,813,-1,720,813,723,-1,723,813,814,-1,723,814,724,-1,724,814,815,-1,724,815,718,-1,718,815,816,-1,718,816,712,-1,712,816,817,-1,712,817,713,-1,713,817,818,-1,713,818,717,-1,717,818,819,-1,717,819,753,-1,753,819,820,-1,753,820,754,-1,754,820,821,-1,754,821,755,-1,755,821,822,-1,755,822,756,-1,756,822,823,-1,756,823,757,-1,757,823,796,-1,757,796,758,-1,
        ]
    }
}
Shape{
    appearance Appearance {
        material  Material 	{
            diffuseColor 0.5254901960784314 0.5254901960784314 0.5254901960784314
            specularColor 0.2627450980392157 0.2627450980392157 0.2627450980392157
            ambientIntensity 0.5255
            transparency 0.0
            shininess 0.5
        }
    }
    geometry IndexedFaceSet {
        ccw TRUE
        solid FALSE
        coord DEF co Coordinate {
            point [
                -1.9146 1.3135 1.8386, -1.9964 1.3032 1.8386, -1.9022 1.3055 1.8386, -2.0081 1.2905 1.8386, -2.0048 1.188 1.8386, -1.8755 1.2233 1.8386, -2.0146 1.2028 1.8386, -2.0207 1.22 1.8386, -2.0229 1.2414 1.8386, -1.8741 1.2414 1.8386, -2.022 1.2555 1.8386, -1.8763 1.2629 1.8386, -1.8823 1.2805 1.8386, -1.8915 1.2949 1.8386, -2.0172 1.2738 1.8386, -1.9295 1.3188 1.8386, -1.9487 1.3209 1.8386, -1.9829 1.3127 1.8386, -1.9683 1.3184 1.8386, -1.9961 1.1791 1.8386, -1.9833 1.1704 1.8386, -1.9678 1.1646 1.8386, -1.9013 1.1777 1.8386, -1.8887 1.191 1.8386, -1.8803 1.2063 1.8386, -1.9487 1.1624 1.8386, -1.9291 1.1644 1.8386, -1.9141 1.1696 1.8386
            ]
        }
        coordIndex [
            0,1,2,-1,2,1,3,-1,4,5,6,-1,6,5,7,-1,7,5,8,-1,8,5,9,-1,8,9,10,-1,10,9,11,-1,10,11,12,-1,12,13,10,-1,10,13,2,-1,10,2,14,-1,14,2,3,-1,0,15,1,-1,1,15,16,-1,1,16,17,-1,17,16,18,-1,4,19,5,-1,5,19,20,-1,5,20,21,-1,22,23,24,-1,21,25,5,-1,5,25,26,-1,5,26,24,-1,24,26,27,-1,24,27,22,-1,
        ]
    }
}
Shape{
    appearance Appearance {
        material  Material 	{
            diffuseColor 1.0 1.0 1.0
            specularColor 0.8784313725490196 0.8784313725490196 0.8784313725490196
            ambientIntensity 1.0
            transparency 0.0
            shininess 0.5
        }
    }
    geometry IndexedFaceSet {
        ccw TRUE
        solid FALSE
        coord DEF co Coordinate {
            point [
                -1.18 0.7786 1.8386, -1.2104 0.7606 1.8346, -1.2104 0.7606 1.8386, -1.2581 0.7463 1.8346, -1.2581 0.7463 1.8386, -1.3325 0.7399 1.8346, -1.3325 0.7399 1.8386, -1.1678 0.7903 1.8386, -1.1622 0.7957 1.8346, -1.18 0.7786 1.8346, -1.1385 0.8655 1.8386, -1.1385 0.8655 1.8346, -1.1409 0.8431 1.8386, -1.1415 0.8376 1.8346, -1.1415 0.8376 1.8386, -1.1494 0.8152 1.8346, -1.1494 0.8152 1.8386, -1.1622 0.7957 1.8386, -1.5418 0.8743 1.8346, -1.5418 0.8743 1.8386, -1.5415 0.8663 1.8386, -1.5415 0.8663 1.8346, -1.5394 0.852 1.8386, -1.5376 0.8399 1.8346, -1.5376 0.8399 1.8386, -1.5279 0.8154 1.8386, -1.5279 0.8154 1.8346, -1.5125 0.7942 1.8386, -1.5125 0.7942 1.8346, -1.5079 0.7903 1.8386, -1.4911 0.7759 1.8346, -1.4911 0.7759 1.8386, -1.4621 0.7605 1.8386, -1.4621 0.7605 1.8346, -1.4081 0.7456 1.8386, -1.4081 0.7456 1.8346, -1.5394 0.8972 1.8386, -1.5388 0.903 1.8346, -1.5388 0.903 1.8386, -1.5307 0.9262 1.8346, -1.5307 0.9262 1.8386, -1.5171 0.9466 1.8346, -1.5171 0.9466 1.8386, -1.4999 0.9625 1.8346, -1.4999 0.9625 1.8386, -1.4695 0.9793 1.8346, -1.4695 0.9793 1.8386, -1.4184 0.9934 1.8346, -1.4184 0.9934 1.8386, -1.3418 0.9992 1.8346, -1.3418 0.9992 1.8386, -1.1416 0.8947 1.8346, -1.1409 0.8879 1.8386, -1.1416 0.8947 1.8386, -1.1503 0.9193 1.8386, -1.1503 0.9193 1.8346, -1.1649 0.9412 1.8386, -1.1649 0.9412 1.8346, -1.1859 0.9606 1.8386, -1.1859 0.9606 1.8346, -1.218 0.9786 1.8386, -1.218 0.9786 1.8346, -1.2689 0.9933 1.8386, -1.2689 0.9933 1.8346, -1.4986 0.8716 1.8346, -1.4966 0.8552 1.8346, -1.4918 0.8427 1.8346, -1.4838 0.8313 1.8346, -1.471 0.8201 1.8346, -1.4481 0.8083 1.8346, -1.4051 0.7974 1.8346, -1.3349 0.7927 1.8346, -1.2612 0.7988 1.8346, -1.2256 0.8094 1.8346, -1.2081 0.8192 1.8346, -1.1956 0.8306 1.8346, -1.1879 0.8422 1.8346, -1.1834 0.8548 1.8346, -1.1817 0.8701 1.8346, -1.1836 0.886 1.8346, -1.1883 0.8983 1.8346, -1.1963 0.9096 1.8346, -1.2091 0.9207 1.8346, -1.2307 0.9317 1.8346, -1.2727 0.9421 1.8346, -1.3375 0.9464 1.8346, -1.417 0.9402 1.8346, -1.4548 0.9292 1.8346, -1.4733 0.9192 1.8346, -1.4862 0.9073 1.8346, -1.4929 0.8969 1.8346, -1.4972 0.8852 1.8346, -1.3349 0.7927 1.8386, -1.4051 0.7974 1.8386, -1.4481 0.8083 1.8386, -1.471 0.8201 1.8386, -1.4838 0.8313 1.8386, -1.4918 0.8427 1.8386, -1.4966 0.8552 1.8386, -1.4986 0.8716 1.8386, -1.4972 0.8852 1.8386, -1.4929 0.8969 1.8386, -1.4862 0.9073 1.8386, -1.4733 0.9192 1.8386, -1.4548 0.9292 1.8386, -1.417 0.9402 1.8386, -1.3375 0.9464 1.8386, -1.2727 0.9421 1.8386, -1.2307 0.9317 1.8386, -1.2091 0.9207 1.8386, -1.1963 0.9096 1.8386, -1.1883 0.8983 1.8386, -1.1836 0.886 1.8386, -1.1817 0.8701 1.8386, -1.1834 0.8548 1.8386, -1.1879 0.8422 1.8386, -1.1956 0.8306 1.8386, -1.2081 0.8192 1.8386, -1.2256 0.8094 1.8386, -1.2612 0.7988 1.8386, -1.2537 0.4374 1.8346, -1.2537 0.4374 1.8386, -1.2344 0.4389 1.8386, -1.2344 0.4389 1.8346, -1.2101 0.4456 1.8386, -1.2101 0.4456 1.8346, -1.1873 0.4583 1.8386, -1.1873 0.4583 1.8346, -1.1687 0.4753 1.8386, -1.1687 0.4753 1.8346, -1.1668 0.4782 1.8386, -1.1527 0.4997 1.8346, -1.1385 0.5645 1.8386, -1.1385 0.5645 1.8346, -1.1409 0.5424 1.8386, -1.1423 0.5292 1.8346, -1.1423 0.5292 1.8386, -1.1527 0.4997 1.8386, -1.3565 0.5133 1.8346, -1.3565 0.5133 1.8386, -1.3448 0.4894 1.8386, -1.3448 0.4894 1.8346, -1.3355 0.4782 1.8386, -1.326 0.467 1.8346, -1.326 0.467 1.8386, -1.3022 0.4498 1.8386, -1.3022 0.4498 1.8346, -1.2803 0.4409 1.8386, -1.2803 0.4409 1.8346, -1.3744 0.4883 1.8346, -1.442 0.4566 1.8346, -1.442 0.4566 1.8386, -1.43 0.4575 1.8386, -1.43 0.4575 1.8346, -1.4117 0.4622 1.8386, -1.4117 0.4622 1.8346, -1.393 0.4721 1.8386, -1.393 0.4721 1.8346, -1.3859 0.4782 1.8386, -1.3744 0.4883 1.8386, -1.5418 0.5693 1.8346, -1.5418 0.5693 1.8386, -1.5407 0.5511 1.8386, -1.5407 0.5511 1.8346, -1.5394 0.5461 1.8386, -1.5339 0.5237 1.8346, -1.5339 0.5237 1.8386, -1.5225 0.501 1.8386, -1.5225 0.501 1.8346, -1.5072 0.4826 1.8386, -1.5072 0.4826 1.8346, -1.5013 0.4782 1.8386, -1.4884 0.4687 1.8346, -1.4884 0.4687 1.8386, -1.4678 0.4601 1.8386, -1.4678 0.4601 1.8346, -1.5394 0.5906 1.8386, -1.5382 0.6013 1.8346, -1.5382 0.6013 1.8386, -1.5284 0.6279 1.8346, -1.5284 0.6279 1.8386, -1.5157 0.6476 1.8346, -1.5157 0.6476 1.8386, -1.4998 0.663 1.8346, -1.4998 0.663 1.8386, -1.4799 0.6747 1.8346, -1.4799 0.6747 1.8386, -1.4599 0.6807 1.8346, -1.4599 0.6807 1.8386, -1.442 0.6823 1.8346, -1.442 0.6823 1.8386, -1.3565 0.6261 1.8346, -1.3565 0.6261 1.8386, -1.3623 0.6355 1.8386, -1.3623 0.6355 1.8346, -1.3795 0.6561 1.8386, -1.3795 0.6561 1.8346, -1.3976 0.6698 1.8386, -1.3976 0.6698 1.8346, -1.4191 0.6792 1.8386, -1.4191 0.6792 1.8346, -1.2537 0.6919 1.8346, -1.2537 0.6919 1.8386, -1.2748 0.69 1.8386, -1.2748 0.69 1.8346, -1.2993 0.6825 1.8386, -1.2993 0.6825 1.8346, -1.3245 0.6674 1.8386, -1.3245 0.6674 1.8346, -1.3431 0.649 1.8386, -1.3431 0.649 1.8346, -1.1405 0.5905 1.8386, -1.1405 0.5905 1.8346, -1.1409 0.5922 1.8386, -1.1487 0.6207 1.8346, -1.1487 0.6207 1.8386, -1.1611 0.6444 1.8386, -1.1611 0.6444 1.8346, -1.179 0.6648 1.8386, -1.179 0.6648 1.8346, -1.2009 0.6797 1.8386, -1.2009 0.6797 1.8346, -1.2242 0.6884 1.8386, -1.2242 0.6884 1.8346, -1.3759 0.5849 1.8346, -1.3738 0.5691 1.8346, -1.3296 0.5785 1.8346, -1.1879 0.5293 1.8346, -1.1963 0.514 1.8346, -1.3756 0.5541 1.8346, -1.3812 0.5974 1.8346, -1.2089 0.5007 1.8346, -1.4144 0.6257 1.8346, -1.4284 0.629 1.8346, -1.4364 0.6295 1.8346, -1.4019 0.6193 1.8346, -1.3896 0.6087 1.8346, -1.4532 0.6275 1.8346, -1.4665 0.6224 1.8346, -1.4788 0.6139 1.8346, -1.485 0.6076 1.8346, -1.3248 0.5968 1.8346, -1.3157 0.6135 1.8346, -1.3041 0.6262 1.8346, -1.2905 0.6357 1.8346, -1.2759 0.6414 1.8346, -1.2563 0.6439 1.8346, -1.2217 0.4927 1.8346, -1.2368 0.4875 1.8346, -1.2563 0.4854 1.8346, -1.2754 0.4876 1.8346, -1.2909 0.4934 1.8346, -1.3037 0.5021 1.8346, -1.3125 0.511 1.8346, -1.3222 0.5259 1.8346, -1.3283 0.543 1.8346, -1.3306 0.5644 1.8346, -1.1832 0.5463 1.8346, -1.1817 0.5644 1.8346, -1.1839 0.5859 1.8346, -1.1899 0.6035 1.8346, -1.1992 0.618 1.8346, -1.2098 0.6286 1.8346, -1.2223 0.6365 1.8346, -1.2371 0.6418 1.8346, -1.381 0.5408 1.8346, -1.389 0.5299 1.8346, -1.3939 0.5253 1.8346, -1.4061 0.5167 1.8346, -1.4194 0.5115 1.8346, -1.4364 0.5094 1.8346, -1.4505 0.5107 1.8346, -1.4924 0.5965 1.8346, -1.4972 0.583 1.8346, -1.4986 0.5691 1.8346, -1.4968 0.5534 1.8346, -1.4923 0.5416 1.8346, -1.4849 0.5306 1.8346, -1.4755 0.5218 1.8346, -1.4639 0.5149 1.8346, -1.2563 0.4854 1.8386, -1.2754 0.4876 1.8386, -1.2909 0.4934 1.8386, -1.3037 0.5021 1.8386, -1.3125 0.511 1.8386, -1.3222 0.5259 1.8386, -1.3283 0.543 1.8386, -1.3306 0.5644 1.8386, -1.3296 0.5785 1.8386, -1.3248 0.5968 1.8386, -1.3157 0.6135 1.8386, -1.3041 0.6262 1.8386, -1.2905 0.6357 1.8386, -1.2759 0.6414 1.8386, -1.2563 0.6439 1.8386, -1.2371 0.6418 1.8386, -1.2223 0.6365 1.8386, -1.2098 0.6286 1.8386, -1.1992 0.618 1.8386, -1.1899 0.6035 1.8386, -1.1839 0.5859 1.8386, -1.1817 0.5644 1.8386, -1.1832 0.5463 1.8386, -1.1879 0.5293 1.8386, -1.1963 0.514 1.8386, -1.2089 0.5007 1.8386, -1.2217 0.4927 1.8386, -1.2368 0.4875 1.8386, -1.4364 0.5094 1.8386, -1.4505 0.5107 1.8386, -1.4639 0.5149 1.8386, -1.4755 0.5218 1.8386, -1.4849 0.5306 1.8386, -1.4923 0.5416 1.8386, -1.4968 0.5534 1.8386, -1.4986 0.5691 1.8386, -1.4972 0.583 1.8386, -1.4924 0.5965 1.8386, -1.485 0.6076 1.8386, -1.4788 0.6139 1.8386, -1.4665 0.6224 1.8386, -1.4532 0.6275 1.8386, -1.4364 0.6295 1.8386, -1.4284 0.629 1.8386, -1.4144 0.6257 1.8386, -1.4019 0.6193 1.8386, -1.3896 0.6087 1.8386, -1.3812 0.5974 1.8386, -1.3759 0.5849 1.8386, -1.3738 0.5691 1.8386, -1.3756 0.5541 1.8386, -1.381 0.5408 1.8386, -1.389 0.5299 1.8386, -1.3939 0.5253 1.8386, -1.4061 0.5167 1.8386, -1.4194 0.5115 1.8386
            ]
        }
        coordIndex [
            0,1,2,-1,2,1,3,-1,2,3,4,-1,4,3,5,-1,4,5,6,-1,7,8,0,-1,0,8,9,-1,0,9,1,-1,10,11,12,-1,12,11,13,-1,12,13,14,-1,14,13,15,-1,14,15,16,-1,16,15,8,-1,16,8,17,-1,17,8,7,-1,18,19,20,-1,18,20,21,-1,21,20,22,-1,21,22,23,-1,22,24,23,-1,23,24,25,-1,23,25,26,-1,26,25,27,-1,26,27,28,-1,28,27,29,-1,28,29,30,-1,29,31,30,-1,30,31,32,-1,30,32,33,-1,33,32,34,-1,33,34,35,-1,35,34,6,-1,35,6,5,-1,19,18,36,-1,36,18,37,-1,36,37,38,-1,38,37,39,-1,38,39,40,-1,40,39,41,-1,40,41,42,-1,42,41,43,-1,42,43,44,-1,44,43,45,-1,44,45,46,-1,46,45,47,-1,46,47,48,-1,48,47,49,-1,48,49,50,-1,11,10,51,-1,51,10,52,-1,52,53,51,-1,51,53,54,-1,51,54,55,-1,55,54,56,-1,55,56,57,-1,57,56,58,-1,57,58,59,-1,59,58,60,-1,59,60,61,-1,61,60,62,-1,61,62,63,-1,63,62,50,-1,63,50,49,-1,37,18,64,-1,64,18,21,-1,64,21,65,-1,65,21,23,-1,65,23,66,-1,66,23,26,-1,66,26,67,-1,67,26,28,-1,67,28,68,-1,68,28,30,-1,68,30,69,-1,69,30,33,-1,69,33,70,-1,70,33,35,-1,70,35,71,-1,71,35,5,-1,71,5,72,-1,72,5,3,-1,72,3,73,-1,73,3,1,-1,73,1,74,-1,74,1,9,-1,74,9,75,-1,75,9,8,-1,75,8,76,-1,76,8,15,-1,76,15,77,-1,77,15,13,-1,77,13,78,-1,78,13,11,-1,78,11,79,-1,79,11,51,-1,79,51,80,-1,80,51,55,-1,80,55,81,-1,81,55,57,-1,81,57,82,-1,82,57,59,-1,82,59,83,-1,83,59,61,-1,83,61,84,-1,84,61,63,-1,84,63,85,-1,85,63,49,-1,85,49,86,-1,86,49,47,-1,86,47,87,-1,87,47,45,-1,87,45,88,-1,88,45,43,-1,88,43,89,-1,89,43,41,-1,89,41,90,-1,90,41,39,-1,90,39,91,-1,91,39,37,-1,91,37,64,-1,71,92,93,-1,71,93,70,-1,70,93,94,-1,70,94,69,-1,69,94,95,-1,69,95,68,-1,68,95,96,-1,68,96,67,-1,67,96,97,-1,67,97,66,-1,66,97,98,-1,66,98,65,-1,65,98,99,-1,65,99,64,-1,64,99,100,-1,64,100,91,-1,91,100,101,-1,91,101,90,-1,90,101,102,-1,90,102,89,-1,89,102,103,-1,89,103,88,-1,88,103,104,-1,88,104,87,-1,87,104,105,-1,87,105,86,-1,86,105,106,-1,86,106,85,-1,85,106,107,-1,85,107,84,-1,84,107,108,-1,84,108,83,-1,83,108,109,-1,83,109,82,-1,82,109,110,-1,82,110,81,-1,81,110,111,-1,81,111,80,-1,80,111,112,-1,80,112,79,-1,79,112,113,-1,79,113,78,-1,78,113,114,-1,78,114,77,-1,77,114,115,-1,77,115,76,-1,76,115,116,-1,76,116,75,-1,75,116,117,-1,75,117,74,-1,74,117,118,-1,74,118,73,-1,73,118,119,-1,73,119,72,-1,72,119,92,-1,72,92,71,-1,120,121,122,-1,120,122,123,-1,123,122,124,-1,123,124,125,-1,125,124,126,-1,125,126,127,-1,127,126,128,-1,127,128,129,-1,129,128,130,-1,129,130,131,-1,132,133,134,-1,134,133,135,-1,134,135,136,-1,136,135,131,-1,136,131,137,-1,137,131,130,-1,138,139,140,-1,138,140,141,-1,141,140,142,-1,141,142,143,-1,142,144,143,-1,143,144,145,-1,143,145,146,-1,146,145,147,-1,146,147,148,-1,148,147,121,-1,148,121,120,-1,139,138,149,-1,150,151,152,-1,150,152,153,-1,153,152,154,-1,153,154,155,-1,155,154,156,-1,155,156,157,-1,157,156,158,-1,157,158,149,-1,149,158,159,-1,149,159,139,-1,160,161,162,-1,160,162,163,-1,163,162,164,-1,163,164,165,-1,164,166,165,-1,165,166,167,-1,165,167,168,-1,168,167,169,-1,168,169,170,-1,170,169,171,-1,170,171,172,-1,171,173,172,-1,172,173,174,-1,172,174,175,-1,175,174,151,-1,175,151,150,-1,161,160,176,-1,176,160,177,-1,176,177,178,-1,178,177,179,-1,178,179,180,-1,180,179,181,-1,180,181,182,-1,182,181,183,-1,182,183,184,-1,184,183,185,-1,184,185,186,-1,186,185,187,-1,186,187,188,-1,188,187,189,-1,188,189,190,-1,191,192,193,-1,191,193,194,-1,194,193,195,-1,194,195,196,-1,196,195,197,-1,196,197,198,-1,198,197,199,-1,198,199,200,-1,200,199,190,-1,200,190,189,-1,201,202,203,-1,201,203,204,-1,204,203,205,-1,204,205,206,-1,206,205,207,-1,206,207,208,-1,208,207,209,-1,208,209,210,-1,210,209,192,-1,210,192,191,-1,133,132,211,-1,133,211,212,-1,212,211,213,-1,212,213,214,-1,213,215,214,-1,214,215,216,-1,214,216,217,-1,217,216,218,-1,217,218,219,-1,219,218,220,-1,219,220,221,-1,221,220,222,-1,221,222,223,-1,223,222,202,-1,223,202,201,-1,224,225,226,-1,227,228,131,-1,138,225,229,-1,224,226,230,-1,131,228,129,-1,129,228,231,-1,129,231,127,-1,232,191,233,-1,233,191,234,-1,232,235,191,-1,191,235,236,-1,191,236,230,-1,237,185,238,-1,238,185,183,-1,238,183,239,-1,239,183,181,-1,239,181,240,-1,230,226,191,-1,191,226,241,-1,191,241,210,-1,210,241,242,-1,210,242,208,-1,208,242,243,-1,208,243,206,-1,243,244,206,-1,206,244,245,-1,206,245,204,-1,204,245,246,-1,191,194,234,-1,234,194,196,-1,234,196,198,-1,127,231,125,-1,125,231,247,-1,125,247,123,-1,123,247,248,-1,123,248,120,-1,120,248,249,-1,120,249,148,-1,148,249,250,-1,148,250,146,-1,146,250,251,-1,146,251,143,-1,143,251,252,-1,143,252,141,-1,141,252,253,-1,141,253,138,-1,253,254,138,-1,138,254,255,-1,138,255,225,-1,225,255,256,-1,225,256,226,-1,227,131,257,-1,257,131,135,-1,257,135,258,-1,258,135,133,-1,258,133,259,-1,259,133,212,-1,259,212,260,-1,260,212,214,-1,260,214,261,-1,261,214,217,-1,261,217,262,-1,262,217,219,-1,262,219,263,-1,263,219,221,-1,263,221,264,-1,264,221,223,-1,264,223,246,-1,246,223,201,-1,246,201,204,-1,198,200,234,-1,234,200,189,-1,234,189,237,-1,237,189,187,-1,237,187,185,-1,229,265,138,-1,138,265,266,-1,138,266,149,-1,149,266,267,-1,149,267,157,-1,157,267,268,-1,157,268,155,-1,155,268,269,-1,155,269,153,-1,153,269,270,-1,153,270,150,-1,150,270,271,-1,240,181,272,-1,272,181,179,-1,272,179,273,-1,273,179,177,-1,273,177,274,-1,274,177,160,-1,274,160,275,-1,275,160,163,-1,275,163,276,-1,276,163,165,-1,276,165,277,-1,277,165,168,-1,277,168,278,-1,278,168,170,-1,278,170,279,-1,279,170,172,-1,279,172,271,-1,271,172,175,-1,271,175,150,-1,249,280,281,-1,249,281,250,-1,250,281,282,-1,250,282,251,-1,251,282,283,-1,251,283,252,-1,252,283,284,-1,252,284,253,-1,253,284,285,-1,253,285,254,-1,254,285,286,-1,254,286,255,-1,255,286,287,-1,255,287,256,-1,256,287,288,-1,256,288,226,-1,226,288,289,-1,226,289,241,-1,241,289,290,-1,241,290,242,-1,242,290,291,-1,242,291,243,-1,243,291,292,-1,243,292,244,-1,244,292,293,-1,244,293,245,-1,245,293,294,-1,245,294,246,-1,246,294,295,-1,246,295,264,-1,264,295,296,-1,264,296,263,-1,263,296,297,-1,263,297,262,-1,262,297,298,-1,262,298,261,-1,261,298,299,-1,261,299,260,-1,260,299,300,-1,260,300,259,-1,259,300,301,-1,259,301,258,-1,258,301,302,-1,258,302,257,-1,257,302,303,-1,257,303,227,-1,227,303,304,-1,227,304,228,-1,228,304,305,-1,228,305,231,-1,231,305,306,-1,231,306,247,-1,247,306,307,-1,247,307,248,-1,248,307,280,-1,248,280,249,-1,270,308,309,-1,270,309,271,-1,271,309,310,-1,271,310,279,-1,279,310,311,-1,279,311,278,-1,278,311,312,-1,278,312,277,-1,277,312,313,-1,277,313,276,-1,276,313,314,-1,276,314,275,-1,275,314,315,-1,275,315,274,-1,274,315,316,-1,274,316,273,-1,273,316,317,-1,273,317,272,-1,272,317,318,-1,272,318,240,-1,240,318,319,-1,240,319,239,-1,239,319,320,-1,239,320,238,-1,238,320,321,-1,238,321,237,-1,237,321,322,-1,237,322,234,-1,234,322,323,-1,234,323,233,-1,233,323,324,-1,233,324,232,-1,232,324,325,-1,232,325,235,-1,235,325,326,-1,235,326,236,-1,236,326,327,-1,236,327,230,-1,230,327,328,-1,230,328,224,-1,224,328,329,-1,224,329,225,-1,225,329,330,-1,225,330,229,-1,229,330,331,-1,229,331,265,-1,265,331,332,-1,265,332,266,-1,266,332,333,-1,266,333,267,-1,267,333,334,-1,267,334,268,-1,268,334,335,-1,268,335,269,-1,269,335,308,-1,269,308,270,-1,
        ]
    }
}
Shape{
    appearance Appearance {
        material  Material 	{
            diffuseColor 0.5254901960784314 0.5254901960784314 0.5254901960784314
            specularColor 0.2627450980392157 0.2627450980392157 0.2627450980392157
            ambientIntensity 0.5255
            transparency 0.0
            shininess 0.5
        }
    }
    geometry IndexedFaceSet {
        ccw TRUE
        solid FALSE
        coord DEF co Coordinate {
            point [
                -1.2223 0.6365 1.8386, -1.3041 0.6262 1.8386, -1.2098 0.6286 1.8386, -1.3157 0.6135 1.8386, -1.3125 0.511 1.8386, -1.1832 0.5463 1.8386, -1.3222 0.5259 1.8386, -1.3283 0.543 1.8386, -1.3306 0.5644 1.8386, -1.1817 0.5644 1.8386, -1.3296 0.5785 1.8386, -1.1839 0.5859 1.8386, -1.1899 0.6035 1.8386, -1.1992 0.618 1.8386, -1.3248 0.5968 1.8386, -1.2371 0.6418 1.8386, -1.2563 0.6439 1.8386, -1.2905 0.6357 1.8386, -1.2759 0.6414 1.8386, -1.3037 0.5021 1.8386, -1.2909 0.4934 1.8386, -1.2754 0.4876 1.8386, -1.2089 0.5007 1.8386, -1.1963 0.514 1.8386, -1.1879 0.5293 1.8386, -1.2563 0.4854 1.8386, -1.2368 0.4875 1.8386, -1.2217 0.4927 1.8386
            ]
        }
        coordIndex [
            0,1,2,-1,2,1,3,-1,4,5,6,-1,6,5,7,-1,7,5,8,-1,8,5,9,-1,8,9,10,-1,10,9,11,-1,10,11,12,-1,12,13,10,-1,10,13,2,-1,10,2,14,-1,14,2,3,-1,0,15,1,-1,1,15,16,-1,1,16,17,-1,17,16,18,-1,4,19,5,-1,5,19,20,-1,5,20,21,-1,22,23,24,-1,21,25,5,-1,5,25,26,-1,5,26,24,-1,24,26,27,-1,24,27,22,-1,
        ]
    }
}
Shape{
    appearance Appearance {
        material  Material 	{
            diffuseColor 1.0 1.0 1.0
            specularColor 0.8784313725490196 0.8784313725490196 0.8784313725490196
            ambientIntensity 1.0
            transparency 0.0
            shininess 0.5
        }
    }
    geometry IndexedFaceSet {
        ccw TRUE
        solid FALSE
        coord DEF co Coordinate {
            point [
                -1.1589 0.1494 1.8346, -1.2165 0.1494 1.8346, -1.1589 0.1494 1.8386, -1.2165 0.1494 1.8386, -1.1817 0.2543 1.8346, -1.1817 0.2543 1.8386, -1.1843 0.2262 1.8386, -1.1843 0.2262 1.8346, -1.1991 0.1777 1.8386, -1.1991 0.1777 1.8346, -1.2405 0.3366 1.8346, -1.2405 0.3366 1.8386, -1.2249 0.3349 1.8386, -1.2249 0.3349 1.8346, -1.2127 0.3304 1.8386, -1.2127 0.3304 1.8346, -1.2048 0.3252 1.8386, -1.2048 0.3252 1.8346, -1.1971 0.317 1.8386, -1.1971 0.317 1.8346, -1.1893 0.3029 1.8386, -1.1893 0.3029 1.8346, -1.1839 0.2829 1.8386, -1.1839 0.2829 1.8346, -1.3245 0.2456 1.8346, -1.3245 0.2456 1.8386, -1.2958 0.2996 1.8386, -1.2958 0.2996 1.8346, -1.2927 0.3044 1.8386, -1.2927 0.3044 1.8346, -1.2786 0.3211 1.8386, -1.2786 0.3211 1.8346, -1.2658 0.3303 1.8386, -1.2658 0.3303 1.8346, -1.2544 0.3349 1.8386, -1.2544 0.3349 1.8346, -1.4362 0.1494 1.8346, -1.4362 0.1494 1.8386, -1.4166 0.1512 1.8386, -1.4166 0.1512 1.8346, -1.3949 0.1583 1.8386, -1.3949 0.1583 1.8346, -1.3767 0.1697 1.8386, -1.3767 0.1697 1.8346, -1.3599 0.1871 1.8386, -1.3599 0.1871 1.8346, -1.5376 0.2451 1.8346, -1.5418 0.2886 1.8346, -1.5394 0.264 1.8386, -1.5418 0.2886 1.8386, -1.5376 0.2451 1.8386, -1.5267 0.212 1.8386, -1.5267 0.212 1.8346, -1.514 0.1899 1.8386, -1.514 0.1899 1.8346, -1.4993 0.1729 1.8386, -1.4993 0.1729 1.8346, -1.4822 0.1606 1.8386, -1.4822 0.1606 1.8346, -1.4634 0.1529 1.8386, -1.4634 0.1529 1.8346, -1.531 0.375 1.8346, -1.531 0.375 1.8386, -1.5399 0.3323 1.8346, -1.5394 0.3348 1.8386, -1.5399 0.3323 1.8386, -1.4734 0.375 1.8346, -1.4734 0.375 1.8386, -1.4986 0.2844 1.8346, -1.4986 0.2844 1.8386, -1.4969 0.3116 1.8386, -1.4969 0.3116 1.8346, -1.4888 0.3452 1.8386, -1.4888 0.3452 1.8346, -1.4414 0.2022 1.8346, -1.4414 0.2022 1.8386, -1.4539 0.2035 1.8386, -1.4539 0.2035 1.8346, -1.4639 0.2071 1.8386, -1.4639 0.2071 1.8346, -1.4719 0.2123 1.8386, -1.4719 0.2123 1.8346, -1.4806 0.2211 1.8386, -1.4806 0.2211 1.8346, -1.489 0.2351 1.8386, -1.489 0.2351 1.8346, -1.4961 0.2568 1.8386, -1.4961 0.2568 1.8346, -1.3615 0.2858 1.8346, -1.3615 0.2858 1.8386, -1.3809 0.2491 1.8386, -1.3809 0.2491 1.8346, -1.3951 0.2268 1.8386, -1.3951 0.2268 1.8346, -1.4057 0.2147 1.8386, -1.4057 0.2147 1.8346, -1.4155 0.208 1.8386, -1.4155 0.208 1.8346, -1.4263 0.2039 1.8386, -1.4263 0.2039 1.8346, -1.2448 0.3894 1.8346, -1.2448 0.3894 1.8386, -1.2674 0.3868 1.8386, -1.2674 0.3868 1.8346, -1.2871 0.3794 1.8386, -1.2871 0.3794 1.8346, -1.3065 0.3664 1.8386, -1.3065 0.3664 1.8346, -1.3275 0.3438 1.8386, -1.3275 0.3438 1.8346, -1.1385 0.2485 1.8346, -1.1385 0.2485 1.8386, -1.1417 0.2904 1.8346, -1.1409 0.2802 1.8386, -1.1417 0.2904 1.8386, -1.1522 0.3276 1.8386, -1.1522 0.3276 1.8346, -1.1644 0.3498 1.8386, -1.1644 0.3498 1.8346, -1.1787 0.3663 1.8386, -1.1787 0.3663 1.8346, -1.1972 0.379 1.8386, -1.1972 0.379 1.8346, -1.2171 0.3863 1.8386, -1.2171 0.3863 1.8346, -1.1409 0.2252 1.8386, -1.1437 0.1978 1.8346, -1.1437 0.1978 1.8386, -1.1529 0.1618 1.8346, -1.1529 0.1618 1.8386, -1.537 -0.0427 1.8346, -1.1433 0.1109 1.8346, -1.537 -0.0427 1.8386, -1.1433 0.1109 1.8386, -1.1433 0.0533 1.8346, -1.1433 0.0533 1.8386, -1.2537 0.0135 1.8346, -1.2537 0.0135 1.8386, -1.2537 -0.1492 1.8346, -1.2537 -0.1492 1.8386, -1.1433 -0.1867 1.8346, -1.1433 -0.1867 1.8386, -1.1433 -0.2444 1.8346, -1.1433 -0.2444 1.8386, -1.537 -0.0955 1.8346, -1.537 -0.0955 1.8386, -1.2969 -0.1359 1.8346, -1.4614 -0.0771 1.8346, -1.475 -0.0733 1.8346, -1.489 -0.0708 1.8346, -1.489 -0.0696 1.8346, -1.4751 -0.067 1.8346, -1.2969 -0.0042 1.8346, -1.4614 -0.0635 1.8346, -1.2969 -0.1359 1.8386, -1.2969 -0.0042 1.8386, -1.4614 -0.0771 1.8386, -1.475 -0.0733 1.8386, -1.489 -0.0708 1.8386, -1.489 -0.0696 1.8386, -1.4751 -0.067 1.8386, -1.4614 -0.0635 1.8386, -1.537 -0.2732 1.8346, -1.4938 -0.2732 1.8346, -1.537 -0.2732 1.8386, -1.4938 -0.2732 1.8386, -1.4938 -0.422 1.8346, -1.4938 -0.422 1.8386, -1.3594 -0.422 1.8346, -1.3594 -0.422 1.8386, -1.3594 -0.2828 1.8346, -1.3594 -0.2828 1.8386, -1.3162 -0.2828 1.8346, -1.3162 -0.2828 1.8386, -1.3162 -0.422 1.8346, -1.3162 -0.422 1.8386, -1.1433 -0.422 1.8346, -1.1433 -0.422 1.8386, -1.1433 -0.4748 1.8346, -1.1433 -0.4748 1.8386, -1.537 -0.4748 1.8346, -1.537 -0.4748 1.8386, -1.1589 -0.7869 1.8346, -1.2165 -0.7869 1.8346, -1.1589 -0.7869 1.8386, -1.2165 -0.7869 1.8386, -1.1817 -0.6819 1.8346, -1.1817 -0.6819 1.8386, -1.1843 -0.71 1.8386, -1.1843 -0.71 1.8346, -1.1991 -0.7585 1.8386, -1.1991 -0.7585 1.8346, -1.2405 -0.5996 1.8346, -1.2405 -0.5996 1.8386, -1.2249 -0.6013 1.8386, -1.2249 -0.6013 1.8346, -1.2127 -0.6058 1.8386, -1.2127 -0.6058 1.8346, -1.2048 -0.6111 1.8386, -1.2048 -0.6111 1.8346, -1.1971 -0.6192 1.8386, -1.1971 -0.6192 1.8346, -1.1893 -0.6334 1.8386, -1.1893 -0.6334 1.8346, -1.1839 -0.6533 1.8386, -1.1839 -0.6533 1.8346, -1.3245 -0.6906 1.8346, -1.3245 -0.6906 1.8386, -1.2958 -0.6367 1.8386, -1.2958 -0.6367 1.8346, -1.2927 -0.6318 1.8386, -1.2927 -0.6318 1.8346, -1.2786 -0.6151 1.8386, -1.2786 -0.6151 1.8346, -1.2658 -0.6059 1.8386, -1.2658 -0.6059 1.8346, -1.2544 -0.6013 1.8386, -1.2544 -0.6013 1.8346, -1.4362 -0.7869 1.8346, -1.4362 -0.7869 1.8386, -1.4166 -0.785 1.8386, -1.4166 -0.785 1.8346, -1.3949 -0.7779 1.8386, -1.3949 -0.7779 1.8346, -1.3767 -0.7665 1.8386, -1.3767 -0.7665 1.8346, -1.3599 -0.7491 1.8386, -1.3599 -0.7491 1.8346, -1.5376 -0.6912 1.8346, -1.5418 -0.6477 1.8346, -1.5394 -0.6723 1.8386, -1.5418 -0.6477 1.8386, -1.5376 -0.6912 1.8386, -1.5267 -0.7242 1.8386, -1.5267 -0.7242 1.8346, -1.514 -0.7464 1.8386, -1.514 -0.7464 1.8346, -1.4993 -0.7633 1.8386, -1.4993 -0.7633 1.8346, -1.4822 -0.7757 1.8386, -1.4822 -0.7757 1.8346, -1.4634 -0.7834 1.8386, -1.4634 -0.7834 1.8346, -1.531 -0.5612 1.8346, -1.531 -0.5612 1.8386, -1.5399 -0.6039 1.8346, -1.5394 -0.6014 1.8386, -1.5399 -0.6039 1.8386, -1.4734 -0.5612 1.8346, -1.4734 -0.5612 1.8386, -1.4986 -0.6519 1.8346, -1.4986 -0.6519 1.8386, -1.4969 -0.6247 1.8386, -1.4969 -0.6247 1.8346, -1.4888 -0.591 1.8386, -1.4888 -0.591 1.8346, -1.4414 -0.7341 1.8346, -1.4414 -0.7341 1.8386, -1.4539 -0.7327 1.8386, -1.4539 -0.7327 1.8346, -1.4639 -0.7291 1.8386, -1.4639 -0.7291 1.8346, -1.4719 -0.724 1.8386, -1.4719 -0.724 1.8346, -1.4806 -0.7151 1.8386, -1.4806 -0.7151 1.8346, -1.489 -0.7012 1.8386, -1.489 -0.7012 1.8346, -1.4961 -0.6794 1.8386, -1.4961 -0.6794 1.8346, -1.3615 -0.6504 1.8346, -1.3615 -0.6504 1.8386, -1.3809 -0.6871 1.8386, -1.3809 -0.6871 1.8346, -1.3951 -0.7094 1.8386, -1.3951 -0.7094 1.8346, -1.4057 -0.7215 1.8386, -1.4057 -0.7215 1.8346, -1.4155 -0.7282 1.8386, -1.4155 -0.7282 1.8346, -1.4263 -0.7323 1.8386, -1.4263 -0.7323 1.8346, -1.2448 -0.5468 1.8346, -1.2448 -0.5468 1.8386, -1.2674 -0.5495 1.8386, -1.2674 -0.5495 1.8346, -1.2871 -0.5568 1.8386, -1.2871 -0.5568 1.8346, -1.3065 -0.5699 1.8386, -1.3065 -0.5699 1.8346, -1.3275 -0.5925 1.8386, -1.3275 -0.5925 1.8346, -1.1385 -0.6878 1.8346, -1.1385 -0.6878 1.8386, -1.1417 -0.6459 1.8346, -1.1409 -0.6561 1.8386, -1.1417 -0.6459 1.8386, -1.1522 -0.6087 1.8386, -1.1522 -0.6087 1.8346, -1.1644 -0.5864 1.8386, -1.1644 -0.5864 1.8346, -1.1787 -0.5699 1.8386, -1.1787 -0.5699 1.8346, -1.1972 -0.5572 1.8386, -1.1972 -0.5572 1.8346, -1.2171 -0.5499 1.8386, -1.2171 -0.5499 1.8346, -1.1409 -0.7111 1.8386, -1.1437 -0.7385 1.8346, -1.1437 -0.7385 1.8386, -1.1529 -0.7744 1.8346, -1.1529 -0.7744 1.8386
            ]
        }
        coordIndex [
            0,1,2,-1,2,1,3,-1,4,5,6,-1,4,6,7,-1,7,6,8,-1,7,8,9,-1,9,8,3,-1,9,3,1,-1,10,11,12,-1,10,12,13,-1,13,12,14,-1,13,14,15,-1,15,14,16,-1,15,16,17,-1,17,16,18,-1,17,18,19,-1,19,18,20,-1,19,20,21,-1,21,20,22,-1,21,22,23,-1,23,22,5,-1,23,5,4,-1,24,25,26,-1,24,26,27,-1,27,26,28,-1,27,28,29,-1,29,28,30,-1,29,30,31,-1,31,30,32,-1,31,32,33,-1,33,32,34,-1,33,34,35,-1,35,34,11,-1,35,11,10,-1,36,37,38,-1,36,38,39,-1,39,38,40,-1,39,40,41,-1,41,40,42,-1,41,42,43,-1,43,42,44,-1,43,44,45,-1,45,44,25,-1,45,25,24,-1,46,47,48,-1,48,47,49,-1,48,50,46,-1,46,50,51,-1,46,51,52,-1,52,51,53,-1,52,53,54,-1,54,53,55,-1,54,55,56,-1,56,55,57,-1,56,57,58,-1,58,57,59,-1,58,59,60,-1,60,59,37,-1,60,37,36,-1,61,62,63,-1,63,62,64,-1,64,65,63,-1,63,65,49,-1,63,49,47,-1,61,66,62,-1,62,66,67,-1,68,69,70,-1,68,70,71,-1,71,70,72,-1,71,72,73,-1,73,72,67,-1,73,67,66,-1,74,75,76,-1,74,76,77,-1,77,76,78,-1,77,78,79,-1,79,78,80,-1,79,80,81,-1,81,80,82,-1,81,82,83,-1,83,82,84,-1,83,84,85,-1,85,84,86,-1,85,86,87,-1,87,86,69,-1,87,69,68,-1,88,89,90,-1,88,90,91,-1,91,90,92,-1,91,92,93,-1,93,92,94,-1,93,94,95,-1,95,94,96,-1,95,96,97,-1,97,96,98,-1,97,98,99,-1,99,98,75,-1,99,75,74,-1,100,101,102,-1,100,102,103,-1,103,102,104,-1,103,104,105,-1,105,104,106,-1,105,106,107,-1,107,106,108,-1,107,108,109,-1,109,108,89,-1,109,89,88,-1,110,111,112,-1,112,111,113,-1,113,114,112,-1,112,114,115,-1,112,115,116,-1,116,115,117,-1,116,117,118,-1,118,117,119,-1,118,119,120,-1,120,119,121,-1,120,121,122,-1,122,121,123,-1,122,123,124,-1,124,123,101,-1,124,101,100,-1,111,110,125,-1,125,110,126,-1,125,126,127,-1,127,126,128,-1,127,128,129,-1,129,128,0,-1,129,0,2,-1,1,0,9,-1,9,0,128,-1,9,128,7,-1,7,128,126,-1,7,126,4,-1,4,126,110,-1,4,110,23,-1,23,110,112,-1,23,112,21,-1,21,112,116,-1,21,116,19,-1,19,116,118,-1,19,118,17,-1,17,118,120,-1,17,120,15,-1,15,120,122,-1,15,122,13,-1,13,122,124,-1,13,124,10,-1,10,124,100,-1,10,100,35,-1,35,100,103,-1,35,103,33,-1,33,103,105,-1,33,105,31,-1,31,105,107,-1,31,107,29,-1,29,107,109,-1,29,109,27,-1,27,109,88,-1,27,88,24,-1,24,88,91,-1,24,91,45,-1,45,91,93,-1,45,93,43,-1,43,93,95,-1,43,95,41,-1,41,95,97,-1,41,97,39,-1,39,97,99,-1,39,99,36,-1,36,99,74,-1,36,74,60,-1,60,74,77,-1,60,77,58,-1,58,77,79,-1,58,79,56,-1,56,79,81,-1,56,81,54,-1,54,81,83,-1,54,83,52,-1,52,83,85,-1,52,85,46,-1,46,85,87,-1,46,87,47,-1,47,87,68,-1,47,68,63,-1,63,68,71,-1,63,71,61,-1,61,71,73,-1,61,73,66,-1,130,131,132,-1,132,131,133,-1,131,134,133,-1,133,134,135,-1,134,136,135,-1,135,136,137,-1,136,138,137,-1,137,138,139,-1,138,140,139,-1,139,140,141,-1,140,142,141,-1,141,142,143,-1,142,144,143,-1,143,144,145,-1,144,130,145,-1,145,130,132,-1,146,147,144,-1,142,140,138,-1,147,148,144,-1,144,148,149,-1,144,149,130,-1,130,149,150,-1,130,150,151,-1,144,142,146,-1,146,142,138,-1,146,138,152,-1,152,138,136,-1,151,153,130,-1,130,153,152,-1,130,152,131,-1,131,152,136,-1,131,136,134,-1,146,152,154,-1,154,152,155,-1,147,146,156,-1,156,146,154,-1,147,156,157,-1,147,157,148,-1,148,157,158,-1,148,158,149,-1,150,149,159,-1,159,149,158,-1,150,159,160,-1,150,160,151,-1,151,160,161,-1,151,161,153,-1,152,153,155,-1,155,153,161,-1,162,163,164,-1,164,163,165,-1,163,166,165,-1,165,166,167,-1,166,168,167,-1,167,168,169,-1,168,170,169,-1,169,170,171,-1,170,172,171,-1,171,172,173,-1,172,174,173,-1,173,174,175,-1,174,176,175,-1,175,176,177,-1,176,178,177,-1,177,178,179,-1,178,180,179,-1,179,180,181,-1,180,162,181,-1,181,162,164,-1,180,178,174,-1,174,178,176,-1,163,162,166,-1,166,162,180,-1,166,180,168,-1,168,180,174,-1,168,174,170,-1,170,174,172,-1,182,183,184,-1,184,183,185,-1,186,187,188,-1,186,188,189,-1,189,188,190,-1,189,190,191,-1,191,190,185,-1,191,185,183,-1,192,193,194,-1,192,194,195,-1,195,194,196,-1,195,196,197,-1,197,196,198,-1,197,198,199,-1,199,198,200,-1,199,200,201,-1,201,200,202,-1,201,202,203,-1,203,202,204,-1,203,204,205,-1,205,204,187,-1,205,187,186,-1,206,207,208,-1,206,208,209,-1,209,208,210,-1,209,210,211,-1,211,210,212,-1,211,212,213,-1,213,212,214,-1,213,214,215,-1,215,214,216,-1,215,216,217,-1,217,216,193,-1,217,193,192,-1,218,219,220,-1,218,220,221,-1,221,220,222,-1,221,222,223,-1,223,222,224,-1,223,224,225,-1,225,224,226,-1,225,226,227,-1,227,226,207,-1,227,207,206,-1,228,229,230,-1,230,229,231,-1,230,232,228,-1,228,232,233,-1,228,233,234,-1,234,233,235,-1,234,235,236,-1,236,235,237,-1,236,237,238,-1,238,237,239,-1,238,239,240,-1,240,239,241,-1,240,241,242,-1,242,241,219,-1,242,219,218,-1,243,244,245,-1,245,244,246,-1,246,247,245,-1,245,247,231,-1,245,231,229,-1,243,248,244,-1,244,248,249,-1,250,251,252,-1,250,252,253,-1,253,252,254,-1,253,254,255,-1,255,254,249,-1,255,249,248,-1,256,257,258,-1,256,258,259,-1,259,258,260,-1,259,260,261,-1,261,260,262,-1,261,262,263,-1,263,262,264,-1,263,264,265,-1,265,264,266,-1,265,266,267,-1,267,266,268,-1,267,268,269,-1,269,268,251,-1,269,251,250,-1,270,271,272,-1,270,272,273,-1,273,272,274,-1,273,274,275,-1,275,274,276,-1,275,276,277,-1,277,276,278,-1,277,278,279,-1,279,278,280,-1,279,280,281,-1,281,280,257,-1,281,257,256,-1,282,283,284,-1,282,284,285,-1,285,284,286,-1,285,286,287,-1,287,286,288,-1,287,288,289,-1,289,288,290,-1,289,290,291,-1,291,290,271,-1,291,271,270,-1,292,293,294,-1,294,293,295,-1,295,296,294,-1,294,296,297,-1,294,297,298,-1,298,297,299,-1,298,299,300,-1,300,299,301,-1,300,301,302,-1,302,301,303,-1,302,303,304,-1,304,303,305,-1,304,305,306,-1,306,305,283,-1,306,283,282,-1,293,292,307,-1,307,292,308,-1,307,308,309,-1,309,308,310,-1,309,310,311,-1,311,310,182,-1,311,182,184,-1,183,182,191,-1,191,182,310,-1,191,310,189,-1,189,310,308,-1,189,308,186,-1,186,308,292,-1,186,292,205,-1,205,292,294,-1,205,294,203,-1,203,294,298,-1,203,298,201,-1,201,298,300,-1,201,300,199,-1,199,300,302,-1,199,302,197,-1,197,302,304,-1,197,304,195,-1,195,304,306,-1,195,306,192,-1,192,306,282,-1,192,282,217,-1,217,282,285,-1,217,285,215,-1,215,285,287,-1,215,287,213,-1,213,287,289,-1,213,289,211,-1,211,289,291,-1,211,291,209,-1,209,291,270,-1,209,270,206,-1,206,270,273,-1,206,273,227,-1,227,273,275,-1,227,275,225,-1,225,275,277,-1,225,277,223,-1,223,277,279,-1,223,279,221,-1,221,279,281,-1,221,281,218,-1,218,281,256,-1,218,256,242,-1,242,256,259,-1,242,259,240,-1,240,259,261,-1,240,261,238,-1,238,261,263,-1,238,263,236,-1,236,263,265,-1,236,265,234,-1,234,265,267,-1,234,267,228,-1,228,267,269,-1,228,269,229,-1,229,269,250,-1,229,250,245,-1,245,250,253,-1,245,253,243,-1,243,253,255,-1,243,255,248,-1,
        ]
    }
}
Shape{
    appearance Appearance {
        material  Material 	{
            diffuseColor 0.5254901960784314 0.5254901960784314 0.5254901960784314
            specularColor 0.2627450980392157 0.2627450980392157 0.2627450980392157
            ambientIntensity 0.5255
            transparency 0.0
            shininess 0.5
        }
    }
    geometry IndexedFaceSet {
        ccw TRUE
        solid FALSE
        coord DEF co Coordinate {
            point [
                -2.0974 0.567 1.8386, -2.0273 0.5623 1.8386, -2.0298 0.7159 1.8386, -1.965 0.7117 1.8386, -1.9231 0.7012 1.8386, -1.8741 0.6397 1.8386, -2.1405 0.5778 1.8386, -2.191 0.6412 1.8386, -1.8758 0.6243 1.8386, -2.1895 0.6547 1.8386, -1.9535 0.5684 1.8386, -1.918 0.579 1.8386, -1.9005 0.5888 1.8386, -2.1094 0.7097 1.8386, -2.1472 0.6987 1.8386, -2.1656 0.6887 1.8386, -1.8759 0.6555 1.8386, -1.8807 0.6678 1.8386, -2.1786 0.6768 1.8386, -2.1853 0.6665 1.8386, -2.189 0.6247 1.8386, -2.1841 0.6122 1.8386, -1.8879 0.6001 1.8386, -1.8803 0.6117 1.8386, -1.8886 0.6791 1.8386, -1.9014 0.6902 1.8386, -2.1762 0.6008 1.8386, -2.1634 0.5897 1.8386, -2.0974 0.8694 1.8386, -2.0273 0.8647 1.8386, -2.0298 1.0184 1.8386, -1.965 1.0142 1.8386, -1.9231 1.0037 1.8386, -1.8741 0.9422 1.8386, -2.1405 0.8803 1.8386, -2.191 0.9437 1.8386, -1.8758 0.9268 1.8386, -2.1895 0.9572 1.8386, -1.9535 0.8708 1.8386, -1.918 0.8815 1.8386, -1.9005 0.8913 1.8386, -2.1094 1.0122 1.8386, -2.1472 1.0012 1.8386, -2.1656 0.9912 1.8386, -1.8759 0.958 1.8386, -1.8807 0.9703 1.8386, -2.1786 0.9793 1.8386, -2.1853 0.9689 1.8386, -2.189 0.9272 1.8386, -2.1841 0.9147 1.8386, -1.8879 0.9026 1.8386, -1.8803 0.9142 1.8386, -1.8886 0.9816 1.8386, -1.9014 0.9927 1.8386, -2.1762 0.9033 1.8386, -2.1634 0.8922 1.8386, -2.1429 1.1877 1.8386, -2.1288 1.1864 1.8386, -2.1774 1.2845 1.8386, -2.1563 1.1919 1.8386, -2.1288 1.3064 1.8386, -2.1455 1.3045 1.8386, -2.0814 1.2069 1.8386, -2.1589 1.2994 1.8386, -2.0863 1.2022 1.8386, -2.1711 1.2909 1.8386, -2.1118 1.1885 1.8386, -2.0985 1.1937 1.8386, -2.1896 1.2599 1.8386, -2.191 1.2461 1.8386, -2.1679 1.1988 1.8386, -2.0943 1.2963 1.8386, -2.1068 1.3026 1.8386, -2.1208 1.306 1.8386, -2.1848 1.2735 1.8386, -2.1891 1.2304 1.8386, -2.1847 1.2185 1.8386, -2.1773 1.2076 1.8386, -2.0734 1.2178 1.8386, -2.068 1.2311 1.8386, -2.0661 1.2461 1.8386, -2.0683 1.2619 1.8386, -2.0735 1.2744 1.8386, -2.0819 1.2857 1.8386, -1.4051 0.7974 1.8386, -1.3349 0.7927 1.8386, -1.3375 0.9464 1.8386, -1.2727 0.9421 1.8386, -1.2307 0.9317 1.8386, -1.1817 0.8701 1.8386, -1.4481 0.8083 1.8386, -1.4986 0.8716 1.8386, -1.1834 0.8548 1.8386, -1.4972 0.8852 1.8386, -1.2612 0.7988 1.8386, -1.2256 0.8094 1.8386, -1.2081 0.8192 1.8386, -1.417 0.9402 1.8386, -1.4548 0.9292 1.8386, -1.4733 0.9192 1.8386, -1.1836 0.886 1.8386, -1.1883 0.8983 1.8386, -1.4862 0.9073 1.8386, -1.4929 0.8969 1.8386, -1.4966 0.8552 1.8386, -1.4918 0.8427 1.8386, -1.1956 0.8306 1.8386, -1.1879 0.8422 1.8386, -1.1963 0.9096 1.8386, -1.2091 0.9207 1.8386, -1.4838 0.8313 1.8386, -1.471 0.8201 1.8386, -1.4505 0.5107 1.8386, -1.4364 0.5094 1.8386, -1.485 0.6076 1.8386, -1.4639 0.5149 1.8386, -1.4364 0.6295 1.8386, -1.4532 0.6275 1.8386, -1.389 0.5299 1.8386, -1.4665 0.6224 1.8386, -1.3939 0.5253 1.8386, -1.4788 0.6139 1.8386, -1.4194 0.5115 1.8386, -1.4061 0.5167 1.8386, -1.4972 0.583 1.8386, -1.4986 0.5691 1.8386, -1.4755 0.5218 1.8386, -1.4019 0.6193 1.8386, -1.4144 0.6257 1.8386, -1.4284 0.629 1.8386, -1.4924 0.5965 1.8386, -1.4968 0.5534 1.8386, -1.4923 0.5416 1.8386, -1.4849 0.5306 1.8386, -1.381 0.5408 1.8386, -1.3756 0.5541 1.8386, -1.3738 0.5691 1.8386, -1.3759 0.5849 1.8386, -1.3812 0.5974 1.8386, -1.3896 0.6087 1.8386, -1.2969 -0.1359 1.8386, -1.2969 -0.0042 1.8386, -1.4614 -0.0771 1.8386, -1.4614 -0.0635 1.8386, -1.475 -0.0733 1.8386, -1.4751 -0.067 1.8386, -1.489 -0.0708 1.8386, -1.489 -0.0696 1.8386
            ]
        }
        coordIndex [
            0,1,2,-1,2,1,3,-1,4,3,5,-1,6,0,7,-1,5,3,8,-1,7,0,9,-1,1,10,3,-1,3,10,11,-1,3,11,12,-1,2,13,0,-1,0,13,14,-1,0,14,15,-1,5,16,17,-1,15,18,0,-1,0,18,19,-1,0,19,9,-1,7,20,21,-1,12,22,3,-1,3,22,23,-1,3,23,8,-1,17,24,5,-1,5,24,25,-1,5,25,4,-1,21,26,7,-1,7,26,27,-1,7,27,6,-1,28,29,30,-1,30,29,31,-1,32,31,33,-1,34,28,35,-1,33,31,36,-1,35,28,37,-1,29,38,31,-1,31,38,39,-1,31,39,40,-1,30,41,28,-1,28,41,42,-1,28,42,43,-1,33,44,45,-1,43,46,28,-1,28,46,47,-1,28,47,37,-1,35,48,49,-1,40,50,31,-1,31,50,51,-1,31,51,36,-1,45,52,33,-1,33,52,53,-1,33,53,32,-1,49,54,35,-1,35,54,55,-1,35,55,34,-1,56,57,58,-1,56,58,59,-1,60,61,62,-1,62,61,63,-1,62,63,64,-1,64,63,65,-1,64,65,58,-1,57,66,58,-1,58,66,67,-1,58,67,64,-1,68,69,70,-1,71,72,62,-1,62,72,73,-1,62,73,60,-1,59,58,70,-1,70,58,74,-1,70,74,68,-1,75,76,69,-1,69,76,77,-1,69,77,70,-1,78,79,80,-1,80,81,78,-1,78,81,82,-1,78,82,62,-1,62,82,83,-1,62,83,71,-1,84,85,86,-1,86,85,87,-1,88,87,89,-1,90,84,91,-1,89,87,92,-1,91,84,93,-1,85,94,87,-1,87,94,95,-1,87,95,96,-1,86,97,84,-1,84,97,98,-1,84,98,99,-1,89,100,101,-1,99,102,84,-1,84,102,103,-1,84,103,93,-1,91,104,105,-1,96,106,87,-1,87,106,107,-1,87,107,92,-1,101,108,89,-1,89,108,109,-1,89,109,88,-1,105,110,91,-1,91,110,111,-1,91,111,90,-1,112,113,114,-1,112,114,115,-1,116,117,118,-1,118,117,119,-1,118,119,120,-1,120,119,121,-1,120,121,114,-1,113,122,114,-1,114,122,123,-1,114,123,120,-1,124,125,126,-1,127,128,118,-1,118,128,129,-1,118,129,116,-1,115,114,126,-1,126,114,130,-1,126,130,124,-1,131,132,125,-1,125,132,133,-1,125,133,126,-1,134,135,136,-1,136,137,134,-1,134,137,138,-1,134,138,118,-1,118,138,139,-1,118,139,127,-1,140,141,142,-1,142,141,143,-1,142,143,144,-1,144,143,145,-1,144,145,146,-1,146,145,147,-1,
        ]
    }
}
Shape{
    appearance Appearance {
        material  Material 	{
            diffuseColor 1.0 1.0 1.0
            specularColor 0.8784313725490196 0.8784313725490196 0.8784313725490196
            ambientIntensity 1.0
            transparency 0.0
            shininess 0.5
        }
    }
    geometry IndexedFaceSet {
        ccw TRUE
        solid FALSE
        coord DEF co Coordinate {
            point [
                -2.4917 1.0039 0.5394, -2.4917 1.5748 0.5394, -0.5232 1.5748 0.5394, -2.8132 -1.0039 0.5394, -2.8132 -0.689 0.5394, -2.4917 -1.0039 0.5394, -2.4917 -0.689 0.5394, -2.4917 0.689 0.5394, -2.8132 0.689 0.5394, -2.8132 1.0039 0.5394, -0.5232 -1.5748 0.5394, -2.4917 -1.5748 0.5394, -2.4917 1.0039 0.0394, -2.8658 1.0039 0.0394, -2.4917 0.689 0.0394, -2.8658 0.689 0.0394, -2.4917 -0.689 0.0394, -2.8658 -0.689 0.0394, -2.4917 -1.0039 0.0394, -2.8658 -1.0039 0.0394, -2.4917 -1.5748 0.0394, -0.5232 -1.5748 0.0394, -0.5232 1.5748 0.0394, -2.4917 1.5748 0.0394
            ]
        }
        coordIndex [
            0,1,2,-1,3,4,5,-1,5,4,6,-1,7,8,9,-1,9,0,7,-1,7,0,2,-1,7,2,6,-1,6,2,10,-1,6,10,5,-1,5,10,11,-1,0,9,12,-1,12,9,13,-1,14,15,7,-1,7,15,8,-1,6,4,16,-1,16,4,17,-1,18,19,5,-1,5,19,3,-1,11,10,20,-1,20,10,21,-1,10,2,21,-1,21,2,22,-1,2,1,22,-1,22,1,23,-1,1,0,23,-1,23,0,12,-1,7,6,14,-1,14,6,16,-1,5,11,18,-1,18,11,20,-1,
        ]
    }
}
Shape{
    appearance Appearance {
        material  Material 	{
            diffuseColor 0.5254901960784314 0.5254901960784314 0.5254901960784314
            specularColor 0.2627450980392157 0.2627450980392157 0.2627450980392157
            ambientIntensity 0.5255
            transparency 0.0
            shininess 0.5
        }
    }
    geometry IndexedFaceSet {
        ccw TRUE
        solid FALSE
        coord DEF co Coordinate {
            point [
                -2.6841 1.8852 1.7681, -2.6841 -1.8069 1.7681, -2.6825 1.8836 1.7776, -2.6799 -1.8069 1.7862, -2.6797 1.8809 1.7868, -2.6797 -1.8069 1.7867, -2.6759 1.8771 1.7956, -2.6713 -1.8069 1.8035, -2.671 1.8722 1.8039, -2.671 -1.8069 1.8038, -2.6584 1.8596 1.8184, -2.6587 -1.8069 1.8181, -2.6584 -1.8069 1.8183, -2.6427 1.8439 1.8294, -2.6429 -1.8069 1.8293, -2.6427 -1.8069 1.8293, -2.6248 1.826 1.8362, -2.6249 -1.8069 1.8362, -2.6248 -1.8069 1.8362, -2.6057 -1.8069 1.8386, -2.6057 -1.2969 1.8386, -2.6057 0.1373 1.8386, -2.6057 0.4782 1.8386, -2.6057 -0.5108 1.8386, -2.6057 -0.2588 1.8386, -2.6057 0.1181 1.8386, -2.6057 0.7159 1.8386, -2.6057 0.7903 1.8386, -2.6057 1.0232 1.8386, -2.6057 1.0928 1.8386, -2.6057 1.3185 1.8386, -2.6057 1.8069 1.8386, 0.3974 1.8852 1.7681, 0.3959 1.8836 1.7776, 0.3931 1.8809 1.7868, 0.3893 1.8771 1.7956, 0.3844 1.8722 1.8039, 0.3718 1.8596 1.8184, 0.3561 1.8439 1.8294, 0.3382 1.826 1.8362, -1.8333 1.8069 1.8386, -1.5394 1.8069 1.8386, -1.1409 1.8069 1.8386, 0.3191 1.8069 1.8386, -2.6057 -1.8722 1.8038, -2.6057 -1.8599 1.8181, -2.6195 -1.8581 1.8181, -2.6154 -1.8428 1.8293, -2.6107 -1.8254 1.8362, -2.6153 -1.8235 1.8362, -2.6223 -1.8165 1.8362, -2.6193 -1.8205 1.8362, -2.6243 -1.8119 1.8362, -2.6057 -1.826 1.8362, -2.6249 -1.8786 1.7862, -2.626 -1.8824 1.7699, -2.6259 -1.8824 1.7699, -2.6447 -1.8745 1.771, -2.6428 -1.8712 1.7862, -2.6447 -1.8744 1.771, -2.6582 -1.8594 1.7862, -2.6608 -1.862 1.7714, -2.67 -1.844 1.7862, -2.6732 -1.8459 1.771, -2.6733 -1.8458 1.771, -2.6774 -1.8261 1.7862, -2.6812 -1.8271 1.7699, -2.6812 -1.8271 1.7699, -2.6057 -1.8596 1.8183, -2.6057 -1.8441 1.8293, -2.6057 -1.8439 1.8293, -2.6057 -1.8261 1.8362, -2.6243 -1.8391 1.8293, -2.632 -1.8332 1.8293, -2.6379 -1.8255 1.8293, -2.6417 -1.8165 1.8293, -2.6322 -1.8528 1.8181, -2.6432 -1.8444 1.8181, -2.6516 -1.8334 1.8181, -2.6569 -1.8206 1.8181, -2.6057 -1.8809 1.7867, -2.6057 -1.8725 1.8035, -2.6227 -1.8702 1.8035, -2.6385 -1.8637 1.8035, -2.6521 -1.8533 1.8035, -2.6625 -1.8397 1.8035, -2.669 -1.8239 1.8035, -2.6057 -1.8811 1.7862, -2.6057 -1.8852 1.7681, -1.1409 -1.8069 1.8386, -1.5394 -1.8069 1.8386, -1.8333 -1.8069 1.8386, 0.3191 -1.8069 1.8386, 0.3191 -1.826 1.8362, 0.3191 -1.8261 1.8362, 0.3191 -1.8439 1.8293, 0.3191 -1.8441 1.8293, 0.3191 -1.8596 1.8183, 0.3191 -1.8599 1.8181, 0.3191 -1.8722 1.8038, 0.3191 -1.8725 1.8035, 0.3191 -1.8809 1.7867, 0.3191 -1.8811 1.7862, 0.3191 -1.8852 1.7681, 0.3191 1.3185 1.8386, 0.3191 1.0928 1.8386, 0.3191 1.0232 1.8386, 0.3191 0.7903 1.8386, 0.3382 -1.8069 1.8362, 0.3191 0.7159 1.8386, 0.3191 0.4782 1.8386, 0.3191 0.1373 1.8386, 0.3191 0.1181 1.8386, 0.3191 -0.2588 1.8386, 0.3191 -0.5108 1.8386, 0.3191 -1.2969 1.8386, 0.3383 -1.8069 1.8362, 0.3561 -1.8069 1.8293, 0.3563 -1.8069 1.8293, 0.3718 -1.8069 1.8183, 0.3721 -1.8069 1.8181, 0.3844 -1.8069 1.8038, 0.3847 -1.8069 1.8035, 0.3931 -1.8069 1.7867, 0.3933 -1.8069 1.7862, 0.3974 -1.8069 1.7681, -2.8217 -2.0515 0.0863, -2.8184 -2.0524 0.0894, -2.8008 -2.0573 0.1059, -2.799 -2.0573 0.1075, -2.7783 -2.0578 0.1263, -2.8355 -2.0435 0.073, -2.8398 -2.0409 0.0689, -2.8498 -2.0313 0.0588, -2.8537 -2.0262 0.0547, -2.8597 -2.0158 0.0482, -2.8625 -2.0084 0.0449, -2.8649 -1.9981 0.0416, -2.8657 -1.9886 0.0399, 0.383 -1.8215 1.8035, 0.3707 -1.8187 1.8181, 0.3554 -1.8152 1.8293, 0.3378 -1.8112 1.8362, 0.3364 -1.8152 1.8362, 0.3274 -1.8242 1.8362, 0.3311 -1.8219 1.8362, 0.3234 -1.8256 1.8362, 0.395 -1.8243 1.7696, 0.3915 -1.8234 1.7862, 0.3946 -1.8271 1.7699, 0.386 -1.8391 1.7862, 0.3889 -1.8406 1.7707, 0.3867 -1.8458 1.771, 0.3771 -1.8532 1.7862, 0.3795 -1.8551 1.7713, 0.3742 -1.862 1.7714, 0.3654 -1.8649 1.7862, 0.3673 -1.8673 1.7713, 0.358 -1.8745 1.771, 0.3513 -1.8738 1.7862, 0.3528 -1.8767 1.7707, 0.3393 -1.8824 1.7699, 0.3356 -1.8793 1.7862, 0.3365 -1.8828 1.7696, 0.3482 -1.8301 1.8293, 0.3423 -1.836 1.8293, 0.3353 -1.8404 1.8293, 0.3274 -1.8432 1.8293, 0.3526 -1.8231 1.8293, 0.3341 -1.8189 1.8362, 0.3668 -1.8299 1.8181, 0.3605 -1.8399 1.8181, 0.3521 -1.8483 1.8181, 0.3421 -1.8546 1.8181, 0.3309 -1.8585 1.8181, 0.3782 -1.8354 1.8035, 0.3704 -1.8478 1.8035, 0.36 -1.8582 1.8035, 0.3476 -1.866 1.8035, 0.3337 -1.8708 1.8035, -2.8658 -1.9795 0.0394, 0.4917 -1.9795 0.0394, 0.4917 -1.9981 0.0417, 0.4917 -2.0157 0.0484, 0.4917 -1.9987 0.0418, 0.4917 -2.0168 0.0488, 0.4917 -2.0312 0.059, 0.4917 -2.0326 0.06, 0.4917 -2.0437 0.073, 0.4917 -2.0452 0.0748, 0.4917 -2.0525 0.0895, 0.4917 -2.0538 0.0921, 0.4917 -2.0572 0.1076, 0.4917 -2.0579 0.1111, 0.4917 -2.0578 0.1263, 0.5118 -2.0549 0.1282, 0.5119 -2.0549 0.1282, 0.5306 -2.047 0.1293, 0.5306 -2.047 0.1293, 0.5468 -2.0346 0.1297, 0.5592 -2.0184 0.1293, 0.5592 -2.0184 0.1293, 0.5671 -1.9997 0.1282, 0.5671 -1.9996 0.1282, 0.57 -1.9795 0.1263, 0.4967 -1.9981 0.0418, 0.5279 -1.9795 0.0484, 0.529 -1.9795 0.0488, 0.5277 -1.9891 0.0488, 0.5434 -1.9795 0.059, 0.5448 -1.9795 0.06, 0.543 -1.9932 0.06, 0.5559 -1.9795 0.073, 0.5574 -1.9795 0.0748, 0.5552 -1.9965 0.0748, 0.5635 -1.9987 0.0921, 0.5674 -1.9998 0.1111, 0.5596 -2.0187 0.1111, 0.512 -2.0552 0.1111, 0.5701 -1.9795 0.1111, 0.5694 -1.9795 0.1076, 0.566 -1.9795 0.0921, 0.5647 -1.9795 0.0895, 0.5109 -2.0513 0.0921, 0.5561 -2.0166 0.0921, 0.5471 -2.0349 0.1111, 0.5087 -2.043 0.0748, 0.5486 -2.0123 0.0748, 0.5442 -2.032 0.0921, 0.5054 -2.0308 0.06, 0.5377 -2.0061 0.06, 0.5382 -2.026 0.0748, 0.5013 -2.0155 0.0488, 0.5293 -2.0171 0.06, 0.524 -1.9981 0.0488, 0.5103 -1.9845 0.0418, 0.5309 -2.0474 0.1111, 0.5288 -2.0439 0.0921, 0.5245 -2.0364 0.0748, 0.5183 -2.0255 0.06, 0.5103 -2.0118 0.0488, 0.5013 -1.9961 0.0418, 0.5103 -1.9795 0.0417, 0.5109 -1.9795 0.0418, 0.5181 -2.0059 0.0488, 0.5084 -1.9891 0.0418, 0.5053 -1.9931 0.0418, 0.57 2.0578 0.1263, 0.5704 2.0582 0.1169, 0.5697 2.0575 0.1075, 0.5679 2.0557 0.0983, 0.565 2.0528 0.0893, 0.561 2.0488 0.0808, 0.5561 2.0439 0.0728, 0.5435 2.0313 0.0588, 0.528 2.0158 0.0482, 0.5103 1.9981 0.0416, 0.4917 1.9795 0.0394, -2.8566 2.0578 0.1263, -2.8586 2.0575 0.1075, -2.8605 2.0528 0.0893, -2.8622 2.0439 0.0728, -2.8637 2.0313 0.0588, -2.8648 2.0158 0.0482, -2.8655 1.9981 0.0416, -2.8658 1.9795 0.0394
            ]
        }
        coordIndex [
            0,1,2,-1,2,1,3,-1,2,3,4,-1,4,3,5,-1,4,5,6,-1,6,5,7,-1,6,7,8,-1,8,7,9,-1,8,9,10,-1,9,11,10,-1,10,11,12,-1,10,12,13,-1,12,14,13,-1,13,14,15,-1,13,15,16,-1,16,15,17,-1,16,17,18,-1,18,19,20,-1,21,22,16,-1,20,23,18,-1,18,23,24,-1,18,24,16,-1,16,24,25,-1,16,25,21,-1,22,26,16,-1,16,26,27,-1,16,27,28,-1,28,29,16,-1,16,29,30,-1,16,30,31,-1,32,0,33,-1,33,0,2,-1,33,2,34,-1,2,4,34,-1,34,4,6,-1,34,6,35,-1,35,6,8,-1,35,8,36,-1,36,8,10,-1,36,10,37,-1,37,10,13,-1,37,13,38,-1,38,13,16,-1,38,16,39,-1,16,31,40,-1,40,41,16,-1,16,41,42,-1,16,42,39,-1,39,42,43,-1,44,45,46,-1,47,48,49,-1,19,50,51,-1,52,50,19,-1,49,48,19,-1,53,19,48,-1,54,55,56,-1,55,54,57,-1,57,54,58,-1,57,58,59,-1,59,58,60,-1,59,60,61,-1,61,60,62,-1,61,62,63,-1,63,62,64,-1,64,62,65,-1,64,65,66,-1,66,65,67,-1,67,65,3,-1,67,3,1,-1,18,52,19,-1,68,69,47,-1,47,69,70,-1,47,70,48,-1,48,70,71,-1,48,71,53,-1,72,51,73,-1,73,51,50,-1,73,50,74,-1,74,50,52,-1,74,52,75,-1,18,17,52,-1,52,17,15,-1,52,15,75,-1,75,15,14,-1,75,14,12,-1,46,72,76,-1,76,72,73,-1,76,73,77,-1,77,73,74,-1,77,74,78,-1,78,74,75,-1,78,75,79,-1,79,75,12,-1,80,81,82,-1,82,81,44,-1,44,46,82,-1,82,46,76,-1,82,76,83,-1,83,76,77,-1,83,77,84,-1,84,77,78,-1,84,78,85,-1,85,78,79,-1,85,79,86,-1,45,68,46,-1,46,68,47,-1,46,47,72,-1,72,47,49,-1,72,49,51,-1,51,49,19,-1,80,54,87,-1,87,54,56,-1,87,56,88,-1,12,11,79,-1,79,11,9,-1,79,9,86,-1,86,9,7,-1,86,7,5,-1,80,82,54,-1,54,82,83,-1,54,83,58,-1,58,83,84,-1,58,84,60,-1,60,84,85,-1,60,85,62,-1,62,85,86,-1,62,86,65,-1,65,86,5,-1,65,5,3,-1,89,90,53,-1,53,90,91,-1,53,91,19,-1,92,89,93,-1,93,89,53,-1,93,53,94,-1,94,53,71,-1,94,71,95,-1,95,71,70,-1,95,70,96,-1,96,70,69,-1,96,69,97,-1,97,69,68,-1,97,68,98,-1,98,68,45,-1,98,45,99,-1,99,45,44,-1,99,44,100,-1,100,44,81,-1,100,81,101,-1,101,81,80,-1,101,80,102,-1,102,80,87,-1,102,87,103,-1,103,87,88,-1,43,104,39,-1,39,104,105,-1,106,107,108,-1,108,107,109,-1,108,109,110,-1,110,111,108,-1,108,111,112,-1,108,112,113,-1,113,114,108,-1,108,114,115,-1,108,115,92,-1,105,106,39,-1,39,106,108,-1,39,108,38,-1,108,116,38,-1,38,116,117,-1,38,117,37,-1,117,118,37,-1,37,118,119,-1,37,119,36,-1,119,120,36,-1,36,120,121,-1,36,121,35,-1,35,121,122,-1,35,122,34,-1,34,122,123,-1,34,123,33,-1,33,123,124,-1,33,124,32,-1,32,124,125,-1,126,127,56,-1,56,127,128,-1,56,128,88,-1,88,128,129,-1,88,129,130,-1,56,55,126,-1,126,55,57,-1,126,57,131,-1,131,57,132,-1,57,59,132,-1,132,59,61,-1,132,61,133,-1,133,61,63,-1,133,63,134,-1,134,63,64,-1,134,64,135,-1,135,64,66,-1,135,66,136,-1,136,66,67,-1,136,67,137,-1,137,67,1,-1,137,1,138,-1,123,122,139,-1,121,120,140,-1,141,142,143,-1,92,144,145,-1,146,144,92,-1,143,142,92,-1,108,92,142,-1,147,148,149,-1,149,148,150,-1,149,150,151,-1,151,150,152,-1,152,150,153,-1,152,153,154,-1,154,153,155,-1,155,153,156,-1,155,156,157,-1,157,156,158,-1,158,156,159,-1,158,159,160,-1,160,159,161,-1,161,159,162,-1,161,162,163,-1,163,162,102,-1,163,102,103,-1,93,146,92,-1,119,118,141,-1,141,118,117,-1,141,117,142,-1,142,117,116,-1,142,116,108,-1,164,145,165,-1,165,145,144,-1,165,144,166,-1,166,144,146,-1,166,146,167,-1,120,119,140,-1,140,119,141,-1,140,141,168,-1,168,141,143,-1,168,143,169,-1,169,143,92,-1,93,94,146,-1,146,94,95,-1,146,95,167,-1,167,95,96,-1,167,96,97,-1,170,164,171,-1,171,164,165,-1,171,165,172,-1,172,165,166,-1,172,166,173,-1,173,166,167,-1,173,167,174,-1,174,167,97,-1,139,170,175,-1,175,170,171,-1,175,171,176,-1,176,171,172,-1,176,172,177,-1,177,172,173,-1,177,173,178,-1,178,173,174,-1,178,174,179,-1,122,121,139,-1,139,121,140,-1,139,140,170,-1,170,140,168,-1,170,168,164,-1,164,168,169,-1,164,169,145,-1,145,169,92,-1,147,125,148,-1,148,125,124,-1,148,124,123,-1,97,98,174,-1,174,98,99,-1,174,99,179,-1,179,99,100,-1,179,100,101,-1,123,139,148,-1,148,139,175,-1,148,175,150,-1,150,175,176,-1,150,176,153,-1,153,176,177,-1,153,177,156,-1,156,177,178,-1,156,178,159,-1,159,178,179,-1,159,179,162,-1,162,179,101,-1,162,101,102,-1,180,181,138,-1,138,181,182,-1,133,134,183,-1,183,134,135,-1,183,135,184,-1,184,135,136,-1,184,136,182,-1,182,136,137,-1,182,137,138,-1,183,185,133,-1,133,185,186,-1,133,186,132,-1,132,186,131,-1,186,187,131,-1,131,187,188,-1,131,188,126,-1,126,188,127,-1,188,189,127,-1,127,189,190,-1,127,190,128,-1,128,190,129,-1,190,191,129,-1,129,191,192,-1,129,192,130,-1,130,192,193,-1,130,193,194,-1,158,160,195,-1,195,160,161,-1,195,161,194,-1,194,161,163,-1,194,163,103,-1,195,196,158,-1,158,196,197,-1,158,197,157,-1,157,197,198,-1,157,198,155,-1,155,198,199,-1,155,199,154,-1,154,199,200,-1,154,200,152,-1,152,200,201,-1,152,201,151,-1,151,201,202,-1,151,202,149,-1,149,202,203,-1,149,203,147,-1,147,203,204,-1,147,204,125,-1,182,181,205,-1,206,207,208,-1,209,210,211,-1,212,213,214,-1,215,216,217,-1,195,194,193,-1,197,196,218,-1,218,196,195,-1,203,202,216,-1,216,202,201,-1,216,201,217,-1,217,201,200,-1,217,200,199,-1,204,203,219,-1,219,203,216,-1,219,216,220,-1,220,216,215,-1,220,215,221,-1,221,215,222,-1,195,193,218,-1,218,193,192,-1,218,192,223,-1,213,222,214,-1,214,222,215,-1,214,215,224,-1,224,215,217,-1,224,217,225,-1,225,217,199,-1,192,191,223,-1,223,191,190,-1,223,190,226,-1,210,212,211,-1,211,212,214,-1,211,214,227,-1,227,214,224,-1,227,224,228,-1,228,224,225,-1,190,189,226,-1,226,189,188,-1,226,188,229,-1,207,209,208,-1,208,209,211,-1,208,211,230,-1,230,211,227,-1,230,227,231,-1,231,227,228,-1,188,187,229,-1,229,187,186,-1,229,186,232,-1,231,233,230,-1,230,233,234,-1,230,234,208,-1,208,234,235,-1,208,235,206,-1,198,197,236,-1,236,197,218,-1,236,218,237,-1,237,218,223,-1,237,223,238,-1,238,223,226,-1,238,226,239,-1,239,226,229,-1,239,229,240,-1,240,229,232,-1,240,232,241,-1,241,232,205,-1,241,205,181,-1,181,242,235,-1,235,242,243,-1,235,243,206,-1,233,244,234,-1,234,244,245,-1,234,245,235,-1,235,245,181,-1,244,246,245,-1,245,246,181,-1,186,185,232,-1,232,185,183,-1,232,183,205,-1,205,183,184,-1,205,184,182,-1,199,198,225,-1,225,198,236,-1,225,236,228,-1,228,236,237,-1,228,237,231,-1,231,237,238,-1,231,238,233,-1,233,238,239,-1,233,239,244,-1,244,239,240,-1,244,240,246,-1,246,240,241,-1,246,241,181,-1,247,204,248,-1,248,204,219,-1,248,219,249,-1,249,219,220,-1,249,220,250,-1,250,220,221,-1,250,221,251,-1,251,221,222,-1,251,222,252,-1,252,222,213,-1,252,213,253,-1,253,213,212,-1,253,212,254,-1,212,210,254,-1,254,210,209,-1,254,209,255,-1,209,207,255,-1,255,207,206,-1,255,206,256,-1,256,206,243,-1,243,242,256,-1,256,242,181,-1,256,181,257,-1,258,247,248,-1,258,248,259,-1,248,249,259,-1,259,249,250,-1,259,250,260,-1,250,251,260,-1,260,251,252,-1,260,252,261,-1,252,253,261,-1,261,253,254,-1,261,254,262,-1,262,254,255,-1,262,255,263,-1,263,255,256,-1,263,256,264,-1,264,256,257,-1,264,257,265,-1,
        ]
    }
}
Shape{
    appearance Appearance {
        material  Material 	{
            diffuseColor 1.0 1.0 1.0
            specularColor 0.8784313725490196 0.8784313725490196 0.8784313725490196
            ambientIntensity 1.0
            transparency 0.0
            shininess 0.5
        }
    }
    geometry IndexedFaceSet {
        ccw TRUE
        solid FALSE
        coord DEF co Coordinate {
            point [
                1.2622 0.8406 0.8514, 1.2622 1.1594 0.8514, 1.3132 0.8406 0.8447, 1.3132 1.1594 0.8447, 1.3606 0.8406 0.825, 1.3606 1.1594 0.825, 1.4014 0.8406 0.7937, 1.4014 1.1594 0.7937, 1.4327 0.8406 0.753, 1.4327 1.1594 0.753, 1.4523 0.8406 0.7055, 1.4523 1.1594 0.7055, 1.4591 0.8406 0.6545, 1.4591 1.1594 0.6545, 1.6559 1.1594 0.0, 1.6559 0.8406 0.0, 1.605 0.8406 0.0067, 1.605 1.1594 0.0067, 1.5575 0.8406 0.0264, 1.5575 1.1594 0.0264, 1.5167 0.8406 0.0577, 1.5167 1.1594 0.0577, 1.4854 0.8406 0.0984, 1.4854 1.1594 0.0984, 1.4658 0.8406 0.1459, 1.4658 1.1594 0.1459, 1.4591 0.8406 0.1969, 1.4591 1.1594 0.1969, 1.4591 -0.8406 0.6545, 1.4591 -1.1594 0.6545, 1.4523 -0.8406 0.7055, 1.4523 -1.1594 0.7055, 1.4327 -0.8406 0.753, 1.4327 -1.1594 0.753, 1.4014 -0.8406 0.7937, 1.4014 -1.1594 0.7937, 1.3606 -0.8406 0.825, 1.3606 -1.1594 0.825, 1.3132 -0.8406 0.8447, 1.3132 -1.1594 0.8447, 1.2622 -0.8406 0.8514, 1.2622 -1.1594 0.8514, 1.4591 -1.1594 0.1969, 1.4591 -0.8406 0.1969, 1.4658 -0.8406 0.1459, 1.4658 -1.1594 0.1459, 1.4854 -0.8406 0.0984, 1.4854 -1.1594 0.0984, 1.5167 -0.8406 0.0577, 1.5167 -1.1594 0.0577, 1.5575 -0.8406 0.0264, 1.5575 -1.1594 0.0264, 1.605 -0.8406 0.0067, 1.605 -1.1594 0.0067, 1.6559 -0.8406 0.0, 1.6559 -1.1594 0.0, 1.8311 0.8406 0.1752, 1.8311 1.1594 0.1752, 1.7802 0.8406 0.1819, 1.7802 1.1594 0.1819, 1.7327 0.8406 0.2016, 1.7327 1.1594 0.2016, 1.6919 0.8406 0.2329, 1.6919 1.1594 0.2329, 1.6606 0.8406 0.2736, 1.6606 1.1594 0.2736, 1.641 0.8406 0.3211, 1.641 1.1594 0.3211, 1.6342 0.8406 0.372, 1.6342 1.1594 0.372, 1.6342 -0.8406 0.372, 1.6342 -1.1594 0.372, 1.641 -0.8406 0.3211, 1.641 -1.1594 0.3211, 1.6606 -0.8406 0.2736, 1.6606 -1.1594 0.2736, 1.6919 -0.8406 0.2329, 1.6919 -1.1594 0.2329, 1.7327 -0.8406 0.2016, 1.7327 -1.1594 0.2016, 1.7802 -0.8406 0.1819, 1.7802 -1.1594 0.1819, 1.8311 -0.8406 0.1752, 1.8311 -1.1594 0.1752, 1.4374 1.1594 1.0266, 1.4374 0.8406 1.0266, 1.4883 0.8406 1.0199, 1.4883 1.1594 1.0199, 1.5358 0.8406 1.0002, 1.5358 1.1594 1.0002, 1.5766 0.8406 0.9689, 1.5766 1.1594 0.9689, 1.6079 0.8406 0.9281, 1.6079 1.1594 0.9281, 1.6275 0.8406 0.8807, 1.6275 1.1594 0.8807, 1.6342 0.8406 0.8297, 1.6342 1.1594 0.8297, 1.6342 -1.1594 0.8297, 1.6342 -0.8406 0.8297, 1.6275 -0.8406 0.8807, 1.6275 -1.1594 0.8807, 1.6079 -0.8406 0.9281, 1.6079 -1.1594 0.9281, 1.5766 -0.8406 0.9689, 1.5766 -1.1594 0.9689, 1.5358 -0.8406 1.0002, 1.5358 -1.1594 1.0002, 1.4883 -0.8406 1.0199, 1.4883 -1.1594 1.0199, 1.4374 -0.8406 1.0266, 1.4374 -1.1594 1.0266, -3.1689 -2.0669 0.0394, -3.3658 -1.8701 0.0394, -3.3658 -0.7055 0.0394, -2.4917 1.0039 0.0394, -2.4917 1.5748 0.0394, -1.4574 1.5748 0.0394, -1.1227 -0.5384 0.0394, -1.1227 -0.7055 0.0394, -1.1247 -0.6776 0.0394, -1.1247 -0.7055 0.0394, -1.4191 -0.6776 0.0394, -1.4191 -0.5526 0.0394, -1.4574 -0.5384 0.0394, -1.4554 -0.5526 0.0394, -1.4574 -0.7055 0.0394, -1.4554 -0.7055 0.0394, -1.4554 -0.7219 0.0394, -1.1247 -0.7219 0.0394, -1.1227 -1.5748 0.0394, -1.4574 -1.5748 0.0394, -1.4383 -0.2783 0.0394, -1.4574 -0.246 0.0394, -1.402 -0.2783 0.0394, -1.1227 -0.246 0.0394, -1.1227 -0.3269 0.0394, -1.1234 -0.3165 0.0394, -1.1338 -0.2783 0.0394, -1.1782 -0.2783 0.0394, -1.1622 -0.3156 0.0394, -1.4053 -0.2842 0.0394, -1.157 -0.3558 0.0394, -1.1606 -0.3883 0.0394, -1.1696 -0.4131 0.0394, -1.1849 -0.436 0.0394, -1.2069 -0.4559 0.0394, -1.2936 -0.48 0.0394, -1.3294 -0.4766 0.0394, -1.3579 -0.4676 0.0394, -1.4197 -0.394 0.0394, -1.4232 -0.3632 0.0394, -1.4108 -0.4181 0.0394, -1.3972 -0.4384 0.0394, -1.3808 -0.4539 0.0394, -1.4183 -0.3193 0.0394, -1.2325 -0.4696 0.0394, -1.2679 -0.4784 0.0394, -1.1207 -0.3561 0.0394, -0.5232 -0.246 0.0394, -1.1227 -0.3809 0.0394, -0.5232 -0.5384 0.0394, -1.2118 -0.5068 0.0394, -1.1808 -0.4874 0.0394, -1.4272 -0.4687 0.0394, -1.4011 -0.4936 0.0394, -1.3696 -0.5112 0.0394, -1.4574 -0.3887 0.0394, -1.4552 -0.4101 0.0394, -1.4442 -0.4421 0.0394, -1.1521 -0.4576 0.0394, -1.1341 -0.4261 0.0394, -1.1234 -0.3893 0.0394, -1.3346 -0.5211 0.0394, -1.2963 -0.5243 0.0394, -1.2493 -0.5196 0.0394, -1.4528 -0.3136 0.0394, -1.4574 -0.347 0.0394, -2.4917 -0.246 0.0394, -1.4593 -0.3603 0.0394, -2.4917 -0.5384 0.0394, -1.4595 -0.3693 0.0394, -2.4917 -0.689 0.0394, -3.1689 2.0669 0.0394, -2.8658 2.0669 0.0394, -3.3658 1.8701 0.0394, -2.8658 1.0039 0.0394, -3.3658 0.3065 0.0394, -1.4574 0.3065 0.0394, -2.4917 0.3065 0.0394, -2.4917 0.689 0.0394, -2.4917 -0.0041 0.0394, -1.4574 -0.0041 0.0394, -2.8658 -2.0669 0.0394, -2.8658 -1.0039 0.0394, -2.4917 -1.0039 0.0394, -2.4917 -1.5748 0.0394, -1.4554 0.617 0.0394, -1.4554 0.5686 0.0394, -1.1227 1.5748 0.0394, -1.1247 0.488 0.0394, -1.1227 0.3065 0.0394, -2.8658 0.689 0.0394, -2.8658 0.3065 0.0394, -3.3658 -0.0041 0.0394, -2.8658 -0.0041 0.0394, -3.3658 -0.246 0.0394, -2.8658 -0.246 0.0394, -3.3658 -0.5384 0.0394, -2.8658 -0.5384 0.0394, -2.8658 -0.689 0.0394, -1.3627 0.5352 0.0394, -1.3627 0.3986 0.0394, -1.4554 0.367 0.0394, -1.4554 0.3186 0.0394, -1.1247 0.4436 0.0394, -1.1247 0.1215 0.0394, -1.1227 -0.0041 0.0394, -1.1298 0.1693 0.0394, -1.1434 0.208 0.0394, -1.1675 0.244 0.0394, -1.3648 0.2779 0.0394, -1.3944 0.2589 0.0394, -1.4204 0.2317 0.0394, -1.4405 0.1972 0.0394, -1.1679 0.2444 0.0394, -1.1938 0.2677 0.0394, -1.2222 0.2831 0.0394, -1.4519 0.159 0.0394, -1.4554 0.1181 0.0394, -1.4554 0.0282 0.0394, -1.1247 0.0282 0.0394, -1.2548 0.292 0.0394, -1.2859 0.2944 0.0394, -1.3302 0.2897 0.0394, -1.1247 -0.0444 0.0394, -1.4554 -0.2138 0.0394, -1.1247 -0.2138 0.0394, -1.161 -0.0444 0.0394, -1.4191 -0.0363 0.0394, -1.4554 -0.0363 0.0394, -1.3062 -0.1694 0.0394, -1.4191 -0.1694 0.0394, -1.3062 -0.0525 0.0394, -1.2699 -0.0525 0.0394, -1.2699 -0.1694 0.0394, -1.161 -0.1694 0.0394, -0.5232 1.5748 0.0394, -0.5232 0.3065 0.0394, -0.5232 -0.0041 0.0394, -0.5232 -0.7055 0.0394, -0.5232 -1.5748 0.0394, -2.4917 0.689 0.5394, -2.4917 -0.689 0.5394, -0.5232 -1.5748 0.5394, -3.1689 -2.0669 0.5394, -2.8658 -2.0669 0.5394, -3.3658 -1.8701 0.5394, -2.8658 -1.0039 0.5394, -3.3658 1.8701 0.5394, -2.8658 0.689 0.5394, -2.8658 -0.689 0.5394, -2.4917 -1.0039 0.5394, -2.4917 -1.5748 0.5394, -2.8658 1.0039 0.5394, -2.8658 2.0669 0.5394, -3.1689 2.0669 0.5394, -0.5232 1.5748 0.5394, -2.4917 1.5748 0.5394, -2.4917 1.0039 0.5394, -1.1247 0.488 0.0433, -1.4554 0.617 0.0433, -1.4554 0.5686 0.0433, -1.3627 0.5352 0.0433, -1.3627 0.3986 0.0433, -1.4554 0.367 0.0433, -1.4554 0.3186 0.0433, -1.1247 0.4436 0.0433, -1.3264 0.4097 0.0433, -1.1882 0.459 0.0433, -1.1768 0.4622 0.0433, -1.1651 0.4643 0.0433, -1.1651 0.4654 0.0433, -1.1767 0.4676 0.0433, -1.3264 0.5203 0.0433, -1.1882 0.4705 0.0433, -1.3264 0.4097 0.0394, -1.3264 0.5203 0.0394, -1.1882 0.459 0.0394, -1.1768 0.4622 0.0394, -1.1651 0.4643 0.0394, -1.1651 0.4654 0.0394, -1.1767 0.4676 0.0394, -1.1882 0.4705 0.0394, -1.4554 0.1181 0.0433, -1.4554 0.0282 0.0433, -1.1247 0.0282 0.0433, -1.1247 0.1215 0.0433, -1.2859 0.2944 0.0433, -1.2548 0.292 0.0433, -1.2222 0.2831 0.0433, -1.1938 0.2677 0.0433, -1.1679 0.2444 0.0433, -1.1675 0.244 0.0433, -1.1434 0.208 0.0433, -1.1298 0.1693 0.0433, -1.4519 0.159 0.0433, -1.4405 0.1972 0.0433, -1.4204 0.2317 0.0433, -1.3944 0.2589 0.0433, -1.3648 0.2779 0.0433, -1.3302 0.2897 0.0433, -1.2074 0.228 0.0433, -1.1903 0.2119 0.0433, -1.1747 0.1878 0.0433, -1.1652 0.1605 0.0433, -1.161 0.1213 0.0433, -1.161 0.0726 0.0433, -1.4191 0.0726 0.0433, -1.4191 0.1195 0.0433, -1.4159 0.1544 0.0433, -1.4072 0.1822 0.0433, -1.3938 0.2048 0.0433, -1.3755 0.2233 0.0433, -1.3527 0.2373 0.0433, -1.3216 0.247 0.0433, -1.2869 0.25 0.0433, -1.254 0.2472 0.0433, -1.2278 0.2395 0.0433, -1.161 0.1213 0.0394, -1.161 0.0726 0.0394, -1.1652 0.1605 0.0394, -1.1747 0.1878 0.0394, -1.1903 0.2119 0.0394, -1.2074 0.228 0.0394, -1.2278 0.2395 0.0394, -1.254 0.2472 0.0394, -1.2869 0.25 0.0394, -1.3216 0.247 0.0394, -1.3527 0.2373 0.0394, -1.3755 0.2233 0.0394, -1.3938 0.2048 0.0394, -1.4072 0.1822 0.0394, -1.4159 0.1544 0.0394, -1.4191 0.1195 0.0394, -1.4191 0.0726 0.0394, -1.4191 -0.0363 0.0433, -1.4554 -0.0363 0.0433, -1.4554 -0.2138 0.0433, -1.1247 -0.2138 0.0433, -1.1247 -0.0444 0.0433, -1.161 -0.0444 0.0433, -1.161 -0.1694 0.0433, -1.2699 -0.1694 0.0433, -1.2699 -0.0525 0.0433, -1.3062 -0.0525 0.0433
            ]
        }
        coordIndex [
            0,1,2,-1,2,1,3,-1,2,3,4,-1,4,3,5,-1,4,5,6,-1,6,5,7,-1,6,7,8,-1,8,7,9,-1,8,9,10,-1,10,9,11,-1,10,11,12,-1,12,11,13,-1,14,15,16,-1,14,16,17,-1,17,16,18,-1,17,18,19,-1,19,18,20,-1,19,20,21,-1,21,20,22,-1,21,22,23,-1,23,22,24,-1,23,24,25,-1,25,24,26,-1,25,26,27,-1,28,29,30,-1,30,29,31,-1,30,31,32,-1,32,31,33,-1,32,33,34,-1,34,33,35,-1,34,35,36,-1,36,35,37,-1,36,37,38,-1,38,37,39,-1,38,39,40,-1,40,39,41,-1,42,43,44,-1,42,44,45,-1,45,44,46,-1,45,46,47,-1,47,46,48,-1,47,48,49,-1,49,48,50,-1,49,50,51,-1,51,50,52,-1,51,52,53,-1,53,52,54,-1,53,54,55,-1,56,57,58,-1,58,57,59,-1,58,59,60,-1,60,59,61,-1,60,61,62,-1,62,61,63,-1,62,63,64,-1,64,63,65,-1,64,65,66,-1,66,65,67,-1,66,67,68,-1,68,67,69,-1,70,71,72,-1,72,71,73,-1,72,73,74,-1,74,73,75,-1,74,75,76,-1,76,75,77,-1,76,77,78,-1,78,77,79,-1,78,79,80,-1,80,79,81,-1,80,81,82,-1,82,81,83,-1,84,85,86,-1,84,86,87,-1,87,86,88,-1,87,88,89,-1,89,88,90,-1,89,90,91,-1,91,90,92,-1,91,92,93,-1,93,92,94,-1,93,94,95,-1,95,94,96,-1,95,96,97,-1,98,99,100,-1,98,100,101,-1,101,100,102,-1,101,102,103,-1,103,102,104,-1,103,104,105,-1,105,104,106,-1,105,106,107,-1,107,106,108,-1,107,108,109,-1,109,108,110,-1,109,110,111,-1,112,113,114,-1,115,116,117,-1,118,119,120,-1,120,119,121,-1,120,122,118,-1,118,122,123,-1,118,123,124,-1,124,123,125,-1,124,125,126,-1,126,125,127,-1,126,127,128,-1,121,119,129,-1,129,119,130,-1,129,130,128,-1,128,130,131,-1,128,131,126,-1,132,133,134,-1,134,133,135,-1,135,136,137,-1,137,138,135,-1,135,138,139,-1,135,139,134,-1,134,139,140,-1,134,140,141,-1,141,140,142,-1,141,142,143,-1,143,144,141,-1,141,144,145,-1,141,145,146,-1,147,148,141,-1,141,148,149,-1,150,151,152,-1,152,151,153,-1,149,154,141,-1,141,154,153,-1,141,153,155,-1,155,153,151,-1,146,156,141,-1,141,156,157,-1,141,157,147,-1,158,159,160,-1,160,159,161,-1,162,163,118,-1,164,165,124,-1,124,165,166,-1,167,168,124,-1,124,168,169,-1,124,169,164,-1,163,170,118,-1,118,170,171,-1,118,171,172,-1,166,173,124,-1,124,173,174,-1,124,174,118,-1,118,174,175,-1,118,175,162,-1,132,176,133,-1,133,176,177,-1,133,177,178,-1,178,177,179,-1,178,179,180,-1,180,179,181,-1,181,167,180,-1,180,167,124,-1,180,124,182,-1,182,124,126,-1,182,126,114,-1,183,184,185,-1,185,184,186,-1,185,186,187,-1,188,189,190,-1,189,188,191,-1,191,188,192,-1,191,192,178,-1,193,112,194,-1,194,112,114,-1,194,114,195,-1,195,114,126,-1,195,126,196,-1,196,126,131,-1,197,198,188,-1,117,199,200,-1,200,199,201,-1,200,197,117,-1,117,197,188,-1,117,188,115,-1,115,188,190,-1,115,190,186,-1,186,190,202,-1,186,202,187,-1,187,202,203,-1,187,203,204,-1,204,203,205,-1,204,205,206,-1,206,205,207,-1,206,207,208,-1,208,207,209,-1,208,209,114,-1,114,209,210,-1,114,210,182,-1,211,212,198,-1,198,212,213,-1,198,213,188,-1,188,213,214,-1,188,214,201,-1,201,214,215,-1,201,215,200,-1,216,201,217,-1,216,218,201,-1,201,218,219,-1,201,219,220,-1,221,222,188,-1,188,222,223,-1,188,223,224,-1,220,225,201,-1,201,225,226,-1,201,226,227,-1,224,228,188,-1,188,228,229,-1,188,229,192,-1,192,229,230,-1,192,230,217,-1,217,230,231,-1,217,231,216,-1,227,232,201,-1,201,232,233,-1,201,233,188,-1,188,233,234,-1,188,234,221,-1,235,217,135,-1,178,192,133,-1,133,192,236,-1,133,236,135,-1,135,236,237,-1,135,237,235,-1,235,238,217,-1,217,238,239,-1,217,239,192,-1,192,239,240,-1,192,240,236,-1,241,242,243,-1,243,242,239,-1,243,239,244,-1,244,239,238,-1,244,238,245,-1,245,238,246,-1,199,247,201,-1,201,247,248,-1,201,248,217,-1,217,248,249,-1,217,249,135,-1,135,249,159,-1,135,159,136,-1,136,159,158,-1,172,160,118,-1,118,160,161,-1,118,161,119,-1,119,161,250,-1,119,250,130,-1,130,250,251,-1,252,253,254,-1,255,256,257,-1,257,256,258,-1,257,258,259,-1,260,259,261,-1,261,259,258,-1,261,258,253,-1,253,258,262,-1,253,262,254,-1,254,262,263,-1,264,265,266,-1,267,268,269,-1,254,267,252,-1,252,267,269,-1,252,269,260,-1,260,269,264,-1,260,264,259,-1,259,264,266,-1,116,268,117,-1,117,268,267,-1,117,267,199,-1,199,267,247,-1,251,250,254,-1,254,250,161,-1,161,159,254,-1,254,159,249,-1,254,249,267,-1,267,249,248,-1,267,248,247,-1,254,263,196,-1,196,131,254,-1,254,131,130,-1,254,130,251,-1,195,196,262,-1,262,196,263,-1,194,195,258,-1,258,195,262,-1,193,194,256,-1,256,194,258,-1,112,193,255,-1,255,193,256,-1,185,187,259,-1,259,187,204,-1,259,204,257,-1,257,204,206,-1,206,208,257,-1,257,208,114,-1,257,114,113,-1,266,265,183,-1,183,265,184,-1,186,184,264,-1,264,184,265,-1,115,186,269,-1,269,186,264,-1,116,115,268,-1,268,115,269,-1,191,253,189,-1,189,253,252,-1,189,252,190,-1,191,178,253,-1,253,178,180,-1,253,180,182,-1,182,210,253,-1,253,210,261,-1,261,210,209,-1,209,207,261,-1,261,207,205,-1,261,205,260,-1,260,205,203,-1,260,203,202,-1,202,190,260,-1,260,190,252,-1,255,257,112,-1,112,257,113,-1,259,266,185,-1,185,266,183,-1,270,271,200,-1,200,271,197,-1,271,272,197,-1,197,272,198,-1,272,273,198,-1,198,273,211,-1,273,274,211,-1,211,274,212,-1,274,275,212,-1,212,275,213,-1,275,276,213,-1,213,276,214,-1,276,277,214,-1,214,277,215,-1,277,270,215,-1,215,270,200,-1,278,279,277,-1,276,275,274,-1,279,280,277,-1,277,280,281,-1,277,281,270,-1,270,281,282,-1,270,282,283,-1,277,276,278,-1,278,276,274,-1,278,274,284,-1,284,274,273,-1,283,285,270,-1,270,285,284,-1,270,284,271,-1,271,284,273,-1,271,273,272,-1,278,284,286,-1,286,284,287,-1,279,278,288,-1,288,278,286,-1,279,288,289,-1,279,289,280,-1,280,289,290,-1,280,290,281,-1,282,281,291,-1,291,281,290,-1,282,291,292,-1,282,292,283,-1,283,292,293,-1,283,293,285,-1,284,285,287,-1,287,285,293,-1,294,295,229,-1,229,295,230,-1,295,296,230,-1,230,296,231,-1,296,297,231,-1,231,297,216,-1,298,233,232,-1,298,232,299,-1,299,232,227,-1,299,227,300,-1,300,227,226,-1,300,226,301,-1,301,226,225,-1,301,225,302,-1,302,225,220,-1,302,220,303,-1,303,220,219,-1,303,219,304,-1,304,219,218,-1,304,218,305,-1,305,218,216,-1,305,216,297,-1,294,229,228,-1,294,228,306,-1,306,228,224,-1,306,224,307,-1,307,224,223,-1,307,223,308,-1,308,223,222,-1,308,222,309,-1,309,222,221,-1,309,221,310,-1,310,221,234,-1,310,234,311,-1,311,234,233,-1,311,233,298,-1,300,301,312,-1,312,301,302,-1,312,302,313,-1,313,302,303,-1,313,303,314,-1,314,303,304,-1,314,304,315,-1,315,304,305,-1,315,305,316,-1,316,305,297,-1,316,297,317,-1,317,297,296,-1,317,296,318,-1,318,296,295,-1,318,295,319,-1,319,295,294,-1,319,294,320,-1,320,294,306,-1,320,306,321,-1,321,306,307,-1,321,307,322,-1,322,307,308,-1,322,308,323,-1,323,308,309,-1,323,309,324,-1,324,309,310,-1,324,310,325,-1,325,310,311,-1,325,311,326,-1,326,311,298,-1,326,298,327,-1,327,298,299,-1,327,299,328,-1,328,299,300,-1,328,300,312,-1,316,317,329,-1,329,317,330,-1,316,329,331,-1,316,331,315,-1,315,331,332,-1,315,332,314,-1,314,332,333,-1,314,333,313,-1,313,333,334,-1,313,334,312,-1,312,334,335,-1,312,335,328,-1,328,335,336,-1,328,336,327,-1,327,336,337,-1,327,337,326,-1,326,337,338,-1,326,338,325,-1,325,338,339,-1,325,339,324,-1,324,339,340,-1,324,340,323,-1,323,340,341,-1,323,341,322,-1,322,341,342,-1,322,342,321,-1,321,342,343,-1,321,343,320,-1,320,343,344,-1,320,344,319,-1,318,319,345,-1,345,319,344,-1,317,318,330,-1,330,318,345,-1,346,347,239,-1,239,347,240,-1,347,348,240,-1,240,348,236,-1,348,349,236,-1,236,349,237,-1,349,350,237,-1,237,350,235,-1,350,351,235,-1,235,351,238,-1,351,352,238,-1,238,352,246,-1,352,353,246,-1,246,353,245,-1,353,354,245,-1,245,354,244,-1,354,355,244,-1,244,355,243,-1,
        ]
    }
}
Shape{
    appearance Appearance {
        material  Material 	{
            diffuseColor 0.5254901960784314 0.5254901960784314 0.5254901960784314
            specularColor 0.2627450980392157 0.2627450980392157 0.2627450980392157
            ambientIntensity 0.5255
            transparency 0.0
            shininess 0.5
        }
    }
    geometry IndexedFaceSet {
        ccw TRUE
        solid FALSE
        coord DEF co Coordinate {
            point [
                -1.3062 -0.0525 0.0433, -1.3062 -0.1694 0.0433, -1.3062 -0.0525 0.0394, -1.3062 -0.1694 0.0394
            ]
        }
        coordIndex [
            0,1,2,-1,2,1,3,-1,
        ]
    }
}
Shape{
    appearance Appearance {
        material  Material 	{
            diffuseColor 1.0 1.0 1.0
            specularColor 0.8784313725490196 0.8784313725490196 0.8784313725490196
            ambientIntensity 1.0
            transparency 0.0
            shininess 0.5
        }
    }
    geometry IndexedFaceSet {
        ccw TRUE
        solid FALSE
        coord DEF co Coordinate {
            point [
                -1.3062 -0.1694 0.0433, -1.4191 -0.1694 0.0433, -1.3062 -0.1694 0.0394, -1.4191 -0.1694 0.0394, -1.4191 -0.0363 0.0433, -1.4191 -0.0363 0.0394, -1.4554 -0.2138 0.0433, -1.4554 -0.0363 0.0433, -1.1247 -0.2138 0.0433, -1.161 -0.0444 0.0433, -1.1247 -0.0444 0.0433, -1.161 -0.1694 0.0433, -1.2699 -0.1694 0.0433, -1.2699 -0.0525 0.0433, -1.3062 -0.0525 0.0433, -1.402 -0.2783 0.0433, -1.4383 -0.2783 0.0433, -1.402 -0.2783 0.0394, -1.4383 -0.2783 0.0394
            ]
        }
        coordIndex [
            0,1,2,-1,2,1,3,-1,1,4,3,-1,3,4,5,-1,6,7,4,-1,4,1,6,-1,6,1,0,-1,6,0,8,-1,9,10,11,-1,11,10,8,-1,11,8,12,-1,12,8,0,-1,12,0,13,-1,13,0,14,-1,15,16,17,-1,17,16,18,-1,
        ]
    }
}
Shape{
    appearance Appearance {
        material  Material 	{
            diffuseColor 0.5254901960784314 0.5254901960784314 0.5254901960784314
            specularColor 0.2627450980392157 0.2627450980392157 0.2627450980392157
            ambientIntensity 0.5255
            transparency 0.0
            shininess 0.5
        }
    }
    geometry IndexedFaceSet {
        ccw TRUE
        solid FALSE
        coord DEF co Coordinate {
            point [
                -1.4383 -0.2783 0.0394, -1.4383 -0.2783 0.0433, -1.4528 -0.3136 0.0433, -1.4595 -0.3693 0.0433, -1.4595 -0.3693 0.0394, -1.4593 -0.3603 0.0394, -1.4593 -0.3603 0.0433, -1.4574 -0.347 0.0394, -1.4528 -0.3136 0.0394
            ]
        }
        coordIndex [
            0,1,2,-1,3,4,5,-1,3,5,6,-1,6,5,7,-1,6,7,2,-1,2,7,8,-1,2,8,0,-1,
        ]
    }
}
Shape{
    appearance Appearance {
        material  Material 	{
            diffuseColor 1.0 1.0 1.0
            specularColor 0.8784313725490196 0.8784313725490196 0.8784313725490196
            ambientIntensity 1.0
            transparency 0.0
            shininess 0.5
        }
    }
    geometry IndexedFaceSet {
        ccw TRUE
        solid FALSE
        coord DEF co Coordinate {
            point [
                -1.4595 -0.3693 0.0394, -1.4595 -0.3693 0.0433, -1.4574 -0.3887 0.0394, -1.4552 -0.4101 0.0433, -1.4552 -0.4101 0.0394, -1.4442 -0.4421 0.0433, -1.4442 -0.4421 0.0394, -1.4272 -0.4687 0.0433, -1.4272 -0.4687 0.0394, -1.4011 -0.4936 0.0433, -1.4011 -0.4936 0.0394, -1.3696 -0.5112 0.0433, -1.3696 -0.5112 0.0394, -1.3346 -0.5211 0.0433, -1.3346 -0.5211 0.0394, -1.2963 -0.5243 0.0433, -1.2963 -0.5243 0.0394, -1.1207 -0.3561 0.0433, -1.1207 -0.3561 0.0394, -1.1234 -0.3893 0.0433, -1.1227 -0.3809 0.0394, -1.1234 -0.3893 0.0394, -1.1341 -0.4261 0.0394, -1.1341 -0.4261 0.0433, -1.1521 -0.4576 0.0394, -1.1521 -0.4576 0.0433, -1.1808 -0.4874 0.0394, -1.1808 -0.4874 0.0433, -1.2118 -0.5068 0.0394, -1.2118 -0.5068 0.0433, -1.2493 -0.5196 0.0394, -1.2493 -0.5196 0.0433, -1.1227 -0.3269 0.0394, -1.1234 -0.3165 0.0433, -1.1234 -0.3165 0.0394, -1.1338 -0.2783 0.0433, -1.1338 -0.2783 0.0394, -1.1782 -0.2783 0.0433, -1.1782 -0.2783 0.0394
            ]
        }
        coordIndex [
            0,1,2,-1,2,1,3,-1,2,3,4,-1,4,3,5,-1,4,5,6,-1,6,5,7,-1,6,7,8,-1,8,7,9,-1,8,9,10,-1,10,9,11,-1,10,11,12,-1,12,11,13,-1,12,13,14,-1,14,13,15,-1,14,15,16,-1,17,18,19,-1,19,18,20,-1,20,21,19,-1,19,21,22,-1,19,22,23,-1,23,22,24,-1,23,24,25,-1,25,24,26,-1,25,26,27,-1,27,26,28,-1,27,28,29,-1,29,28,30,-1,29,30,31,-1,31,30,16,-1,31,16,15,-1,18,17,32,-1,32,17,33,-1,32,33,34,-1,34,33,35,-1,34,35,36,-1,35,37,36,-1,36,37,38,-1,
        ]
    }
}
Shape{
    appearance Appearance {
        material  Material 	{
            diffuseColor 0.5254901960784314 0.5254901960784314 0.5254901960784314
            specularColor 0.2627450980392157 0.2627450980392157 0.2627450980392157
            ambientIntensity 0.5255
            transparency 0.0
            shininess 0.5
        }
    }
    geometry IndexedFaceSet {
        ccw TRUE
        solid FALSE
        coord DEF co Coordinate {
            point [
                -1.157 -0.3558 0.0433, -1.157 -0.3558 0.0394, -1.1622 -0.3156 0.0394, -1.1622 -0.3156 0.0433, -1.1782 -0.2783 0.0394, -1.1782 -0.2783 0.0433
            ]
        }
        coordIndex [
            0,1,2,-1,0,2,3,-1,3,2,4,-1,3,4,5,-1,
        ]
    }
}
Shape{
    appearance Appearance {
        material  Material 	{
            diffuseColor 1.0 1.0 1.0
            specularColor 0.8784313725490196 0.8784313725490196 0.8784313725490196
            ambientIntensity 1.0
            transparency 0.0
            shininess 0.5
        }
    }
    geometry IndexedFaceSet {
        ccw TRUE
        solid FALSE
        coord DEF co Coordinate {
            point [
                -1.2936 -0.48 0.0433, -1.2936 -0.48 0.0394, -1.2679 -0.4784 0.0394, -1.2679 -0.4784 0.0433, -1.2325 -0.4696 0.0394, -1.2325 -0.4696 0.0433, -1.2069 -0.4559 0.0394, -1.2069 -0.4559 0.0433, -1.1849 -0.436 0.0394, -1.1849 -0.436 0.0433, -1.1696 -0.4131 0.0394, -1.1696 -0.4131 0.0433, -1.1606 -0.3883 0.0394, -1.1606 -0.3883 0.0433, -1.157 -0.3558 0.0394, -1.157 -0.3558 0.0433, -1.4232 -0.3632 0.0433, -1.4232 -0.3632 0.0394, -1.4197 -0.394 0.0394, -1.4197 -0.394 0.0433, -1.4108 -0.4181 0.0394, -1.4108 -0.4181 0.0433, -1.3972 -0.4384 0.0394, -1.3972 -0.4384 0.0433, -1.3808 -0.4539 0.0394, -1.3808 -0.4539 0.0433, -1.3579 -0.4676 0.0394, -1.3579 -0.4676 0.0433, -1.3294 -0.4766 0.0394, -1.3294 -0.4766 0.0433, -1.402 -0.2783 0.0433, -1.402 -0.2783 0.0394, -1.4053 -0.2842 0.0394, -1.4053 -0.2842 0.0433, -1.4183 -0.3193 0.0394, -1.4183 -0.3193 0.0433, -1.4595 -0.3693 0.0433, -1.4593 -0.3603 0.0433, -1.4528 -0.3136 0.0433, -1.4383 -0.2783 0.0433, -1.1782 -0.2783 0.0433, -1.1338 -0.2783 0.0433, -1.1622 -0.3156 0.0433, -1.1234 -0.3165 0.0433, -1.1207 -0.3561 0.0433, -1.1234 -0.3893 0.0433, -1.1341 -0.4261 0.0433, -1.1521 -0.4576 0.0433, -1.1808 -0.4874 0.0433, -1.2118 -0.5068 0.0433, -1.2493 -0.5196 0.0433, -1.2963 -0.5243 0.0433, -1.3346 -0.5211 0.0433, -1.3696 -0.5112 0.0433, -1.4011 -0.4936 0.0433, -1.4272 -0.4687 0.0433, -1.4442 -0.4421 0.0433, -1.4552 -0.4101 0.0433, -1.4191 -0.5526 0.0433, -1.4554 -0.5526 0.0433, -1.4191 -0.5526 0.0394, -1.4554 -0.5526 0.0394, -1.4554 -0.7055 0.0394, -1.4554 -0.7219 0.0433, -1.4554 -0.7219 0.0394, -1.1247 -0.7219 0.0433, -1.1247 -0.7219 0.0394, -1.1247 -0.7055 0.0394, -1.1247 -0.6776 0.0433, -1.1247 -0.6776 0.0394, -1.4191 -0.6776 0.0433, -1.4191 -0.6776 0.0394
            ]
        }
        coordIndex [
            0,1,2,-1,0,2,3,-1,3,2,4,-1,3,4,5,-1,5,4,6,-1,5,6,7,-1,7,6,8,-1,7,8,9,-1,9,8,10,-1,9,10,11,-1,11,10,12,-1,11,12,13,-1,13,12,14,-1,13,14,15,-1,16,17,18,-1,16,18,19,-1,19,18,20,-1,19,20,21,-1,21,20,22,-1,21,22,23,-1,23,22,24,-1,23,24,25,-1,25,24,26,-1,25,26,27,-1,27,26,28,-1,27,28,29,-1,29,28,1,-1,29,1,0,-1,30,31,32,-1,30,32,33,-1,33,32,34,-1,33,34,35,-1,35,34,17,-1,35,17,16,-1,19,36,16,-1,16,36,37,-1,16,37,35,-1,35,37,38,-1,35,38,33,-1,33,38,39,-1,33,39,30,-1,40,41,42,-1,42,41,43,-1,42,43,15,-1,15,43,44,-1,15,44,13,-1,13,44,45,-1,13,45,11,-1,11,45,46,-1,11,46,9,-1,9,46,47,-1,9,47,7,-1,7,47,48,-1,7,48,5,-1,5,48,49,-1,5,49,3,-1,3,49,50,-1,3,50,0,-1,0,50,51,-1,0,51,29,-1,29,51,52,-1,29,52,27,-1,27,52,53,-1,27,53,25,-1,25,53,54,-1,25,54,23,-1,23,54,55,-1,23,55,21,-1,21,55,56,-1,21,56,19,-1,19,56,57,-1,19,57,36,-1,58,59,60,-1,60,59,61,-1,61,59,62,-1,62,59,63,-1,62,63,64,-1,63,65,64,-1,64,65,66,-1,66,65,67,-1,67,65,68,-1,67,68,69,-1,68,70,69,-1,69,70,71,-1,70,58,71,-1,71,58,60,-1,68,65,70,-1,70,65,63,-1,70,63,58,-1,58,63,59,-1,
        ]
    }
}
Shape{
    appearance Appearance {
        material  Material 	{
            diffuseColor 0.5254901960784314 0.5254901960784314 0.5254901960784314
            specularColor 0.2627450980392157 0.2627450980392157 0.2627450980392157
            ambientIntensity 0.5255
            transparency 0.0
            shininess 0.5
        }
    }
    geometry IndexedFaceSet {
        ccw TRUE
        solid FALSE
        coord DEF co Coordinate {
            point [
                -1.3264 0.4097 0.0394, -1.3264 0.5203 0.0394, -1.1882 0.459 0.0394, -1.1882 0.4705 0.0394, -1.1768 0.4622 0.0394, -1.1767 0.4676 0.0394, -1.1651 0.4643 0.0394, -1.1651 0.4654 0.0394
            ]
        }
        coordIndex [
            0,1,2,-1,2,1,3,-1,2,3,4,-1,4,3,5,-1,4,5,6,-1,6,5,7,-1,
        ]
    }
}
Shape{
    appearance Appearance {
        material  Material 	{
            diffuseColor 1.0 1.0 1.0
            specularColor 0.8784313725490196 0.8784313725490196 0.8784313725490196
            ambientIntensity 1.0
            transparency 0.0
            shininess 0.5
        }
    }
    geometry IndexedFaceSet {
        ccw TRUE
        solid FALSE
        coord DEF co Coordinate {
            point [
                -1.161 0.0726 0.0394, -1.4191 0.0726 0.0394, -1.161 0.1213 0.0394, -1.4191 0.1195 0.0394, -1.4159 0.1544 0.0394, -1.2869 0.25 0.0394, -1.254 0.2472 0.0394, -1.2278 0.2395 0.0394, -1.1652 0.1605 0.0394, -1.4072 0.1822 0.0394, -1.3938 0.2048 0.0394, -1.3755 0.2233 0.0394, -1.3527 0.2373 0.0394, -1.3216 0.247 0.0394, -1.2074 0.228 0.0394, -1.1903 0.2119 0.0394, -1.1747 0.1878 0.0394
            ]
        }
        coordIndex [
            0,1,2,-1,2,1,3,-1,2,3,4,-1,5,6,2,-1,2,6,7,-1,2,7,8,-1,4,9,2,-1,2,9,10,-1,2,10,11,-1,11,12,2,-1,2,12,13,-1,2,13,5,-1,14,15,7,-1,7,15,16,-1,7,16,8,-1,
        ]
    }
}