#VRML V2.0 utf8
# 3D model generated by easyeda2kicad.py (https://github.com/uPesy/easyeda2kicad.py)

Shape{
    appearance Appearance {
        material  Material 	{
            diffuseColor 0.20784313725490197 0.20784313725490197 0.20784313725490197
            specularColor 0.01568627450980392 0.01568627450980392 0.01568627450980392
            ambientIntensity 0.298
            transparency 0.0
            shininess 0.5
        }
    }
    geometry IndexedFaceSet {
        ccw TRUE
        solid FALSE
        coord DEF co Coordinate {
            point [
                0.8608 0.5811 1.3898, 0.8608 0.5409 1.3898, 0.8789 0.5409 1.3898, 0.995 0.522 1.3898, 1.0094 0.522 1.3898, 1.0094 0.5353 1.3898, 1.1327 -0.6398 1.3898, 1.1713 -0.6398 1.3898, 1.1713 0.4453 1.3898, 0.9323 0.4635 1.3898, 0.9308 0.4633 1.3898, 0.9419 0.4633 1.3898, 1.0519 0.5353 1.3898, 1.0371 0.5357 1.3898, 1.0307 0.5357 1.3898, 1.0198 0.5811 1.3898, 1.0519 0.5815 1.3898, 1.0094 0.5815 1.3898, 1.0028 0.5357 1.3898, 0.9963 0.5357 1.3898, 0.995 0.5353 1.3898, 1.0094 0.5481 1.3898, 1.0071 0.5481 1.3898, 0.995 0.5815 1.3898, 1.0094 0.5701 1.3898, 1.0136 0.5811 1.3898, 0.8875 0.5633 1.3898, 0.9128 0.5423 1.3898, 0.8889 0.5675 1.3898, 0.891 0.5707 1.3898, 0.8869 0.5579 1.3898, 0.8869 0.5575 1.3898, 0.9105 0.5413 1.3898, 0.9054 0.5403 1.3898, 0.9128 0.5747 1.3898, 0.9092 0.576 1.3898, 0.904 0.5766 1.3898, 0.902 0.5765 1.3898, 0.8981 0.5757 1.3898, 0.8923 0.5441 1.3898, 0.8952 0.542 1.3898, 0.8946 0.574 1.3898, 0.8917 0.5715 1.3898, 0.8914 0.5449 1.3898, 0.8876 0.5519 1.3898, 0.8891 0.5482 1.3898, 0.8985 0.5407 1.3898, 0.903 0.5402 1.3898, 0.9138 0.5744 1.3898, 0.9147 0.5432 1.3898, 0.9147 0.5739 1.3898, 0.9212 0.5353 1.3898, 0.9212 0.5815 1.3898, 0.9086 0.5815 1.3898, 0.9104 0.5813 1.3898, 0.9128 0.5815 1.3898, 0.9128 0.5806 1.3898, 0.9147 0.58 1.3898, 0.8828 0.6398 1.3898, 0.9002 0.5815 1.3898, 0.9128 0.6398 1.3898, 0.904 0.5819 1.3898, 0.9045 0.5819 1.3898, 0.8828 0.5815 1.3898, 0.8935 0.5797 1.3898, 0.8984 0.5813 1.3898, 0.8843 0.5713 1.3898, 0.8873 0.5752 1.3898, 0.889 0.5767 1.3898, 0.8801 0.5815 1.3898, 0.882 0.5663 1.3898, 0.8828 0.568 1.3898, 0.8828 0.5472 1.3898, 0.8816 0.5503 1.3898, 0.8801 0.5353 1.3898, 0.8808 0.5575 1.3898, 0.8809 0.5605 1.3898, 0.8944 0.5361 1.3898, 0.8901 0.5382 1.3898, 0.8828 0.5353 1.3898, 0.8866 0.5411 1.3898, 0.8861 0.5416 1.3898, 0.8835 0.5455 1.3898, 0.8982 0.5353 1.3898, 0.8828 0.522 1.3898, 0.8993 0.5351 1.3898, 0.9022 0.5349 1.3898, 0.9128 0.522 1.3898, 0.9062 0.5353 1.3898, 0.9147 0.5376 1.3898, 0.914 0.5372 1.3898, 0.9128 0.5353 1.3898, 0.9128 0.5368 1.3898, 0.9091 0.5356 1.3898, 0.9525 0.4882 1.3898, 0.9583 0.4718 1.3898, 0.9598 0.4717 1.3898, 0.9525 0.522 1.3898, 0.9687 0.4961 1.3898, 0.9745 0.4961 1.3898, 0.959 0.4691 1.3898, 0.9591 0.4691 1.3898, 0.9594 0.4702 1.3898, 0.9498 0.4961 1.3898, 0.9434 0.4961 1.3898, 0.956 0.4633 1.3898, 0.9561 0.4638 1.3898, 0.9525 0.473 1.3898, 0.9536 0.4579 1.3898, 0.9525 0.4633 1.3898, 0.9525 0.4558 1.3898, 0.9525 0.4558 1.3898, 0.9419 0.4453 1.3898, 0.9446 0.4489 1.3898, 0.9446 0.454 1.3898, 0.9478 0.4533 1.3898, 0.9492 0.4535 1.3898, 0.9525 0.4494 1.3898, 0.9506 0.4487 1.3898, 0.9525 0.4453 1.3898, 0.9483 0.4484 1.3898, 0.947 0.4485 1.3898, 0.9504 0.4539 1.3898, 0.9515 0.4546 1.3898, 0.9598 0.4588 1.3898, 0.9573 0.4538 1.3898, 0.995 0.4453 1.3898, 0.9616 0.4633 1.3898, 0.9552 0.4513 1.3898, 0.9548 0.4509 1.3898, 0.9528 0.4495 1.3898, 0.9386 0.4779 1.3898, 0.9396 0.4763 1.3898, 0.9389 0.4899 1.3898, 0.9222 0.4943 1.3898, 0.9236 0.4951 1.3898, 0.9212 0.522 1.3898, 0.9402 0.4746 1.3898, 0.9405 0.4725 1.3898, 0.9402 0.4702 1.3898, 0.9395 0.4684 1.3898, 0.9384 0.4669 1.3898, 0.9267 0.4963 1.3898, 0.9312 0.4969 1.3898, 0.9419 0.522 1.3898, 0.9389 0.4954 1.3898, 0.9346 0.4966 1.3898, 0.9368 0.4655 1.3898, 0.9353 0.4646 1.3898, 0.9307 0.4922 1.3898, 0.929 0.4921 1.3898, 0.9245 0.4879 1.3898, 0.9275 0.4917 1.3898, 0.9262 0.491 1.3898, 0.9245 0.4871 1.3898, 0.9247 0.4862 1.3898, 0.9252 0.4855 1.3898, 0.9257 0.4849 1.3898, 0.9277 0.4836 1.3898, 0.9344 0.4918 1.3898, 0.9312 0.4821 1.3898, 0.9376 0.4906 1.3898, 0.9334 0.4812 1.3898, 0.9372 0.4791 1.3898, 0.9253 0.4903 1.3898, 0.9248 0.4896 1.3898, 0.9246 0.4888 1.3898, 0.9186 0.4874 1.3898, 0.9188 0.4894 1.3898, 0.9195 0.4834 1.3898, 0.9189 0.4852 1.3898, 0.9186 0.4707 1.3898, 0.9195 0.4912 1.3898, 0.9206 0.4928 1.3898, 0.9212 0.4933 1.3898, 0.9208 0.4693 1.3898, 0.9212 0.4692 1.3898, 0.9212 0.4812 1.3898, 0.9202 0.4822 1.3898, 0.9211 0.4813 1.3898, 0.9244 0.468 1.3898, 0.9272 0.4779 1.3898, 0.9238 0.4795 1.3898, 0.9279 0.4676 1.3898, 0.9282 0.4676 1.3898, 0.9309 0.4764 1.3898, 0.9311 0.4679 1.3898, 0.9346 0.472 1.3898, 0.9346 0.4727 1.3898, 0.9326 0.4684 1.3898, 0.9331 0.4688 1.3898, 0.9337 0.4693 1.3898, 0.9342 0.4701 1.3898, 0.9345 0.4709 1.3898, 0.9343 0.4736 1.3898, 0.9339 0.4743 1.3898, 0.9332 0.475 1.3898, 0.9236 0.4633 1.3898, 0.9226 0.4634 1.3898, 0.9212 0.4633 1.3898, 0.9212 0.4639 1.3898, 0.9128 0.4633 1.3898, 0.9186 0.4648 1.3898, 0.9274 0.4629 1.3898, 0.9212 0.4453 1.3898, 0.9458 0.4536 1.3898, 0.8869 0.479 1.3898, 0.888 0.4883 1.3898, 0.8858 0.4771 1.3898, 0.8851 0.475 1.3898, 0.9109 0.4637 1.3898, 0.9052 0.4637 1.3898, 0.9005 0.492 1.3898, 0.8986 0.4922 1.3898, 0.8956 0.483 1.3898, 0.9103 0.4893 1.3898, 0.9109 0.4846 1.3898, 0.8886 0.4805 1.3898, 0.8909 0.4818 1.3898, 0.8919 0.4908 1.3898, 0.8954 0.4919 1.3898, 0.8895 0.4641 1.3898, 0.8876 0.4655 1.3898, 0.8828 0.4633 1.3898, 0.887 0.4661 1.3898, 0.8858 0.4679 1.3898, 0.9052 0.4687 1.3898, 0.905 0.4687 1.3898, 0.9041 0.4674 1.3898, 0.9023 0.4654 1.3898, 0.8851 0.4698 1.3898, 0.8848 0.4724 1.3898, 0.888 0.4938 1.3898, 0.9031 0.4964 1.3898, 0.9053 0.4957 1.3898, 0.9071 0.4945 1.3898, 0.9052 0.4843 1.3898, 0.905 0.4868 1.3898, 0.9044 0.4888 1.3898, 0.9037 0.49 1.3898, 0.9082 0.4935 1.3898, 0.9094 0.4918 1.3898, 0.8897 0.4948 1.3898, 0.894 0.4963 1.3898, 0.8991 0.4969 1.3898, 0.9029 0.4909 1.3898, 0.9019 0.4916 1.3898, 0.8982 0.4633 1.3898, 0.898 0.4633 1.3898, 0.9128 0.4453 1.3898, 0.8828 0.4453 1.3898, 0.8951 0.4629 1.3898, 0.8918 0.4633 1.3898, 0.8917 0.4633 1.3898, 0.797 0.5457 1.3898, 0.8058 0.5383 1.3898, 0.8364 0.5815 1.3898, 0.8364 0.5353 1.3898, 0.754 0.5862 1.3898, 0.761 0.5815 1.3898, 0.7684 0.5765 1.3898, 0.7791 0.5641 1.3898, 0.7858 0.551 1.3898, 0.7874 0.5505 1.3898, 0.7245 0.5933 1.3898, 0.7378 0.5919 1.3898, 0.8364 0.6398 1.3898, 0.7085 0.5913 1.3898, -1.1713 0.6398 1.3898, 0.6937 0.5856 1.3898, 0.6871 0.5815 1.3898, -1.1713 0.5815 1.3898, 0.6858 0.5807 1.3898, 0.6514 0.5656 1.3898, 0.6642 0.5671 1.3898, 0.6782 0.5742 1.3898, 0.6679 0.5669 1.3898, 0.6716 0.5665 1.3898, 0.627 0.5517 1.3898, 0.6292 0.5537 1.3898, 0.6395 0.5609 1.3898, -1.1713 0.5353 1.3898, -1.1713 0.522 1.3898, 0.6127 0.522 1.3898, 0.6141 0.5301 1.3898, 0.6165 0.5353 1.3898, 0.6193 0.5417 1.3898, 0.6355 0.4711 1.3898, 0.6254 0.4797 1.3898, -1.1713 0.4633 1.3898, 0.6181 0.4902 1.3898, 0.6472 0.4654 1.3898, 0.6517 0.4633 1.3898, 0.6512 0.4642 1.3898, 0.6134 0.5022 1.3898, 0.6119 0.5149 1.3898, 0.612 0.5179 1.3898, -1.1713 0.4453 1.3898, 0.6686 0.4453 1.3898, 0.6656 0.4466 1.3898, 0.6593 0.4513 1.3898, 0.6545 0.4572 1.3898, 0.8364 -0.6398 1.3898, 0.8364 0.4453 1.3898, 0.6953 0.4453 1.3898, 0.6897 0.4432 1.3898, 0.6819 0.4422 1.3898, 0.6807 0.4423 1.3898, -1.1713 -0.6398 1.3898, 0.6731 0.4434 1.3898, 0.8364 0.4633 1.3898, 0.7121 0.4633 1.3898, 0.7121 0.4631 1.3898, 0.7083 0.4559 1.3898, 0.7034 0.4505 1.3898, 0.6969 0.446 1.3898, 0.8163 0.5193 1.3898, 0.8178 0.5087 1.3898, 0.8364 0.522 1.3898, 0.7534 0.4824 1.3898, 0.7556 0.4832 1.3898, 0.7594 0.5016 1.3898, 0.8058 0.4781 1.3898, 0.7971 0.4706 1.3898, 0.7061 0.4961 1.3898, 0.7494 0.5187 1.3898, 0.7005 0.5013 1.3898, 0.6936 0.505 1.3898, 0.7514 0.4809 1.3898, 0.8123 0.487 1.3898, 0.7976 0.5113 1.3898, 0.7961 0.5175 1.3898, 0.7936 0.522 1.3898, 0.633 0.522 1.3898, 0.8163 0.4972 1.3898, 0.7581 0.4836 1.3898, 0.7584 0.4835 1.3898, 0.7594 0.4833 1.3898, 0.6349 0.5026 1.3898, 0.6387 0.4961 1.3898, 0.6551 0.4927 1.3898, 0.6445 0.4902 1.3898, 0.6516 0.4858 1.3898, 0.6671 0.5034 1.3898, 0.6605 0.4988 1.3898, 0.6322 0.5155 1.3898, 0.6326 0.5105 1.3898, 0.6742 0.5062 1.3898, 0.6819 0.5071 1.3898, 0.6858 0.5069 1.3898, 0.7481 0.4735 1.3898, 0.7482 0.4748 1.3898, 0.7142 0.4777 1.3898, 0.7488 0.4773 1.3898, 0.75 0.4795 1.3898, 0.7912 0.4913 1.3898, 0.7948 0.4964 1.3898, 0.797 0.5021 1.3898, 0.7978 0.5084 1.3898, 0.7556 0.4638 1.3898, 0.7535 0.4647 1.3898, 0.7514 0.4662 1.3898, 0.7506 0.4669 1.3898, 0.7492 0.469 1.3898, 0.7484 0.4711 1.3898, 0.714 0.4711 1.3898, 0.7142 0.4745 1.3898, 0.7872 0.4658 1.3898, 0.7765 0.4635 1.3898, 0.7574 0.4635 1.3898, 0.76 0.4832 1.3898, 0.7745 0.4832 1.3898, 0.7804 0.4844 1.3898, 0.7861 0.487 1.3898, 0.7908 0.4909 1.3898, 0.77 0.5336 1.3898, 0.6359 0.5305 1.3898, 0.6332 0.5233 1.3898, 0.7726 0.5336 1.3898, 0.7931 0.523 1.3898, 0.7894 0.5271 1.3898, 0.7844 0.5306 1.3898, 0.7788 0.5328 1.3898, 0.763 0.553 1.3898, 0.7557 0.5617 1.3898, 0.6816 0.5429 1.3898, 0.755 0.5624 1.3898, 0.7459 0.5687 1.3898, 0.6865 0.5532 1.3898, 0.6393 0.5353 1.3898, 0.6794 0.5442 1.3898, 0.7696 0.5353 1.3898, 0.768 0.5426 1.3898, 0.6721 0.5468 1.3898, 0.6645 0.5478 1.3898, 0.6611 0.5476 1.3898, 0.6938 0.5618 1.3898, 0.7358 0.5726 1.3898, 0.7024 0.5681 1.3898, 0.7248 0.5739 1.3898, 0.7129 0.5724 1.3898, 0.6531 0.5457 1.3898, 0.6459 0.5419 1.3898, 0.6404 0.537 1.3898, 0.8079 0.5353 1.3898, 0.8123 0.5291 1.3898, 0.8152 0.522 1.3898, 1.0041 0.5091 1.3898, 0.995 0.5091 1.3898, 0.9807 0.5091 1.3898, 1.0041 0.5039 1.3898, 1.0051 0.4689 1.3898, 1.0094 0.4633 1.3898, 1.0051 0.4637 1.3898, 0.995 0.4633 1.3898, 0.995 0.4637 1.3898, 0.9807 0.4637 1.3898, 0.9865 0.4841 1.3898, 0.9865 0.4689 1.3898, 0.995 0.4841 1.3898, 0.995 0.4689 1.3898, 1.0028 0.4841 1.3898, 1.0028 0.4893 1.3898, 0.995 0.4893 1.3898, 0.995 0.5039 1.3898, 0.9865 0.4893 1.3898, 0.9865 0.5039 1.3898, 0.9482 0.5409 1.3898, 0.9482 0.5357 1.3898, 0.9525 0.5353 1.3898, 0.9472 0.5759 1.3898, 0.9525 0.5815 1.3898, 0.9472 0.5811 1.3898, 0.9419 0.5815 1.3898, 0.9419 0.5811 1.3898, 0.9297 0.5562 1.3898, 0.9297 0.5409 1.3898, 0.9419 0.5562 1.3898, 0.9419 0.5409 1.3898, 0.9459 0.5562 1.3898, 0.9459 0.5614 1.3898, 0.9297 0.5759 1.3898, 0.9297 0.5614 1.3898, 0.9419 0.5759 1.3898, 0.9419 0.5614 1.3898, 0.9419 0.5353 1.3898, 0.9419 0.5357 1.3898, 0.9238 0.5357 1.3898, 0.9238 0.5811 1.3898, 1.1327 0.4453 1.3898, 1.0519 -0.6398 1.3898, 1.0519 0.4453 1.3898, 1.0094 -0.6398 1.3898, 1.0094 0.4453 1.3898, 0.995 -0.6398 1.3898, 0.9525 -0.6398 1.3898, 0.9419 -0.6398 1.3898, 0.9212 -0.6398 1.3898, 0.9128 -0.6398 1.3898, 0.8828 -0.6398 1.3898, 0.9003 0.4641 1.3898, 0.855 0.5091 1.3898, 0.855 0.4637 1.3898, 0.8801 0.4633 1.3898, 0.8801 0.4453 1.3898, 0.8801 -0.6398 1.3898, 0.8783 0.5091 1.3898, 0.8801 0.522 1.3898, 0.8783 0.5039 1.3898, 0.8794 0.4689 1.3898, 0.8794 0.4637 1.3898, 0.8608 0.4841 1.3898, 0.8608 0.4689 1.3898, 0.8771 0.4841 1.3898, 0.8771 0.4893 1.3898, 0.8608 0.4893 1.3898, 0.8608 0.5039 1.3898, 1.0493 0.4784 1.3898, 1.0469 0.4738 1.3898, 1.0519 0.4633 1.3898, 1.0438 0.4701 1.3898, 1.039 0.4666 1.3898, 1.0338 0.4646 1.3898, 1.0261 0.4637 1.3898, 1.0137 0.4637 1.3898, 1.0137 0.5091 1.3898, 1.0266 0.5091 1.3898, 1.0519 0.522 1.3898, 1.0342 0.5082 1.3898, 1.0396 0.506 1.3898, 1.0485 0.4969 1.3898, 1.0501 0.4924 1.3898, 1.0506 0.487 1.3898, 1.0504 0.4837 1.3898, 1.0438 0.5031 1.3898, 1.0458 0.501 1.3898, 1.0596 0.4637 1.3898, 1.0531 0.4637 1.3898, 1.0875 0.4637 1.3898, 1.0829 0.4761 1.3898, 1.064 0.4761 1.3898, 1.0704 0.5091 1.3898, 1.0767 0.5091 1.3898, 1.1327 0.4633 1.3898, 1.026 0.5481 1.3898, 0.855 0.5357 1.3898, 0.855 0.5811 1.3898, 0.8789 0.5357 1.3898, 0.9693 0.5357 1.3898, 0.9568 0.5357 1.3898, 0.9924 0.5504 1.3898, 0.9901 0.5458 1.3898, 0.9869 0.5421 1.3898, 0.9821 0.5386 1.3898, 0.9769 0.5366 1.3898, 0.9568 0.5811 1.3898, 0.9698 0.5811 1.3898, 0.9774 0.5802 1.3898, 0.9828 0.578 1.3898, 0.9917 0.5689 1.3898, 0.9932 0.5644 1.3898, 0.9938 0.559 1.3898, 0.9936 0.5557 1.3898, 0.9869 0.5751 1.3898, 0.989 0.573 1.3898, 1.094 0.4637 1.3898, 1.1327 0.522 1.3898, 1.1327 0.5353 1.3898, 1.1327 0.5815 1.3898, 1.1713 0.4633 1.3898, 1.1713 0.522 1.3898, 1.1713 0.5353 1.3898, 1.1713 0.5815 1.3898, 0.8801 0.6398 1.3898, 1.1713 0.6398 1.3898, 1.1327 0.6398 1.3898, 1.0519 0.6398 1.3898, 1.0094 0.6398 1.3898, 0.995 0.6398 1.3898, 0.9525 0.6398 1.3898, 0.9419 0.6398 1.3898, 0.9212 0.6398 1.3898, -0.6272 0.5716 0.0906, -0.6299 0.5512 0.0906, -1.1713 0.6398 0.0906, 0.6272 0.5716 0.0906, 0.6194 0.5906 0.0906, 1.1713 0.6398 0.0906, 0.6069 0.6069 0.0906, 0.5906 0.6194 0.0906, -1.1713 -0.6398 0.0906, -0.6299 -0.5512 0.0906, -0.6272 -0.5716 0.0906, -0.6194 -0.5906 0.0906, -0.6069 -0.6069 0.0906, -0.5906 -0.6194 0.0906, 0.5716 -0.6272 0.0906, 0.5906 -0.6194 0.0906, 1.1713 -0.6398 0.0906, 0.6069 -0.6069 0.0906, 0.6194 -0.5906 0.0906, -0.5716 0.6272 0.0906, -0.5906 0.6194 0.0906, 0.6272 -0.5716 0.0906, 0.6299 -0.5512 0.0906, 0.6299 0.5512 0.0906, -0.6069 0.6069 0.0906, -0.6194 0.5906 0.0906, 0.5716 0.6272 0.0906, 0.5512 0.6299 0.0906, -0.5512 0.6299 0.0906, -0.5716 -0.6272 0.0906, -0.5512 -0.6299 0.0906, 0.5512 -0.6299 0.0906, 1.3189 -0.2756 0.7402, 1.3189 -0.7486 0.7402, 1.305 -0.2756 0.6614, 1.2101 -0.6398 0.1231, 1.305 0.2756 0.6614, 1.2101 0.6398 0.1231, 1.3189 0.2756 0.7402, 1.3189 0.7486 0.7402, -1.1713 -0.6786 0.1231, 1.1713 -0.6786 0.1231, -1.2801 -0.7874 0.7402, 1.2801 -0.7874 0.7402, -1.3189 0.2756 0.7402, -1.3189 0.7486 0.7402, -1.305 0.2756 0.6614, -1.2101 0.6398 0.1231, -1.305 -0.2756 0.6614, -1.2101 -0.6398 0.1231, -1.3189 -0.2756 0.7402, -1.3189 -0.7486 0.7402, -1.2801 0.7874 0.7402, 1.2801 0.7874 0.7402, -1.1713 0.6786 0.1231, 1.1713 0.6786 0.1231, 1.2101 -0.6398 1.3572, 1.2101 0.6398 1.3572, 1.1713 0.6786 1.3572, -1.1713 0.6786 1.3572, -1.2101 0.6398 1.3572, -1.2101 -0.6398 1.3572, 1.1713 -0.6786 1.3572, -1.1713 -0.6786 1.3572, -0.5906 -0.5512 0.0394, -0.5906 -0.5512 0.0512, -0.5906 0.5512 0.0394, -0.5906 0.5512 0.0512, 0.5906 0.5512 0.0394, 0.5906 0.5512 0.0512, 0.5906 -0.5512 0.0394, 0.5906 -0.5512 0.0512, 0.5512 -0.5512 0.0, -0.5512 -0.5512 0.0, 0.5512 0.5512 0.0, -0.5512 0.5512 0.0, -0.5512 0.5906 0.0394, -0.5512 0.5906 0.0512, 0.5512 0.5906 0.0394, 0.5512 0.5906 0.0512, 0.5512 -0.5906 0.0394, 0.5512 -0.5906 0.0512, -0.5512 -0.5906 0.0394, -0.5512 -0.5906 0.0512
            ]
        }
        coordIndex [
            0,1,2,-1,3,4,5,-1,6,7,8,-1,9,10,11,-1,12,13,14,-1,13,12,15,-1,15,12,16,-1,15,16,17,-1,18,19,20,-1,5,21,22,-1,20,19,23,-1,23,19,24,-1,23,24,17,-1,17,24,25,-1,17,25,15,-1,26,27,28,-1,28,27,29,-1,26,30,27,-1,27,30,31,-1,27,31,32,-1,32,31,33,-1,27,34,35,-1,35,36,27,-1,27,36,37,-1,27,37,38,-1,31,39,40,-1,38,41,27,-1,27,41,42,-1,27,42,29,-1,39,31,43,-1,43,31,44,-1,43,44,45,-1,40,46,31,-1,31,46,47,-1,31,47,33,-1,34,27,48,-1,48,27,49,-1,48,49,50,-1,50,49,51,-1,50,51,52,-1,53,54,55,-1,55,54,56,-1,55,56,52,-1,52,56,57,-1,52,57,50,-1,58,59,60,-1,60,59,61,-1,60,61,62,-1,63,64,65,-1,66,67,63,-1,63,67,68,-1,63,68,64,-1,69,70,63,-1,63,70,71,-1,63,71,66,-1,72,73,74,-1,74,73,75,-1,74,75,69,-1,69,75,76,-1,69,76,70,-1,77,78,79,-1,79,78,80,-1,80,81,79,-1,79,81,82,-1,79,82,72,-1,77,79,83,-1,83,79,84,-1,83,84,85,-1,85,84,86,-1,86,84,87,-1,86,87,88,-1,49,89,51,-1,51,89,90,-1,51,90,91,-1,91,90,92,-1,91,92,93,-1,94,95,96,-1,97,98,99,-1,100,101,95,-1,95,101,102,-1,95,102,96,-1,96,98,94,-1,94,98,97,-1,94,97,103,-1,103,97,104,-1,105,106,107,-1,108,109,110,-1,110,109,111,-1,112,113,114,-1,109,115,116,-1,117,118,119,-1,119,118,120,-1,119,120,112,-1,112,120,121,-1,112,121,113,-1,116,122,109,-1,109,122,123,-1,109,123,111,-1,124,125,126,-1,124,126,127,-1,125,128,126,-1,126,128,129,-1,126,129,119,-1,119,129,130,-1,119,130,117,-1,131,132,133,-1,134,135,136,-1,137,138,11,-1,138,139,11,-1,11,139,140,-1,11,140,141,-1,135,142,136,-1,136,142,143,-1,136,143,144,-1,132,137,133,-1,133,137,11,-1,133,11,145,-1,145,11,144,-1,145,144,146,-1,146,144,143,-1,141,147,11,-1,11,147,148,-1,11,148,9,-1,149,150,151,-1,151,150,152,-1,151,152,153,-1,151,154,149,-1,149,154,155,-1,149,155,156,-1,156,157,149,-1,149,157,158,-1,149,158,159,-1,159,158,160,-1,159,160,161,-1,161,160,162,-1,161,162,133,-1,133,162,163,-1,133,163,131,-1,164,165,153,-1,153,165,166,-1,153,166,151,-1,167,168,87,-1,169,170,171,-1,168,172,87,-1,87,172,173,-1,87,173,136,-1,136,173,174,-1,136,174,134,-1,175,176,177,-1,169,171,178,-1,175,177,171,-1,171,177,179,-1,171,179,178,-1,180,181,176,-1,176,181,182,-1,176,182,177,-1,180,183,181,-1,181,183,184,-1,181,184,185,-1,185,184,186,-1,185,187,188,-1,186,189,185,-1,185,189,190,-1,185,190,191,-1,191,192,185,-1,185,192,193,-1,185,193,187,-1,188,194,185,-1,185,194,195,-1,185,195,196,-1,197,198,199,-1,199,198,200,-1,199,200,201,-1,201,200,202,-1,201,202,171,-1,203,204,10,-1,10,204,112,-1,10,112,11,-1,11,112,114,-1,11,114,109,-1,109,114,205,-1,109,205,115,-1,206,207,208,-1,208,207,209,-1,201,210,211,-1,212,213,214,-1,87,215,216,-1,206,217,207,-1,207,217,218,-1,207,218,219,-1,219,218,214,-1,219,214,220,-1,220,214,213,-1,170,167,171,-1,171,167,87,-1,171,87,201,-1,201,87,216,-1,201,216,210,-1,221,222,223,-1,223,222,224,-1,223,224,225,-1,226,227,211,-1,211,227,228,-1,211,228,229,-1,225,230,223,-1,223,230,231,-1,223,231,84,-1,84,231,209,-1,84,209,232,-1,232,209,207,-1,233,234,87,-1,87,234,235,-1,236,237,214,-1,214,237,238,-1,214,238,239,-1,235,240,87,-1,87,240,241,-1,87,241,215,-1,232,242,84,-1,84,242,243,-1,84,243,87,-1,87,243,244,-1,87,244,233,-1,239,245,214,-1,214,245,246,-1,214,246,212,-1,247,248,249,-1,249,248,250,-1,248,251,250,-1,250,251,252,-1,250,252,223,-1,223,252,253,-1,223,253,221,-1,254,255,256,-1,256,255,257,-1,258,259,256,-1,256,259,260,-1,256,260,261,-1,261,262,256,-1,256,262,263,-1,256,263,254,-1,264,265,266,-1,264,266,267,-1,267,266,268,-1,267,268,269,-1,269,268,270,-1,270,268,271,-1,270,271,272,-1,271,273,272,-1,272,273,274,-1,272,274,275,-1,275,274,276,-1,275,276,277,-1,278,279,271,-1,271,279,280,-1,271,280,273,-1,281,282,283,-1,283,284,281,-1,281,284,285,-1,281,285,271,-1,271,285,286,-1,271,286,278,-1,287,288,289,-1,289,288,290,-1,287,289,291,-1,291,289,292,-1,291,292,293,-1,290,294,289,-1,289,294,295,-1,289,295,282,-1,282,295,296,-1,282,296,283,-1,297,298,289,-1,289,298,299,-1,299,300,289,-1,289,300,301,-1,289,301,292,-1,302,303,304,-1,304,305,302,-1,302,305,306,-1,302,306,307,-1,297,308,298,-1,298,308,302,-1,298,302,309,-1,309,302,307,-1,310,311,303,-1,303,311,312,-1,303,312,313,-1,313,314,303,-1,303,314,315,-1,303,315,304,-1,316,317,318,-1,319,320,321,-1,322,323,310,-1,324,325,326,-1,326,325,327,-1,319,321,328,-1,322,310,329,-1,330,331,325,-1,325,331,332,-1,325,332,333,-1,318,317,310,-1,310,317,334,-1,310,334,329,-1,320,335,321,-1,321,335,336,-1,321,336,337,-1,338,339,340,-1,340,339,341,-1,340,341,342,-1,343,333,344,-1,344,333,345,-1,344,345,340,-1,340,345,346,-1,340,346,338,-1,343,347,333,-1,333,347,348,-1,333,348,325,-1,325,348,349,-1,325,349,327,-1,350,351,352,-1,352,351,353,-1,352,353,321,-1,321,353,354,-1,321,354,328,-1,355,356,321,-1,321,356,357,-1,321,357,325,-1,325,357,358,-1,325,358,330,-1,359,360,311,-1,311,360,361,-1,311,361,362,-1,362,363,311,-1,311,363,364,-1,311,364,365,-1,365,364,350,-1,365,350,366,-1,366,350,352,-1,323,367,310,-1,310,367,368,-1,310,368,311,-1,311,368,369,-1,311,369,359,-1,337,370,321,-1,321,370,371,-1,321,371,372,-1,372,373,321,-1,321,373,374,-1,321,374,355,-1,375,376,377,-1,377,333,375,-1,375,333,332,-1,375,332,378,-1,378,332,379,-1,379,380,378,-1,378,380,381,-1,378,381,382,-1,383,384,385,-1,384,386,385,-1,385,386,387,-1,385,387,388,-1,389,385,390,-1,376,375,389,-1,389,375,391,-1,389,391,385,-1,385,391,392,-1,385,392,383,-1,390,393,389,-1,389,393,394,-1,389,394,395,-1,388,387,396,-1,396,387,397,-1,396,397,398,-1,398,397,399,-1,398,399,400,-1,401,402,395,-1,395,402,403,-1,395,403,389,-1,255,404,257,-1,257,404,405,-1,257,405,318,-1,318,405,406,-1,318,406,316,-1,407,4,408,-1,408,4,3,-1,408,3,409,-1,407,410,4,-1,4,410,411,-1,4,411,412,-1,412,411,413,-1,412,413,414,-1,414,413,415,-1,414,415,416,-1,417,418,419,-1,419,418,420,-1,419,420,421,-1,421,420,411,-1,421,411,422,-1,422,411,410,-1,422,410,423,-1,423,410,424,-1,423,424,425,-1,425,424,426,-1,427,428,429,-1,430,431,432,-1,432,431,433,-1,432,433,434,-1,435,436,437,-1,437,436,438,-1,437,438,439,-1,439,438,427,-1,439,427,440,-1,441,442,443,-1,443,442,444,-1,443,444,430,-1,429,428,445,-1,445,428,446,-1,445,446,447,-1,434,433,448,-1,448,433,52,-1,448,52,447,-1,447,52,51,-1,447,51,445,-1,6,449,450,-1,450,449,451,-1,450,451,452,-1,452,451,453,-1,452,453,454,-1,454,453,126,-1,454,126,455,-1,455,126,119,-1,455,119,456,-1,456,119,112,-1,456,112,457,-1,457,112,204,-1,457,204,458,-1,458,204,249,-1,458,249,459,-1,459,249,250,-1,203,197,204,-1,204,197,199,-1,204,199,249,-1,249,199,201,-1,249,201,247,-1,247,201,211,-1,247,211,460,-1,460,211,229,-1,461,318,462,-1,462,318,310,-1,462,310,463,-1,463,310,303,-1,463,303,464,-1,464,303,302,-1,464,302,465,-1,461,466,467,-1,466,468,467,-1,467,468,469,-1,467,469,463,-1,463,469,470,-1,463,470,462,-1,471,472,473,-1,473,472,469,-1,473,469,474,-1,474,469,468,-1,474,468,475,-1,475,468,476,-1,477,478,479,-1,479,478,480,-1,479,480,481,-1,481,482,479,-1,479,482,483,-1,479,483,412,-1,412,483,484,-1,412,484,4,-1,4,484,485,-1,4,485,486,-1,487,488,489,-1,490,491,487,-1,487,491,492,-1,487,492,479,-1,479,492,493,-1,479,493,477,-1,489,494,487,-1,487,494,495,-1,487,495,490,-1,496,497,479,-1,498,499,500,-1,479,497,487,-1,487,497,501,-1,487,501,502,-1,72,74,79,-1,79,74,467,-1,79,467,84,-1,84,467,463,-1,84,463,223,-1,223,463,464,-1,223,464,250,-1,250,464,465,-1,250,465,459,-1,93,88,91,-1,91,88,87,-1,91,87,51,-1,51,87,136,-1,51,136,445,-1,445,136,144,-1,445,144,429,-1,449,503,451,-1,451,503,479,-1,451,479,453,-1,453,479,412,-1,453,412,126,-1,126,412,414,-1,126,414,127,-1,127,414,416,-1,127,416,99,-1,99,416,409,-1,99,409,97,-1,97,409,3,-1,97,3,20,-1,20,3,5,-1,20,5,18,-1,18,5,22,-1,504,21,14,-1,14,21,5,-1,14,5,12,-1,12,5,4,-1,12,4,487,-1,487,4,486,-1,487,486,488,-1,461,467,318,-1,318,467,74,-1,318,74,257,-1,257,74,505,-1,257,505,256,-1,505,506,256,-1,256,506,0,-1,256,0,69,-1,69,0,2,-1,69,2,74,-1,74,2,507,-1,74,507,505,-1,508,509,429,-1,429,509,431,-1,429,431,427,-1,427,431,430,-1,427,430,440,-1,440,430,444,-1,510,511,20,-1,511,512,20,-1,20,512,513,-1,20,513,514,-1,514,508,20,-1,20,508,429,-1,20,429,97,-1,97,429,144,-1,97,144,104,-1,104,144,11,-1,104,11,107,-1,107,11,109,-1,107,109,105,-1,105,109,108,-1,509,515,431,-1,431,515,516,-1,431,516,23,-1,23,516,517,-1,23,517,518,-1,519,520,23,-1,23,520,521,-1,23,521,20,-1,20,521,522,-1,20,522,510,-1,518,523,23,-1,23,523,524,-1,23,524,519,-1,500,496,498,-1,498,496,479,-1,498,479,525,-1,525,479,503,-1,525,503,502,-1,502,503,526,-1,502,526,487,-1,487,526,527,-1,487,527,12,-1,12,527,528,-1,12,528,16,-1,6,8,449,-1,449,8,529,-1,449,529,503,-1,503,529,530,-1,503,530,526,-1,526,530,531,-1,526,531,527,-1,527,531,532,-1,527,532,528,-1,65,59,63,-1,63,59,58,-1,63,58,69,-1,69,58,533,-1,69,533,256,-1,256,533,266,-1,256,266,258,-1,258,266,265,-1,532,534,528,-1,528,534,535,-1,528,535,16,-1,16,535,536,-1,16,536,17,-1,17,536,537,-1,17,537,23,-1,23,537,538,-1,23,538,431,-1,431,538,539,-1,431,539,433,-1,433,539,540,-1,433,540,52,-1,52,540,541,-1,52,541,55,-1,55,541,60,-1,55,60,53,-1,53,60,62,-1,542,543,544,-1,545,546,547,-1,547,546,548,-1,547,548,549,-1,544,543,550,-1,550,543,551,-1,550,551,552,-1,552,553,550,-1,550,553,554,-1,550,554,555,-1,556,557,558,-1,558,557,559,-1,558,559,560,-1,544,561,562,-1,560,563,558,-1,558,563,564,-1,558,564,547,-1,547,564,565,-1,547,565,545,-1,562,566,544,-1,544,566,567,-1,544,567,542,-1,549,568,547,-1,547,568,569,-1,547,569,544,-1,544,569,570,-1,544,570,561,-1,555,571,550,-1,550,571,572,-1,550,572,558,-1,558,572,573,-1,558,573,556,-1,574,575,576,-1,576,575,577,-1,576,577,578,-1,578,577,579,-1,578,579,580,-1,580,579,581,-1,582,583,584,-1,584,583,585,-1,586,587,588,-1,588,587,589,-1,588,589,590,-1,590,589,591,-1,590,591,592,-1,592,591,593,-1,594,595,596,-1,596,595,597,-1,598,575,574,-1,598,574,599,-1,599,574,580,-1,599,580,581,-1,595,594,600,-1,600,594,601,-1,602,587,586,-1,602,586,603,-1,603,586,592,-1,603,592,593,-1,604,605,585,-1,585,605,584,-1,606,607,608,-1,608,607,609,-1,610,611,612,-1,612,611,613,-1,614,615,616,-1,616,615,617,-1,618,619,620,-1,620,619,621,-1,622,623,624,-1,624,623,625,-1,
        ]
    }
}
Shape{
    appearance Appearance {
        material  Material 	{
            diffuseColor 0.6666666666666666 0.6666666666666666 0.6666666666666666
            specularColor 0.4666666666666667 0.4666666666666667 0.4666666666666667
            ambientIntensity 0.6667
            transparency 0.0
            shininess 0.5
        }
    }
    geometry IndexedFaceSet {
        ccw TRUE
        solid FALSE
        coord DEF co Coordinate {
            point [
                -1.3189 0.2756 0.7402, -1.437 0.2756 0.7402, -1.3189 -0.2756 0.7402, -1.437 -0.2756 0.7402, -1.305 -0.2756 0.6614, -1.437 -0.2756 0.6614, -1.305 0.2756 0.6614, -1.437 0.2756 0.6614, -1.4458 0.2756 0.6604, -1.4458 -0.2756 0.6604, -1.4541 0.2756 0.6575, -1.4541 -0.2756 0.6575, -1.4616 0.2756 0.6528, -1.4616 -0.2756 0.6528, -1.4678 0.2756 0.6466, -1.4678 -0.2756 0.6466, -1.4725 0.2756 0.6391, -1.4725 -0.2756 0.6391, -1.4754 0.2756 0.6308, -1.4754 -0.2756 0.6308, -1.4764 0.2756 0.622, -1.4764 -0.2756 0.622, -1.4764 0.2756 0.1181, -1.4764 -0.2756 0.1181, -1.475 0.2756 0.1079, -1.475 -0.2756 0.1079, -1.4711 0.2756 0.0984, -1.4711 -0.2756 0.0984, -1.4648 0.2756 0.0903, -1.4648 -0.2756 0.0903, -1.4567 0.2756 0.084, -1.4567 -0.2756 0.084, -1.4472 0.2756 0.0801, -1.4472 -0.2756 0.0801, -1.437 0.2756 0.0787, -1.437 -0.2756 0.0787, -0.9646 0.2756 0.0787, -0.9646 -0.2756 0.0787, -0.9646 0.2756 0.0, -0.9646 -0.2756 0.0, -1.437 0.2756 0.0, -1.437 -0.2756 0.0, -1.4676 -0.2756 0.004, -1.4676 0.2756 0.004, -1.4961 -0.2756 0.0158, -1.4961 0.2756 0.0158, -1.5205 -0.2756 0.0346, -1.5205 0.2756 0.0346, -1.5393 -0.2756 0.0591, -1.5393 0.2756 0.0591, -1.5511 -0.2756 0.0875, -1.5511 0.2756 0.0875, -1.5551 -0.2756 0.1181, -1.5551 0.2756 0.1181, -1.5551 0.2756 0.622, -1.5551 -0.2756 0.622, -1.5522 -0.2756 0.6483, -1.5522 0.2756 0.6483, -1.5434 -0.2756 0.6733, -1.5434 0.2756 0.6733, -1.5293 -0.2756 0.6957, -1.5293 0.2756 0.6957, -1.5106 -0.2756 0.7144, -1.5106 0.2756 0.7144, -1.4883 -0.2756 0.7285, -1.4883 0.2756 0.7285, -1.4633 -0.2756 0.7372, -1.4633 0.2756 0.7372, 1.437 -0.2756 0.7402, 1.437 0.2756 0.7402, 1.3189 -0.2756 0.7402, 1.3189 0.2756 0.7402, 1.4633 -0.2756 0.7372, 1.4633 0.2756 0.7372, 1.4883 -0.2756 0.7285, 1.4883 0.2756 0.7285, 1.5106 -0.2756 0.7144, 1.5106 0.2756 0.7144, 1.5293 -0.2756 0.6957, 1.5293 0.2756 0.6957, 1.5434 -0.2756 0.6733, 1.5434 0.2756 0.6733, 1.5522 -0.2756 0.6483, 1.5522 0.2756 0.6483, 1.5551 -0.2756 0.622, 1.5551 0.2756 0.622, 1.5551 0.2756 0.1181, 1.5551 -0.2756 0.1181, 1.5511 -0.2756 0.0875, 1.5511 0.2756 0.0875, 1.5393 -0.2756 0.0591, 1.5393 0.2756 0.0591, 1.5205 -0.2756 0.0346, 1.5205 0.2756 0.0346, 1.4961 -0.2756 0.0158, 1.4961 0.2756 0.0158, 1.4676 -0.2756 0.004, 1.4676 0.2756 0.004, 1.437 -0.2756 0.0, 1.437 0.2756 0.0, 0.9646 0.2756 0.0, 0.9646 -0.2756 0.0, 0.9646 0.2756 0.0787, 0.9646 -0.2756 0.0787, 1.437 0.2756 0.0787, 1.437 -0.2756 0.0787, 1.4472 0.2756 0.0801, 1.4472 -0.2756 0.0801, 1.4567 0.2756 0.084, 1.4567 -0.2756 0.084, 1.4648 0.2756 0.0903, 1.4648 -0.2756 0.0903, 1.4711 0.2756 0.0984, 1.4711 -0.2756 0.0984, 1.475 0.2756 0.1079, 1.475 -0.2756 0.1079, 1.4764 0.2756 0.1181, 1.4764 -0.2756 0.1181, 1.4764 0.2756 0.622, 1.4764 -0.2756 0.622, 1.4754 0.2756 0.6308, 1.4754 -0.2756 0.6308, 1.4725 0.2756 0.6391, 1.4725 -0.2756 0.6391, 1.4678 0.2756 0.6466, 1.4678 -0.2756 0.6466, 1.4616 0.2756 0.6528, 1.4616 -0.2756 0.6528, 1.4541 0.2756 0.6575, 1.4541 -0.2756 0.6575, 1.4458 0.2756 0.6604, 1.4458 -0.2756 0.6604, 1.437 0.2756 0.6614, 1.437 -0.2756 0.6614, 1.305 0.2756 0.6614, 1.305 -0.2756 0.6614
            ]
        }
        coordIndex [
            0,1,2,-1,2,1,3,-1,4,5,6,-1,6,5,7,-1,7,5,8,-1,8,5,9,-1,8,9,10,-1,10,9,11,-1,10,11,12,-1,12,11,13,-1,12,13,14,-1,14,13,15,-1,14,15,16,-1,16,15,17,-1,16,17,18,-1,18,17,19,-1,18,19,20,-1,20,19,21,-1,22,20,23,-1,23,20,21,-1,22,23,24,-1,24,23,25,-1,24,25,26,-1,26,25,27,-1,26,27,28,-1,28,27,29,-1,28,29,30,-1,30,29,31,-1,30,31,32,-1,32,31,33,-1,32,33,34,-1,34,33,35,-1,36,34,37,-1,37,34,35,-1,38,36,39,-1,39,36,37,-1,40,38,41,-1,41,38,39,-1,40,41,42,-1,40,42,43,-1,43,42,44,-1,43,44,45,-1,45,44,46,-1,45,46,47,-1,47,46,48,-1,47,48,49,-1,49,48,50,-1,49,50,51,-1,51,50,52,-1,51,52,53,-1,54,53,55,-1,55,53,52,-1,54,55,56,-1,54,56,57,-1,57,56,58,-1,57,58,59,-1,59,58,60,-1,59,60,61,-1,61,60,62,-1,61,62,63,-1,63,62,64,-1,63,64,65,-1,65,64,66,-1,65,66,67,-1,67,66,3,-1,67,3,1,-1,36,38,34,-1,34,38,40,-1,34,40,32,-1,32,40,43,-1,32,43,30,-1,30,43,45,-1,30,45,28,-1,28,45,47,-1,28,47,26,-1,26,47,49,-1,26,49,24,-1,24,49,51,-1,24,51,22,-1,22,51,53,-1,22,53,20,-1,20,53,54,-1,20,54,18,-1,18,54,57,-1,18,57,16,-1,16,57,59,-1,16,59,14,-1,14,59,61,-1,14,61,12,-1,12,61,63,-1,12,63,10,-1,10,63,65,-1,10,65,8,-1,8,65,67,-1,8,67,7,-1,7,67,1,-1,7,1,6,-1,6,1,0,-1,4,2,5,-1,5,2,3,-1,5,3,9,-1,9,3,66,-1,9,66,11,-1,11,66,64,-1,11,64,13,-1,13,64,62,-1,13,62,15,-1,15,62,60,-1,15,60,17,-1,17,60,58,-1,17,58,19,-1,19,58,56,-1,19,56,21,-1,21,56,55,-1,21,55,23,-1,23,55,52,-1,23,52,25,-1,25,52,50,-1,25,50,27,-1,27,50,48,-1,27,48,29,-1,29,48,46,-1,29,46,31,-1,31,46,44,-1,31,44,33,-1,33,44,42,-1,33,42,35,-1,35,42,41,-1,35,41,37,-1,37,41,39,-1,68,69,70,-1,70,69,71,-1,69,68,72,-1,69,72,73,-1,73,72,74,-1,73,74,75,-1,75,74,76,-1,75,76,77,-1,77,76,78,-1,77,78,79,-1,79,78,80,-1,79,80,81,-1,81,80,82,-1,81,82,83,-1,83,82,84,-1,83,84,85,-1,86,85,87,-1,87,85,84,-1,86,87,88,-1,86,88,89,-1,89,88,90,-1,89,90,91,-1,91,90,92,-1,91,92,93,-1,93,92,94,-1,93,94,95,-1,95,94,96,-1,95,96,97,-1,97,96,98,-1,97,98,99,-1,100,99,101,-1,101,99,98,-1,102,100,103,-1,103,100,101,-1,104,102,105,-1,105,102,103,-1,104,105,106,-1,106,105,107,-1,106,107,108,-1,108,107,109,-1,108,109,110,-1,110,109,111,-1,110,111,112,-1,112,111,113,-1,112,113,114,-1,114,113,115,-1,114,115,116,-1,116,115,117,-1,118,116,119,-1,119,116,117,-1,118,119,120,-1,120,119,121,-1,120,121,122,-1,122,121,123,-1,122,123,124,-1,124,123,125,-1,124,125,126,-1,126,125,127,-1,126,127,128,-1,128,127,129,-1,128,129,130,-1,130,129,131,-1,130,131,132,-1,132,131,133,-1,132,133,134,-1,134,133,135,-1,134,71,132,-1,132,71,69,-1,132,69,130,-1,130,69,73,-1,130,73,128,-1,128,73,75,-1,128,75,126,-1,126,75,77,-1,126,77,124,-1,124,77,79,-1,124,79,122,-1,122,79,81,-1,122,81,120,-1,120,81,83,-1,120,83,118,-1,118,83,85,-1,118,85,116,-1,116,85,86,-1,116,86,114,-1,114,86,89,-1,114,89,112,-1,112,89,91,-1,112,91,110,-1,110,91,93,-1,110,93,108,-1,108,93,95,-1,108,95,106,-1,106,95,97,-1,106,97,104,-1,104,97,99,-1,104,99,102,-1,102,99,100,-1,103,101,105,-1,105,101,98,-1,105,98,107,-1,107,98,96,-1,107,96,109,-1,109,96,94,-1,109,94,111,-1,111,94,92,-1,111,92,113,-1,113,92,90,-1,113,90,115,-1,115,90,88,-1,115,88,117,-1,117,88,87,-1,117,87,119,-1,119,87,84,-1,119,84,121,-1,121,84,82,-1,121,82,123,-1,123,82,80,-1,123,80,125,-1,125,80,78,-1,125,78,127,-1,127,78,76,-1,127,76,129,-1,129,76,74,-1,129,74,131,-1,131,74,72,-1,131,72,133,-1,133,72,68,-1,133,68,135,-1,135,68,70,-1,
        ]
    }
}
Shape{
    appearance Appearance {
        material  Material 	{
            diffuseColor 0.20784313725490197 0.20784313725490197 0.20784313725490197
            specularColor 0.01568627450980392 0.01568627450980392 0.01568627450980392
            ambientIntensity 0.298
            transparency 0.0
            shininess 0.5
        }
    }
    geometry IndexedFaceSet {
        ccw TRUE
        solid FALSE
        coord DEF co Coordinate {
            point [
                -0.5906 -0.5512 0.0512, -0.5906 -0.5512 0.0394, -0.5892 -0.5614 0.0394, -0.5892 -0.5614 0.0512, -0.5853 -0.5709 0.0394, -0.5853 -0.5709 0.0512, -0.579 -0.579 0.0394, -0.579 -0.579 0.0512, -0.5709 -0.5853 0.0394, -0.5709 -0.5853 0.0512, -0.5614 -0.5892 0.0394, -0.5614 -0.5892 0.0512, -0.5512 -0.5906 0.0394, -0.5512 -0.5906 0.0512, -0.5512 -0.5919 0.0614, -0.5617 -0.5905 0.0614, -0.5715 -0.5864 0.0614, -0.58 -0.58 0.0614, -0.5864 -0.5715 0.0614, -0.5905 -0.5617 0.0614, -0.5919 -0.5512 0.0614, -0.5512 -0.5958 0.0709, -0.5627 -0.5943 0.0709, -0.5735 -0.5898 0.0709, -0.5827 -0.5827 0.0709, -0.5898 -0.5735 0.0709, -0.5943 -0.5627 0.0709, -0.5958 -0.5512 0.0709, -0.5512 -0.6021 0.079, -0.5644 -0.6003 0.079, -0.5766 -0.5953 0.079, -0.5872 -0.5872 0.079, -0.5953 -0.5766 0.079, -0.6003 -0.5644 0.079, -0.6021 -0.5512 0.079, -0.5512 -0.6102 0.0853, -0.5665 -0.6082 0.0853, -0.5807 -0.6023 0.0853, -0.5929 -0.5929 0.0853, -0.6023 -0.5807 0.0853, -0.6082 -0.5665 0.0853, -0.6102 -0.5512 0.0853, -0.5512 -0.6197 0.0892, -0.5689 -0.6174 0.0892, -0.5855 -0.6105 0.0892, -0.5997 -0.5997 0.0892, -0.6105 -0.5855 0.0892, -0.6174 -0.5689 0.0892, -0.6197 -0.5512 0.0892, -0.5512 -0.6299 0.0906, -0.5716 -0.6272 0.0906, -0.5906 -0.6194 0.0906, -0.6069 -0.6069 0.0906, -0.6194 -0.5906 0.0906, -0.6272 -0.5716 0.0906, -0.6299 -0.5512 0.0906, -0.561 -0.5879 0.0292, -0.5702 -0.5841 0.0292, -0.56 -0.5841 0.0197, -0.5682 -0.5807 0.0197, -0.5584 -0.5781 0.0115, -0.5651 -0.5753 0.0115, -0.5563 -0.5702 0.0053, -0.561 -0.5682 0.0053, -0.5538 -0.561 0.0013, -0.5563 -0.56 0.0013, -0.5512 -0.5512 0.0, -0.5781 -0.5781 0.0292, -0.5753 -0.5753 0.0197, -0.5709 -0.5709 0.0115, -0.5651 -0.5651 0.0053, -0.5584 -0.5584 0.0013, -0.5512 -0.5892 0.0292, -0.5512 -0.5853 0.0197, -0.5512 -0.579 0.0115, -0.5512 -0.5709 0.0053, -0.5512 -0.5614 0.0013, -0.5841 -0.5702 0.0292, -0.5879 -0.561 0.0292, -0.5807 -0.5682 0.0197, -0.5841 -0.56 0.0197, -0.5753 -0.5651 0.0115, -0.5781 -0.5584 0.0115, -0.5682 -0.561 0.0053, -0.5702 -0.5563 0.0053, -0.56 -0.5563 0.0013, -0.561 -0.5538 0.0013, -0.5892 -0.5512 0.0292, -0.5853 -0.5512 0.0197, -0.579 -0.5512 0.0115, -0.5709 -0.5512 0.0053, -0.5614 -0.5512 0.0013, 0.5512 -0.6299 0.0906, 0.5512 -0.6197 0.0892, 0.5512 -0.6102 0.0853, 0.5512 -0.6021 0.079, 0.5512 -0.5958 0.0709, 0.5512 -0.5919 0.0614, 0.5512 -0.5906 0.0512, -0.5906 0.5512 0.0512, -0.5919 0.5512 0.0614, -0.5958 0.5512 0.0709, -0.6021 0.5512 0.079, -0.6102 0.5512 0.0853, -0.6197 0.5512 0.0892, -0.6299 0.5512 0.0906, -0.5906 0.5512 0.0394, -0.5892 0.5614 0.0512, -0.5892 0.5614 0.0394, -0.5853 0.5709 0.0512, -0.5853 0.5709 0.0394, -0.579 0.579 0.0512, -0.579 0.579 0.0394, -0.5709 0.5853 0.0512, -0.5709 0.5853 0.0394, -0.5614 0.5892 0.0512, -0.5614 0.5892 0.0394, -0.5512 0.5906 0.0512, -0.5512 0.5906 0.0394, -0.5512 0.5512 0.0, -0.5614 0.5512 0.0013, -0.5709 0.5512 0.0053, -0.579 0.5512 0.0115, -0.5853 0.5512 0.0197, -0.5892 0.5512 0.0292, 0.5512 -0.5512 0.0, 0.5512 -0.5614 0.0013, 0.5512 -0.5709 0.0053, 0.5512 -0.579 0.0115, 0.5512 -0.5853 0.0197, 0.5512 -0.5892 0.0292, 0.5512 -0.5906 0.0394, 0.5906 -0.5512 0.0394, 0.5906 -0.5512 0.0512, 0.5896 -0.5599 0.0394, 0.5892 -0.5614 0.0512, 0.5891 -0.5613 0.0394, 0.5867 -0.5683 0.0394, 0.5853 -0.5709 0.0512, 0.5851 -0.5707 0.0394, 0.582 -0.5757 0.0394, 0.579 -0.579 0.0512, 0.5788 -0.5788 0.0394, 0.5757 -0.582 0.0394, 0.5709 -0.5853 0.0512, 0.5707 -0.5851 0.0394, 0.5683 -0.5867 0.0394, 0.5614 -0.5892 0.0512, 0.5613 -0.5891 0.0394, 0.5599 -0.5896 0.0394, 0.5919 -0.5512 0.0614, 0.5905 -0.5617 0.0614, 0.5864 -0.5715 0.0614, 0.58 -0.58 0.0614, 0.5715 -0.5864 0.0614, 0.5617 -0.5905 0.0614, 0.5958 -0.5512 0.0709, 0.5943 -0.5627 0.0709, 0.5898 -0.5735 0.0709, 0.5827 -0.5827 0.0709, 0.5735 -0.5898 0.0709, 0.5627 -0.5943 0.0709, 0.6021 -0.5512 0.079, 0.6003 -0.5644 0.079, 0.5953 -0.5766 0.079, 0.5872 -0.5872 0.079, 0.5766 -0.5953 0.079, 0.5644 -0.6003 0.079, 0.6102 -0.5512 0.0853, 0.6082 -0.5665 0.0853, 0.6023 -0.5807 0.0853, 0.5929 -0.5929 0.0853, 0.5807 -0.6023 0.0853, 0.5665 -0.6082 0.0853, 0.6197 -0.5512 0.0892, 0.6174 -0.5689 0.0892, 0.6105 -0.5855 0.0892, 0.5997 -0.5997 0.0892, 0.5855 -0.6105 0.0892, 0.5689 -0.6174 0.0892, 0.6299 -0.5512 0.0906, 0.6272 -0.5716 0.0906, 0.6194 -0.5906 0.0906, 0.6069 -0.6069 0.0906, 0.5906 -0.6194 0.0906, 0.5716 -0.6272 0.0906, -0.5905 0.5617 0.0614, -0.5864 0.5715 0.0614, -0.58 0.58 0.0614, -0.5715 0.5864 0.0614, -0.5617 0.5905 0.0614, -0.5512 0.5919 0.0614, -0.5943 0.5627 0.0709, -0.5898 0.5735 0.0709, -0.5827 0.5827 0.0709, -0.5735 0.5898 0.0709, -0.5627 0.5943 0.0709, -0.5512 0.5958 0.0709, -0.6003 0.5644 0.079, -0.5953 0.5766 0.079, -0.5872 0.5872 0.079, -0.5766 0.5953 0.079, -0.5644 0.6003 0.079, -0.5512 0.6021 0.079, -0.6082 0.5665 0.0853, -0.6023 0.5807 0.0853, -0.5929 0.5929 0.0853, -0.5807 0.6023 0.0853, -0.5665 0.6082 0.0853, -0.5512 0.6102 0.0853, -0.6174 0.5689 0.0892, -0.6105 0.5855 0.0892, -0.5997 0.5997 0.0892, -0.5855 0.6105 0.0892, -0.5689 0.6174 0.0892, -0.5512 0.6197 0.0892, -0.6272 0.5716 0.0906, -0.6194 0.5906 0.0906, -0.6069 0.6069 0.0906, -0.5906 0.6194 0.0906, -0.5716 0.6272 0.0906, -0.5512 0.6299 0.0906, -0.5879 0.561 0.0292, -0.5841 0.5702 0.0292, -0.5841 0.56 0.0197, -0.5807 0.5682 0.0197, -0.5781 0.5584 0.0115, -0.5753 0.5651 0.0115, -0.5702 0.5563 0.0053, -0.5682 0.561 0.0053, -0.561 0.5538 0.0013, -0.56 0.5563 0.0013, -0.5781 0.5781 0.0292, -0.5753 0.5753 0.0197, -0.5709 0.5709 0.0115, -0.5651 0.5651 0.0053, -0.5584 0.5584 0.0013, -0.5702 0.5841 0.0292, -0.561 0.5879 0.0292, -0.5682 0.5807 0.0197, -0.56 0.5841 0.0197, -0.5651 0.5753 0.0115, -0.5584 0.5781 0.0115, -0.561 0.5682 0.0053, -0.5563 0.5702 0.0053, -0.5563 0.56 0.0013, -0.5538 0.561 0.0013, -0.5512 0.5892 0.0292, -0.5512 0.5853 0.0197, -0.5512 0.579 0.0115, -0.5512 0.5709 0.0053, -0.5512 0.5614 0.0013, 0.5534 -0.5611 0.0013, 0.5556 -0.5604 0.0013, 0.5575 -0.5591 0.0013, 0.5591 -0.5575 0.0013, 0.5604 -0.5556 0.0013, 0.5611 -0.5534 0.0013, 0.5614 -0.5512 0.0013, 0.5709 -0.5512 0.0053, 0.5704 -0.5556 0.0053, 0.579 -0.5512 0.0115, 0.5783 -0.5574 0.0115, 0.5853 -0.5512 0.0197, 0.5844 -0.5588 0.0197, 0.5892 -0.5512 0.0292, 0.5883 -0.5596 0.0292, 0.5854 -0.5677 0.0292, 0.5809 -0.5749 0.0292, 0.5749 -0.5809 0.0292, 0.5677 -0.5854 0.0292, 0.5596 -0.5883 0.0292, 0.5819 -0.566 0.0197, 0.5778 -0.5724 0.0197, 0.5724 -0.5778 0.0197, 0.566 -0.5819 0.0197, 0.5588 -0.5844 0.0197, 0.5763 -0.5633 0.0115, 0.5729 -0.5685 0.0115, 0.5685 -0.5729 0.0115, 0.5633 -0.5763 0.0115, 0.5574 -0.5783 0.0115, 0.5689 -0.5597 0.0053, 0.5666 -0.5635 0.0053, 0.5635 -0.5666 0.0053, 0.5597 -0.5689 0.0053, 0.5556 -0.5704 0.0053, 0.6299 0.5512 0.0906, 0.6197 0.5512 0.0892, 0.6102 0.5512 0.0853, 0.6021 0.5512 0.079, 0.5958 0.5512 0.0709, 0.5919 0.5512 0.0614, 0.5906 0.5512 0.0512, 0.5512 0.6299 0.0906, 0.5512 0.6197 0.0892, 0.5512 0.6102 0.0853, 0.5512 0.6021 0.079, 0.5512 0.5958 0.0709, 0.5512 0.5919 0.0614, 0.5512 0.5906 0.0512, 0.5512 0.5512 0.0, 0.5512 0.5614 0.0013, 0.5512 0.5709 0.0053, 0.5512 0.579 0.0115, 0.5512 0.5853 0.0197, 0.5512 0.5892 0.0292, 0.5512 0.5906 0.0394, 0.5906 0.5512 0.0394, 0.5892 0.5512 0.0292, 0.5853 0.5512 0.0197, 0.579 0.5512 0.0115, 0.5709 0.5512 0.0053, 0.5614 0.5512 0.0013, 0.5614 0.5892 0.0512, 0.5617 0.5905 0.0614, 0.5709 0.5853 0.0512, 0.5715 0.5864 0.0614, 0.579 0.579 0.0512, 0.58 0.58 0.0614, 0.5853 0.5709 0.0512, 0.5864 0.5715 0.0614, 0.5892 0.5614 0.0512, 0.5905 0.5617 0.0614, 0.5627 0.5943 0.0709, 0.5735 0.5898 0.0709, 0.5827 0.5827 0.0709, 0.5898 0.5735 0.0709, 0.5943 0.5627 0.0709, 0.5644 0.6003 0.079, 0.5766 0.5953 0.079, 0.5872 0.5872 0.079, 0.5953 0.5766 0.079, 0.6003 0.5644 0.079, 0.5665 0.6082 0.0853, 0.5807 0.6023 0.0853, 0.5929 0.5929 0.0853, 0.6023 0.5807 0.0853, 0.6082 0.5665 0.0853, 0.5689 0.6174 0.0892, 0.5855 0.6105 0.0892, 0.5997 0.5997 0.0892, 0.6105 0.5855 0.0892, 0.6174 0.5689 0.0892, 0.5716 0.6272 0.0906, 0.5906 0.6194 0.0906, 0.6069 0.6069 0.0906, 0.6194 0.5906 0.0906, 0.6272 0.5716 0.0906, 0.5614 0.5892 0.0394, 0.5709 0.5853 0.0394, 0.561 0.5879 0.0292, 0.5702 0.5841 0.0292, 0.56 0.5841 0.0197, 0.5682 0.5807 0.0197, 0.5584 0.5781 0.0115, 0.5651 0.5753 0.0115, 0.5563 0.5702 0.0053, 0.561 0.5682 0.0053, 0.5538 0.561 0.0013, 0.5563 0.56 0.0013, 0.579 0.579 0.0394, 0.5781 0.5781 0.0292, 0.5753 0.5753 0.0197, 0.5709 0.5709 0.0115, 0.5651 0.5651 0.0053, 0.5584 0.5584 0.0013, 0.5853 0.5709 0.0394, 0.5892 0.5614 0.0394, 0.5841 0.5702 0.0292, 0.5879 0.561 0.0292, 0.5807 0.5682 0.0197, 0.5841 0.56 0.0197, 0.5753 0.5651 0.0115, 0.5781 0.5584 0.0115, 0.5682 0.561 0.0053, 0.5702 0.5563 0.0053, 0.56 0.5563 0.0013, 0.561 0.5538 0.0013, 1.1713 -0.6398 1.3898, -1.1713 -0.6398 1.3898, -1.1713 -0.6489 1.3887, -1.1713 -0.6786 1.3572, 1.1713 -0.6786 1.3572, -1.1713 -0.6761 1.3657, 1.1713 -0.6761 1.3657, -1.1713 -0.6759 1.366, 1.1713 -0.6759 1.366, -1.1713 -0.6715 1.3737, 1.1713 -0.6715 1.3737, -1.1713 -0.6714 1.3739, 1.1713 -0.6714 1.3739, -1.1713 -0.6653 1.3804, 1.1713 -0.6653 1.3804, -1.1713 -0.6651 1.3805, 1.1713 -0.6651 1.3805, -1.1713 -0.6576 1.3855, 1.1713 -0.6576 1.3855, -1.1713 -0.6575 1.3856, 1.1713 -0.6575 1.3856, -1.1713 -0.649 1.3887, 1.1713 -0.649 1.3887, 1.1713 -0.6489 1.3887, 1.2029 -0.6398 1.3739, 1.1968 -0.6398 1.3804, 1.1959 -0.6464 1.3804, 1.1885 -0.6444 1.3855, 1.1801 -0.6422 1.3887, 1.1792 -0.6444 1.3887, 1.1759 -0.6477 1.3887, 1.1778 -0.6463 1.3887, 1.1737 -0.6486 1.3887, 1.1804 -0.6398 1.3887, 1.2063 -0.6492 1.3657, 1.2085 -0.6498 1.3587, 1.2085 -0.6497 1.3587, 1.2045 -0.6589 1.3596, 1.2027 -0.658 1.3657, 1.2045 -0.659 1.3596, 1.197 -0.6655 1.3657, 1.1983 -0.6668 1.3599, 1.1894 -0.6712 1.3657, 1.1904 -0.673 1.3596, 1.1904 -0.673 1.3596, 1.1807 -0.6748 1.3657, 1.1813 -0.677 1.3587, 1.1812 -0.677 1.3587, 1.1966 -0.6398 1.3805, 1.1891 -0.6398 1.3855, 1.189 -0.6398 1.3856, 1.1805 -0.6398 1.3887, 1.1867 -0.6487 1.3855, 1.1839 -0.6524 1.3855, 1.1802 -0.6552 1.3855, 1.1759 -0.657 1.3855, 1.1933 -0.6525 1.3804, 1.1893 -0.6578 1.3804, 1.184 -0.6618 1.3804, 1.1779 -0.6644 1.3804, 1.2074 -0.6398 1.366, 1.203 -0.6398 1.3737, 1.2019 -0.648 1.3737, 1.1988 -0.6557 1.3737, 1.1937 -0.6622 1.3737, 1.1872 -0.6673 1.3737, 1.1795 -0.6705 1.3737, 1.2076 -0.6398 1.3657, 1.2101 -0.6398 1.3572, -1.1784 -0.6707 1.3737, -1.177 -0.6646 1.3804, -1.1753 -0.6571 1.3855, -1.1734 -0.6487 1.3887, -1.1753 -0.6481 1.3887, -1.1795 -0.6438 1.3887, -1.1785 -0.6455 1.3887, -1.1802 -0.6419 1.3887, -1.1799 -0.6772 1.3585, -1.1794 -0.6752 1.3657, -1.1812 -0.677 1.3587, -1.1871 -0.6725 1.3657, -1.1878 -0.6741 1.3594, -1.1904 -0.673 1.3596, -1.1939 -0.6682 1.3657, -1.195 -0.6695 1.3598, -1.1983 -0.6668 1.3599, -1.1997 -0.6624 1.3657, -1.201 -0.6635 1.3598, -1.2045 -0.6589 1.3596, -1.204 -0.6556 1.3657, -1.2056 -0.6564 1.3594, -1.2085 -0.6497 1.3587, -1.2067 -0.6479 1.3657, -1.2087 -0.6484 1.3585, -1.2076 -0.6398 1.3657, -1.2101 -0.6398 1.3572, -1.1804 -0.6398 1.3887, -1.1824 -0.6537 1.3855, -1.1852 -0.6509 1.3855, -1.1873 -0.6475 1.3855, -1.1886 -0.6438 1.3855, -1.179 -0.6558 1.3855, -1.177 -0.647 1.3887, -1.1805 -0.6398 1.3887, -1.189 -0.6398 1.3856, -1.1891 -0.6398 1.3855, -1.1966 -0.6398 1.3805, -1.1824 -0.6627 1.3804, -1.1872 -0.6597 1.3804, -1.1912 -0.6557 1.3804, -1.1942 -0.6509 1.3804, -1.1961 -0.6455 1.3804, -1.1851 -0.6684 1.3737, -1.1911 -0.6646 1.3737, -1.1961 -0.6596 1.3737, -1.1999 -0.6536 1.3737, -1.2022 -0.6469 1.3737, -1.1968 -0.6398 1.3804, -1.2029 -0.6398 1.3739, -1.203 -0.6398 1.3737, -1.2074 -0.6398 1.366, 1.3189 -0.7486 0.7402, 1.3176 -0.7587 0.7402, 1.316 -0.7636 0.7402, 1.3137 -0.7681 0.7402, 1.3109 -0.7723 0.7402, 1.3076 -0.7761 0.7402, 1.3038 -0.7794 0.7402, 1.2996 -0.7822 0.7402, 1.2951 -0.7845 0.7402, 1.2902 -0.7861 0.7402, 1.2801 -0.7874 0.7402, 1.1713 0.6398 1.3898, 1.2101 0.6398 1.3572, 1.2076 0.6398 1.3657, 1.2074 0.6398 1.366, 1.203 0.6398 1.3737, 1.2029 0.6398 1.3739, 1.1968 0.6398 1.3804, 1.1966 0.6398 1.3805, 1.1891 0.6398 1.3855, 1.189 0.6398 1.3856, 1.1805 0.6398 1.3887, 1.1804 0.6398 1.3887, -1.1713 0.6398 1.3898, 1.1713 0.6489 1.3887, 1.1713 0.6786 1.3572, -1.1713 0.6786 1.3572, 1.1713 0.6761 1.3657, -1.1713 0.6761 1.3657, 1.1713 0.6759 1.366, -1.1713 0.6759 1.366, 1.1713 0.6715 1.3737, -1.1713 0.6715 1.3737, 1.1713 0.6714 1.3739, -1.1713 0.6714 1.3739, 1.1713 0.6653 1.3804, -1.1713 0.6653 1.3804, 1.1713 0.6651 1.3805, -1.1713 0.6651 1.3805, 1.1713 0.6576 1.3855, -1.1713 0.6576 1.3855, 1.1713 0.6575 1.3856, -1.1713 0.6575 1.3856, 1.1713 0.649 1.3887, -1.1713 0.649 1.3887, -1.1713 0.6489 1.3887, -1.1804 0.6398 1.3887, -1.2101 0.6398 1.3572, -1.2076 0.6398 1.3657, -1.2074 0.6398 1.366, -1.203 0.6398 1.3737, -1.2029 0.6398 1.3739, -1.1968 0.6398 1.3804, -1.1966 0.6398 1.3805, -1.1891 0.6398 1.3855, -1.189 0.6398 1.3856, -1.1805 0.6398 1.3887, -1.2801 -0.7874 0.7402, -1.2902 -0.7861 0.7402, -1.2951 -0.7845 0.7402, -1.2996 -0.7822 0.7402, -1.3038 -0.7794 0.7402, -1.3076 -0.7761 0.7402, -1.3109 -0.7723 0.7402, -1.3137 -0.7681 0.7402, -1.316 -0.7636 0.7402, -1.3176 -0.7587 0.7402, -1.3189 -0.7486 0.7402, 1.1713 -0.6786 0.1231, 1.1799 -0.6772 0.1218, 1.1812 -0.677 0.1216, 1.1878 -0.6741 0.121, 1.1904 -0.673 0.1207, 1.195 -0.6695 0.1205, 1.1983 -0.6668 0.1204, 1.201 -0.6635 0.1205, 1.2045 -0.6589 0.1207, 1.2056 -0.6564 0.121, 1.2085 -0.6497 0.1216, 1.2087 -0.6484 0.1218, 1.2101 -0.6398 0.1231, 1.1784 0.6707 1.3737, 1.177 0.6646 1.3804, 1.1753 0.6571 1.3855, 1.1734 0.6487 1.3887, 1.1753 0.6481 1.3887, 1.1795 0.6438 1.3887, 1.1785 0.6455 1.3887, 1.1802 0.6419 1.3887, 1.1799 0.6772 1.3585, 1.1794 0.6752 1.3657, 1.1812 0.677 1.3587, 1.1871 0.6725 1.3657, 1.1983 0.6668 1.3599, 1.195 0.6695 1.3598, 1.1939 0.6682 1.3657, 1.1904 0.673 1.3596, 1.1878 0.6741 1.3594, 1.201 0.6635 1.3598, 1.1997 0.6624 1.3657, 1.2045 0.6589 1.3596, 1.204 0.6556 1.3657, 1.2056 0.6564 1.3594, 1.2085 0.6497 1.3587, 1.2067 0.6479 1.3657, 1.2087 0.6484 1.3585, 1.1824 0.6537 1.3855, 1.1852 0.6509 1.3855, 1.1873 0.6475 1.3855, 1.1886 0.6438 1.3855, 1.179 0.6558 1.3855, 1.177 0.647 1.3887, 1.1824 0.6627 1.3804, 1.1872 0.6597 1.3804, 1.1912 0.6557 1.3804, 1.1942 0.6509 1.3804, 1.1961 0.6455 1.3804, 1.1851 0.6684 1.3737, 1.1911 0.6646 1.3737, 1.1961 0.6596 1.3737, 1.1999 0.6536 1.3737, 1.2022 0.6469 1.3737, -1.1959 0.6464 1.3804, -1.1885 0.6444 1.3855, -1.1801 0.6422 1.3887, -1.1792 0.6444 1.3887, -1.1759 0.6477 1.3887, -1.1778 0.6463 1.3887, -1.1737 0.6486 1.3887, -1.2063 0.6492 1.3657, -1.2085 0.6498 1.3587, -1.2085 0.6497 1.3587, -1.2045 0.6589 1.3596, -1.2027 0.658 1.3657, -1.2045 0.659 1.3596, -1.197 0.6655 1.3657, -1.1983 0.6668 1.3599, -1.1894 0.6712 1.3657, -1.1904 0.673 1.3596, -1.1904 0.673 1.3596, -1.1807 0.6748 1.3657, -1.1813 0.677 1.3587, -1.1812 0.677 1.3587, -1.1867 0.6487 1.3855, -1.1839 0.6524 1.3855, -1.1802 0.6552 1.3855, -1.1759 0.657 1.3855, -1.1933 0.6525 1.3804, -1.1893 0.6578 1.3804, -1.184 0.6618 1.3804, -1.1779 0.6644 1.3804, -1.2019 0.648 1.3737, -1.1988 0.6557 1.3737, -1.1937 0.6622 1.3737, -1.1872 0.6673 1.3737, -1.1795 0.6705 1.3737, -1.2101 -0.6398 0.1231, -1.2085 -0.6497 0.1216, -1.2085 -0.6498 0.1216, -1.2045 -0.6589 0.1207, -1.2045 -0.659 0.1207, -1.1983 -0.6668 0.1204, -1.1904 -0.673 0.1207, -1.1904 -0.673 0.1207, -1.1813 -0.677 0.1216, -1.1812 -0.677 0.1216, -1.1713 -0.6786 0.1231, -1.1713 -0.6398 0.0906, 1.1713 -0.6398 0.0906, 1.1713 -0.6489 0.0916, 1.1713 -0.6761 0.1146, -1.1713 -0.6761 0.1146, 1.1713 -0.6759 0.1143, -1.1713 -0.6759 0.1143, 1.1713 -0.6715 0.1066, -1.1713 -0.6715 0.1066, 1.1713 -0.6714 0.1064, -1.1713 -0.6714 0.1064, 1.1713 -0.6653 0.0999, -1.1713 -0.6653 0.0999, 1.1713 -0.6651 0.0998, -1.1713 -0.6651 0.0998, 1.1713 -0.6576 0.0948, -1.1713 -0.6576 0.0948, 1.1713 -0.6575 0.0948, -1.1713 -0.6575 0.0948, 1.1713 -0.649 0.0916, -1.1713 -0.649 0.0916, -1.1713 -0.6489 0.0916, 1.1734 -0.6487 0.0916, 1.1785 -0.6455 0.0916, 1.177 -0.647 0.0916, 1.189 -0.6398 0.0948, 1.1891 -0.6398 0.0948, 1.1886 -0.6438 0.0948, 1.1966 -0.6398 0.0998, 1.1968 -0.6398 0.0999, 1.1961 -0.6455 0.0999, 1.2022 -0.6469 0.1066, 1.2067 -0.6479 0.1146, 1.204 -0.6556 0.1146, 1.1939 -0.6682 0.1146, 1.1871 -0.6725 0.1146, 1.1794 -0.6752 0.1146, 1.2076 -0.6398 0.1146, 1.2074 -0.6398 0.1143, 1.203 -0.6398 0.1066, 1.2029 -0.6398 0.1064, 1.1784 -0.6707 0.1066, 1.1999 -0.6536 0.1066, 1.1997 -0.6624 0.1146, 1.177 -0.6646 0.0999, 1.1942 -0.6509 0.0999, 1.1961 -0.6596 0.1066, 1.1753 -0.6571 0.0948, 1.1911 -0.6646 0.1066, 1.1912 -0.6557 0.0999, 1.1873 -0.6475 0.0948, 1.1802 -0.6419 0.0916, 1.1824 -0.6537 0.0948, 1.1851 -0.6684 0.1066, 1.1824 -0.6627 0.0999, 1.179 -0.6558 0.0948, 1.1753 -0.6481 0.0916, 1.1804 -0.6398 0.0916, 1.1805 -0.6398 0.0916, 1.1872 -0.6597 0.0999, 1.1852 -0.6509 0.0948, 1.1795 -0.6438 0.0916, 1.2801 0.7874 0.7402, 1.2902 0.7861 0.7402, 1.2951 0.7845 0.7402, 1.2996 0.7822 0.7402, 1.3038 0.7794 0.7402, 1.3076 0.7761 0.7402, 1.3109 0.7723 0.7402, 1.3137 0.7681 0.7402, 1.316 0.7636 0.7402, 1.3176 0.7587 0.7402, 1.3189 0.7486 0.7402, -1.3189 0.7486 0.7402, -1.3176 0.7587 0.7402, -1.316 0.7636 0.7402, -1.3137 0.7681 0.7402, -1.3109 0.7723 0.7402, -1.3076 0.7761 0.7402, -1.3038 0.7794 0.7402, -1.2996 0.7822 0.7402, -1.2951 0.7845 0.7402, -1.2902 0.7861 0.7402, -1.2801 0.7874 0.7402, -1.1804 -0.6398 0.0916, -1.1801 -0.6422 0.0916, -1.1759 -0.657 0.0948, -1.1779 -0.6644 0.0999, -1.1795 -0.6705 0.1066, -1.1807 -0.6748 0.1146, -1.1894 -0.6712 0.1146, -1.2076 -0.6398 0.1146, -1.2063 -0.6492 0.1146, -1.2074 -0.6398 0.1143, -1.2019 -0.648 0.1066, -1.1872 -0.6673 0.1066, -1.197 -0.6655 0.1146, -1.203 -0.6398 0.1066, -1.2029 -0.6398 0.1064, -1.1959 -0.6464 0.0999, -1.184 -0.6618 0.0999, -1.1937 -0.6622 0.1066, -1.1968 -0.6398 0.0999, -1.1966 -0.6398 0.0998, -1.1885 -0.6444 0.0948, -1.1893 -0.6578 0.0999, -1.1802 -0.6552 0.0948, -1.1737 -0.6486 0.0916, -1.2027 -0.658 0.1146, -1.1988 -0.6557 0.1066, -1.1933 -0.6525 0.0999, -1.1867 -0.6487 0.0948, -1.1792 -0.6444 0.0916, -1.1839 -0.6524 0.0948, -1.1759 -0.6477 0.0916, -1.1778 -0.6463 0.0916, -1.1891 -0.6398 0.0948, -1.189 -0.6398 0.0948, -1.1805 -0.6398 0.0916, 1.1713 0.6398 0.0906, 1.1804 0.6398 0.0916, 1.2101 0.6398 0.1231, 1.2076 0.6398 0.1146, 1.2074 0.6398 0.1143, 1.203 0.6398 0.1066, 1.2029 0.6398 0.1064, 1.1968 0.6398 0.0999, 1.1966 0.6398 0.0998, 1.1891 0.6398 0.0948, 1.189 0.6398 0.0948, 1.1805 0.6398 0.0916, 1.2085 0.6497 0.1216, 1.2085 0.6498 0.1216, 1.2045 0.6589 0.1207, 1.2045 0.659 0.1207, 1.1983 0.6668 0.1204, 1.1904 0.673 0.1207, 1.1904 0.673 0.1207, 1.1813 0.677 0.1216, 1.1812 0.677 0.1216, 1.1713 0.6786 0.1231, -1.1713 0.6786 0.1231, -1.1812 0.677 0.1216, -1.1813 0.677 0.1216, -1.1904 0.673 0.1207, -1.1904 0.673 0.1207, -1.1983 0.6668 0.1204, -1.2045 0.659 0.1207, -1.2045 0.6589 0.1207, -1.2085 0.6498 0.1216, -1.2085 0.6497 0.1216, -1.2101 0.6398 0.1231, -1.1713 0.6398 0.0906, -1.2076 0.6398 0.1146, -1.2074 0.6398 0.1143, -1.203 0.6398 0.1066, -1.2029 0.6398 0.1064, -1.1968 0.6398 0.0999, -1.1966 0.6398 0.0998, -1.1891 0.6398 0.0948, -1.189 0.6398 0.0948, -1.1805 0.6398 0.0916, -1.1804 0.6398 0.0916, 1.1801 0.6422 0.0916, 1.1713 0.6575 0.0948, 1.1713 0.6576 0.0948, 1.1759 0.657 0.0948, 1.1713 0.6651 0.0998, 1.1713 0.6653 0.0999, 1.1779 0.6644 0.0999, 1.1795 0.6705 0.1066, 1.1807 0.6748 0.1146, 1.1894 0.6712 0.1146, 1.2063 0.6492 0.1146, 1.1713 0.6761 0.1146, 1.1713 0.6759 0.1143, 1.1713 0.6715 0.1066, 1.1713 0.6714 0.1064, 1.2019 0.648 0.1066, 1.1872 0.6673 0.1066, 1.197 0.6655 0.1146, 1.1959 0.6464 0.0999, 1.184 0.6618 0.0999, 1.1937 0.6622 0.1066, 1.1885 0.6444 0.0948, 1.1893 0.6578 0.0999, 1.1802 0.6552 0.0948, 1.1737 0.6486 0.0916, 1.2027 0.658 0.1146, 1.1988 0.6557 0.1066, 1.1933 0.6525 0.0999, 1.1867 0.6487 0.0948, 1.1792 0.6444 0.0916, 1.1713 0.6489 0.0916, 1.1713 0.649 0.0916, 1.1839 0.6524 0.0948, 1.1759 0.6477 0.0916, 1.1778 0.6463 0.0916, -1.1713 0.6489 0.0916, -1.1737 0.6486 0.0916, -1.1885 0.6444 0.0948, -1.1959 0.6464 0.0999, -1.2019 0.648 0.1066, -1.2063 0.6492 0.1146, -1.2027 0.658 0.1146, -1.1713 0.6761 0.1146, -1.1807 0.6748 0.1146, -1.1713 0.6759 0.1143, -1.1795 0.6705 0.1066, -1.1988 0.6557 0.1066, -1.197 0.6655 0.1146, -1.1713 0.6715 0.1066, -1.1713 0.6714 0.1064, -1.1779 0.6644 0.0999, -1.1933 0.6525 0.0999, -1.1937 0.6622 0.1066, -1.1713 0.6653 0.0999, -1.1713 0.6651 0.0998, -1.1759 0.657 0.0948, -1.1893 0.6578 0.0999, -1.1867 0.6487 0.0948, -1.1801 0.6422 0.0916, -1.1894 0.6712 0.1146, -1.1872 0.6673 0.1066, -1.184 0.6618 0.0999, -1.1802 0.6552 0.0948, -1.1759 0.6477 0.0916, -1.1839 0.6524 0.0948, -1.1792 0.6444 0.0916, -1.1778 0.6463 0.0916, -1.1713 0.6576 0.0948, -1.1713 0.6575 0.0948, -1.1713 0.649 0.0916
            ]
        }
        coordIndex [
            0,1,2,-1,0,2,3,-1,3,2,4,-1,3,4,5,-1,5,4,6,-1,5,6,7,-1,7,6,8,-1,7,8,9,-1,9,8,10,-1,9,10,11,-1,11,10,12,-1,11,12,13,-1,13,14,11,-1,11,14,15,-1,11,15,9,-1,9,15,16,-1,9,16,7,-1,7,16,17,-1,7,17,5,-1,5,17,18,-1,5,18,3,-1,3,18,19,-1,3,19,0,-1,0,19,20,-1,14,21,15,-1,15,21,22,-1,15,22,16,-1,16,22,23,-1,16,23,17,-1,17,23,24,-1,17,24,18,-1,18,24,25,-1,18,25,19,-1,19,25,26,-1,19,26,20,-1,20,26,27,-1,21,28,22,-1,22,28,29,-1,22,29,23,-1,23,29,30,-1,23,30,24,-1,24,30,31,-1,24,31,25,-1,25,31,32,-1,25,32,26,-1,26,32,33,-1,26,33,27,-1,27,33,34,-1,28,35,29,-1,29,35,36,-1,29,36,30,-1,30,36,37,-1,30,37,31,-1,31,37,38,-1,31,38,32,-1,32,38,39,-1,32,39,33,-1,33,39,40,-1,33,40,34,-1,34,40,41,-1,35,42,36,-1,36,42,43,-1,36,43,37,-1,37,43,44,-1,37,44,38,-1,38,44,45,-1,38,45,39,-1,39,45,46,-1,39,46,40,-1,40,46,47,-1,40,47,41,-1,41,47,48,-1,42,49,43,-1,43,49,50,-1,43,50,44,-1,44,50,51,-1,44,51,45,-1,45,51,52,-1,45,52,46,-1,46,52,53,-1,46,53,47,-1,47,53,54,-1,47,54,48,-1,48,54,55,-1,10,8,56,-1,56,8,57,-1,56,57,58,-1,58,57,59,-1,58,59,60,-1,60,59,61,-1,60,61,62,-1,62,61,63,-1,62,63,64,-1,64,63,65,-1,64,65,66,-1,8,6,57,-1,57,6,67,-1,57,67,59,-1,59,67,68,-1,59,68,61,-1,61,68,69,-1,61,69,63,-1,63,69,70,-1,63,70,65,-1,65,70,71,-1,65,71,66,-1,12,10,72,-1,72,10,56,-1,72,56,73,-1,73,56,58,-1,73,58,74,-1,74,58,60,-1,74,60,75,-1,75,60,62,-1,75,62,76,-1,76,62,64,-1,76,64,66,-1,4,2,77,-1,77,2,78,-1,77,78,79,-1,79,78,80,-1,79,80,81,-1,81,80,82,-1,81,82,83,-1,83,82,84,-1,83,84,85,-1,85,84,86,-1,85,86,66,-1,2,1,78,-1,78,1,87,-1,78,87,80,-1,80,87,88,-1,80,88,82,-1,82,88,89,-1,82,89,84,-1,84,89,90,-1,84,90,86,-1,86,90,91,-1,86,91,66,-1,6,4,67,-1,67,4,77,-1,67,77,68,-1,68,77,79,-1,68,79,69,-1,69,79,81,-1,69,81,70,-1,70,81,83,-1,70,83,71,-1,71,83,85,-1,71,85,66,-1,92,49,93,-1,93,49,42,-1,93,42,94,-1,94,42,35,-1,94,35,95,-1,95,35,28,-1,95,28,96,-1,96,28,21,-1,96,21,97,-1,97,21,14,-1,97,14,98,-1,98,14,13,-1,99,0,100,-1,100,0,20,-1,100,20,101,-1,101,20,27,-1,101,27,102,-1,102,27,34,-1,102,34,103,-1,103,34,41,-1,103,41,104,-1,104,41,48,-1,104,48,105,-1,105,48,55,-1,106,99,107,-1,106,107,108,-1,108,107,109,-1,108,109,110,-1,110,109,111,-1,110,111,112,-1,112,111,113,-1,112,113,114,-1,114,113,115,-1,114,115,116,-1,116,115,117,-1,116,117,118,-1,119,66,91,-1,119,91,120,-1,120,91,90,-1,120,90,121,-1,121,90,89,-1,121,89,122,-1,122,89,88,-1,122,88,123,-1,123,88,87,-1,123,87,124,-1,124,87,1,-1,124,1,106,-1,66,125,126,-1,66,126,76,-1,76,126,127,-1,76,127,75,-1,75,127,128,-1,75,128,74,-1,74,128,129,-1,74,129,73,-1,73,129,130,-1,73,130,72,-1,72,130,131,-1,72,131,12,-1,132,133,134,-1,134,133,135,-1,134,135,136,-1,136,135,137,-1,137,135,138,-1,137,138,139,-1,139,138,140,-1,140,138,141,-1,140,141,142,-1,142,141,143,-1,143,141,144,-1,143,144,145,-1,145,144,146,-1,146,144,147,-1,146,147,148,-1,148,147,149,-1,149,147,98,-1,149,98,131,-1,133,150,135,-1,135,150,151,-1,135,151,138,-1,138,151,152,-1,138,152,141,-1,141,152,153,-1,141,153,144,-1,144,153,154,-1,144,154,147,-1,147,154,155,-1,147,155,98,-1,98,155,97,-1,150,156,151,-1,151,156,157,-1,151,157,152,-1,152,157,158,-1,152,158,153,-1,153,158,159,-1,153,159,154,-1,154,159,160,-1,154,160,155,-1,155,160,161,-1,155,161,97,-1,97,161,96,-1,156,162,157,-1,157,162,163,-1,157,163,158,-1,158,163,164,-1,158,164,159,-1,159,164,165,-1,159,165,160,-1,160,165,166,-1,160,166,161,-1,161,166,167,-1,161,167,96,-1,96,167,95,-1,162,168,163,-1,163,168,169,-1,163,169,164,-1,164,169,170,-1,164,170,165,-1,165,170,171,-1,165,171,166,-1,166,171,172,-1,166,172,167,-1,167,172,173,-1,167,173,95,-1,95,173,94,-1,168,174,169,-1,169,174,175,-1,169,175,170,-1,170,175,176,-1,170,176,171,-1,171,176,177,-1,171,177,172,-1,172,177,178,-1,172,178,173,-1,173,178,179,-1,173,179,94,-1,94,179,93,-1,174,180,175,-1,175,180,181,-1,175,181,176,-1,176,181,182,-1,176,182,177,-1,177,182,183,-1,177,183,178,-1,178,183,184,-1,178,184,179,-1,179,184,185,-1,179,185,93,-1,93,185,92,-1,99,100,107,-1,107,100,186,-1,107,186,109,-1,109,186,187,-1,109,187,111,-1,111,187,188,-1,111,188,113,-1,113,188,189,-1,113,189,115,-1,115,189,190,-1,115,190,117,-1,117,190,191,-1,100,101,186,-1,186,101,192,-1,186,192,187,-1,187,192,193,-1,187,193,188,-1,188,193,194,-1,188,194,189,-1,189,194,195,-1,189,195,190,-1,190,195,196,-1,190,196,191,-1,191,196,197,-1,101,102,192,-1,192,102,198,-1,192,198,193,-1,193,198,199,-1,193,199,194,-1,194,199,200,-1,194,200,195,-1,195,200,201,-1,195,201,196,-1,196,201,202,-1,196,202,197,-1,197,202,203,-1,102,103,198,-1,198,103,204,-1,198,204,199,-1,199,204,205,-1,199,205,200,-1,200,205,206,-1,200,206,201,-1,201,206,207,-1,201,207,202,-1,202,207,208,-1,202,208,203,-1,203,208,209,-1,103,104,204,-1,204,104,210,-1,204,210,205,-1,205,210,211,-1,205,211,206,-1,206,211,212,-1,206,212,207,-1,207,212,213,-1,207,213,208,-1,208,213,214,-1,208,214,209,-1,209,214,215,-1,104,105,210,-1,210,105,216,-1,210,216,211,-1,211,216,217,-1,211,217,212,-1,212,217,218,-1,212,218,213,-1,213,218,219,-1,213,219,214,-1,214,219,220,-1,214,220,215,-1,215,220,221,-1,108,110,222,-1,222,110,223,-1,222,223,224,-1,224,223,225,-1,224,225,226,-1,226,225,227,-1,226,227,228,-1,228,227,229,-1,228,229,230,-1,230,229,231,-1,230,231,119,-1,110,112,223,-1,223,112,232,-1,223,232,225,-1,225,232,233,-1,225,233,227,-1,227,233,234,-1,227,234,229,-1,229,234,235,-1,229,235,231,-1,231,235,236,-1,231,236,119,-1,106,108,124,-1,124,108,222,-1,124,222,123,-1,123,222,224,-1,123,224,122,-1,122,224,226,-1,122,226,121,-1,121,226,228,-1,121,228,120,-1,120,228,230,-1,120,230,119,-1,114,116,237,-1,237,116,238,-1,237,238,239,-1,239,238,240,-1,239,240,241,-1,241,240,242,-1,241,242,243,-1,243,242,244,-1,243,244,245,-1,245,244,246,-1,245,246,119,-1,116,118,238,-1,238,118,247,-1,238,247,240,-1,240,247,248,-1,240,248,242,-1,242,248,249,-1,242,249,244,-1,244,249,250,-1,244,250,246,-1,246,250,251,-1,246,251,119,-1,112,114,232,-1,232,114,237,-1,232,237,233,-1,233,237,239,-1,233,239,234,-1,234,239,241,-1,234,241,235,-1,235,241,243,-1,235,243,236,-1,236,243,245,-1,236,245,119,-1,252,126,125,-1,252,125,253,-1,254,253,125,-1,255,254,125,-1,256,255,125,-1,257,256,125,-1,258,257,125,-1,258,259,260,-1,259,261,262,-1,261,263,264,-1,263,265,266,-1,265,132,134,-1,265,134,266,-1,266,134,136,-1,266,136,267,-1,136,137,267,-1,267,137,139,-1,267,139,268,-1,139,140,268,-1,268,140,142,-1,268,142,269,-1,142,143,269,-1,269,143,145,-1,269,145,270,-1,145,146,270,-1,270,146,148,-1,270,148,271,-1,148,149,271,-1,271,149,131,-1,271,131,130,-1,263,266,264,-1,264,266,267,-1,264,267,272,-1,272,267,268,-1,272,268,273,-1,273,268,269,-1,273,269,274,-1,274,269,270,-1,274,270,275,-1,275,270,271,-1,275,271,276,-1,276,271,130,-1,276,130,129,-1,261,264,262,-1,262,264,272,-1,262,272,277,-1,277,272,273,-1,277,273,278,-1,278,273,274,-1,278,274,279,-1,279,274,275,-1,279,275,280,-1,280,275,276,-1,280,276,281,-1,281,276,129,-1,281,129,128,-1,259,262,260,-1,260,262,277,-1,260,277,282,-1,282,277,278,-1,282,278,283,-1,283,278,279,-1,283,279,284,-1,284,279,280,-1,284,280,285,-1,285,280,281,-1,285,281,286,-1,286,281,128,-1,286,128,127,-1,258,260,257,-1,257,260,282,-1,257,282,256,-1,256,282,283,-1,256,283,255,-1,255,283,284,-1,255,284,254,-1,254,284,285,-1,254,285,253,-1,253,285,286,-1,253,286,252,-1,252,286,127,-1,252,127,126,-1,287,180,288,-1,288,180,174,-1,288,174,289,-1,289,174,168,-1,289,168,290,-1,290,168,162,-1,290,162,291,-1,291,162,156,-1,291,156,292,-1,292,156,150,-1,292,150,293,-1,293,150,133,-1,221,294,215,-1,215,294,295,-1,215,295,209,-1,209,295,296,-1,209,296,203,-1,203,296,297,-1,203,297,197,-1,197,297,298,-1,197,298,191,-1,191,298,299,-1,191,299,117,-1,117,299,300,-1,301,119,251,-1,301,251,302,-1,302,251,250,-1,302,250,303,-1,303,250,249,-1,303,249,304,-1,304,249,248,-1,304,248,305,-1,305,248,247,-1,305,247,306,-1,306,247,118,-1,306,118,307,-1,308,132,265,-1,308,265,309,-1,309,265,263,-1,309,263,310,-1,310,263,261,-1,310,261,311,-1,311,261,259,-1,311,259,312,-1,312,259,258,-1,312,258,313,-1,313,258,125,-1,313,125,301,-1,300,299,314,-1,314,299,315,-1,314,315,316,-1,316,315,317,-1,316,317,318,-1,318,317,319,-1,318,319,320,-1,320,319,321,-1,320,321,322,-1,322,321,323,-1,322,323,293,-1,293,323,292,-1,299,298,315,-1,315,298,324,-1,315,324,317,-1,317,324,325,-1,317,325,319,-1,319,325,326,-1,319,326,321,-1,321,326,327,-1,321,327,323,-1,323,327,328,-1,323,328,292,-1,292,328,291,-1,298,297,324,-1,324,297,329,-1,324,329,325,-1,325,329,330,-1,325,330,326,-1,326,330,331,-1,326,331,327,-1,327,331,332,-1,327,332,328,-1,328,332,333,-1,328,333,291,-1,291,333,290,-1,297,296,329,-1,329,296,334,-1,329,334,330,-1,330,334,335,-1,330,335,331,-1,331,335,336,-1,331,336,332,-1,332,336,337,-1,332,337,333,-1,333,337,338,-1,333,338,290,-1,290,338,289,-1,296,295,334,-1,334,295,339,-1,334,339,335,-1,335,339,340,-1,335,340,336,-1,336,340,341,-1,336,341,337,-1,337,341,342,-1,337,342,338,-1,338,342,343,-1,338,343,289,-1,289,343,288,-1,295,294,339,-1,339,294,344,-1,339,344,340,-1,340,344,345,-1,340,345,341,-1,341,345,346,-1,341,346,342,-1,342,346,347,-1,342,347,343,-1,343,347,348,-1,343,348,288,-1,288,348,287,-1,349,350,351,-1,351,350,352,-1,351,352,353,-1,353,352,354,-1,353,354,355,-1,355,354,356,-1,355,356,357,-1,357,356,358,-1,357,358,359,-1,359,358,360,-1,359,360,301,-1,350,361,352,-1,352,361,362,-1,352,362,354,-1,354,362,363,-1,354,363,356,-1,356,363,364,-1,356,364,358,-1,358,364,365,-1,358,365,360,-1,360,365,366,-1,360,366,301,-1,307,349,306,-1,306,349,351,-1,306,351,305,-1,305,351,353,-1,305,353,304,-1,304,353,355,-1,304,355,303,-1,303,355,357,-1,303,357,302,-1,302,357,359,-1,302,359,301,-1,367,368,369,-1,369,368,370,-1,369,370,371,-1,371,370,372,-1,371,372,373,-1,373,372,374,-1,373,374,375,-1,375,374,376,-1,375,376,377,-1,377,376,378,-1,377,378,301,-1,368,308,370,-1,370,308,309,-1,370,309,372,-1,372,309,310,-1,372,310,374,-1,374,310,311,-1,374,311,376,-1,376,311,312,-1,376,312,378,-1,378,312,313,-1,378,313,301,-1,361,367,362,-1,362,367,369,-1,362,369,363,-1,363,369,371,-1,363,371,364,-1,364,371,373,-1,364,373,365,-1,365,373,375,-1,365,375,366,-1,366,375,377,-1,366,377,301,-1,293,308,368,-1,293,368,322,-1,322,368,367,-1,322,367,320,-1,320,367,361,-1,320,361,318,-1,318,361,350,-1,318,350,316,-1,316,350,349,-1,316,349,314,-1,314,349,307,-1,314,307,300,-1,379,380,381,-1,382,383,384,-1,384,383,385,-1,384,385,386,-1,386,385,387,-1,386,387,388,-1,388,387,389,-1,388,389,390,-1,390,389,391,-1,390,391,392,-1,392,391,393,-1,392,393,394,-1,394,393,395,-1,394,395,396,-1,396,395,397,-1,396,397,398,-1,398,397,399,-1,398,399,400,-1,400,399,401,-1,400,401,381,-1,381,401,402,-1,381,402,379,-1,403,404,405,-1,406,407,408,-1,379,409,410,-1,411,409,379,-1,408,407,379,-1,412,379,407,-1,413,414,415,-1,414,413,416,-1,416,413,417,-1,416,417,418,-1,418,417,419,-1,418,419,420,-1,420,419,421,-1,420,421,422,-1,422,421,423,-1,423,421,424,-1,423,424,425,-1,425,424,426,-1,426,424,385,-1,426,385,383,-1,402,411,379,-1,427,428,406,-1,406,428,429,-1,406,429,407,-1,407,429,430,-1,407,430,412,-1,431,410,432,-1,432,410,409,-1,432,409,433,-1,433,409,411,-1,433,411,434,-1,402,401,411,-1,411,401,399,-1,411,399,434,-1,434,399,397,-1,434,397,395,-1,405,431,435,-1,435,431,432,-1,435,432,436,-1,436,432,433,-1,436,433,437,-1,437,433,434,-1,437,434,438,-1,438,434,395,-1,439,440,441,-1,441,440,403,-1,403,405,441,-1,441,405,435,-1,441,435,442,-1,442,435,436,-1,442,436,443,-1,443,436,437,-1,443,437,444,-1,444,437,438,-1,444,438,445,-1,404,427,405,-1,405,427,406,-1,405,406,431,-1,431,406,408,-1,431,408,410,-1,410,408,379,-1,439,413,446,-1,446,413,415,-1,446,415,447,-1,395,393,438,-1,438,393,391,-1,438,391,445,-1,445,391,389,-1,445,389,387,-1,439,441,413,-1,413,441,442,-1,413,442,417,-1,417,442,443,-1,417,443,419,-1,419,443,444,-1,419,444,421,-1,421,444,445,-1,421,445,424,-1,424,445,387,-1,424,387,385,-1,386,388,448,-1,390,392,449,-1,450,451,452,-1,380,453,454,-1,455,453,380,-1,452,451,380,-1,381,380,451,-1,456,457,458,-1,458,457,459,-1,458,459,460,-1,460,459,461,-1,461,459,462,-1,461,462,463,-1,463,462,464,-1,464,462,465,-1,464,465,466,-1,466,465,467,-1,467,465,468,-1,467,468,469,-1,469,468,470,-1,470,468,471,-1,470,471,472,-1,472,471,473,-1,472,473,474,-1,475,455,380,-1,394,396,450,-1,450,396,398,-1,450,398,451,-1,451,398,400,-1,451,400,381,-1,476,454,477,-1,477,454,453,-1,477,453,478,-1,478,453,455,-1,478,455,479,-1,392,394,449,-1,449,394,450,-1,449,450,480,-1,480,450,452,-1,480,452,481,-1,481,452,380,-1,475,482,455,-1,455,482,483,-1,455,483,479,-1,479,483,484,-1,479,484,485,-1,486,476,487,-1,487,476,477,-1,487,477,488,-1,488,477,478,-1,488,478,489,-1,489,478,479,-1,489,479,490,-1,490,479,485,-1,448,486,491,-1,491,486,487,-1,491,487,492,-1,492,487,488,-1,492,488,493,-1,493,488,489,-1,493,489,494,-1,494,489,490,-1,494,490,495,-1,388,390,448,-1,448,390,449,-1,448,449,486,-1,486,449,480,-1,486,480,476,-1,476,480,481,-1,476,481,454,-1,454,481,380,-1,456,382,457,-1,457,382,384,-1,457,384,386,-1,485,496,490,-1,490,496,497,-1,490,497,495,-1,495,497,498,-1,495,498,499,-1,386,448,457,-1,457,448,491,-1,457,491,459,-1,459,491,492,-1,459,492,462,-1,462,492,493,-1,462,493,465,-1,465,493,494,-1,465,494,468,-1,468,494,495,-1,468,495,471,-1,471,495,499,-1,471,499,473,-1,447,415,500,-1,500,415,501,-1,501,415,502,-1,502,415,414,-1,502,414,503,-1,503,414,416,-1,503,416,504,-1,504,416,418,-1,504,418,505,-1,505,418,420,-1,505,420,506,-1,506,420,422,-1,506,422,507,-1,507,422,423,-1,507,423,508,-1,508,423,425,-1,508,425,509,-1,425,426,509,-1,509,426,383,-1,509,383,510,-1,511,379,412,-1,447,512,446,-1,446,512,513,-1,446,513,439,-1,439,513,514,-1,439,514,440,-1,440,514,515,-1,440,515,403,-1,403,515,516,-1,403,516,404,-1,404,516,517,-1,404,517,427,-1,427,517,518,-1,427,518,428,-1,428,518,519,-1,428,519,429,-1,429,519,520,-1,429,520,430,-1,430,520,521,-1,430,521,412,-1,412,521,522,-1,412,522,511,-1,523,511,524,-1,525,526,527,-1,527,526,528,-1,527,528,529,-1,529,528,530,-1,529,530,531,-1,531,530,532,-1,531,532,533,-1,533,532,534,-1,533,534,535,-1,535,534,536,-1,535,536,537,-1,537,536,538,-1,537,538,539,-1,539,538,540,-1,539,540,541,-1,541,540,542,-1,541,542,543,-1,543,542,544,-1,543,544,524,-1,524,544,545,-1,524,545,523,-1,380,523,546,-1,547,474,548,-1,548,474,473,-1,548,473,549,-1,549,473,499,-1,549,499,550,-1,550,499,498,-1,550,498,551,-1,551,498,497,-1,551,497,552,-1,552,497,496,-1,552,496,553,-1,553,496,485,-1,553,485,554,-1,554,485,484,-1,554,484,555,-1,555,484,483,-1,555,483,556,-1,556,483,482,-1,556,482,546,-1,546,482,475,-1,546,475,380,-1,557,382,456,-1,557,456,558,-1,558,456,458,-1,558,458,559,-1,559,458,460,-1,559,460,560,-1,560,460,461,-1,560,461,561,-1,561,461,463,-1,561,463,562,-1,562,463,464,-1,562,464,563,-1,563,464,466,-1,563,466,564,-1,564,466,467,-1,564,467,565,-1,565,467,469,-1,565,469,566,-1,566,469,470,-1,566,470,567,-1,567,470,472,-1,567,472,474,-1,510,568,569,-1,510,569,509,-1,509,569,570,-1,509,570,508,-1,508,570,571,-1,508,571,507,-1,507,571,572,-1,507,572,506,-1,506,572,573,-1,506,573,505,-1,505,573,574,-1,505,574,504,-1,504,574,575,-1,504,575,503,-1,503,575,576,-1,503,576,502,-1,502,576,577,-1,502,577,501,-1,501,577,578,-1,501,578,500,-1,500,578,579,-1,500,579,580,-1,529,531,581,-1,533,535,582,-1,583,584,585,-1,511,586,587,-1,588,586,511,-1,585,584,511,-1,524,511,584,-1,589,590,591,-1,591,590,592,-1,593,594,595,-1,595,594,596,-1,595,596,592,-1,592,596,597,-1,592,597,591,-1,593,595,598,-1,598,595,599,-1,598,599,600,-1,600,599,601,-1,600,601,602,-1,602,601,603,-1,603,601,604,-1,603,604,605,-1,605,604,513,-1,605,513,512,-1,522,588,511,-1,537,539,583,-1,583,539,541,-1,583,541,584,-1,584,541,543,-1,584,543,524,-1,606,587,607,-1,607,587,586,-1,607,586,608,-1,608,586,588,-1,608,588,609,-1,535,537,582,-1,582,537,583,-1,582,583,610,-1,610,583,585,-1,610,585,611,-1,611,585,511,-1,522,521,588,-1,588,521,520,-1,588,520,609,-1,609,520,519,-1,609,519,518,-1,612,606,613,-1,613,606,607,-1,613,607,614,-1,614,607,608,-1,614,608,615,-1,615,608,609,-1,615,609,616,-1,616,609,518,-1,581,612,617,-1,617,612,613,-1,617,613,618,-1,618,613,614,-1,618,614,619,-1,619,614,615,-1,619,615,620,-1,620,615,616,-1,620,616,621,-1,531,533,581,-1,581,533,582,-1,581,582,612,-1,612,582,610,-1,612,610,606,-1,606,610,611,-1,606,611,587,-1,587,611,511,-1,589,525,590,-1,590,525,527,-1,590,527,529,-1,518,517,616,-1,616,517,516,-1,616,516,621,-1,621,516,515,-1,621,515,514,-1,529,581,590,-1,590,581,617,-1,590,617,592,-1,592,617,618,-1,592,618,595,-1,595,618,619,-1,595,619,599,-1,599,619,620,-1,599,620,601,-1,601,620,621,-1,601,621,604,-1,604,621,514,-1,604,514,513,-1,551,552,622,-1,623,624,625,-1,523,626,627,-1,628,626,523,-1,625,624,523,-1,546,523,624,-1,629,630,631,-1,630,629,632,-1,632,629,633,-1,632,633,634,-1,634,633,635,-1,634,635,636,-1,636,635,637,-1,636,637,638,-1,638,637,639,-1,639,637,640,-1,639,640,641,-1,641,640,642,-1,642,640,528,-1,642,528,526,-1,545,628,523,-1,553,554,623,-1,623,554,555,-1,623,555,624,-1,624,555,556,-1,624,556,546,-1,643,627,644,-1,644,627,626,-1,644,626,645,-1,645,626,628,-1,645,628,646,-1,545,544,628,-1,628,544,542,-1,628,542,646,-1,646,542,540,-1,646,540,538,-1,622,643,647,-1,647,643,644,-1,647,644,648,-1,648,644,645,-1,648,645,649,-1,649,645,646,-1,649,646,650,-1,650,646,538,-1,549,550,651,-1,651,550,551,-1,551,622,651,-1,651,622,647,-1,651,647,652,-1,652,647,648,-1,652,648,653,-1,653,648,649,-1,653,649,654,-1,654,649,650,-1,654,650,655,-1,552,553,622,-1,622,553,623,-1,622,623,643,-1,643,623,625,-1,643,625,627,-1,627,625,523,-1,549,629,548,-1,548,629,631,-1,548,631,547,-1,538,536,650,-1,650,536,534,-1,650,534,655,-1,655,534,532,-1,655,532,530,-1,549,651,629,-1,629,651,652,-1,629,652,633,-1,633,652,653,-1,633,653,635,-1,635,653,654,-1,635,654,637,-1,637,654,655,-1,637,655,640,-1,640,655,530,-1,640,530,528,-1,656,657,567,-1,567,657,566,-1,566,657,565,-1,565,657,658,-1,565,658,564,-1,564,658,659,-1,564,659,563,-1,563,659,660,-1,563,660,562,-1,562,660,661,-1,562,661,561,-1,561,661,662,-1,561,662,560,-1,560,662,663,-1,560,663,559,-1,559,663,664,-1,559,664,558,-1,664,665,558,-1,558,665,666,-1,558,666,557,-1,667,668,669,-1,568,666,670,-1,670,666,671,-1,670,671,672,-1,672,671,673,-1,672,673,674,-1,674,673,675,-1,674,675,676,-1,676,675,677,-1,676,677,678,-1,678,677,679,-1,678,679,680,-1,680,679,681,-1,680,681,682,-1,682,681,683,-1,682,683,684,-1,684,683,685,-1,684,685,686,-1,686,685,687,-1,686,687,669,-1,669,687,688,-1,669,688,667,-1,669,668,689,-1,690,691,668,-1,692,693,694,-1,695,696,697,-1,698,699,700,-1,574,573,701,-1,572,571,702,-1,570,569,703,-1,703,569,568,-1,700,577,576,-1,577,700,578,-1,578,700,699,-1,578,699,579,-1,580,579,704,-1,704,579,699,-1,704,699,705,-1,705,699,698,-1,705,698,706,-1,706,698,707,-1,568,670,703,-1,703,670,672,-1,703,672,708,-1,696,707,697,-1,697,707,698,-1,697,698,709,-1,709,698,700,-1,709,700,710,-1,710,700,576,-1,710,576,575,-1,672,674,708,-1,708,674,676,-1,708,676,711,-1,693,695,694,-1,694,695,697,-1,694,697,712,-1,712,697,709,-1,712,709,713,-1,713,709,710,-1,713,710,701,-1,701,710,575,-1,701,575,574,-1,676,678,711,-1,711,678,680,-1,711,680,714,-1,701,715,713,-1,713,715,716,-1,713,716,712,-1,712,716,717,-1,712,717,694,-1,694,717,718,-1,694,718,692,-1,691,690,719,-1,571,570,702,-1,702,570,703,-1,702,703,720,-1,720,703,708,-1,720,708,721,-1,721,708,711,-1,721,711,722,-1,722,711,714,-1,722,714,723,-1,723,714,689,-1,723,689,668,-1,668,724,718,-1,718,724,725,-1,718,725,692,-1,715,726,716,-1,716,726,727,-1,716,727,717,-1,717,727,728,-1,717,728,718,-1,718,728,668,-1,726,719,727,-1,727,719,690,-1,727,690,728,-1,728,690,668,-1,680,682,714,-1,714,682,684,-1,714,684,689,-1,689,684,686,-1,689,686,669,-1,573,572,701,-1,701,572,702,-1,701,702,715,-1,715,702,720,-1,715,720,726,-1,726,720,721,-1,726,721,719,-1,719,721,722,-1,719,722,691,-1,691,722,723,-1,691,723,668,-1,729,525,589,-1,729,589,730,-1,730,589,591,-1,730,591,731,-1,731,591,597,-1,731,597,732,-1,732,597,596,-1,732,596,733,-1,733,596,594,-1,733,594,734,-1,734,594,593,-1,734,593,735,-1,735,593,598,-1,735,598,736,-1,736,598,600,-1,736,600,737,-1,737,600,602,-1,737,602,738,-1,738,602,603,-1,738,603,739,-1,739,603,605,-1,739,605,512,-1,547,631,740,-1,740,631,741,-1,741,631,742,-1,742,631,630,-1,742,630,743,-1,743,630,632,-1,743,632,744,-1,744,632,634,-1,744,634,745,-1,745,634,636,-1,745,636,746,-1,746,636,638,-1,746,638,747,-1,747,638,639,-1,747,639,748,-1,748,639,641,-1,748,641,749,-1,641,642,749,-1,749,642,526,-1,749,526,750,-1,751,667,752,-1,685,683,753,-1,681,679,754,-1,755,756,757,-1,657,656,758,-1,659,658,759,-1,759,658,657,-1,665,664,756,-1,756,664,663,-1,756,663,757,-1,757,663,662,-1,757,662,661,-1,666,665,671,-1,671,665,756,-1,671,756,673,-1,673,756,755,-1,673,755,675,-1,675,755,677,-1,657,758,759,-1,759,758,760,-1,759,760,761,-1,679,677,754,-1,754,677,755,-1,754,755,762,-1,762,755,757,-1,762,757,763,-1,763,757,661,-1,760,764,761,-1,761,764,765,-1,761,765,766,-1,683,681,753,-1,753,681,754,-1,753,754,767,-1,767,754,762,-1,767,762,768,-1,768,762,763,-1,765,769,766,-1,766,769,770,-1,766,770,771,-1,768,772,767,-1,767,772,773,-1,767,773,753,-1,753,773,774,-1,753,774,685,-1,660,659,775,-1,775,659,759,-1,775,759,776,-1,776,759,761,-1,776,761,777,-1,777,761,766,-1,777,766,778,-1,778,766,771,-1,778,771,779,-1,779,771,752,-1,779,752,667,-1,667,688,774,-1,774,688,687,-1,774,687,685,-1,772,780,773,-1,773,780,781,-1,773,781,774,-1,774,781,667,-1,780,782,781,-1,781,782,667,-1,770,783,771,-1,771,783,784,-1,771,784,752,-1,752,784,785,-1,752,785,751,-1,661,660,763,-1,763,660,775,-1,763,775,768,-1,768,775,776,-1,768,776,772,-1,772,776,777,-1,772,777,780,-1,780,777,778,-1,780,778,782,-1,782,778,779,-1,782,779,667,-1,668,786,787,-1,788,580,789,-1,789,580,704,-1,789,704,790,-1,790,704,705,-1,790,705,791,-1,791,705,706,-1,791,706,792,-1,792,706,707,-1,792,707,793,-1,793,707,696,-1,793,696,794,-1,794,696,695,-1,794,695,795,-1,795,695,693,-1,795,693,796,-1,796,693,692,-1,796,692,797,-1,797,692,725,-1,797,725,787,-1,787,725,724,-1,787,724,668,-1,788,798,739,-1,739,798,738,-1,738,798,737,-1,737,798,799,-1,737,799,736,-1,736,799,800,-1,736,800,735,-1,735,800,801,-1,735,801,734,-1,734,801,802,-1,734,802,733,-1,733,802,803,-1,733,803,732,-1,732,803,804,-1,732,804,731,-1,731,804,805,-1,731,805,730,-1,805,806,730,-1,730,806,807,-1,730,807,729,-1,808,809,750,-1,750,809,749,-1,749,809,748,-1,748,809,810,-1,748,810,747,-1,747,810,811,-1,747,811,746,-1,746,811,812,-1,746,812,745,-1,745,812,813,-1,745,813,744,-1,744,813,814,-1,744,814,743,-1,743,814,815,-1,743,815,742,-1,742,815,816,-1,742,816,741,-1,816,817,741,-1,741,817,818,-1,741,818,740,-1,819,667,751,-1,656,818,758,-1,758,818,820,-1,758,820,760,-1,760,820,821,-1,760,821,764,-1,764,821,822,-1,764,822,765,-1,765,822,823,-1,765,823,769,-1,769,823,824,-1,769,824,770,-1,770,824,825,-1,770,825,783,-1,783,825,826,-1,783,826,784,-1,784,826,827,-1,784,827,785,-1,785,827,828,-1,785,828,751,-1,751,828,829,-1,751,829,819,-1,787,786,830,-1,831,832,833,-1,834,835,836,-1,837,838,839,-1,798,788,789,-1,800,799,840,-1,840,799,798,-1,806,805,838,-1,838,805,804,-1,838,804,839,-1,839,804,803,-1,839,803,802,-1,807,806,841,-1,841,806,838,-1,841,838,842,-1,842,838,837,-1,842,837,843,-1,843,837,844,-1,798,789,840,-1,840,789,790,-1,840,790,845,-1,835,844,836,-1,836,844,837,-1,836,837,846,-1,846,837,839,-1,846,839,847,-1,847,839,802,-1,790,791,845,-1,845,791,792,-1,845,792,848,-1,832,834,833,-1,833,834,836,-1,833,836,849,-1,849,836,846,-1,849,846,850,-1,850,846,847,-1,792,793,848,-1,848,793,794,-1,848,794,851,-1,850,852,849,-1,849,852,853,-1,849,853,833,-1,833,853,854,-1,833,854,831,-1,801,800,855,-1,855,800,840,-1,855,840,856,-1,856,840,845,-1,856,845,857,-1,857,845,848,-1,857,848,858,-1,858,848,851,-1,858,851,859,-1,859,851,830,-1,859,830,786,-1,786,860,854,-1,854,860,861,-1,854,861,831,-1,852,862,853,-1,853,862,863,-1,853,863,854,-1,854,863,786,-1,862,864,863,-1,863,864,786,-1,794,795,851,-1,851,795,796,-1,851,796,830,-1,830,796,797,-1,830,797,787,-1,802,801,847,-1,847,801,855,-1,847,855,850,-1,850,855,856,-1,850,856,852,-1,852,856,857,-1,852,857,862,-1,862,857,858,-1,862,858,864,-1,864,858,859,-1,864,859,786,-1,865,819,866,-1,827,826,867,-1,825,824,868,-1,869,870,871,-1,809,808,872,-1,811,810,873,-1,873,810,809,-1,817,816,870,-1,870,816,815,-1,870,815,871,-1,871,815,814,-1,871,814,813,-1,818,817,820,-1,820,817,870,-1,820,870,821,-1,821,870,869,-1,821,869,822,-1,822,869,823,-1,809,872,873,-1,873,872,874,-1,873,874,875,-1,824,823,868,-1,868,823,869,-1,868,869,876,-1,876,869,871,-1,876,871,877,-1,877,871,813,-1,874,878,875,-1,875,878,879,-1,875,879,880,-1,826,825,867,-1,867,825,868,-1,867,868,881,-1,881,868,876,-1,881,876,882,-1,882,876,877,-1,879,883,880,-1,880,883,884,-1,880,884,885,-1,882,886,881,-1,881,886,887,-1,881,887,867,-1,867,887,888,-1,867,888,827,-1,812,811,889,-1,889,811,873,-1,889,873,890,-1,890,873,875,-1,890,875,891,-1,891,875,880,-1,891,880,892,-1,892,880,885,-1,892,885,893,-1,893,885,866,-1,893,866,819,-1,819,829,888,-1,888,829,828,-1,888,828,827,-1,886,894,887,-1,887,894,895,-1,887,895,888,-1,888,895,819,-1,894,896,895,-1,895,896,819,-1,884,897,885,-1,885,897,898,-1,885,898,866,-1,866,898,899,-1,866,899,865,-1,813,812,877,-1,877,812,889,-1,877,889,882,-1,882,889,890,-1,882,890,886,-1,886,890,891,-1,886,891,894,-1,894,891,892,-1,894,892,896,-1,896,892,893,-1,896,893,819,-1,786,819,865,-1,808,807,872,-1,872,807,841,-1,872,841,874,-1,874,841,842,-1,874,842,878,-1,878,842,843,-1,878,843,879,-1,879,843,844,-1,879,844,883,-1,883,844,835,-1,883,835,884,-1,884,835,834,-1,884,834,897,-1,897,834,832,-1,897,832,898,-1,898,832,831,-1,898,831,899,-1,899,831,861,-1,899,861,865,-1,865,861,860,-1,865,860,786,-1,
        ]
    }
}
Shape{
    appearance Appearance {
        material  Material 	{
            diffuseColor 1.0 1.0 1.0
            specularColor 0.8784313725490196 0.8784313725490196 0.8784313725490196
            ambientIntensity 1.0
            transparency 0.0
            shininess 0.5
        }
    }
    geometry IndexedFaceSet {
        ccw TRUE
        solid FALSE
        coord DEF co Coordinate {
            point [
                1.042 0.4766 1.3937, 1.0396 0.4736 1.3937, 1.0438 0.4701 1.3937, 1.0386 0.4727 1.3937, 1.039 0.4666 1.3937, 1.0356 0.4708 1.3937, 1.0338 0.4646 1.3937, 1.0316 0.4694 1.3937, 1.0261 0.4637 1.3937, 1.0261 0.4689 1.3937, 1.0137 0.4637 1.3937, 1.0195 0.4689 1.3937, 1.0137 0.5091 1.3937, 1.0195 0.5039 1.3937, 1.0266 0.5091 1.3937, 1.0264 0.5039 1.3937, 1.0342 0.5082 1.3937, 1.032 0.5033 1.3937, 1.0396 0.506 1.3937, 1.036 0.5019 1.3937, 1.0438 0.5031 1.3937, 1.0395 0.4996 1.3937, 1.0458 0.501 1.3937, 1.041 0.4981 1.3937, 1.0485 0.4969 1.3937, 1.0427 0.4955 1.3937, 1.0501 0.4924 1.3937, 1.0439 0.492 1.3937, 1.0506 0.487 1.3937, 1.0445 0.4868 1.3937, 1.0504 0.4837 1.3937, 1.0443 0.4842 1.3937, 1.0493 0.4784 1.3937, 1.0435 0.48 1.3937, 1.0469 0.4738 1.3937, 1.0438 0.4701 1.3898, 1.0469 0.4738 1.3898, 1.0493 0.4784 1.3898, 1.0504 0.4837 1.3898, 1.0506 0.487 1.3898, 1.0501 0.4924 1.3898, 1.0485 0.4969 1.3898, 1.0458 0.501 1.3898, 1.0438 0.5031 1.3898, 1.0396 0.506 1.3898, 1.0342 0.5082 1.3898, 1.0266 0.5091 1.3898, 1.0137 0.5091 1.3898, 1.0137 0.4637 1.3898, 1.0261 0.4637 1.3898, 1.0338 0.4646 1.3898, 1.039 0.4666 1.3898, 1.0395 0.4996 1.3898, 1.041 0.4981 1.3898, 1.0427 0.4955 1.3898, 1.0439 0.492 1.3898, 1.0445 0.4868 1.3898, 1.0264 0.5039 1.3898, 1.032 0.5033 1.3898, 1.036 0.5019 1.3898, 1.0195 0.5039 1.3898, 1.0195 0.4689 1.3898, 1.0261 0.4689 1.3898, 1.0396 0.4736 1.3898, 1.0386 0.4727 1.3898, 1.0356 0.4708 1.3898, 1.0316 0.4694 1.3898, 1.0443 0.4842 1.3898, 1.0435 0.48 1.3898, 1.042 0.4766 1.3898
            ]
        }
        coordIndex [
            0,1,2,-1,2,1,3,-1,2,3,4,-1,4,3,5,-1,4,5,6,-1,6,5,7,-1,6,7,8,-1,8,7,9,-1,8,9,10,-1,10,9,11,-1,10,11,12,-1,12,11,13,-1,12,13,14,-1,14,13,15,-1,14,15,16,-1,16,15,17,-1,16,17,18,-1,18,17,19,-1,18,19,20,-1,20,19,21,-1,20,21,22,-1,22,21,23,-1,22,23,24,-1,24,23,25,-1,24,25,26,-1,26,25,27,-1,26,27,28,-1,28,27,29,-1,28,29,30,-1,30,29,31,-1,30,31,32,-1,32,31,33,-1,32,33,34,-1,34,33,0,-1,34,0,2,-1,2,35,36,-1,2,36,34,-1,34,36,37,-1,34,37,32,-1,32,37,38,-1,32,38,30,-1,30,38,39,-1,30,39,28,-1,28,39,40,-1,28,40,26,-1,26,40,41,-1,26,41,24,-1,24,41,42,-1,24,42,22,-1,22,42,43,-1,22,43,20,-1,20,43,44,-1,20,44,18,-1,18,44,45,-1,18,45,16,-1,16,45,46,-1,16,46,14,-1,12,14,47,-1,47,14,46,-1,10,12,48,-1,48,12,47,-1,8,10,49,-1,49,10,48,-1,8,49,50,-1,8,50,6,-1,6,50,51,-1,6,51,4,-1,4,51,35,-1,4,35,2,-1,21,52,53,-1,21,53,23,-1,23,53,54,-1,23,54,25,-1,25,54,55,-1,25,55,27,-1,27,55,56,-1,27,56,29,-1,15,57,58,-1,15,58,17,-1,17,58,59,-1,17,59,19,-1,19,59,52,-1,19,52,21,-1,15,13,57,-1,57,13,60,-1,13,11,60,-1,60,11,61,-1,11,9,61,-1,61,9,62,-1,1,63,64,-1,1,64,3,-1,3,64,65,-1,3,65,5,-1,5,65,66,-1,5,66,7,-1,7,66,62,-1,7,62,9,-1,29,56,67,-1,29,67,31,-1,31,67,68,-1,31,68,33,-1,33,68,69,-1,33,69,0,-1,0,69,63,-1,0,63,1,-1,
        ]
    }
}
Shape{
    appearance Appearance {
        material  Material 	{
            diffuseColor 0.20784313725490197 0.20784313725490197 0.20784313725490197
            specularColor 0.01568627450980392 0.01568627450980392 0.01568627450980392
            ambientIntensity 0.298
            transparency 0.0
            shininess 0.5
        }
    }
    geometry IndexedFaceSet {
        ccw TRUE
        solid FALSE
        coord DEF co Coordinate {
            point [
                1.0195 0.5039 1.3898, 1.0195 0.4689 1.3898, 1.0264 0.5039 1.3898, 1.0261 0.4689 1.3898, 1.0316 0.4694 1.3898, 1.0356 0.4708 1.3898, 1.0386 0.4727 1.3898, 1.0396 0.4736 1.3898, 1.042 0.4766 1.3898, 1.0435 0.48 1.3898, 1.0443 0.4842 1.3898, 1.0445 0.4868 1.3898, 1.0439 0.492 1.3898, 1.0427 0.4955 1.3898, 1.041 0.4981 1.3898, 1.0395 0.4996 1.3898, 1.032 0.5033 1.3898, 1.036 0.5019 1.3898
            ]
        }
        coordIndex [
            0,1,2,-1,2,1,3,-1,2,3,4,-1,4,5,2,-1,2,5,6,-1,2,6,7,-1,7,8,2,-1,2,8,9,-1,2,9,10,-1,10,11,2,-1,2,11,12,-1,2,12,13,-1,13,14,2,-1,2,14,15,-1,2,15,16,-1,16,15,17,-1,
        ]
    }
}
Shape{
    appearance Appearance {
        material  Material 	{
            diffuseColor 1.0 1.0 1.0
            specularColor 0.8784313725490196 0.8784313725490196 0.8784313725490196
            ambientIntensity 1.0
            transparency 0.0
            shininess 0.5
        }
    }
    geometry IndexedFaceSet {
        ccw TRUE
        solid FALSE
        coord DEF co Coordinate {
            point [
                0.9598 0.4717 1.3937, 0.9598 0.4717 1.3898, 0.9594 0.4702 1.3898, 0.9594 0.4702 1.3937, 0.9591 0.4691 1.3898, 0.9591 0.4691 1.3937, 0.959 0.4691 1.3937, 0.959 0.4691 1.3898, 0.9583 0.4718 1.3937, 0.9583 0.4718 1.3898, 0.9498 0.4961 1.3937, 0.9525 0.4882 1.3898, 0.9498 0.4961 1.3898, 0.9434 0.4961 1.3937, 0.9434 0.4961 1.3898, 0.9561 0.4638 1.3937, 0.9525 0.473 1.3898, 0.9561 0.4638 1.3898, 0.9536 0.4579 1.3898, 0.9536 0.4579 1.3937, 0.956 0.4633 1.3898, 0.9525 0.4558 1.3898, 0.9525 0.4558 1.3898, 0.9515 0.4546 1.3937, 0.9525 0.4558 1.3937, 0.9515 0.4546 1.3898, 0.9504 0.4539 1.3898, 0.9504 0.4539 1.3937, 0.9492 0.4535 1.3898, 0.9492 0.4535 1.3937, 0.9478 0.4533 1.3898, 0.9478 0.4533 1.3937, 0.9458 0.4536 1.3898, 0.9458 0.4536 1.3937, 0.9446 0.454 1.3898, 0.9446 0.454 1.3937, 0.9446 0.4489 1.3937, 0.9446 0.4489 1.3898, 0.947 0.4485 1.3898, 0.947 0.4485 1.3937, 0.9483 0.4484 1.3898, 0.9483 0.4484 1.3937, 0.9506 0.4487 1.3898, 0.9506 0.4487 1.3937, 0.9525 0.4494 1.3898, 0.9528 0.4495 1.3937, 0.9528 0.4495 1.3898, 0.9548 0.4509 1.3898, 0.9548 0.4509 1.3937, 0.9552 0.4513 1.3898, 0.9552 0.4513 1.3937, 0.9573 0.4538 1.3898, 0.9573 0.4538 1.3937, 0.9598 0.4588 1.3898, 0.9598 0.4588 1.3937, 0.9745 0.4961 1.3898, 0.9745 0.4961 1.3937, 0.9616 0.4633 1.3898, 0.9687 0.4961 1.3937, 0.9687 0.4961 1.3898, 0.9274 0.4629 1.3898, 0.9308 0.4633 1.3898, 0.9274 0.4629 1.3937, 0.9323 0.4635 1.3937, 0.9323 0.4635 1.3898, 0.9353 0.4646 1.3898, 0.9353 0.4646 1.3937, 0.9368 0.4655 1.3898, 0.9368 0.4655 1.3937, 0.9384 0.4669 1.3898, 0.9384 0.4669 1.3937, 0.9395 0.4684 1.3898, 0.9395 0.4684 1.3937, 0.9402 0.4702 1.3898, 0.9402 0.4702 1.3937, 0.9405 0.4725 1.3898, 0.9405 0.4725 1.3937, 0.9402 0.4746 1.3898, 0.9402 0.4746 1.3937, 0.9396 0.4763 1.3898, 0.9396 0.4763 1.3937, 0.9386 0.4779 1.3898, 0.9386 0.4779 1.3937, 0.9372 0.4791 1.3898, 0.9372 0.4791 1.3937, 0.9334 0.4812 1.3898, 0.9334 0.4812 1.3937, 0.9312 0.4821 1.3898, 0.9312 0.4821 1.3937, 0.9277 0.4836 1.3898, 0.9277 0.4836 1.3937, 0.9257 0.4849 1.3898, 0.9257 0.4849 1.3937, 0.9252 0.4855 1.3898, 0.9252 0.4855 1.3937, 0.9247 0.4862 1.3898, 0.9247 0.4862 1.3937, 0.9245 0.4871 1.3898, 0.9245 0.4871 1.3937, 0.9245 0.4879 1.3898, 0.9245 0.4879 1.3937, 0.9246 0.4888 1.3898, 0.9246 0.4888 1.3937, 0.9248 0.4896 1.3898, 0.9248 0.4896 1.3937, 0.9253 0.4903 1.3898, 0.9253 0.4903 1.3937, 0.9262 0.491 1.3898, 0.9262 0.491 1.3937, 0.9275 0.4917 1.3898, 0.9275 0.4917 1.3937, 0.929 0.4921 1.3898, 0.929 0.4921 1.3937, 0.9307 0.4922 1.3898, 0.9307 0.4922 1.3937, 0.9344 0.4918 1.3898, 0.9344 0.4918 1.3937, 0.9376 0.4906 1.3898, 0.9376 0.4906 1.3937, 0.9389 0.4899 1.3898, 0.9389 0.4899 1.3937, 0.9389 0.4954 1.3937, 0.9389 0.4954 1.3898, 0.9346 0.4966 1.3898, 0.9346 0.4966 1.3937, 0.9312 0.4969 1.3898, 0.9312 0.4969 1.3937, 0.9267 0.4963 1.3898, 0.9267 0.4963 1.3937, 0.9236 0.4951 1.3898, 0.9236 0.4951 1.3937, 0.9222 0.4943 1.3898, 0.9222 0.4943 1.3937, 0.9212 0.4933 1.3898, 0.9206 0.4928 1.3937, 0.9206 0.4928 1.3898, 0.9195 0.4912 1.3898, 0.9195 0.4912 1.3937, 0.9188 0.4894 1.3898, 0.9188 0.4894 1.3937, 0.9186 0.4874 1.3898, 0.9186 0.4874 1.3937, 0.9189 0.4852 1.3898, 0.9189 0.4852 1.3937, 0.9195 0.4834 1.3898, 0.9195 0.4834 1.3937, 0.9202 0.4822 1.3898, 0.9202 0.4822 1.3937, 0.9272 0.4779 1.3898, 0.9272 0.4779 1.3937, 0.9238 0.4795 1.3937, 0.9211 0.4813 1.3898, 0.9211 0.4813 1.3937, 0.9212 0.4812 1.3898, 0.9238 0.4795 1.3898, 0.9309 0.4764 1.3898, 0.9309 0.4764 1.3937, 0.9332 0.475 1.3898, 0.9332 0.475 1.3937, 0.9339 0.4743 1.3898, 0.9339 0.4743 1.3937, 0.9343 0.4736 1.3898, 0.9343 0.4736 1.3937, 0.9346 0.4727 1.3898, 0.9346 0.4727 1.3937, 0.9346 0.472 1.3898, 0.9346 0.472 1.3937, 0.9345 0.4709 1.3898, 0.9345 0.4709 1.3937, 0.9342 0.4701 1.3898, 0.9342 0.4701 1.3937, 0.9337 0.4693 1.3898, 0.9337 0.4693 1.3937, 0.9331 0.4688 1.3898, 0.9331 0.4688 1.3937, 0.9326 0.4684 1.3898, 0.9326 0.4684 1.3937, 0.9311 0.4679 1.3898, 0.9311 0.4679 1.3937, 0.9282 0.4676 1.3898, 0.9282 0.4676 1.3937, 0.9279 0.4676 1.3898, 0.9279 0.4676 1.3937, 0.9186 0.4707 1.3898, 0.9186 0.4707 1.3937, 0.9208 0.4693 1.3937, 0.9244 0.468 1.3898, 0.9244 0.468 1.3937, 0.9212 0.4692 1.3898, 0.9208 0.4693 1.3898, 0.9186 0.4648 1.3937, 0.9186 0.4648 1.3898, 0.9212 0.4639 1.3898, 0.9226 0.4634 1.3937, 0.9236 0.4633 1.3898, 0.9226 0.4634 1.3898, 0.9052 0.4637 1.3937, 0.9109 0.4637 1.3937, 0.9052 0.4687 1.3937, 0.9109 0.4846 1.3937, 0.9052 0.4843 1.3937, 0.8929 0.4776 1.3937, 0.8943 0.4782 1.3937, 0.8976 0.4789 1.3937, 0.9052 0.48 1.3937, 0.9052 0.4769 1.3937, 0.9031 0.4964 1.3937, 0.9019 0.4916 1.3937, 0.9053 0.4957 1.3937, 0.9029 0.4909 1.3937, 0.905 0.4868 1.3937, 0.9103 0.4893 1.3937, 0.9044 0.4888 1.3937, 0.9094 0.4918 1.3937, 0.9037 0.49 1.3937, 0.9082 0.4935 1.3937, 0.9071 0.4945 1.3937, 0.888 0.4938 1.3937, 0.888 0.4883 1.3937, 0.8897 0.4948 1.3937, 0.8919 0.4908 1.3937, 0.894 0.4963 1.3937, 0.8954 0.4919 1.3937, 0.8991 0.4969 1.3937, 0.8986 0.4922 1.3937, 0.9005 0.492 1.3937, 0.9052 0.4765 1.3937, 0.9048 0.4739 1.3937, 0.904 0.4719 1.3937, 0.905 0.4687 1.3937, 0.9027 0.4702 1.3937, 0.9041 0.4674 1.3937, 0.902 0.4695 1.3937, 0.9023 0.4654 1.3937, 0.9004 0.4685 1.3937, 0.9003 0.4641 1.3937, 0.8987 0.4678 1.3937, 0.898 0.4633 1.3937, 0.8966 0.4676 1.3937, 0.8951 0.4629 1.3937, 0.8946 0.4678 1.3937, 0.8917 0.4633 1.3937, 0.8934 0.4683 1.3937, 0.8895 0.4641 1.3937, 0.8922 0.4691 1.3937, 0.8876 0.4655 1.3937, 0.8917 0.4695 1.3937, 0.8956 0.483 1.3937, 0.8909 0.4818 1.3937, 0.8921 0.4769 1.3937, 0.8886 0.4805 1.3937, 0.8914 0.4761 1.3937, 0.8869 0.479 1.3937, 0.8909 0.475 1.3937, 0.8858 0.4771 1.3937, 0.8906 0.4737 1.3937, 0.8851 0.475 1.3937, 0.8906 0.4728 1.3937, 0.8848 0.4724 1.3937, 0.8907 0.4715 1.3937, 0.8851 0.4698 1.3937, 0.8911 0.4705 1.3937, 0.8858 0.4679 1.3937, 0.887 0.4661 1.3937, 0.8986 0.4922 1.3898, 0.9005 0.492 1.3898, 0.9019 0.4916 1.3898, 0.9029 0.4909 1.3898, 0.9037 0.49 1.3898, 0.9044 0.4888 1.3898, 0.905 0.4868 1.3898, 0.9052 0.4843 1.3898, 0.8956 0.483 1.3898, 0.8909 0.4818 1.3898, 0.8886 0.4805 1.3898, 0.8869 0.479 1.3898, 0.8858 0.4771 1.3898, 0.8851 0.475 1.3898, 0.8848 0.4724 1.3898, 0.8851 0.4698 1.3898, 0.8858 0.4679 1.3898, 0.887 0.4661 1.3898, 0.8876 0.4655 1.3898, 0.8951 0.4629 1.3898, 0.8918 0.4633 1.3898, 0.8917 0.4633 1.3898, 0.8895 0.4641 1.3898, 0.898 0.4633 1.3898, 0.8982 0.4633 1.3898, 0.9003 0.4641 1.3898, 0.9023 0.4654 1.3898, 0.9041 0.4674 1.3898, 0.905 0.4687 1.3898, 0.9052 0.4687 1.3898, 0.9052 0.4637 1.3898, 0.9109 0.4637 1.3898, 0.9109 0.4846 1.3898, 0.9103 0.4893 1.3898, 0.9094 0.4918 1.3898, 0.9082 0.4935 1.3898, 0.9071 0.4945 1.3898, 0.9053 0.4957 1.3898, 0.9031 0.4964 1.3898, 0.8991 0.4969 1.3898, 0.894 0.4963 1.3898, 0.8897 0.4948 1.3898, 0.888 0.4938 1.3898, 0.888 0.4883 1.3898, 0.8919 0.4908 1.3898, 0.8954 0.4919 1.3898, 0.9027 0.4702 1.3898, 0.902 0.4695 1.3898, 0.9004 0.4685 1.3898, 0.8987 0.4678 1.3898, 0.8966 0.4676 1.3898, 0.9052 0.4769 1.3898, 0.9052 0.4765 1.3898, 0.9048 0.4739 1.3898, 0.904 0.4719 1.3898, 0.9052 0.48 1.3898, 0.8976 0.4789 1.3898, 0.8921 0.4769 1.3898, 0.8929 0.4776 1.3898, 0.8943 0.4782 1.3898, 0.8906 0.4728 1.3898, 0.8906 0.4737 1.3898, 0.8909 0.475 1.3898, 0.8914 0.4761 1.3898, 0.8922 0.4691 1.3898, 0.8917 0.4695 1.3898, 0.8911 0.4705 1.3898, 0.8907 0.4715 1.3898, 0.8946 0.4678 1.3898, 0.8934 0.4683 1.3898
            ]
        }
        coordIndex [
            0,1,2,-1,0,2,3,-1,3,2,4,-1,3,4,5,-1,6,5,7,-1,7,5,4,-1,8,6,9,-1,9,6,7,-1,8,9,10,-1,10,9,11,-1,10,11,12,-1,13,10,14,-1,14,10,12,-1,13,14,15,-1,15,14,16,-1,15,16,17,-1,18,19,20,-1,20,19,15,-1,20,15,17,-1,19,18,21,-1,22,23,21,-1,21,23,24,-1,21,24,19,-1,22,25,23,-1,23,25,26,-1,23,26,27,-1,27,26,28,-1,27,28,29,-1,29,28,30,-1,29,30,31,-1,31,30,32,-1,31,32,33,-1,33,32,34,-1,33,34,35,-1,36,35,37,-1,37,35,34,-1,36,37,38,-1,36,38,39,-1,39,38,40,-1,39,40,41,-1,41,40,42,-1,41,42,43,-1,43,42,44,-1,43,44,45,-1,44,46,45,-1,45,46,47,-1,45,47,48,-1,48,47,49,-1,48,49,50,-1,50,49,51,-1,50,51,52,-1,52,51,53,-1,52,53,54,-1,55,56,57,-1,57,56,54,-1,57,54,53,-1,58,56,59,-1,59,56,55,-1,0,58,1,-1,1,58,59,-1,3,5,54,-1,56,58,54,-1,54,58,0,-1,54,0,3,-1,10,13,8,-1,8,13,15,-1,8,15,6,-1,52,24,50,-1,50,24,23,-1,35,36,33,-1,33,36,39,-1,33,39,31,-1,31,39,41,-1,31,41,29,-1,29,41,43,-1,29,43,27,-1,27,43,45,-1,27,45,23,-1,23,45,48,-1,23,48,50,-1,5,6,54,-1,54,6,15,-1,54,15,52,-1,52,15,19,-1,52,19,24,-1,60,61,62,-1,62,61,63,-1,61,64,63,-1,63,64,65,-1,63,65,66,-1,66,65,67,-1,66,67,68,-1,68,67,69,-1,68,69,70,-1,70,69,71,-1,70,71,72,-1,72,71,73,-1,72,73,74,-1,74,73,75,-1,74,75,76,-1,76,75,77,-1,76,77,78,-1,78,77,79,-1,78,79,80,-1,80,79,81,-1,80,81,82,-1,82,81,83,-1,82,83,84,-1,84,83,85,-1,84,85,86,-1,86,85,87,-1,86,87,88,-1,88,87,89,-1,88,89,90,-1,90,89,91,-1,90,91,92,-1,92,91,93,-1,92,93,94,-1,94,93,95,-1,94,95,96,-1,96,95,97,-1,96,97,98,-1,98,97,99,-1,98,99,100,-1,100,99,101,-1,100,101,102,-1,102,101,103,-1,102,103,104,-1,104,103,105,-1,104,105,106,-1,106,105,107,-1,106,107,108,-1,108,107,109,-1,108,109,110,-1,110,109,111,-1,110,111,112,-1,112,111,113,-1,112,113,114,-1,114,113,115,-1,114,115,116,-1,116,115,117,-1,116,117,118,-1,118,117,119,-1,118,119,120,-1,121,120,122,-1,122,120,119,-1,121,122,123,-1,121,123,124,-1,124,123,125,-1,124,125,126,-1,126,125,127,-1,126,127,128,-1,128,127,129,-1,128,129,130,-1,130,129,131,-1,130,131,132,-1,131,133,132,-1,132,133,134,-1,133,135,134,-1,134,135,136,-1,134,136,137,-1,137,136,138,-1,137,138,139,-1,139,138,140,-1,139,140,141,-1,141,140,142,-1,141,142,143,-1,143,142,144,-1,143,144,145,-1,145,144,146,-1,145,146,147,-1,148,149,150,-1,147,146,151,-1,147,151,152,-1,152,151,153,-1,152,153,150,-1,150,153,154,-1,150,154,148,-1,149,148,155,-1,149,155,156,-1,156,155,157,-1,156,157,158,-1,158,157,159,-1,158,159,160,-1,160,159,161,-1,160,161,162,-1,162,161,163,-1,162,163,164,-1,164,163,165,-1,164,165,166,-1,166,165,167,-1,166,167,168,-1,168,167,169,-1,168,169,170,-1,170,169,171,-1,170,171,172,-1,172,171,173,-1,172,173,174,-1,174,173,175,-1,174,175,176,-1,176,175,177,-1,176,177,178,-1,178,177,179,-1,178,179,180,-1,180,179,181,-1,180,181,182,-1,183,184,185,-1,182,181,186,-1,182,186,187,-1,187,186,188,-1,187,188,185,-1,185,188,189,-1,185,189,183,-1,190,184,191,-1,191,184,183,-1,191,192,190,-1,190,192,193,-1,60,62,194,-1,194,62,193,-1,194,193,195,-1,195,193,192,-1,106,108,130,-1,130,108,128,-1,156,88,149,-1,149,88,90,-1,66,68,172,-1,172,68,70,-1,172,70,170,-1,170,70,72,-1,170,72,168,-1,168,72,74,-1,168,74,166,-1,166,74,76,-1,166,76,164,-1,164,76,78,-1,164,78,162,-1,162,78,80,-1,162,80,160,-1,160,80,82,-1,160,82,158,-1,158,82,84,-1,158,84,156,-1,156,84,86,-1,156,86,88,-1,62,182,193,-1,193,182,187,-1,193,187,190,-1,190,187,185,-1,190,185,184,-1,108,110,128,-1,128,110,112,-1,128,112,126,-1,126,112,114,-1,126,114,124,-1,124,114,116,-1,124,116,121,-1,121,116,118,-1,121,118,120,-1,172,174,66,-1,66,174,176,-1,66,176,63,-1,63,176,178,-1,63,178,62,-1,62,178,180,-1,62,180,182,-1,130,132,106,-1,106,132,134,-1,106,134,104,-1,104,134,137,-1,104,137,102,-1,102,137,139,-1,102,139,100,-1,100,139,141,-1,100,141,98,-1,98,141,143,-1,98,143,96,-1,96,143,145,-1,96,145,94,-1,94,145,147,-1,94,147,92,-1,92,147,152,-1,92,152,90,-1,90,152,150,-1,90,150,149,-1,196,197,198,-1,198,197,199,-1,200,201,202,-1,203,204,199,-1,199,204,205,-1,206,207,208,-1,208,207,209,-1,202,203,200,-1,200,203,199,-1,200,199,210,-1,210,199,211,-1,210,211,212,-1,212,211,213,-1,212,213,214,-1,214,213,215,-1,214,215,209,-1,209,215,216,-1,209,216,208,-1,217,218,219,-1,219,218,220,-1,219,220,221,-1,221,220,222,-1,221,222,223,-1,223,222,224,-1,223,224,206,-1,206,224,225,-1,206,225,207,-1,205,226,199,-1,199,226,227,-1,199,227,198,-1,198,227,228,-1,198,228,229,-1,229,228,230,-1,229,230,231,-1,231,230,232,-1,231,232,233,-1,233,232,234,-1,233,234,235,-1,235,234,236,-1,235,236,237,-1,237,236,238,-1,237,238,239,-1,239,238,240,-1,239,240,241,-1,241,240,242,-1,241,242,243,-1,243,242,244,-1,243,244,245,-1,245,244,246,-1,200,247,201,-1,201,247,248,-1,201,248,249,-1,249,248,250,-1,249,250,251,-1,251,250,252,-1,251,252,253,-1,253,252,254,-1,253,254,255,-1,255,254,256,-1,255,256,257,-1,257,256,258,-1,257,258,259,-1,259,258,260,-1,259,260,261,-1,261,260,262,-1,261,262,246,-1,246,262,263,-1,246,263,245,-1,224,264,265,-1,224,265,225,-1,225,265,266,-1,225,266,207,-1,207,266,267,-1,207,267,209,-1,209,267,268,-1,209,268,214,-1,214,268,269,-1,214,269,212,-1,212,269,270,-1,212,270,210,-1,210,270,271,-1,210,271,200,-1,247,200,272,-1,272,200,271,-1,247,272,273,-1,247,273,248,-1,248,273,274,-1,248,274,250,-1,250,274,275,-1,250,275,252,-1,252,275,276,-1,252,276,254,-1,254,276,277,-1,254,277,256,-1,256,277,278,-1,256,278,258,-1,258,278,279,-1,258,279,260,-1,260,279,280,-1,260,280,262,-1,262,280,281,-1,262,281,263,-1,263,281,282,-1,263,282,245,-1,283,239,284,-1,284,239,241,-1,284,241,285,-1,285,241,243,-1,285,243,286,-1,286,243,245,-1,286,245,282,-1,239,283,287,-1,239,287,237,-1,237,287,288,-1,237,288,235,-1,288,289,235,-1,235,289,290,-1,235,290,233,-1,233,290,291,-1,233,291,231,-1,231,291,292,-1,231,292,229,-1,198,229,293,-1,293,229,292,-1,196,198,294,-1,294,198,293,-1,197,196,295,-1,295,196,294,-1,199,197,296,-1,296,197,295,-1,199,296,297,-1,199,297,211,-1,211,297,298,-1,211,298,213,-1,213,298,299,-1,213,299,215,-1,215,299,300,-1,215,300,216,-1,216,300,301,-1,216,301,208,-1,208,301,302,-1,208,302,206,-1,206,302,303,-1,206,303,223,-1,223,303,304,-1,223,304,221,-1,221,304,305,-1,221,305,219,-1,219,305,306,-1,219,306,217,-1,218,217,307,-1,307,217,306,-1,218,307,308,-1,218,308,220,-1,220,308,309,-1,220,309,222,-1,222,309,264,-1,222,264,224,-1,230,310,311,-1,230,311,232,-1,232,311,312,-1,232,312,234,-1,234,312,313,-1,234,313,236,-1,236,313,314,-1,236,314,238,-1,205,315,316,-1,205,316,226,-1,226,316,317,-1,226,317,227,-1,227,317,318,-1,227,318,228,-1,228,318,310,-1,228,310,230,-1,205,204,315,-1,315,204,319,-1,204,203,319,-1,319,203,320,-1,249,321,322,-1,249,322,201,-1,201,322,323,-1,201,323,202,-1,202,323,320,-1,202,320,203,-1,257,324,325,-1,257,325,255,-1,255,325,326,-1,255,326,253,-1,253,326,327,-1,253,327,251,-1,251,327,321,-1,251,321,249,-1,244,328,329,-1,244,329,246,-1,246,329,330,-1,246,330,261,-1,261,330,331,-1,261,331,259,-1,259,331,324,-1,259,324,257,-1,238,314,332,-1,238,332,240,-1,240,332,333,-1,240,333,242,-1,242,333,328,-1,242,328,244,-1,
        ]
    }
}
Shape{
    appearance Appearance {
        material  Material 	{
            diffuseColor 0.20784313725490197 0.20784313725490197 0.20784313725490197
            specularColor 0.01568627450980392 0.01568627450980392 0.01568627450980392
            ambientIntensity 0.298
            transparency 0.0
            shininess 0.5
        }
    }
    geometry IndexedFaceSet {
        ccw TRUE
        solid FALSE
        coord DEF co Coordinate {
            point [
                0.9052 0.48 1.3898, 0.8976 0.4789 1.3898, 0.9052 0.4769 1.3898, 0.8943 0.4782 1.3898, 0.8929 0.4776 1.3898, 0.8921 0.4769 1.3898, 0.9052 0.4765 1.3898, 0.9048 0.4739 1.3898, 0.8914 0.4761 1.3898, 0.904 0.4719 1.3898, 0.8917 0.4695 1.3898, 0.8922 0.4691 1.3898, 0.902 0.4695 1.3898, 0.8911 0.4705 1.3898, 0.9004 0.4685 1.3898, 0.8987 0.4678 1.3898, 0.8966 0.4676 1.3898, 0.8909 0.475 1.3898, 0.8906 0.4737 1.3898, 0.9027 0.4702 1.3898, 0.8906 0.4728 1.3898, 0.8907 0.4715 1.3898, 0.8934 0.4683 1.3898, 0.8946 0.4678 1.3898
            ]
        }
        coordIndex [
            0,1,2,-1,2,1,3,-1,3,4,2,-1,2,4,5,-1,2,5,6,-1,6,5,7,-1,7,5,8,-1,7,8,9,-1,10,11,12,-1,10,12,13,-1,14,12,15,-1,15,12,16,-1,8,17,9,-1,9,17,18,-1,9,18,19,-1,19,18,20,-1,19,20,12,-1,12,20,21,-1,12,21,13,-1,11,22,12,-1,12,22,23,-1,12,23,16,-1,
        ]
    }
}
Shape{
    appearance Appearance {
        material  Material 	{
            diffuseColor 1.0 1.0 1.0
            specularColor 0.8784313725490196 0.8784313725490196 0.8784313725490196
            ambientIntensity 1.0
            transparency 0.0
            shininess 0.5
        }
    }
    geometry IndexedFaceSet {
        ccw TRUE
        solid FALSE
        coord DEF co Coordinate {
            point [
                0.6545 0.4572 1.3937, 0.6593 0.4513 1.3937, 0.6516 0.4858 1.3937, 0.6459 0.5419 1.3937, 0.6531 0.5457 1.3937, 0.6514 0.5656 1.3937, 0.6716 0.5665 1.3937, 0.6816 0.5429 1.3937, 0.6865 0.5532 1.3937, 0.6445 0.4902 1.3937, 0.6472 0.4654 1.3937, 0.6512 0.4642 1.3937, 0.6642 0.5671 1.3937, 0.6843 0.4865 1.3937, 0.6873 0.4854 1.3937, 0.7142 0.4777 1.3937, 0.6899 0.4837 1.3937, 0.6919 0.4813 1.3937, 0.7594 0.5016 1.3937, 0.7494 0.5187 1.3937, 0.7061 0.4961 1.3937, 0.6816 0.4868 1.3937, 0.6784 0.4864 1.3937, 0.6742 0.5062 1.3937, 0.6756 0.4853 1.3937, 0.6671 0.5034 1.3937, 0.6731 0.4835 1.3937, 0.6605 0.4988 1.3937, 0.6718 0.4821 1.3937, 0.6551 0.4927 1.3937, 0.6701 0.4794 1.3937, 0.6692 0.4764 1.3937, 0.669 0.4733 1.3937, 0.6936 0.505 1.3937, 0.6858 0.5069 1.3937, 0.6819 0.5071 1.3937, 0.6933 0.4787 1.3937, 0.6941 0.4757 1.3937, 0.7142 0.4745 1.3937, 0.6941 0.4727 1.3937, 0.714 0.4711 1.3937, 0.77 0.5336 1.3937, 0.7726 0.5336 1.3937, 0.7858 0.551 1.3937, 0.7788 0.5328 1.3937, 0.7874 0.5505 1.3937, 0.7844 0.5306 1.3937, 0.797 0.5457 1.3937, 0.8058 0.5383 1.3937, 0.6782 0.5742 1.3937, 0.6938 0.5618 1.3937, 0.6858 0.5807 1.3937, 0.7024 0.5681 1.3937, 0.6937 0.5856 1.3937, 0.6611 0.5476 1.3937, 0.6645 0.5478 1.3937, 0.6679 0.5669 1.3937, 0.6721 0.5468 1.3937, 0.6794 0.5442 1.3937, 0.7005 0.5013 1.3937, 0.8058 0.4781 1.3937, 0.7908 0.4909 1.3937, 0.7971 0.4706 1.3937, 0.7861 0.487 1.3937, 0.7872 0.4658 1.3937, 0.7804 0.4844 1.3937, 0.7765 0.4635 1.3937, 0.7745 0.4832 1.3937, 0.7574 0.4635 1.3937, 0.76 0.4832 1.3937, 0.7556 0.4638 1.3937, 0.6696 0.4702 1.3937, 0.6709 0.4675 1.3937, 0.7894 0.5271 1.3937, 0.7931 0.523 1.3937, 0.8123 0.5291 1.3937, 0.7961 0.5175 1.3937, 0.8163 0.5193 1.3937, 0.7976 0.5113 1.3937, 0.8178 0.5087 1.3937, 0.7978 0.5084 1.3937, 0.8163 0.4972 1.3937, 0.797 0.5021 1.3937, 0.8123 0.487 1.3937, 0.7948 0.4964 1.3937, 0.7912 0.4913 1.3937, 0.7684 0.5765 1.3937, 0.7557 0.5617 1.3937, 0.7791 0.5641 1.3937, 0.763 0.553 1.3937, 0.768 0.5426 1.3937, 0.6332 0.5233 1.3937, 0.612 0.5179 1.3937, 0.6322 0.5155 1.3937, 0.6119 0.5149 1.3937, 0.6326 0.5105 1.3937, 0.6134 0.5022 1.3937, 0.6349 0.5026 1.3937, 0.6181 0.4902 1.3937, 0.6387 0.4961 1.3937, 0.6254 0.4797 1.3937, 0.6355 0.4711 1.3937, 0.7121 0.4631 1.3937, 0.6933 0.4696 1.3937, 0.7083 0.4559 1.3937, 0.6918 0.4669 1.3937, 0.7034 0.4505 1.3937, 0.6901 0.4649 1.3937, 0.6969 0.446 1.3937, 0.6876 0.4631 1.3937, 0.6897 0.4432 1.3937, 0.6848 0.462 1.3937, 0.6819 0.4422 1.3937, 0.6816 0.4616 1.3937, 0.6807 0.4423 1.3937, 0.681 0.4616 1.3937, 0.6731 0.4434 1.3937, 0.6781 0.4621 1.3937, 0.6656 0.4466 1.3937, 0.6752 0.4633 1.3937, 0.6727 0.4652 1.3937, 0.7085 0.5913 1.3937, 0.7129 0.5724 1.3937, 0.7245 0.5933 1.3937, 0.7248 0.5739 1.3937, 0.7378 0.5919 1.3937, 0.7358 0.5726 1.3937, 0.754 0.5862 1.3937, 0.7459 0.5687 1.3937, 0.755 0.5624 1.3937, 0.6395 0.5609 1.3937, 0.6292 0.5537 1.3937, 0.6404 0.537 1.3937, 0.627 0.5517 1.3937, 0.6359 0.5305 1.3937, 0.6193 0.5417 1.3937, 0.6141 0.5301 1.3937, 0.7584 0.4835 1.3937, 0.7506 0.4669 1.3937, 0.7514 0.4662 1.3937, 0.7594 0.4833 1.3937, 0.7535 0.4647 1.3937, 0.7481 0.4735 1.3937, 0.7484 0.4711 1.3937, 0.7492 0.469 1.3937, 0.7556 0.4832 1.3937, 0.7534 0.4824 1.3937, 0.7482 0.4748 1.3937, 0.7514 0.4809 1.3937, 0.75 0.4795 1.3937, 0.7488 0.4773 1.3937, 0.7581 0.4836 1.3937, 0.8079 0.5353 1.3898, 0.8123 0.5291 1.3898, 0.8152 0.522 1.3898, 0.8163 0.5193 1.3898, 0.8178 0.5087 1.3898, 0.8058 0.5383 1.3898, 0.797 0.5457 1.3898, 0.7874 0.5505 1.3898, 0.7858 0.551 1.3898, 0.7791 0.5641 1.3898, 0.7684 0.5765 1.3898, 0.761 0.5815 1.3898, 0.754 0.5862 1.3898, 0.7378 0.5919 1.3898, 0.7245 0.5933 1.3898, 0.6858 0.5807 1.3898, 0.6871 0.5815 1.3898, 0.6937 0.5856 1.3898, 0.7085 0.5913 1.3898, 0.6782 0.5742 1.3898, 0.6716 0.5665 1.3898, 0.6679 0.5669 1.3898, 0.6642 0.5671 1.3898, 0.6514 0.5656 1.3898, 0.6395 0.5609 1.3898, 0.6292 0.5537 1.3898, 0.627 0.5517 1.3898, 0.6193 0.5417 1.3898, 0.6165 0.5353 1.3898, 0.6141 0.5301 1.3898, 0.6127 0.522 1.3898, 0.612 0.5179 1.3898, 0.6119 0.5149 1.3898, 0.6134 0.5022 1.3898, 0.6181 0.4902 1.3898, 0.6254 0.4797 1.3898, 0.6355 0.4711 1.3898, 0.6472 0.4654 1.3898, 0.6512 0.4642 1.3898, 0.6517 0.4633 1.3898, 0.6545 0.4572 1.3898, 0.6593 0.4513 1.3898, 0.6656 0.4466 1.3898, 0.6686 0.4453 1.3898, 0.6731 0.4434 1.3898, 0.6807 0.4423 1.3898, 0.6819 0.4422 1.3898, 0.7142 0.4745 1.3898, 0.6897 0.4432 1.3898, 0.6953 0.4453 1.3898, 0.6969 0.446 1.3898, 0.7034 0.4505 1.3898, 0.7083 0.4559 1.3898, 0.7121 0.4631 1.3898, 0.7121 0.4633 1.3898, 0.714 0.4711 1.3898, 0.7142 0.4777 1.3898, 0.7594 0.5016 1.3898, 0.7494 0.5187 1.3898, 0.7061 0.4961 1.3898, 0.7005 0.5013 1.3898, 0.6936 0.505 1.3898, 0.6858 0.5069 1.3898, 0.6819 0.5071 1.3898, 0.6742 0.5062 1.3898, 0.6671 0.5034 1.3898, 0.6605 0.4988 1.3898, 0.6551 0.4927 1.3898, 0.6516 0.4858 1.3898, 0.6445 0.4902 1.3898, 0.6387 0.4961 1.3898, 0.6349 0.5026 1.3898, 0.6326 0.5105 1.3898, 0.6322 0.5155 1.3898, 0.633 0.522 1.3898, 0.6332 0.5233 1.3898, 0.6359 0.5305 1.3898, 0.6393 0.5353 1.3898, 0.6404 0.537 1.3898, 0.6459 0.5419 1.3898, 0.6531 0.5457 1.3898, 0.6611 0.5476 1.3898, 0.6645 0.5478 1.3898, 0.6721 0.5468 1.3898, 0.6794 0.5442 1.3898, 0.6816 0.5429 1.3898, 0.6865 0.5532 1.3898, 0.6938 0.5618 1.3898, 0.7024 0.5681 1.3898, 0.7129 0.5724 1.3898, 0.7248 0.5739 1.3898, 0.77 0.5336 1.3898, 0.7696 0.5353 1.3898, 0.768 0.5426 1.3898, 0.763 0.553 1.3898, 0.7557 0.5617 1.3898, 0.755 0.5624 1.3898, 0.7459 0.5687 1.3898, 0.7358 0.5726 1.3898, 0.7726 0.5336 1.3898, 0.7788 0.5328 1.3898, 0.7844 0.5306 1.3898, 0.7894 0.5271 1.3898, 0.7931 0.523 1.3898, 0.7936 0.522 1.3898, 0.7961 0.5175 1.3898, 0.7976 0.5113 1.3898, 0.7978 0.5084 1.3898, 0.797 0.5021 1.3898, 0.7948 0.4964 1.3898, 0.7912 0.4913 1.3898, 0.7908 0.4909 1.3898, 0.7861 0.487 1.3898, 0.7804 0.4844 1.3898, 0.7745 0.4832 1.3898, 0.76 0.4832 1.3898, 0.7594 0.4833 1.3898, 0.7584 0.4835 1.3898, 0.7581 0.4836 1.3898, 0.7556 0.4832 1.3898, 0.7534 0.4824 1.3898, 0.7514 0.4809 1.3898, 0.75 0.4795 1.3898, 0.7488 0.4773 1.3898, 0.7482 0.4748 1.3898, 0.7481 0.4735 1.3898, 0.7484 0.4711 1.3898, 0.7492 0.469 1.3898, 0.7506 0.4669 1.3898, 0.7514 0.4662 1.3898, 0.7535 0.4647 1.3898, 0.7556 0.4638 1.3898, 0.7574 0.4635 1.3898, 0.7765 0.4635 1.3898, 0.7872 0.4658 1.3898, 0.7971 0.4706 1.3898, 0.8058 0.4781 1.3898, 0.8123 0.487 1.3898, 0.8163 0.4972 1.3898, 0.6816 0.4868 1.3898, 0.6843 0.4865 1.3898, 0.6873 0.4854 1.3898, 0.6899 0.4837 1.3898, 0.6919 0.4813 1.3898, 0.6933 0.4787 1.3898, 0.6941 0.4757 1.3898, 0.6941 0.4727 1.3898, 0.6933 0.4696 1.3898, 0.6918 0.4669 1.3898, 0.6901 0.4649 1.3898, 0.6876 0.4631 1.3898, 0.6848 0.462 1.3898, 0.6816 0.4616 1.3898, 0.681 0.4616 1.3898, 0.6781 0.4621 1.3898, 0.6752 0.4633 1.3898, 0.6727 0.4652 1.3898, 0.6709 0.4675 1.3898, 0.6696 0.4702 1.3898, 0.669 0.4733 1.3898, 0.6692 0.4764 1.3898, 0.6701 0.4794 1.3898, 0.6718 0.4821 1.3898, 0.6731 0.4835 1.3898, 0.6756 0.4853 1.3898, 0.6784 0.4864 1.3898
            ]
        }
        coordIndex [
            0,1,2,-1,3,4,5,-1,6,7,8,-1,9,10,2,-1,2,10,11,-1,2,11,0,-1,5,4,12,-1,13,14,15,-1,15,14,16,-1,15,16,17,-1,18,19,15,-1,15,19,20,-1,15,20,13,-1,13,20,21,-1,22,23,24,-1,24,23,25,-1,24,25,26,-1,26,25,27,-1,26,27,28,-1,28,27,29,-1,28,29,30,-1,30,29,2,-1,30,2,31,-1,31,2,32,-1,33,34,22,-1,22,34,35,-1,22,35,23,-1,17,36,15,-1,15,36,37,-1,15,37,38,-1,38,37,39,-1,38,39,40,-1,41,42,43,-1,43,42,44,-1,43,44,45,-1,45,44,46,-1,45,46,47,-1,47,46,48,-1,6,8,49,-1,49,8,50,-1,49,50,51,-1,51,50,52,-1,51,52,53,-1,4,54,12,-1,12,54,55,-1,12,55,56,-1,56,55,57,-1,56,57,6,-1,6,57,58,-1,6,58,7,-1,21,20,22,-1,22,20,59,-1,22,59,33,-1,60,61,62,-1,62,61,63,-1,62,63,64,-1,64,63,65,-1,64,65,66,-1,66,65,67,-1,66,67,68,-1,68,67,69,-1,68,69,70,-1,32,2,71,-1,71,2,1,-1,71,1,72,-1,46,73,48,-1,48,73,74,-1,48,74,75,-1,75,74,76,-1,75,76,77,-1,77,76,78,-1,77,78,79,-1,79,78,80,-1,79,80,81,-1,81,80,82,-1,81,82,83,-1,83,82,84,-1,83,84,60,-1,60,84,85,-1,60,85,61,-1,86,87,88,-1,88,87,89,-1,88,89,43,-1,43,89,90,-1,43,90,41,-1,91,92,93,-1,93,92,94,-1,93,94,95,-1,95,94,96,-1,95,96,97,-1,97,96,98,-1,97,98,99,-1,99,98,100,-1,99,100,9,-1,9,100,101,-1,9,101,10,-1,40,39,102,-1,102,39,103,-1,102,103,104,-1,104,103,105,-1,104,105,106,-1,106,105,107,-1,106,107,108,-1,108,107,109,-1,108,109,110,-1,110,109,111,-1,110,111,112,-1,112,111,113,-1,112,113,114,-1,114,113,115,-1,114,115,116,-1,116,115,117,-1,116,117,118,-1,118,117,119,-1,118,119,1,-1,1,119,120,-1,1,120,72,-1,53,52,121,-1,121,52,122,-1,121,122,123,-1,123,122,124,-1,123,124,125,-1,125,124,126,-1,125,126,127,-1,127,126,128,-1,127,128,86,-1,86,128,129,-1,86,129,87,-1,5,130,3,-1,3,130,131,-1,3,131,132,-1,132,131,133,-1,132,133,134,-1,134,133,135,-1,134,135,91,-1,91,135,136,-1,91,136,92,-1,137,138,139,-1,69,140,70,-1,70,140,137,-1,70,137,141,-1,141,137,139,-1,142,143,137,-1,137,143,144,-1,137,144,138,-1,145,146,147,-1,146,148,147,-1,147,148,149,-1,147,149,150,-1,142,137,147,-1,147,137,151,-1,147,151,145,-1,152,48,153,-1,153,48,75,-1,153,75,154,-1,154,75,77,-1,154,77,155,-1,155,77,79,-1,155,79,156,-1,152,157,48,-1,48,157,158,-1,48,158,47,-1,47,158,159,-1,47,159,45,-1,45,159,160,-1,45,160,43,-1,43,160,161,-1,43,161,88,-1,88,161,162,-1,88,162,86,-1,86,162,127,-1,127,162,163,-1,163,164,127,-1,127,164,165,-1,127,165,125,-1,125,165,166,-1,125,166,123,-1,167,51,168,-1,168,51,53,-1,168,53,169,-1,169,53,121,-1,169,121,170,-1,170,121,123,-1,170,123,166,-1,51,167,171,-1,51,171,49,-1,49,171,172,-1,49,172,6,-1,6,172,173,-1,6,173,56,-1,56,173,174,-1,56,174,12,-1,12,174,175,-1,12,175,5,-1,5,175,176,-1,5,176,130,-1,130,176,177,-1,130,177,131,-1,131,177,178,-1,131,178,133,-1,136,135,179,-1,179,135,133,-1,179,133,178,-1,179,180,136,-1,136,180,181,-1,136,181,92,-1,92,181,182,-1,182,183,92,-1,92,183,184,-1,92,184,94,-1,94,184,185,-1,94,185,96,-1,96,185,186,-1,96,186,98,-1,98,186,187,-1,98,187,100,-1,100,187,188,-1,100,188,101,-1,101,188,189,-1,101,189,10,-1,10,189,190,-1,10,190,11,-1,11,190,191,-1,11,191,0,-1,191,192,0,-1,0,192,193,-1,0,193,1,-1,1,193,194,-1,1,194,118,-1,118,194,195,-1,118,195,116,-1,195,196,116,-1,116,196,197,-1,116,197,114,-1,114,197,198,-1,114,198,112,-1,199,38,40,-1,112,198,200,-1,112,200,110,-1,110,200,201,-1,110,201,108,-1,201,202,108,-1,108,202,203,-1,108,203,106,-1,106,203,204,-1,106,204,104,-1,104,204,205,-1,104,205,102,-1,102,205,206,-1,102,206,40,-1,40,206,207,-1,40,207,199,-1,15,38,208,-1,208,38,199,-1,18,15,209,-1,209,15,208,-1,19,18,210,-1,210,18,209,-1,20,19,211,-1,211,19,210,-1,20,211,212,-1,20,212,59,-1,59,212,213,-1,59,213,33,-1,33,213,214,-1,33,214,34,-1,34,214,215,-1,34,215,35,-1,35,215,216,-1,35,216,23,-1,23,216,217,-1,23,217,25,-1,25,217,218,-1,25,218,27,-1,27,218,219,-1,27,219,29,-1,29,219,220,-1,29,220,2,-1,2,220,221,-1,2,221,9,-1,9,221,222,-1,9,222,99,-1,99,222,223,-1,99,223,97,-1,97,223,224,-1,97,224,95,-1,95,224,225,-1,95,225,93,-1,225,226,93,-1,93,226,91,-1,226,227,91,-1,91,227,228,-1,91,228,134,-1,134,228,229,-1,134,229,132,-1,229,230,132,-1,132,230,231,-1,132,231,3,-1,3,231,232,-1,3,232,4,-1,4,232,233,-1,4,233,54,-1,54,233,234,-1,54,234,55,-1,55,234,235,-1,55,235,57,-1,57,235,236,-1,57,236,58,-1,58,236,237,-1,58,237,7,-1,7,237,238,-1,7,238,8,-1,8,238,239,-1,8,239,50,-1,50,239,240,-1,50,240,52,-1,52,240,241,-1,52,241,122,-1,122,241,242,-1,122,242,124,-1,243,41,244,-1,244,41,90,-1,244,90,245,-1,245,90,89,-1,245,89,246,-1,246,89,87,-1,246,87,247,-1,247,87,129,-1,247,129,248,-1,248,129,128,-1,248,128,249,-1,249,128,126,-1,249,126,250,-1,250,126,124,-1,250,124,242,-1,42,41,251,-1,251,41,243,-1,42,251,252,-1,42,252,44,-1,44,252,253,-1,44,253,46,-1,46,253,254,-1,46,254,73,-1,73,254,255,-1,73,255,74,-1,74,255,256,-1,74,256,76,-1,256,257,76,-1,76,257,258,-1,76,258,78,-1,78,258,259,-1,78,259,80,-1,80,259,260,-1,80,260,82,-1,82,260,261,-1,82,261,84,-1,84,261,262,-1,84,262,85,-1,85,262,263,-1,85,263,61,-1,61,263,264,-1,61,264,63,-1,63,264,265,-1,63,265,65,-1,65,265,266,-1,65,266,67,-1,69,67,267,-1,267,67,266,-1,69,267,268,-1,69,268,140,-1,140,268,269,-1,140,269,137,-1,137,269,270,-1,137,270,151,-1,151,270,271,-1,151,271,145,-1,145,271,272,-1,145,272,146,-1,146,272,273,-1,146,273,148,-1,148,273,274,-1,148,274,149,-1,149,274,275,-1,149,275,150,-1,150,275,276,-1,150,276,147,-1,147,276,277,-1,147,277,142,-1,142,277,278,-1,142,278,143,-1,143,278,279,-1,143,279,144,-1,144,279,280,-1,144,280,138,-1,138,280,281,-1,138,281,139,-1,139,281,282,-1,139,282,141,-1,141,282,283,-1,141,283,70,-1,70,283,284,-1,70,284,68,-1,66,68,285,-1,285,68,284,-1,66,285,286,-1,66,286,64,-1,64,286,287,-1,64,287,62,-1,62,287,288,-1,62,288,60,-1,60,288,289,-1,60,289,83,-1,83,289,290,-1,83,290,81,-1,81,290,156,-1,81,156,79,-1,21,291,292,-1,21,292,13,-1,13,292,293,-1,13,293,14,-1,14,293,294,-1,14,294,16,-1,16,294,295,-1,16,295,17,-1,17,295,296,-1,17,296,36,-1,36,296,297,-1,36,297,37,-1,37,297,298,-1,37,298,39,-1,39,298,299,-1,39,299,103,-1,103,299,300,-1,103,300,105,-1,105,300,301,-1,105,301,107,-1,107,301,302,-1,107,302,109,-1,109,302,303,-1,109,303,111,-1,111,303,304,-1,111,304,113,-1,113,304,305,-1,113,305,115,-1,115,305,306,-1,115,306,117,-1,117,306,307,-1,117,307,119,-1,119,307,308,-1,119,308,120,-1,120,308,309,-1,120,309,72,-1,72,309,310,-1,72,310,71,-1,71,310,311,-1,71,311,32,-1,32,311,312,-1,32,312,31,-1,31,312,313,-1,31,313,30,-1,30,313,314,-1,30,314,28,-1,28,314,315,-1,28,315,26,-1,26,315,316,-1,26,316,24,-1,24,316,317,-1,24,317,22,-1,22,317,291,-1,22,291,21,-1,
        ]
    }
}
Shape{
    appearance Appearance {
        material  Material 	{
            diffuseColor 0.20784313725490197 0.20784313725490197 0.20784313725490197
            specularColor 0.01568627450980392 0.01568627450980392 0.01568627450980392
            ambientIntensity 0.298
            transparency 0.0
            shininess 0.5
        }
    }
    geometry IndexedFaceSet {
        ccw TRUE
        solid FALSE
        coord DEF co Coordinate {
            point [
                0.681 0.4616 1.3898, 0.6731 0.4835 1.3898, 0.6718 0.4821 1.3898, 0.6848 0.462 1.3898, 0.6876 0.4631 1.3898, 0.6843 0.4865 1.3898, 0.6816 0.4868 1.3898, 0.6784 0.4864 1.3898, 0.6756 0.4853 1.3898, 0.6696 0.4702 1.3898, 0.6709 0.4675 1.3898, 0.6727 0.4652 1.3898, 0.6816 0.4616 1.3898, 0.6701 0.4794 1.3898, 0.6692 0.4764 1.3898, 0.669 0.4733 1.3898, 0.6752 0.4633 1.3898, 0.6781 0.4621 1.3898, 0.6901 0.4649 1.3898, 0.6918 0.4669 1.3898, 0.6933 0.4696 1.3898, 0.6941 0.4727 1.3898, 0.6941 0.4757 1.3898, 0.6933 0.4787 1.3898, 0.6919 0.4813 1.3898, 0.6899 0.4837 1.3898, 0.6873 0.4854 1.3898
            ]
        }
        coordIndex [
            0,1,2,-1,3,4,5,-1,6,7,0,-1,0,7,8,-1,0,8,1,-1,9,10,2,-1,2,10,11,-1,6,0,5,-1,5,0,12,-1,5,12,3,-1,13,14,2,-1,2,14,15,-1,2,15,9,-1,11,16,2,-1,2,16,17,-1,2,17,0,-1,4,18,5,-1,5,18,19,-1,5,19,20,-1,20,21,5,-1,5,21,22,-1,5,22,23,-1,23,24,5,-1,5,24,25,-1,5,25,26,-1,
        ]
    }
}
Shape{
    appearance Appearance {
        material  Material 	{
            diffuseColor 1.0 1.0 1.0
            specularColor 0.8784313725490196 0.8784313725490196 0.8784313725490196
            ambientIntensity 1.0
            transparency 0.0
            shininess 0.5
        }
    }
    geometry IndexedFaceSet {
        ccw TRUE
        solid FALSE
        coord DEF co Coordinate {
            point [
                0.9851 0.5486 1.3937, 0.9828 0.5456 1.3937, 0.9869 0.5421 1.3937, 0.9818 0.5447 1.3937, 0.9821 0.5386 1.3937, 0.9787 0.5428 1.3937, 0.9769 0.5366 1.3937, 0.9748 0.5414 1.3937, 0.9693 0.5357 1.3937, 0.9693 0.5409 1.3937, 0.9568 0.5357 1.3937, 0.9627 0.5409 1.3937, 0.9568 0.5811 1.3937, 0.9627 0.5759 1.3937, 0.9698 0.5811 1.3937, 0.9695 0.5759 1.3937, 0.9774 0.5802 1.3937, 0.9752 0.5753 1.3937, 0.9828 0.578 1.3937, 0.9792 0.5739 1.3937, 0.9869 0.5751 1.3937, 0.9826 0.5716 1.3937, 0.989 0.573 1.3937, 0.9841 0.5701 1.3937, 0.9917 0.5689 1.3937, 0.9858 0.5675 1.3937, 0.9932 0.5644 1.3937, 0.9871 0.564 1.3937, 0.9938 0.559 1.3937, 0.9876 0.5588 1.3937, 0.9936 0.5557 1.3937, 0.9875 0.5562 1.3937, 0.9924 0.5504 1.3937, 0.9867 0.552 1.3937, 0.9901 0.5458 1.3937, 0.9869 0.5421 1.3898, 0.9901 0.5458 1.3898, 0.9924 0.5504 1.3898, 0.9936 0.5557 1.3898, 0.9938 0.559 1.3898, 0.9932 0.5644 1.3898, 0.9917 0.5689 1.3898, 0.989 0.573 1.3898, 0.9869 0.5751 1.3898, 0.9828 0.578 1.3898, 0.9774 0.5802 1.3898, 0.9698 0.5811 1.3898, 0.9568 0.5811 1.3898, 0.9568 0.5357 1.3898, 0.9693 0.5357 1.3898, 0.9769 0.5366 1.3898, 0.9821 0.5386 1.3898, 0.9826 0.5716 1.3898, 0.9841 0.5701 1.3898, 0.9858 0.5675 1.3898, 0.9871 0.564 1.3898, 0.9876 0.5588 1.3898, 0.9695 0.5759 1.3898, 0.9752 0.5753 1.3898, 0.9792 0.5739 1.3898, 0.9627 0.5759 1.3898, 0.9627 0.5409 1.3898, 0.9693 0.5409 1.3898, 0.9828 0.5456 1.3898, 0.9818 0.5447 1.3898, 0.9787 0.5428 1.3898, 0.9748 0.5414 1.3898, 0.9875 0.5562 1.3898, 0.9867 0.552 1.3898, 0.9851 0.5486 1.3898
            ]
        }
        coordIndex [
            0,1,2,-1,2,1,3,-1,2,3,4,-1,4,3,5,-1,4,5,6,-1,6,5,7,-1,6,7,8,-1,8,7,9,-1,8,9,10,-1,10,9,11,-1,10,11,12,-1,12,11,13,-1,12,13,14,-1,14,13,15,-1,14,15,16,-1,16,15,17,-1,16,17,18,-1,18,17,19,-1,18,19,20,-1,20,19,21,-1,20,21,22,-1,22,21,23,-1,22,23,24,-1,24,23,25,-1,24,25,26,-1,26,25,27,-1,26,27,28,-1,28,27,29,-1,28,29,30,-1,30,29,31,-1,30,31,32,-1,32,31,33,-1,32,33,34,-1,34,33,0,-1,34,0,2,-1,2,35,36,-1,2,36,34,-1,34,36,37,-1,34,37,32,-1,32,37,38,-1,32,38,30,-1,30,38,39,-1,30,39,28,-1,28,39,40,-1,28,40,26,-1,26,40,41,-1,26,41,24,-1,24,41,42,-1,24,42,22,-1,22,42,43,-1,22,43,20,-1,20,43,44,-1,20,44,18,-1,18,44,45,-1,18,45,16,-1,16,45,46,-1,16,46,14,-1,12,14,47,-1,47,14,46,-1,10,12,48,-1,48,12,47,-1,8,10,49,-1,49,10,48,-1,8,49,50,-1,8,50,6,-1,6,50,51,-1,6,51,4,-1,4,51,35,-1,4,35,2,-1,21,52,53,-1,21,53,23,-1,23,53,54,-1,23,54,25,-1,25,54,55,-1,25,55,27,-1,27,55,56,-1,27,56,29,-1,15,57,58,-1,15,58,17,-1,17,58,59,-1,17,59,19,-1,19,59,52,-1,19,52,21,-1,15,13,57,-1,57,13,60,-1,13,11,60,-1,60,11,61,-1,11,9,61,-1,61,9,62,-1,1,63,64,-1,1,64,3,-1,3,64,65,-1,3,65,5,-1,5,65,66,-1,5,66,7,-1,7,66,62,-1,7,62,9,-1,29,56,67,-1,29,67,31,-1,31,67,68,-1,31,68,33,-1,33,68,69,-1,33,69,0,-1,0,69,63,-1,0,63,1,-1,
        ]
    }
}
Shape{
    appearance Appearance {
        material  Material 	{
            diffuseColor 0.20784313725490197 0.20784313725490197 0.20784313725490197
            specularColor 0.01568627450980392 0.01568627450980392 0.01568627450980392
            ambientIntensity 0.298
            transparency 0.0
            shininess 0.5
        }
    }
    geometry IndexedFaceSet {
        ccw TRUE
        solid FALSE
        coord DEF co Coordinate {
            point [
                0.9627 0.5759 1.3898, 0.9627 0.5409 1.3898, 0.9695 0.5759 1.3898, 0.9693 0.5409 1.3898, 0.9748 0.5414 1.3898, 0.9787 0.5428 1.3898, 0.9818 0.5447 1.3898, 0.9828 0.5456 1.3898, 0.9851 0.5486 1.3898, 0.9867 0.552 1.3898, 0.9875 0.5562 1.3898, 0.9876 0.5588 1.3898, 0.9871 0.564 1.3898, 0.9858 0.5675 1.3898, 0.9841 0.5701 1.3898, 0.9826 0.5716 1.3898, 0.9752 0.5753 1.3898, 0.9792 0.5739 1.3898
            ]
        }
        coordIndex [
            0,1,2,-1,2,1,3,-1,2,3,4,-1,4,5,2,-1,2,5,6,-1,2,6,7,-1,7,8,2,-1,2,8,9,-1,2,9,10,-1,10,11,2,-1,2,11,12,-1,2,12,13,-1,13,14,2,-1,2,14,15,-1,2,15,16,-1,16,15,17,-1,
        ]
    }
}
Shape{
    appearance Appearance {
        material  Material 	{
            diffuseColor 1.0 1.0 1.0
            specularColor 0.8784313725490196 0.8784313725490196 0.8784313725490196
            ambientIntensity 1.0
            transparency 0.0
            shininess 0.5
        }
    }
    geometry IndexedFaceSet {
        ccw TRUE
        solid FALSE
        coord DEF co Coordinate {
            point [
                0.903 0.5402 1.3937, 0.903 0.5402 1.3898, 0.8985 0.5407 1.3898, 0.8985 0.5407 1.3937, 0.8952 0.542 1.3898, 0.8952 0.542 1.3937, 0.8923 0.5441 1.3898, 0.8923 0.5441 1.3937, 0.8914 0.5449 1.3898, 0.8914 0.5449 1.3937, 0.8891 0.5482 1.3898, 0.8891 0.5482 1.3937, 0.8876 0.5519 1.3898, 0.8876 0.5519 1.3937, 0.8869 0.5575 1.3898, 0.8869 0.5575 1.3937, 0.8869 0.5579 1.3898, 0.8869 0.5579 1.3937, 0.8875 0.5633 1.3898, 0.8875 0.5633 1.3937, 0.8889 0.5675 1.3898, 0.8889 0.5675 1.3937, 0.891 0.5707 1.3898, 0.891 0.5707 1.3937, 0.8917 0.5715 1.3898, 0.8917 0.5715 1.3937, 0.8946 0.574 1.3898, 0.8946 0.574 1.3937, 0.8981 0.5757 1.3898, 0.8981 0.5757 1.3937, 0.902 0.5765 1.3898, 0.902 0.5765 1.3937, 0.904 0.5766 1.3898, 0.904 0.5766 1.3937, 0.9147 0.5739 1.3898, 0.9147 0.5739 1.3937, 0.9138 0.5744 1.3937, 0.9092 0.576 1.3898, 0.9092 0.576 1.3937, 0.9128 0.5747 1.3898, 0.9138 0.5744 1.3898, 0.9147 0.58 1.3937, 0.9147 0.58 1.3898, 0.904 0.5819 1.3898, 0.904 0.5819 1.3937, 0.9045 0.5819 1.3937, 0.9128 0.5806 1.3898, 0.9104 0.5813 1.3937, 0.9104 0.5813 1.3898, 0.9086 0.5815 1.3898, 0.9045 0.5819 1.3898, 0.9002 0.5815 1.3898, 0.8984 0.5813 1.3937, 0.8984 0.5813 1.3898, 0.8935 0.5797 1.3898, 0.8935 0.5797 1.3937, 0.889 0.5767 1.3898, 0.889 0.5767 1.3937, 0.8873 0.5752 1.3898, 0.8873 0.5752 1.3937, 0.8843 0.5713 1.3898, 0.8843 0.5713 1.3937, 0.8828 0.568 1.3898, 0.882 0.5663 1.3937, 0.882 0.5663 1.3898, 0.8809 0.5605 1.3898, 0.8809 0.5605 1.3937, 0.8808 0.5575 1.3898, 0.8808 0.5575 1.3937, 0.8816 0.5503 1.3898, 0.8816 0.5503 1.3937, 0.8828 0.5472 1.3898, 0.8835 0.5455 1.3937, 0.8835 0.5455 1.3898, 0.8861 0.5416 1.3898, 0.8861 0.5416 1.3937, 0.8866 0.5411 1.3898, 0.8866 0.5411 1.3937, 0.9022 0.5349 1.3898, 0.9022 0.5349 1.3937, 0.8993 0.5351 1.3937, 0.8901 0.5382 1.3898, 0.8901 0.5382 1.3937, 0.8944 0.5361 1.3898, 0.8944 0.5361 1.3937, 0.8982 0.5353 1.3898, 0.8993 0.5351 1.3898, 0.9147 0.5376 1.3898, 0.9147 0.5376 1.3937, 0.914 0.5372 1.3937, 0.9091 0.5356 1.3937, 0.9062 0.5353 1.3898, 0.9091 0.5356 1.3898, 0.9128 0.5368 1.3898, 0.914 0.5372 1.3898, 0.9147 0.5432 1.3937, 0.9147 0.5432 1.3898, 0.9128 0.5423 1.3898, 0.9105 0.5413 1.3937, 0.9105 0.5413 1.3898, 0.9054 0.5403 1.3898, 0.9054 0.5403 1.3937, 1.0658 0.4812 1.3937, 1.064 0.4761 1.3937, 1.0811 0.4812 1.3937, 1.0829 0.4761 1.3937, 1.0726 0.5001 1.3937, 1.0704 0.5091 1.3937, 1.0531 0.4637 1.3937, 1.0596 0.4637 1.3937, 1.073 0.5015 1.3937, 1.0734 0.5033 1.3937, 1.0767 0.5091 1.3937, 1.0735 0.5033 1.3937, 1.0739 0.5014 1.3937, 1.0742 0.5001 1.3937, 1.094 0.4637 1.3937, 1.0875 0.4637 1.3937, 1.0704 0.5091 1.3898, 1.0767 0.5091 1.3898, 1.0531 0.4637 1.3898, 1.0596 0.4637 1.3898, 1.064 0.4761 1.3898, 1.0829 0.4761 1.3898, 1.0875 0.4637 1.3898, 1.094 0.4637 1.3898, 1.0726 0.5001 1.3898, 1.073 0.5015 1.3898, 1.0734 0.5033 1.3898, 1.0658 0.4812 1.3898, 1.0811 0.4812 1.3898, 1.0742 0.5001 1.3898, 1.0735 0.5033 1.3898, 1.0739 0.5014 1.3898
            ]
        }
        coordIndex [
            0,1,2,-1,0,2,3,-1,3,2,4,-1,3,4,5,-1,5,4,6,-1,5,6,7,-1,7,6,8,-1,7,8,9,-1,9,8,10,-1,9,10,11,-1,11,10,12,-1,11,12,13,-1,13,12,14,-1,13,14,15,-1,15,14,16,-1,15,16,17,-1,17,16,18,-1,17,18,19,-1,19,18,20,-1,19,20,21,-1,21,20,22,-1,21,22,23,-1,23,22,24,-1,23,24,25,-1,25,24,26,-1,25,26,27,-1,27,26,28,-1,27,28,29,-1,29,28,30,-1,29,30,31,-1,31,30,32,-1,31,32,33,-1,34,35,36,-1,33,32,37,-1,33,37,38,-1,38,37,39,-1,38,39,36,-1,36,39,40,-1,36,40,34,-1,41,35,42,-1,42,35,34,-1,43,44,45,-1,41,42,46,-1,41,46,47,-1,46,48,47,-1,47,48,49,-1,47,49,45,-1,45,49,50,-1,45,50,43,-1,43,51,44,-1,44,51,52,-1,51,53,52,-1,52,53,54,-1,52,54,55,-1,55,54,56,-1,55,56,57,-1,57,56,58,-1,57,58,59,-1,59,58,60,-1,59,60,61,-1,61,60,62,-1,61,62,63,-1,62,64,63,-1,63,64,65,-1,63,65,66,-1,66,65,67,-1,66,67,68,-1,68,67,69,-1,68,69,70,-1,70,69,71,-1,70,71,72,-1,71,73,72,-1,72,73,74,-1,72,74,75,-1,75,74,76,-1,75,76,77,-1,78,79,80,-1,77,76,81,-1,77,81,82,-1,82,81,83,-1,82,83,84,-1,84,83,85,-1,84,85,80,-1,80,85,86,-1,80,86,78,-1,87,88,89,-1,79,78,90,-1,90,78,91,-1,91,92,90,-1,90,92,93,-1,90,93,89,-1,89,93,94,-1,89,94,87,-1,95,88,96,-1,96,88,87,-1,95,96,97,-1,95,97,98,-1,97,99,98,-1,98,99,100,-1,98,100,101,-1,101,100,1,-1,101,1,0,-1,36,35,41,-1,27,29,52,-1,11,13,70,-1,19,21,61,-1,52,29,44,-1,36,41,38,-1,70,13,68,-1,61,21,59,-1,29,31,44,-1,44,31,33,-1,44,33,45,-1,45,33,38,-1,45,38,47,-1,47,38,41,-1,70,72,11,-1,11,72,75,-1,11,75,9,-1,9,75,77,-1,9,77,7,-1,7,77,82,-1,7,82,5,-1,5,82,84,-1,5,84,3,-1,3,84,80,-1,3,80,0,-1,0,80,79,-1,0,79,101,-1,101,79,90,-1,101,90,98,-1,98,90,89,-1,98,89,95,-1,95,89,88,-1,52,55,27,-1,27,55,57,-1,27,57,25,-1,25,57,59,-1,25,59,23,-1,23,59,21,-1,13,15,68,-1,68,15,17,-1,68,17,66,-1,66,17,19,-1,66,19,63,-1,63,19,61,-1,102,103,104,-1,104,103,105,-1,106,107,102,-1,102,107,108,-1,102,108,103,-1,103,108,109,-1,106,110,107,-1,107,110,111,-1,107,111,112,-1,112,111,113,-1,112,113,114,-1,114,115,112,-1,112,115,104,-1,112,104,116,-1,116,104,105,-1,116,105,117,-1,107,112,118,-1,118,112,119,-1,108,107,120,-1,120,107,118,-1,109,108,121,-1,121,108,120,-1,103,109,122,-1,122,109,121,-1,105,103,123,-1,123,103,122,-1,117,105,124,-1,124,105,123,-1,116,117,125,-1,125,117,124,-1,112,116,119,-1,119,116,125,-1,106,126,127,-1,106,127,110,-1,110,127,128,-1,110,128,111,-1,106,102,126,-1,126,102,129,-1,102,104,129,-1,129,104,130,-1,104,115,130,-1,130,115,131,-1,113,132,133,-1,113,133,114,-1,114,133,131,-1,114,131,115,-1,113,111,132,-1,132,111,128,-1,
        ]
    }
}
Shape{
    appearance Appearance {
        material  Material 	{
            diffuseColor 0.20784313725490197 0.20784313725490197 0.20784313725490197
            specularColor 0.01568627450980392 0.01568627450980392 0.01568627450980392
            ambientIntensity 0.298
            transparency 0.0
            shininess 0.5
        }
    }
    geometry IndexedFaceSet {
        ccw TRUE
        solid FALSE
        coord DEF co Coordinate {
            point [
                1.0735 0.5033 1.3898, 1.0734 0.5033 1.3898, 1.0739 0.5014 1.3898, 1.073 0.5015 1.3898, 1.0742 0.5001 1.3898, 1.0726 0.5001 1.3898, 1.0811 0.4812 1.3898, 1.0658 0.4812 1.3898
            ]
        }
        coordIndex [
            0,1,2,-1,2,1,3,-1,2,3,4,-1,4,3,5,-1,4,5,6,-1,6,5,7,-1,
        ]
    }
}
Shape{
    appearance Appearance {
        material  Material 	{
            diffuseColor 1.0 1.0 1.0
            specularColor 0.8784313725490196 0.8784313725490196 0.8784313725490196
            ambientIntensity 1.0
            transparency 0.0
            shininess 0.5
        }
    }
    geometry IndexedFaceSet {
        ccw TRUE
        solid FALSE
        coord DEF co Coordinate {
            point [
                1.0051 0.4689 1.3937, 1.0051 0.4689 1.3898, 0.9865 0.4689 1.3937, 0.995 0.4689 1.3898, 0.9865 0.4689 1.3898, 0.9865 0.4841 1.3937, 0.9865 0.4841 1.3898, 1.0028 0.4841 1.3937, 0.995 0.4841 1.3898, 1.0028 0.4841 1.3898, 1.0028 0.4893 1.3937, 1.0028 0.4893 1.3898, 0.9865 0.4893 1.3898, 0.9865 0.4893 1.3937, 0.995 0.4893 1.3898, 0.9865 0.5039 1.3937, 0.9865 0.5039 1.3898, 1.0041 0.5039 1.3898, 1.0041 0.5039 1.3937, 0.995 0.5039 1.3898, 1.0041 0.5091 1.3937, 1.0041 0.5091 1.3898, 0.9807 0.5091 1.3898, 0.9807 0.5091 1.3937, 0.995 0.5091 1.3898, 0.9807 0.4637 1.3937, 0.9807 0.4637 1.3898, 1.0051 0.4637 1.3937, 0.995 0.4637 1.3898, 1.0051 0.4637 1.3898, 0.8608 0.4689 1.3937, 0.8794 0.4689 1.3937, 0.8608 0.4689 1.3898, 0.8794 0.4689 1.3898, 0.8608 0.4841 1.3937, 0.8608 0.4841 1.3898, 0.8771 0.4841 1.3937, 0.8771 0.4841 1.3898, 0.8771 0.4893 1.3937, 0.8771 0.4893 1.3898, 0.8608 0.4893 1.3937, 0.8608 0.4893 1.3898, 0.8608 0.5039 1.3937, 0.8608 0.5039 1.3898, 0.8783 0.5039 1.3937, 0.8783 0.5039 1.3898, 0.8783 0.5091 1.3937, 0.8783 0.5091 1.3898, 0.855 0.5091 1.3937, 0.855 0.5091 1.3898, 0.855 0.4637 1.3937, 0.855 0.4637 1.3898, 0.8794 0.4637 1.3937, 0.8794 0.4637 1.3898, 1.009 0.5533 1.3937, 1.0071 0.5481 1.3937, 1.0242 0.5533 1.3937, 1.026 0.5481 1.3937, 1.0158 0.5721 1.3937, 1.0136 0.5811 1.3937, 0.9963 0.5357 1.3937, 1.0028 0.5357 1.3937, 1.0162 0.5735 1.3937, 1.0165 0.5753 1.3937, 1.0198 0.5811 1.3937, 1.0167 0.5753 1.3937, 1.017 0.5734 1.3937, 1.0174 0.5721 1.3937, 1.0371 0.5357 1.3937, 1.0307 0.5357 1.3937, 1.0136 0.5811 1.3898, 1.0198 0.5811 1.3898, 0.9963 0.5357 1.3898, 1.0094 0.5701 1.3898, 1.0028 0.5357 1.3898, 1.0071 0.5481 1.3898, 1.026 0.5481 1.3898, 1.0094 0.5481 1.3898, 1.0307 0.5357 1.3898, 1.0371 0.5357 1.3898, 1.0158 0.5721 1.3898, 1.0162 0.5735 1.3898, 1.0165 0.5753 1.3898, 1.009 0.5533 1.3898, 1.0242 0.5533 1.3898, 1.0174 0.5721 1.3898, 1.0167 0.5753 1.3898, 1.017 0.5734 1.3898
            ]
        }
        coordIndex [
            0,1,2,-1,2,1,3,-1,2,3,4,-1,5,2,6,-1,6,2,4,-1,5,6,7,-1,7,6,8,-1,7,8,9,-1,10,7,11,-1,11,7,9,-1,12,13,14,-1,14,13,10,-1,14,10,11,-1,15,13,16,-1,16,13,12,-1,17,18,19,-1,19,18,15,-1,19,15,16,-1,20,18,21,-1,21,18,17,-1,22,23,24,-1,24,23,20,-1,24,20,21,-1,25,23,26,-1,26,23,22,-1,25,26,27,-1,27,26,28,-1,27,28,29,-1,0,27,1,-1,1,27,29,-1,25,27,0,-1,0,2,25,-1,25,2,5,-1,25,5,23,-1,18,20,15,-1,15,20,23,-1,15,23,13,-1,13,23,5,-1,13,5,10,-1,10,5,7,-1,30,31,32,-1,32,31,33,-1,34,30,35,-1,35,30,32,-1,36,34,37,-1,37,34,35,-1,38,36,39,-1,39,36,37,-1,40,38,41,-1,41,38,39,-1,42,40,43,-1,43,40,41,-1,44,42,45,-1,45,42,43,-1,46,44,47,-1,47,44,45,-1,48,46,49,-1,49,46,47,-1,50,48,51,-1,51,48,49,-1,52,50,53,-1,53,50,51,-1,31,52,33,-1,33,52,53,-1,50,52,31,-1,31,30,50,-1,50,30,34,-1,50,34,48,-1,44,46,42,-1,42,46,48,-1,42,48,40,-1,40,48,34,-1,40,34,38,-1,38,34,36,-1,54,55,56,-1,56,55,57,-1,58,59,54,-1,54,59,60,-1,54,60,55,-1,55,60,61,-1,58,62,59,-1,59,62,63,-1,59,63,64,-1,64,63,65,-1,64,65,66,-1,66,67,64,-1,64,67,56,-1,64,56,68,-1,68,56,57,-1,68,57,69,-1,59,64,70,-1,70,64,71,-1,72,60,73,-1,73,60,59,-1,73,59,70,-1,61,60,74,-1,74,60,72,-1,55,61,75,-1,75,61,74,-1,76,57,77,-1,77,57,55,-1,77,55,75,-1,69,57,78,-1,78,57,76,-1,68,69,79,-1,79,69,78,-1,64,68,71,-1,71,68,79,-1,58,80,81,-1,58,81,62,-1,62,81,82,-1,62,82,63,-1,58,54,80,-1,80,54,83,-1,54,56,83,-1,83,56,84,-1,56,67,84,-1,84,67,85,-1,65,86,87,-1,65,87,66,-1,66,87,85,-1,66,85,67,-1,65,63,86,-1,86,63,82,-1,
        ]
    }
}
Shape{
    appearance Appearance {
        material  Material 	{
            diffuseColor 0.20784313725490197 0.20784313725490197 0.20784313725490197
            specularColor 0.01568627450980392 0.01568627450980392 0.01568627450980392
            ambientIntensity 0.298
            transparency 0.0
            shininess 0.5
        }
    }
    geometry IndexedFaceSet {
        ccw TRUE
        solid FALSE
        coord DEF co Coordinate {
            point [
                1.0167 0.5753 1.3898, 1.0165 0.5753 1.3898, 1.017 0.5734 1.3898, 1.0162 0.5735 1.3898, 1.0174 0.5721 1.3898, 1.0158 0.5721 1.3898, 1.0242 0.5533 1.3898, 1.009 0.5533 1.3898
            ]
        }
        coordIndex [
            0,1,2,-1,2,1,3,-1,2,3,4,-1,4,3,5,-1,4,5,6,-1,6,5,7,-1,
        ]
    }
}
Shape{
    appearance Appearance {
        material  Material 	{
            diffuseColor 1.0 1.0 1.0
            specularColor 0.8784313725490196 0.8784313725490196 0.8784313725490196
            ambientIntensity 1.0
            transparency 0.0
            shininess 0.5
        }
    }
    geometry IndexedFaceSet {
        ccw TRUE
        solid FALSE
        coord DEF co Coordinate {
            point [
                0.9297 0.5409 1.3898, 0.9297 0.5409 1.3937, 0.9419 0.5409 1.3898, 0.9482 0.5409 1.3937, 0.9482 0.5409 1.3898, 0.9297 0.5562 1.3937, 0.9297 0.5562 1.3898, 0.9459 0.5562 1.3937, 0.9419 0.5562 1.3898, 0.9459 0.5562 1.3898, 0.9459 0.5614 1.3937, 0.9459 0.5614 1.3898, 0.9297 0.5614 1.3898, 0.9297 0.5614 1.3937, 0.9419 0.5614 1.3898, 0.9297 0.5759 1.3937, 0.9297 0.5759 1.3898, 0.9472 0.5759 1.3937, 0.9419 0.5759 1.3898, 0.9472 0.5759 1.3898, 0.9472 0.5811 1.3937, 0.9472 0.5811 1.3898, 0.9238 0.5811 1.3898, 0.9238 0.5811 1.3937, 0.9419 0.5811 1.3898, 0.9238 0.5357 1.3937, 0.9238 0.5357 1.3898, 0.9482 0.5357 1.3937, 0.9419 0.5357 1.3898, 0.9482 0.5357 1.3898, 0.8608 0.5409 1.3937, 0.8789 0.5409 1.3937, 0.8608 0.5409 1.3898, 0.8789 0.5409 1.3898, 0.8608 0.5811 1.3937, 0.8608 0.5811 1.3898, 0.855 0.5811 1.3937, 0.855 0.5811 1.3898, 0.855 0.5357 1.3937, 0.855 0.5357 1.3898, 0.8789 0.5357 1.3937, 0.8789 0.5357 1.3898
            ]
        }
        coordIndex [
            0,1,2,-1,2,1,3,-1,2,3,4,-1,5,1,6,-1,6,1,0,-1,5,6,7,-1,7,6,8,-1,7,8,9,-1,10,7,11,-1,11,7,9,-1,12,13,14,-1,14,13,10,-1,14,10,11,-1,15,13,16,-1,16,13,12,-1,15,16,17,-1,17,16,18,-1,17,18,19,-1,20,17,21,-1,21,17,19,-1,22,23,24,-1,24,23,20,-1,24,20,21,-1,25,23,26,-1,26,23,22,-1,25,26,27,-1,27,26,28,-1,27,28,29,-1,3,27,4,-1,4,27,29,-1,25,27,3,-1,3,1,25,-1,25,1,5,-1,25,5,23,-1,17,20,15,-1,15,20,23,-1,15,23,13,-1,13,23,5,-1,13,5,10,-1,10,5,7,-1,30,31,32,-1,32,31,33,-1,34,30,35,-1,35,30,32,-1,36,34,37,-1,37,34,35,-1,38,36,39,-1,39,36,37,-1,40,38,41,-1,41,38,39,-1,31,40,33,-1,33,40,41,-1,34,36,30,-1,30,36,38,-1,30,38,31,-1,31,38,40,-1,
        ]
    }
}