ISO-10303-21;
HEADER;
FILE_DESCRIPTION (( 'STEP AP214' ),
    '1' );
FILE_NAME ('RES-SMD_L6.7-W4.0-LS7.9.STEP',
    '2022-09-24T23:38:50',
    ( '' ),
    ( '' ),
    'SwSTEP 2.0',
    'SolidWorks 2017',
    '' );
FILE_SCHEMA (( 'AUTOMOTIVE_DESIGN' ));
ENDSEC;

DATA;
#1 = CARTESIAN_POINT ( 'NONE',  ( 2.299158285695976900, 1.219116115275255400, 1.649999999999999900 ) ) ;
#2 = VECTOR ( 'NONE', #11079, 1000.000000000000000 ) ;
#3 = VERTEX_POINT ( 'NONE', #8221 ) ;
#4 = CARTESIAN_POINT ( 'NONE',  ( 1.605799583223415500, 1.309377806465408000, 1.659999999999999900 ) ) ;
#5 =( NAMED_UNIT ( * ) PLANE_ANGLE_UNIT ( ) SI_UNIT ( $, .RADIAN. ) );
#6 = ORIENTED_EDGE ( 'NONE', *, *, #7689, .F. ) ;
#7 = B_SPLINE_CURVE_WITH_KNOTS ( 'NONE', 3,
 ( #3782, #7316, #4683, #4615 ),
 .UNSPECIFIED., .F., .F.,
 ( 4, 4 ),
 ( 4.000000000000000000, 5.000000000000000000 ),
 .UNSPECIFIED. ) ;
#8 =( GEOMETRIC_REPRESENTATION_CONTEXT ( 3 ) GLOBAL_UNCERTAINTY_ASSIGNED_CONTEXT ( ( #10159 ) ) GLOBAL_UNIT_ASSIGNED_CONTEXT ( ( #8943, #2081, #3692 ) ) REPRESENTATION_CONTEXT ( 'NONE', 'WORKASPACE' ) );
#9 = SURFACE_STYLE_FILL_AREA ( #232 ) ;
#10 = VERTEX_POINT ( 'NONE', #359 ) ;
#11 = CARTESIAN_POINT ( 'NONE',  ( 1.699253601437190200, 1.186411905794178700, 1.659999999999999900 ) ) ;
#12 = CARTESIAN_POINT ( 'NONE',  ( 2.342513734685435000, 1.255486355963231400, 1.659999999999999900 ) ) ;
#13 = LINE ( 'NONE', #10446, #8999 ) ;
#14 = CARTESIAN_POINT ( 'NONE',  ( 2.606419030573703800, 1.177794334525313200, 1.649999999999999900 ) ) ;
#15 = EDGE_LOOP ( 'NONE', ( #8033, #9988, #3583, #2866, #3263, #3366 ) ) ;
#16 = CARTESIAN_POINT ( 'NONE',  ( 1.840254435411058200, 1.506942875942947700, 1.649999999999999900 ) ) ;
#17 = LINE ( 'NONE', #8464, #9945 ) ;
#18 = DIRECTION ( 'NONE',  ( -0.5048830486499507100, 0.8631877589412000300, 0.0000000000000000000 ) ) ;
#19 = ADVANCED_FACE ( 'NONE', ( #11277 ), #1222, .F. ) ;
#20 = EDGE_CURVE ( 'NONE', #519, #9258, #2151, .T. ) ;
#21 = FACE_OUTER_BOUND ( 'NONE', #7539, .T. ) ;
#22 = DIRECTION ( 'NONE',  ( 0.0000000000000000000, -1.000000000000000000, 0.0000000000000000000 ) ) ;
#23 = ORIENTED_EDGE ( 'NONE', *, *, #7713, .F. ) ;
#24 = CARTESIAN_POINT ( 'NONE',  ( 2.975150518713304900, -2.000000000000000000, -1.550000000000000000 ) ) ;
#25 = AXIS2_PLACEMENT_3D ( 'NONE', #7516, #4918, #8534 ) ;
#26 = DIRECTION ( 'NONE',  ( -0.0000000000000000000, -0.0000000000000000000, -1.000000000000000000 ) ) ;
#27 = CARTESIAN_POINT ( 'NONE',  ( 2.370248253719242600, 1.206619371310265500, 1.659999999999999900 ) ) ;
#28 = LINE ( 'NONE', #5979, #2994 ) ;
#29 = CARTESIAN_POINT ( 'NONE',  ( 2.292968860619297300, 1.194417361873971300, 1.649999999999999900 ) ) ;
#30 = CARTESIAN_POINT ( 'NONE',  ( 2.652928139005744900, 1.236505452395225900, 1.649999999999999900 ) ) ;
#31 = VERTEX_POINT ( 'NONE', #5551 ) ;
#32 = ORIENTED_EDGE ( 'NONE', *, *, #4022, .T. ) ;
#33 = ORIENTED_EDGE ( 'NONE', *, *, #9882, .T. ) ;
#34 = ORIENTED_EDGE ( 'NONE', *, *, #7667, .F. ) ;
#35 = CARTESIAN_POINT ( 'NONE',  ( 2.306143493996669800, 1.464512082837735600, 1.649999999999999900 ) ) ;
#36 = ORIENTED_EDGE ( 'NONE', *, *, #2021, .T. ) ;
#37 = CARTESIAN_POINT ( 'NONE',  ( 2.323444410758892100, 1.457674241801383900, 1.659999999999999900 ) ) ;
#38 = EDGE_CURVE ( 'NONE', #2061, #5393, #657, .T. ) ;
#39 = DIRECTION ( 'NONE',  ( 0.0000000000000000000, 0.0000000000000000000, 1.000000000000000000 ) ) ;
#40 = DIRECTION ( 'NONE',  ( -0.1736481776669307200, 0.0000000000000000000, 0.9848077530122080200 ) ) ;
#41 = ORIENTED_EDGE ( 'NONE', *, *, #11165, .F. ) ;
#42 = VERTEX_POINT ( 'NONE', #8279 ) ;
#43 = DIRECTION ( 'NONE',  ( 0.0000000000000000000, -0.0000000000000000000, -1.000000000000000000 ) ) ;
#44 = EDGE_CURVE ( 'NONE', #2343, #1952, #4738, .T. ) ;
#45 = LINE ( 'NONE', #411, #3816 ) ;
#46 = AXIS2_PLACEMENT_3D ( 'NONE', #8909, #4123, #3437 ) ;
#47 = FILL_AREA_STYLE ('',( #7085 ) ) ;
#48 = B_SPLINE_SURFACE_WITH_KNOTS ( 'NONE', 3, 1, ( 
 ( #7976, #1939 ),
 ( #2667, #2734 ),
 ( #8014, #8881 ),
 ( #1897, #5363 ) ),
 .UNSPECIFIED., .F., .F., .F.,
 ( 4, 4 ),
 ( 2, 2 ),
 ( 21.00000000000000000, 22.00000000000000000 ),
 ( 0.0000000000000000000, 1.000000000000000000 ),
 .UNSPECIFIED. ) ;
#49 = VERTEX_POINT ( 'NONE', #6408 ) ;
#50 = UNCERTAINTY_MEASURE_WITH_UNIT (LENGTH_MEASURE( 1.000000000000000100E-005 ), #584, 'distance_accuracy_value', 'NONE');
#51 = CARTESIAN_POINT ( 'NONE',  ( 2.256510199572397300, 1.392302123610610300, 1.649999999999999900 ) ) ;
#52 = CIRCLE ( 'NONE', #10681, 0.1000000000000000500 ) ;
#53 = EDGE_CURVE ( 'NONE', #5422, #6308, #4300, .T. ) ;
#54 = EDGE_CURVE ( 'NONE', #2753, #2639, #9516, .T. ) ;
#55 = CARTESIAN_POINT ( 'NONE',  ( 1.900097803712475600, 1.202807382149946300, 1.649999999999999900 ) ) ;
#56 = AXIS2_PLACEMENT_3D ( 'NONE', #7940, #5404, #9705 ) ;
#57 = CARTESIAN_POINT ( 'NONE',  ( 3.650000000000000400, -0.6999999999999999600, -0.2999999999999999900 ) ) ;
#58 = PRESENTATION_LAYER_ASSIGNMENT (  '', '', ( #2007 ) ) ;
#59 = CARTESIAN_POINT ( 'NONE',  ( -3.349999999999999200, 1.723631294014524900, 1.567364817766693000 ) ) ;
#60 = EDGE_LOOP ( 'NONE', ( #5143, #2967, #1671, #3855 ) ) ;
#61 = DIRECTION ( 'NONE',  ( -0.0000000000000000000, -0.0000000000000000000, -1.000000000000000000 ) ) ;
#62 = ORIENTED_EDGE ( 'NONE', *, *, #6834, .F. ) ;
#63 = DIRECTION ( 'NONE',  ( 1.000000000000000000, 0.0000000000000000000, -1.807003620809173900E-016 ) ) ;
#64 = VECTOR ( 'NONE', #4225, 1000.000000000000000 ) ;
#65 =( NAMED_UNIT ( * ) SI_UNIT ( $, .STERADIAN. ) SOLID_ANGLE_UNIT ( ) );
#66 = CARTESIAN_POINT ( 'NONE',  ( 2.450000000000000200, -0.6999999999999999600, -1.879999999999999900 ) ) ;
#67 = B_SPLINE_SURFACE_WITH_KNOTS ( 'NONE', 3, 1, ( 
 ( #6716, #6681 ),
 ( #4158, #10140 ),
 ( #5007, #5900 ),
 ( #6828, #692 ) ),
 .UNSPECIFIED., .F., .F., .F.,
 ( 4, 4 ),
 ( 2, 2 ),
 ( 35.00000000000000000, 36.00000000000000000 ),
 ( 0.0000000000000000000, 1.000000000000000000 ),
 .UNSPECIFIED. ) ;
#68 = CARTESIAN_POINT ( 'NONE',  ( 2.462028585570589000, 1.360706582266761400, 1.649999999999999900 ) ) ;
#69 = EDGE_LOOP ( 'NONE', ( #6214, #6, #3207, #438, #11029, #927, #1561, #2973 ) ) ;
#70 = EDGE_CURVE ( 'NONE', #546, #3050, #3490, .T. ) ;
#71 = EDGE_CURVE ( 'NONE', #8456, #1986, #7899, .T. ) ;
#72 =( LENGTH_UNIT ( ) NAMED_UNIT ( * ) SI_UNIT ( .MILLI., .METRE. ) );
#73 = CARTESIAN_POINT ( 'NONE',  ( 2.298775130810321300, 1.190526866111214900, 1.659999999999999900 ) ) ;
#74 = VERTEX_POINT ( 'NONE', #3843 ) ;
#75 = DIRECTION ( 'NONE',  ( -1.000000000000000000, 0.0000000000000000000, 0.0000000000000000000 ) ) ;
#76 = ORIENTED_EDGE ( 'NONE', *, *, #8525, .F. ) ;
#77 = CARTESIAN_POINT ( 'NONE',  ( 1.731224716223094900, 1.172475771218660200, 1.659999999999999900 ) ) ;
#78 = CARTESIAN_POINT ( 'NONE',  ( -1.399999999999999700, 1.500000000000000000, -1.779999999999999800 ) ) ;
#79 = B_SPLINE_CURVE_WITH_KNOTS ( 'NONE', 3,
 ( #1756, #5164, #1716, #734 ),
 .UNSPECIFIED., .F., .F.,
 ( 4, 4 ),
 ( 0.0000000000000000000, 1.000000000000000000 ),
 .UNSPECIFIED. ) ;
#80 = VERTEX_POINT ( 'NONE', #6527 ) ;
#81 = B_SPLINE_SURFACE_WITH_KNOTS ( 'NONE', 3, 1, ( 
 ( #5645, #2174 ),
 ( #7555, #9185 ),
 ( #4881, #8365 ),
 ( #3099, #9220 ) ),
 .UNSPECIFIED., .F., .F., .F.,
 ( 4, 4 ),
 ( 2, 2 ),
 ( 12.00000000000000000, 13.00000000000000000 ),
 ( 0.0000000000000000000, 1.000000000000000000 ),
 .UNSPECIFIED. ) ;
#82 = B_SPLINE_CURVE_WITH_KNOTS ( 'NONE', 3,
 ( #9057, #2827, #3810, #2002 ),
 .UNSPECIFIED., .F., .F.,
 ( 4, 4 ),
 ( 13.00000000000000000, 14.00000000000000000 ),
 .UNSPECIFIED. ) ;
#83 = EDGE_CURVE ( 'NONE', #3858, #7100, #2299, .T. ) ;
#84 = VERTEX_POINT ( 'NONE', #3806 ) ;
#85 = VECTOR ( 'NONE', #9943, 1000.000000000000000 ) ;
#86 = CARTESIAN_POINT ( 'NONE',  ( 1.714009495758367600, 1.172475771218660200, 1.659999999999999900 ) ) ;
#87 = DIRECTION ( 'NONE',  ( -0.0000000000000000000, -0.0000000000000000000, -1.000000000000000000 ) ) ;
#88 = LINE ( 'NONE', #7740, #8936 ) ;
#89 = DIRECTION ( 'NONE',  ( 0.0000000000000000000, 0.0000000000000000000, -1.000000000000000000 ) ) ;
#90 = ORIENTED_EDGE ( 'NONE', *, *, #10001, .F. ) ;
#91 = LINE ( 'NONE', #8079, #2527 ) ;
#92 = CARTESIAN_POINT ( 'NONE',  ( 2.508537694004202100, 1.419417700136674300, 1.659999999999999900 ) ) ;
#93 = CARTESIAN_POINT ( 'NONE',  ( 2.651189205294141300, 1.277827233145169700, 1.649999999999999900 ) ) ;
#94 = CARTESIAN_POINT ( 'NONE',  ( 2.355511527346536600, 1.175849086643933900, 1.649999999999999900 ) ) ;
#95 = LINE ( 'NONE', #9208, #3872 ) ;
#96 = CARTESIAN_POINT ( 'NONE',  ( 1.666462726906017500, 1.265110107867137800, 1.649999999999999900 ) ) ;
#97 = VECTOR ( 'NONE', #2635, 1000.000000000000000 ) ;
#98 = CARTESIAN_POINT ( 'NONE',  ( 2.651189205294141300, 1.193945786629788500, 1.659999999999999900 ) ) ;
#99 = LINE ( 'NONE', #8877, #9090 ) ;
#100 = FACE_OUTER_BOUND ( 'NONE', #1919, .T. ) ;
#101 = CARTESIAN_POINT ( 'NONE',  ( 2.315191843989992100, 1.462272100429235400, 1.649999999999999900 ) ) ;
#102 = MECHANICAL_DESIGN_GEOMETRIC_PRESENTATION_REPRESENTATION (  '', ( #9074 ), #886 ) ;
#103 = ADVANCED_FACE ( 'NONE', ( #536 ), #9917, .F. ) ;
#104 = CARTESIAN_POINT ( 'NONE',  ( 2.273545855259814000, 1.175849086643933900, 1.659999999999999900 ) ) ;
#105 = PLANE ( 'NONE',  #7792 ) ;
#106 = UNCERTAINTY_MEASURE_WITH_UNIT (LENGTH_MEASURE( 1.000000000000000100E-005 ), #10007, 'distance_accuracy_value', 'NONE');
#107 = CARTESIAN_POINT ( 'NONE',  ( 2.402639578287098400, 1.425842912835049800, 1.659999999999999900 ) ) ;
#108 = ORIENTED_EDGE ( 'NONE', *, *, #1428, .T. ) ;
#109 = LINE ( 'NONE', #550, #5237 ) ;
#110 = COLOUR_RGB ( '',0.2980392156862745100, 0.2980392156862745100, 0.2980392156862745100 ) ;
#111 = CARTESIAN_POINT ( 'NONE',  ( 2.734805390735116900, 1.293094481667487600, 1.659999999999999900 ) ) ;
#112 = VERTEX_POINT ( 'NONE', #1241 ) ;
#113 = CARTESIAN_POINT ( 'NONE',  ( 1.554153906192529600, 1.274947334263333300, 1.659999999999999900 ) ) ;
#114 = CARTESIAN_POINT ( 'NONE',  ( 2.652928139005744900, 1.236505452395225900, 1.649999999999999900 ) ) ;
#115 = EDGE_CURVE ( 'NONE', #6923, #7076, #8447, .T. ) ;
#116 = LINE ( 'NONE', #2196, #9107 ) ;
#117 = AXIS2_PLACEMENT_3D ( 'NONE', #8983, #4674, #6450 ) ;
#118 = CARTESIAN_POINT ( 'NONE',  ( 1.731224731859008800, 1.379058448070370500, 1.659999999999999900 ) ) ;
#119 = CARTESIAN_POINT ( 'NONE',  ( 2.252737597621278500, 1.417059823917321500, 1.659999999999999900 ) ) ;
#120 = PRESENTATION_STYLE_ASSIGNMENT (( #3413 ) ) ;
#121 = EDGE_LOOP ( 'NONE', ( #2292, #10781, #1251, #8780, #9700, #5386 ) ) ;
#122 = FILL_AREA_STYLE_COLOUR ( '', #147 ) ;
#123 = CARTESIAN_POINT ( 'NONE',  ( 2.408593215742089700, 1.139007270710988600, 1.659999999999999900 ) ) ;
#124 = ORIENTED_EDGE ( 'NONE', *, *, #8820, .T. ) ;
#125 = DIRECTION ( 'NONE',  ( 0.0000000000000000000, 1.000000000000000000, 0.0000000000000000000 ) ) ;
#126 = ORIENTED_EDGE ( 'NONE', *, *, #10215, .T. ) ;
#127 = CARTESIAN_POINT ( 'NONE',  ( 2.450000000000000200, 0.6999999999999999600, -1.879999999999999900 ) ) ;
#128 = CARTESIAN_POINT ( 'NONE',  ( 2.265912230998658600, 1.211453017560604400, 1.659999999999999900 ) ) ;
#129 = EDGE_CURVE ( 'NONE', #7614, #6435, #4395, .T. ) ;
#130 = VECTOR ( 'NONE', #8980, 1000.000000000000000 ) ;
#131 = EDGE_CURVE ( 'NONE', #8639, #2574, #8710, .T. ) ;
#132 = VERTEX_POINT ( 'NONE', #4062 ) ;
#133 = ORIENTED_EDGE ( 'NONE', *, *, #4688, .T. ) ;
#134 = STYLED_ITEM ( 'NONE', ( #951 ), #2609 ) ;
#135 = CARTESIAN_POINT ( 'NONE',  ( 2.313600277541560900, 1.177794334525312100, 1.659999999999999900 ) ) ;
#136 = PRESENTATION_LAYER_ASSIGNMENT (  '', '', ( #5052 ) ) ;
#137 = ADVANCED_BREP_SHAPE_REPRESENTATION ( 'RES-SMD_L6.7-W4.0-LS7.9', ( #10858, #7670 ), #1804 ) ;
#138 = EDGE_LOOP ( 'NONE', ( #126, #6622, #7144, #5298 ) ) ;
#139 = LINE ( 'NONE', #5647, #11038 ) ;
#140 = COLOUR_RGB ( '',0.2980392156862745100, 0.2980392156862745100, 0.2980392156862745100 ) ;
#141 = CARTESIAN_POINT ( 'NONE',  ( -3.650000000000000400, 0.6999999999999999600, -1.579999999999999800 ) ) ;
#142 = ORIENTED_EDGE ( 'NONE', *, *, #3186, .T. ) ;
#143 = ORIENTED_EDGE ( 'NONE', *, *, #7355, .F. ) ;
#144 = CARTESIAN_POINT ( 'NONE',  ( 2.584107626844474500, 1.453194276983599700, 1.659999999999999900 ) ) ;
#145 = CARTESIAN_POINT ( 'NONE',  ( 2.651189205294141300, 1.277827233145169700, 1.649999999999999900 ) ) ;
#146 = EDGE_CURVE ( 'NONE', #954, #8348, #116, .T. ) ;
#147 = COLOUR_RGB ( '',0.2980392156862745100, 0.2980392156862745100, 0.2980392156862745100 ) ;
#148 = DIRECTION ( 'NONE',  ( -0.0000000000000000000, -0.0000000000000000000, -1.000000000000000000 ) ) ;
#149 = ORIENTED_EDGE ( 'NONE', *, *, #10543, .F. ) ;
#150 = DIRECTION ( 'NONE',  ( -7.542275982507857300E-015, 0.0000000000000000000, 1.000000000000000000 ) ) ;
#151 = SURFACE_STYLE_USAGE ( .BOTH. , #5281 ) ;
#152 =( LENGTH_UNIT ( ) NAMED_UNIT ( * ) SI_UNIT ( .MILLI., .METRE. ) );
#153 = B_SPLINE_CURVE_WITH_KNOTS ( 'NONE', 3,
 ( #2650, #8900, #7919, #9755 ),
 .UNSPECIFIED., .F., .F.,
 ( 4, 4 ),
 ( 11.00000000000000000, 12.00000000000000000 ),
 .UNSPECIFIED. ) ;
#154 = PRESENTATION_LAYER_ASSIGNMENT (  '', '', ( #6182 ) ) ;
#155 = EDGE_LOOP ( 'NONE', ( #10365, #5023, #3381, #10639 ) ) ;
#156 = ORIENTED_EDGE ( 'NONE', *, *, #7261, .F. ) ;
#157 = ORIENTED_EDGE ( 'NONE', *, *, #4688, .F. ) ;
#158 = CARTESIAN_POINT ( 'NONE',  ( 2.299158285695976900, 1.177794334525312100, 1.659999999999999900 ) ) ;
#159 = EDGE_LOOP ( 'NONE', ( #7074, #8363, #10239, #4236 ) ) ;
#160 =( LENGTH_UNIT ( ) NAMED_UNIT ( * ) SI_UNIT ( .MILLI., .METRE. ) );
#161 = ADVANCED_FACE ( 'NONE', ( #4016 ), #7193, .T. ) ;
#162 = CARTESIAN_POINT ( 'NONE',  ( 2.284657346944964900, 1.175849086643933900, 1.659999999999999900 ) ) ;
#163 = DIRECTION ( 'NONE',  ( -0.0000000000000000000, -0.0000000000000000000, -1.000000000000000000 ) ) ;
#164 = ORIENTED_EDGE ( 'NONE', *, *, #7685, .T. ) ;
#165 = EDGE_LOOP ( 'NONE', ( #3225, #10098, #5061, #10076, #8971, #11184, #3342, #8315, #5999, #5555, #108, #3659 ) ) ;
#166 = DIRECTION ( 'NONE',  ( 0.3493954794972899400, -0.9369753459439895700, -0.0000000000000000000 ) ) ;
#167 = ORIENTED_EDGE ( 'NONE', *, *, #1184, .T. ) ;
#168 = VERTEX_POINT ( 'NONE', #10121 ) ;
#169 = FILL_AREA_STYLE_COLOUR ( '', #5421 ) ;
#170 = AXIS2_PLACEMENT_3D ( 'NONE', #1287, #10008, #2127 ) ;
#171 = CARTESIAN_POINT ( 'NONE',  ( 1.972237755826254900, 1.177394454778384600, 1.649999999999999900 ) ) ;
#172 = B_SPLINE_SURFACE_WITH_KNOTS ( 'NONE', 3, 1, ( 
 ( #6029, #711 ),
 ( #5953, #10270 ),
 ( #7699, #3337 ),
 ( #5174, #9435 ) ),
 .UNSPECIFIED., .F., .F., .F.,
 ( 4, 4 ),
 ( 2, 2 ),
 ( 5.000000000000000000, 6.000000000000000000 ),
 ( 0.0000000000000000000, 1.000000000000000000 ),
 .UNSPECIFIED. ) ;
#173 = CARTESIAN_POINT ( 'NONE',  ( 1.777131965584517900, 1.123289498511300400, 1.649999999999999900 ) ) ;
#174 = EDGE_LOOP ( 'NONE', ( #2436, #2613, #8637, #6240, #10467, #7350, #5030, #4938, #2751, #7904, #10150, #9662, #1473, #3803, #7854 ) ) ;
#175 = LINE ( 'NONE', #5842, #3828 ) ;
#176 = CARTESIAN_POINT ( 'NONE',  ( 2.726346509796437000, 1.278357755293995100, 1.649999999999999900 ) ) ;
#177 = EDGE_CURVE ( 'NONE', #6853, #5147, #8301, .T. ) ;
#178 = CARTESIAN_POINT ( 'NONE',  ( 1.928789832608775300, 1.274127590153983700, 1.649999999999999900 ) ) ;
#179 = DIRECTION ( 'NONE',  ( 0.0000000000000000000, -0.9848077530122078000, 0.1736481776669308900 ) ) ;
#180 = ORIENTED_EDGE ( 'NONE', *, *, #6835, .F. ) ;
#181 = AXIS2_PLACEMENT_3D ( 'NONE', #6173, #2719, #3876 ) ;
#182 =( GEOMETRIC_REPRESENTATION_CONTEXT ( 3 ) GLOBAL_UNCERTAINTY_ASSIGNED_CONTEXT ( ( #2943 ) ) GLOBAL_UNIT_ASSIGNED_CONTEXT ( ( #1765, #1838, #9551 ) ) REPRESENTATION_CONTEXT ( 'NONE', 'WORKASPACE' ) );
#183 = EDGE_LOOP ( 'NONE', ( #10448, #3894, #3131, #4797 ) ) ;
#184 = VECTOR ( 'NONE', #2168, 1000.000000000000000 ) ;
#185 = CARTESIAN_POINT ( 'NONE',  ( 1.693515205039557200, 1.440541320226799100, 1.659999999999999900 ) ) ;
#186 = CARTESIAN_POINT ( 'NONE',  ( 2.363911461379003300, 1.250299028280348100, 1.659999999999999900 ) ) ;
#187 = DIRECTION ( 'NONE',  ( -0.0000000000000000000, -0.0000000000000000000, -1.000000000000000000 ) ) ;
#188 = ORIENTED_EDGE ( 'NONE', *, *, #706, .T. ) ;
#189 = ORIENTED_EDGE ( 'NONE', *, *, #20, .T. ) ;
#190 = DIRECTION ( 'NONE',  ( 0.0000000000000000000, 0.0000000000000000000, 1.000000000000000000 ) ) ;
#191 = CARTESIAN_POINT ( 'NONE',  ( 1.731224716223094900, 1.172475771218660200, 1.659999999999999900 ) ) ;
#192 = FILL_AREA_STYLE ('',( #122 ) ) ;
#193 = EDGE_CURVE ( 'NONE', #5133, #7636, #5112, .T. ) ;
#194 = EDGE_CURVE ( 'NONE', #4214, #9592, #3220, .T. ) ;
#195 = DIRECTION ( 'NONE',  ( 0.0000000000000000000, 1.000000000000000000, 0.0000000000000000000 ) ) ;
#196 = LINE ( 'NONE', #4924, #4369 ) ;
#197 =( GEOMETRIC_REPRESENTATION_CONTEXT ( 3 ) GLOBAL_UNCERTAINTY_ASSIGNED_CONTEXT ( ( #10014 ) ) GLOBAL_UNIT_ASSIGNED_CONTEXT ( ( #8634, #5048, #4131 ) ) REPRESENTATION_CONTEXT ( 'NONE', 'WORKASPACE' ) );
#198 = CARTESIAN_POINT ( 'NONE',  ( 2.351296823603557000, 1.231553912334039500, 1.659999999999999900 ) ) ;
#199 = ORIENTED_EDGE ( 'NONE', *, *, #7581, .F. ) ;
#200 = STYLED_ITEM ( 'NONE', ( #3112 ), #10151 ) ;
#201 = CARTESIAN_POINT ( 'NONE',  ( 2.361406217895692700, 1.462743675673420200, 1.659999999999999900 ) ) ;
#202 = VERTEX_POINT ( 'NONE', #3077 ) ;
#203 = DIRECTION ( 'NONE',  ( 0.0000000000000000000, -1.000000000000000000, 0.0000000000000000000 ) ) ;
#204 = CARTESIAN_POINT ( 'NONE',  ( 0.0000000000000000000, -1.625150518713304400, 1.649999999999999900 ) ) ;
#205 = CARTESIAN_POINT ( 'NONE',  ( 2.433969858556160200, 1.198248910730513400, 1.659999999999999900 ) ) ;
#206 = CARTESIAN_POINT ( 'NONE',  ( 1.732044491604669800, 1.123289498511300400, 1.659999999999999900 ) ) ;
#207 = CARTESIAN_POINT ( 'NONE',  ( 1.903376905237601700, 1.317575529006982800, 1.659999999999999900 ) ) ;
#208 = EDGE_CURVE ( 'NONE', #6282, #8131, #5373, .T. ) ;
#209 = ORIENTED_EDGE ( 'NONE', *, *, #10420, .F. ) ;
#210 = ADVANCED_FACE ( 'NONE', ( #1469 ), #9544, .F. ) ;
#211 = CARTESIAN_POINT ( 'NONE',  ( 2.519837078950300000, 1.395691570676269600, 1.659999999999999900 ) ) ;
#212 = B_SPLINE_CURVE_WITH_KNOTS ( 'NONE', 3,
 ( #1112, #8230, #6360, #2970 ),
 .UNSPECIFIED., .F., .F.,
 ( 4, 4 ),
 ( 6.000000000000000000, 7.000000000000000000 ),
 .UNSPECIFIED. ) ;
#213 = FACE_OUTER_BOUND ( 'NONE', #4400, .T. ) ;
#214 = EDGE_LOOP ( 'NONE', ( #8495, #5183, #1646, #4188 ) ) ;
#215 = CARTESIAN_POINT ( 'NONE',  ( -3.650000000000000400, 0.6999999999999999600, -5.421010862427522200E-017 ) ) ;
#216 = LINE ( 'NONE', #1235, #10693 ) ;
#217 = MECHANICAL_DESIGN_GEOMETRIC_PRESENTATION_REPRESENTATION (  '', ( #11071 ), #3910 ) ;
#218 = CARTESIAN_POINT ( 'NONE',  ( 2.273545855259814000, 1.175849086643933900, 1.649999999999999900 ) ) ;
#219 = CARTESIAN_POINT ( 'NONE',  ( 2.490912569261756200, 1.177794334525312100, 1.649999999999999900 ) ) ;
#220 = LINE ( 'NONE', #8339, #4669 ) ;
#221 = CARTESIAN_POINT ( 'NONE',  ( 1.686957033260347600, 1.440541320226799100, 1.649999999999999900 ) ) ;
#222 = B_SPLINE_CURVE_WITH_KNOTS ( 'NONE', 3,
 ( #5784, #5040, #10214, #5864 ),
 .UNSPECIFIED., .F., .F.,
 ( 4, 4 ),
 ( 26.00000000000000000, 27.00000000000000000 ),
 .UNSPECIFIED. ) ;
#223 = B_SPLINE_SURFACE_WITH_KNOTS ( 'NONE', 3, 1, ( 
 ( #1726, #2463 ),
 ( #7849, #5275 ),
 ( #9689, #10529 ),
 ( #1766, #10497 ) ),
 .UNSPECIFIED., .F., .F., .F.,
 ( 4, 4 ),
 ( 2, 2 ),
 ( 4.000000000000000000, 5.000000000000000000 ),
 ( 0.0000000000000000000, 1.000000000000000000 ),
 .UNSPECIFIED. ) ;
#224 = LINE ( 'NONE', #6274, #7589 ) ;
#225 = LINE ( 'NONE', #11034, #10986 ) ;
#226 = ORIENTED_EDGE ( 'NONE', *, *, #2518, .F. ) ;
#227 = LINE ( 'NONE', #1504, #8679 ) ;
#228 = LINE ( 'NONE', #11109, #9352 ) ;
#229 = EDGE_CURVE ( 'NONE', #9651, #9140, #1725, .T. ) ;
#230 = DIRECTION ( 'NONE',  ( 0.3315284183576130400, 0.9434452330799597600, -0.0000000000000000000 ) ) ;
#231 = CARTESIAN_POINT ( 'NONE',  ( 2.363911461379003300, 1.250299028280348100, 1.649999999999999900 ) ) ;
#232 = FILL_AREA_STYLE ('',( #985 ) ) ;
#233 = CARTESIAN_POINT ( 'NONE',  ( 2.462618054624836600, 1.462743675673420200, 1.649999999999999900 ) ) ;
#234 = FACE_OUTER_BOUND ( 'NONE', #2290, .T. ) ;
#235 =( LENGTH_UNIT ( ) NAMED_UNIT ( * ) SI_UNIT ( .MILLI., .METRE. ) );
#236 = CARTESIAN_POINT ( 'NONE',  ( 2.408593215742089700, 1.139007270710988600, 1.649999999999999900 ) ) ;
#237 = CARTESIAN_POINT ( 'NONE',  ( 2.750514741048119700, 1.209330928962951200, 1.649999999999999900 ) ) ;
#238 = VERTEX_POINT ( 'NONE', #637 ) ;
#239 = FACE_OUTER_BOUND ( 'NONE', #10530, .T. ) ;
#240 = CYLINDRICAL_SURFACE ( 'NONE', #9199, 0.1000000000000000500 ) ;
#241 = LINE ( 'NONE', #7669, #3200 ) ;
#242 = EDGE_LOOP ( 'NONE', ( #11030, #8091, #362, #358 ) ) ;
#243 = DIRECTION ( 'NONE',  ( 0.0000000000000000000, 1.000000000000000000, 0.0000000000000000000 ) ) ;
#244 = ORIENTED_EDGE ( 'NONE', *, *, #1086, .F. ) ;
#245 = DIRECTION ( 'NONE',  ( -0.0000000000000000000, -0.0000000000000000000, -1.000000000000000000 ) ) ;
#246 = LINE ( 'NONE', #66, #8025 ) ;
#247 = CARTESIAN_POINT ( 'NONE',  ( 1.592683224029476400, 1.401192250462541100, 1.649999999999999900 ) ) ;
#248 = UNCERTAINTY_MEASURE_WITH_UNIT (LENGTH_MEASURE( 1.000000000000000100E-005 ), #9901, 'distance_accuracy_value', 'NONE');
#249 = EDGE_CURVE ( 'NONE', #3286, #6562, #8695, .T. ) ;
#250 = ORIENTED_EDGE ( 'NONE', *, *, #2671, .T. ) ;
#251 = CARTESIAN_POINT ( 'NONE',  ( 2.299158285695976900, 1.177794334525312100, 1.649999999999999900 ) ) ;
#252 = FACE_OUTER_BOUND ( 'NONE', #2182, .T. ) ;
#253 = LINE ( 'NONE', #10758, #7199 ) ;
#254 = CARTESIAN_POINT ( 'NONE',  ( 1.996011163706104900, 1.399552707518137100, 1.649999999999999900 ) ) ;
#255 = ORIENTED_EDGE ( 'NONE', *, *, #6060, .T. ) ;
#256 = ORIENTED_EDGE ( 'NONE', *, *, #5287, .F. ) ;
#257 = CARTESIAN_POINT ( 'NONE',  ( 2.348143164159788700, 1.239217010047907900, 1.659999999999999900 ) ) ;
#258 = ORIENTED_EDGE ( 'NONE', *, *, #7203, .T. ) ;
#259 = ORIENTED_EDGE ( 'NONE', *, *, #4707, .F. ) ;
#260 = CARTESIAN_POINT ( 'NONE',  ( 2.262080682141720500, 1.201019415288620700, 1.659999999999999900 ) ) ;
#261 = B_SPLINE_CURVE_WITH_KNOTS ( 'NONE', 3,
 ( #7987, #9717, #6197, #2776 ),
 .UNSPECIFIED., .F., .F.,
 ( 4, 4 ),
 ( 7.000000000000000000, 8.000000000000000000 ),
 .UNSPECIFIED. ) ;
#262 = LINE ( 'NONE', #8158, #8321 ) ;
#263 = LINE ( 'NONE', #2954, #3491 ) ;
#264 = ORIENTED_EDGE ( 'NONE', *, *, #1586, .F. ) ;
#265 = CARTESIAN_POINT ( 'NONE',  ( 1.731224716223094900, 1.236418032062303100, 1.649999999999999900 ) ) ;
#266 =( NAMED_UNIT ( * ) SI_UNIT ( $, .STERADIAN. ) SOLID_ANGLE_UNIT ( ) );
#267 = ORIENTED_EDGE ( 'NONE', *, *, #3232, .T. ) ;
#268 = EDGE_CURVE ( 'NONE', #9936, #7393, #5621, .T. ) ;
#269 = LINE ( 'NONE', #10131, #1074 ) ;
#270 = B_SPLINE_CURVE_WITH_KNOTS ( 'NONE', 3,
 ( #7530, #10212, #591, #10174 ),
 .UNSPECIFIED., .F., .F.,
 ( 4, 4 ),
 ( 4.000000000000000000, 5.000000000000000000 ),
 .UNSPECIFIED. ) ;
#271 = VECTOR ( 'NONE', #1431, 1000.000000000000200 ) ;
#272 = MECHANICAL_DESIGN_GEOMETRIC_PRESENTATION_REPRESENTATION (  '', ( #1641 ), #2235 ) ;
#273 = VERTEX_POINT ( 'NONE', #2271 ) ;
#274 = CARTESIAN_POINT ( 'NONE',  ( 2.506798760291815100, 1.460739480886619200, 1.659999999999999900 ) ) ;
#275 = CARTESIAN_POINT ( 'NONE',  ( 1.400000000000000800, -1.399999999999999900, -1.779999999999999800 ) ) ;
#276 = CARTESIAN_POINT ( 'NONE',  ( 2.274754266822200900, 1.226720266083703300, 1.649999999999999900 ) ) ;
#277 = VECTOR ( 'NONE', #7826, 1000.000000000000000 ) ;
#278 = ADVANCED_FACE ( 'NONE', ( #5809 ), #10987, .T. ) ;
#279 = ORIENTED_EDGE ( 'NONE', *, *, #1696, .T. ) ;
#280 = CARTESIAN_POINT ( 'NONE',  ( 1.600000000000001000, 1.500000000000000000, -1.750000000000000000 ) ) ;
#281 = VERTEX_POINT ( 'NONE', #8350 ) ;
#282 = CARTESIAN_POINT ( 'NONE',  ( 2.475350586211529300, 1.260143161497295800, 1.649999999999999900 ) ) ;
#283 = CARTESIAN_POINT ( 'NONE',  ( 2.336353783061466700, 1.251065338051656100, 1.659999999999999900 ) ) ;
#284 = COLOUR_RGB ( '',0.2980392156862745100, 0.2980392156862745100, 0.2980392156862745100 ) ;
#285 = CARTESIAN_POINT ( 'NONE',  ( -3.254401861300145100, 2.002882636601366800, 0.01634824454989568200 ) ) ;
#286 = ORIENTED_EDGE ( 'NONE', *, *, #3155, .F. ) ;
#287 = EDGE_CURVE ( 'NONE', #9460, #8078, #3896, .T. ) ;
#288 = EDGE_CURVE ( 'NONE', #7031, #5689, #10905, .T. ) ;
#289 = LINE ( 'NONE', #2995, #10765 ) ;
#290 = CARTESIAN_POINT ( 'NONE',  ( 2.639606138365591500, 1.183158502924475600, 1.649999999999999900 ) ) ;
#291 = MECHANICAL_DESIGN_GEOMETRIC_PRESENTATION_REPRESENTATION (  '', ( #11072 ), #8676 ) ;
#292 = ORIENTED_EDGE ( 'NONE', *, *, #333, .F. ) ;
#293 = CARTESIAN_POINT ( 'NONE',  ( -3.349999999999999200, -1.723631294014524900, -1.567364817766693000 ) ) ;
#294 = VECTOR ( 'NONE', #4425, 1000.000000000000000 ) ;
#295 = ORIENTED_EDGE ( 'NONE', *, *, #2229, .T. ) ;
#296 = DIRECTION ( 'NONE',  ( 0.0000000000000000000, -1.000000000000000000, 0.0000000000000000000 ) ) ;
#297 = ORIENTED_EDGE ( 'NONE', *, *, #8450, .T. ) ;
#298 = CARTESIAN_POINT ( 'NONE',  ( -3.650000000000000400, -0.6999999999999999600, -1.679999999999999700 ) ) ;
#299 = VECTOR ( 'NONE', #9458, 1000.000000000000000 ) ;
#300 = VERTEX_POINT ( 'NONE', #4133 ) ;
#301 = CARTESIAN_POINT ( 'NONE',  ( 2.445199244052944200, 1.373851742191424300, 1.649999999999999900 ) ) ;
#302 = VERTEX_POINT ( 'NONE', #5126 ) ;
#303 = CARTESIAN_POINT ( 'NONE',  ( 2.333259070523130400, 1.237920178126990400, 1.649999999999999900 ) ) ;
#304 = CARTESIAN_POINT ( 'NONE',  ( 2.247432376126760700, 1.199840477179337200, 1.659999999999999900 ) ) ;
#305 = EDGE_CURVE ( 'NONE', #6163, #10430, #9162, .T. ) ;
#306 = CARTESIAN_POINT ( 'NONE',  ( 1.605799583223415500, 1.275767140916351100, 1.659999999999999900 ) ) ;
#307 = ORIENTED_EDGE ( 'NONE', *, *, #2748, .T. ) ;
#308 = VERTEX_POINT ( 'NONE', #11134 ) ;
#309 = CARTESIAN_POINT ( 'NONE',  ( 2.186481275847953500, 1.242930665093599200, 1.649999999999999900 ) ) ;
#310 = CARTESIAN_POINT ( 'NONE',  ( -3.349999999999998300, -1.959562411971219400, -1.016439536705160300E-017 ) ) ;
#311 = ORIENTED_EDGE ( 'NONE', *, *, #1291, .T. ) ;
#312 = B_SPLINE_SURFACE_WITH_KNOTS ( 'NONE', 3, 1, ( 
 ( #2300, #1503 ),
 ( #2444, #1596 ),
 ( #9279, #7603 ),
 ( #7572, #11164 ) ),
 .UNSPECIFIED., .F., .F., .F.,
 ( 4, 4 ),
 ( 2, 2 ),
 ( 5.000000000000000000, 6.000000000000000000 ),
 ( 0.0000000000000000000, 1.000000000000000000 ),
 .UNSPECIFIED. ) ;
#313 = CARTESIAN_POINT ( 'NONE',  ( 2.373342966257581600, 1.178030122147011500, 1.659999999999999900 ) ) ;
#314 = ORIENTED_EDGE ( 'NONE', *, *, #10262, .F. ) ;
#315 = VERTEX_POINT ( 'NONE', #8635 ) ;
#316 = CARTESIAN_POINT ( 'NONE',  ( 2.724460208820486800, 1.270282029242152600, 1.649999999999999900 ) ) ;
#317 = SURFACE_STYLE_FILL_AREA ( #2781 ) ;
#318 = CARTESIAN_POINT ( 'NONE',  ( 2.373961908765329600, 1.198779432880120500, 1.659999999999999900 ) ) ;
#319 = CARTESIAN_POINT ( 'NONE',  ( 1.900097803712475600, 1.202807382149946300, 1.659999999999999900 ) ) ;
#320 = PLANE ( 'NONE',  #7379 ) ;
#321 =( LENGTH_UNIT ( ) NAMED_UNIT ( * ) SI_UNIT ( .MILLI., .METRE. ) );
#322 = CARTESIAN_POINT ( 'NONE',  ( 2.476588471227020100, 1.373851742191424300, 1.649999999999999900 ) ) ;
#323 = VERTEX_POINT ( 'NONE', #6877 ) ;
#324 = AXIS2_PLACEMENT_3D ( 'NONE', #3387, #935, #9624 ) ;
#325 = CARTESIAN_POINT ( 'NONE',  ( 2.273545855259814000, 1.175849086643933900, 1.659999999999999900 ) ) ;
#326 = SURFACE_STYLE_USAGE ( .BOTH. , #5497 ) ;
#327 = ORIENTED_EDGE ( 'NONE', *, *, #3743, .T. ) ;
#328 = CARTESIAN_POINT ( 'NONE',  ( 1.900097803712475600, 1.202807382149946300, 1.659999999999999900 ) ) ;
#329 = CARTESIAN_POINT ( 'NONE',  ( 2.606124296045790900, 1.392243176705187900, 1.659999999999999900 ) ) ;
#330 = VERTEX_POINT ( 'NONE', #11210 ) ;
#331 = ADVANCED_FACE ( 'NONE', ( #907 ), #10391, .F. ) ;
#332 = LINE ( 'NONE', #274, #10960 ) ;
#333 = EDGE_CURVE ( 'NONE', #1808, #2597, #4899, .T. ) ;
#334 = CARTESIAN_POINT ( 'NONE',  ( 2.372724023750227800, 1.204556229618042500, 1.649999999999999900 ) ) ;
#335 = ORIENTED_EDGE ( 'NONE', *, *, #7041, .F. ) ;
#336 = CARTESIAN_POINT ( 'NONE',  ( 2.252737597621278500, 1.417059823917321500, 1.659999999999999900 ) ) ;
#337 = PLANE ( 'NONE',  #5337 ) ;
#338 = B_SPLINE_CURVE_WITH_KNOTS ( 'NONE', 3,
 ( #1143, #173, #7111, #8966 ),
 .UNSPECIFIED., .F., .F.,
 ( 4, 4 ),
 ( 10.00000000000000000, 11.00000000000000000 ),
 .UNSPECIFIED. ) ;
#339 =( NAMED_UNIT ( * ) SI_UNIT ( $, .STERADIAN. ) SOLID_ANGLE_UNIT ( ) );
#340 = DIRECTION ( 'NONE',  ( 0.0000000000000000000, 0.0000000000000000000, 1.000000000000000000 ) ) ;
#341 = AXIS2_PLACEMENT_3D ( 'NONE', #4114, #5891, #682 ) ;
#342 = CARTESIAN_POINT ( 'NONE',  ( 2.323444410758892100, 1.365481281611668800, 1.649999999999999900 ) ) ;
#343 = CARTESIAN_POINT ( 'NONE',  ( 2.428605690156604900, 1.177971175241589600, 1.659999999999999900 ) ) ;
#344 = B_SPLINE_SURFACE_WITH_KNOTS ( 'NONE', 3, 1, ( 
 ( #1640, #16 ),
 ( #5114, #7869 ),
 ( #10437, #797 ),
 ( #8735, #840 ) ),
 .UNSPECIFIED., .F., .F., .F.,
 ( 4, 4 ),
 ( 2, 2 ),
 ( 2.000000000000000000, 3.000000000000000000 ),
 ( 0.0000000000000000000, 1.000000000000000000 ),
 .UNSPECIFIED. ) ;
#345 =( NAMED_UNIT ( * ) PLANE_ANGLE_UNIT ( ) SI_UNIT ( $, .RADIAN. ) );
#346 = SURFACE_STYLE_FILL_AREA ( #4774 ) ;
#347 = ORIENTED_EDGE ( 'NONE', *, *, #7732, .F. ) ;
#348 = CARTESIAN_POINT ( 'NONE',  ( 2.725167571687155700, 1.272168330217316100, 1.659999999999999900 ) ) ;
#349 = CARTESIAN_POINT ( 'NONE',  ( 2.385692342958226000, 1.186695317254674600, 1.659999999999999900 ) ) ;
#350 = VERTEX_POINT ( 'NONE', #5874 ) ;
#351 = CARTESIAN_POINT ( 'NONE',  ( 2.433969858556160200, 1.198248910730513400, 1.659999999999999900 ) ) ;
#352 = EDGE_CURVE ( 'NONE', #9046, #3915, #4817, .T. ) ;
#353 = EDGE_CURVE ( 'NONE', #7222, #10109, #1595, .T. ) ;
#354 = ORIENTED_EDGE ( 'NONE', *, *, #5458, .T. ) ;
#355 = COLOUR_RGB ( '',0.2980392156862745100, 0.2980392156862745100, 0.2980392156862745100 ) ;
#356 = DIRECTION ( 'NONE',  ( -1.000000000000000000, -0.0000000000000000000, -0.0000000000000000000 ) ) ;
#357 = CARTESIAN_POINT ( 'NONE',  ( 1.731224716223094900, 1.172475771218660200, 1.649999999999999900 ) ) ;
#358 = ORIENTED_EDGE ( 'NONE', *, *, #4933, .F. ) ;
#359 = CARTESIAN_POINT ( 'NONE',  ( 2.975150518713304900, 1.625150518713304200, -1.649999999999999900 ) ) ;
#360 = CARTESIAN_POINT ( 'NONE',  ( 2.505796662898825300, 1.279831427931971400, 1.659999999999999900 ) ) ;
#361 =( LENGTH_UNIT ( ) NAMED_UNIT ( * ) SI_UNIT ( .MILLI., .METRE. ) );
#362 = ORIENTED_EDGE ( 'NONE', *, *, #1220, .F. ) ;
#363 = LINE ( 'NONE', #11203, #2917 ) ;
#364 = CARTESIAN_POINT ( 'NONE',  ( 2.046837018447667900, 1.214284206217046700, 1.659999999999999900 ) ) ;
#365 = FACE_OUTER_BOUND ( 'NONE', #2715, .T. ) ;
#366 = DIRECTION ( 'NONE',  ( -0.1710878697460358200, 0.1710878697460357900, -0.9702875252478137000 ) ) ;
#367 = EDGE_CURVE ( 'NONE', #7086, #3858, #6518, .T. ) ;
#368 = CARTESIAN_POINT ( 'NONE',  ( 2.077168598107121100, 1.292162570364370700, 1.649999999999999900 ) ) ;
#369 = PRESENTATION_STYLE_ASSIGNMENT (( #413 ) ) ;
#370 = CARTESIAN_POINT ( 'NONE',  ( 1.686957033260347600, 1.440541320226799100, 1.649999999999999900 ) ) ;
#371 = DIRECTION ( 'NONE',  ( -0.0000000000000000000, -0.0000000000000000000, -1.000000000000000000 ) ) ;
#372 = PRESENTATION_LAYER_ASSIGNMENT (  '', '', ( #3313 ) ) ;
#373 = CARTESIAN_POINT ( 'NONE',  ( 2.266265912431597100, 1.191411069693372600, 1.659999999999999900 ) ) ;
#374 = ORIENTED_EDGE ( 'NONE', *, *, #4644, .T. ) ;
#375 = FACE_OUTER_BOUND ( 'NONE', #4979, .T. ) ;
#376 = FACE_OUTER_BOUND ( 'NONE', #5613, .T. ) ;
#377 = DIRECTION ( 'NONE',  ( -0.0000000000000000000, -0.0000000000000000000, -1.000000000000000000 ) ) ;
#378 = VECTOR ( 'NONE', #1060, 1000.000000000000000 ) ;
#379 = B_SPLINE_CURVE_WITH_KNOTS ( 'NONE', 3,
 ( #3594, #4466, #4503, #1827 ),
 .UNSPECIFIED., .F., .F.,
 ( 4, 4 ),
 ( 3.000000000000000000, 4.000000000000000000 ),
 .UNSPECIFIED. ) ;
#380 = CARTESIAN_POINT ( 'NONE',  ( 2.255478628726285400, 1.254366364759375500, 1.659999999999999900 ) ) ;
#381 = VECTOR ( 'NONE', #11141, 1000.000000000000000 ) ;
#382 = ORIENTED_EDGE ( 'NONE', *, *, #2197, .F. ) ;
#383 = DIRECTION ( 'NONE',  ( 0.0000000000000000000, 0.0000000000000000000, -1.000000000000000000 ) ) ;
#384 = CARTESIAN_POINT ( 'NONE',  ( 1.911574596507741500, 1.228220309520728200, 1.649999999999999900 ) ) ;
#385 = FACE_OUTER_BOUND ( 'NONE', #7113, .T. ) ;
#386 = ORIENTED_EDGE ( 'NONE', *, *, #10923, .T. ) ;
#387 = CARTESIAN_POINT ( 'NONE',  ( 2.171597182211292900, 1.293094481667485400, 1.659999999999999900 ) ) ;
#388 = ADVANCED_FACE ( 'NONE', ( #6644 ), #11174, .F. ) ;
#389 = AXIS2_PLACEMENT_3D ( 'NONE', #9427, #4167, #2489 ) ;
#390 = CARTESIAN_POINT ( 'NONE',  ( -3.254401861300145100, 1.904401861300146100, 0.03371306231658875700 ) ) ;
#391 = PLANE ( 'NONE',  #3840 ) ;
#392 = CARTESIAN_POINT ( 'NONE',  ( 2.589589689055269900, 1.190939494449980500, 1.659999999999999900 ) ) ;
#393 = DIRECTION ( 'NONE',  ( 0.0000000000000000000, 0.0000000000000000000, 1.000000000000000000 ) ) ;
#394 = UNCERTAINTY_MEASURE_WITH_UNIT (LENGTH_MEASURE( 1.000000000000000100E-005 ), #4908, 'distance_accuracy_value', 'NONE');
#395 = LINE ( 'NONE', #9130, #1873 ) ;
#396 = ORIENTED_EDGE ( 'NONE', *, *, #10557, .F. ) ;
#397 = CARTESIAN_POINT ( 'NONE',  ( 2.351296823603557000, 1.231553912334039500, 1.659999999999999900 ) ) ;
#398 = VERTEX_POINT ( 'NONE', #2488 ) ;
#399 = SURFACE_STYLE_USAGE ( .BOTH. , #9826 ) ;
#400 = CARTESIAN_POINT ( 'NONE',  ( 2.264055403475419700, 1.384167450652555600, 1.649999999999999900 ) ) ;
#401 = EDGE_CURVE ( 'NONE', #3638, #6596, #10727, .T. ) ;
#402 = FACE_OUTER_BOUND ( 'NONE', #909, .T. ) ;
#403 = DIRECTION ( 'NONE',  ( -0.3559357243643166400, 0.9345104387438640800, -0.0000000000000000000 ) ) ;
#404 = ORIENTED_EDGE ( 'NONE', *, *, #633, .F. ) ;
#405 = STYLED_ITEM ( 'NONE', ( #6655 ), #19 ) ;
#406 = CARTESIAN_POINT ( 'NONE',  ( 1.923871211592327800, 1.177394454778384600, 1.659999999999999900 ) ) ;
#407 = DIRECTION ( 'NONE',  ( -1.000000000000000000, 0.0000000000000000000, 0.0000000000000000000 ) ) ;
#408 = ORIENTED_EDGE ( 'NONE', *, *, #2872, .T. ) ;
#409 = CARTESIAN_POINT ( 'NONE',  ( 1.814021717023177400, 1.205266723929413000, 1.659999999999999900 ) ) ;
#410 = ORIENTED_EDGE ( 'NONE', *, *, #1636, .T. ) ;
#411 = CARTESIAN_POINT ( 'NONE',  ( 2.450000000000000200, 0.6999999999999999600, -1.679999999999999900 ) ) ;
#412 = CARTESIAN_POINT ( 'NONE',  ( 2.505796662898825300, 1.279831427931971400, 1.659999999999999900 ) ) ;
#413 = SURFACE_STYLE_USAGE ( .BOTH. , #1121 ) ;
#414 = VECTOR ( 'NONE', #9994, 1000.000000000000100 ) ;
#415 = ORIENTED_EDGE ( 'NONE', *, *, #7041, .T. ) ;
#416 = DIRECTION ( 'NONE',  ( -0.0000000000000000000, -0.0000000000000000000, -1.000000000000000000 ) ) ;
#417 = CARTESIAN_POINT ( 'NONE',  ( 2.333170650164992000, 1.195596299983251200, 1.659999999999999900 ) ) ;
#418 = EDGE_CURVE ( 'NONE', #565, #3739, #6082, .T. ) ;
#419 = VECTOR ( 'NONE', #2908, 1000.000000000000000 ) ;
#420 = EDGE_CURVE ( 'NONE', #4790, #10930, #9898, .T. ) ;
#421 = VECTOR ( 'NONE', #4653, 1000.000000000000000 ) ;
#422 = ORIENTED_EDGE ( 'NONE', *, *, #6990, .T. ) ;
#423 = AXIS2_PLACEMENT_3D ( 'NONE', #8031, #1000, #5495 ) ;
#424 = MECHANICAL_DESIGN_GEOMETRIC_PRESENTATION_REPRESENTATION (  '', ( #3091 ), #4831 ) ;
#425 = VECTOR ( 'NONE', #837, 1000.000000000000000 ) ;
#426 = CARTESIAN_POINT ( 'NONE',  ( 2.293587803127043600, 1.250299028280348100, 1.659999999999999900 ) ) ;
#427 = CARTESIAN_POINT ( 'NONE',  ( -1.500000000000000200, -1.399999999999999700, -1.749999999999999300 ) ) ;
#428 = EDGE_LOOP ( 'NONE', ( #9530, #3622, #8616, #1643 ) ) ;
#429 = CARTESIAN_POINT ( 'NONE',  ( 2.273133226921448800, 1.215579300945054200, 1.659999999999999900 ) ) ;
#430 =( NAMED_UNIT ( * ) SI_UNIT ( $, .STERADIAN. ) SOLID_ANGLE_UNIT ( ) );
#431 = DIRECTION ( 'NONE',  ( 0.0000000000000000000, 0.0000000000000000000, 1.000000000000000000 ) ) ;
#432 = EDGE_LOOP ( 'NONE', ( #703, #1490, #3811, #10559 ) ) ;
#433 = SURFACE_STYLE_FILL_AREA ( #1794 ) ;
#434 = ORIENTED_EDGE ( 'NONE', *, *, #4324, .T. ) ;
#435 = EDGE_CURVE ( 'NONE', #6543, #5133, #2808, .T. ) ;
#436 = ORIENTED_EDGE ( 'NONE', *, *, #704, .T. ) ;
#437 = EDGE_CURVE ( 'NONE', #5993, #9097, #5668, .T. ) ;
#438 = ORIENTED_EDGE ( 'NONE', *, *, #3513, .F. ) ;
#439 = B_SPLINE_SURFACE_WITH_KNOTS ( 'NONE', 3, 1, ( 
 ( #118, #8053 ),
 ( #6183, #7970 ),
 ( #2730, #8916 ),
 ( #9701, #10577 ) ),
 .UNSPECIFIED., .F., .F., .F.,
 ( 4, 4 ),
 ( 2, 2 ),
 ( 20.00000000000000000, 21.00000000000000000 ),
 ( 0.0000000000000000000, 1.000000000000000000 ),
 .UNSPECIFIED. ) ;
#440 = CARTESIAN_POINT ( 'NONE',  ( 2.277288983758615000, 1.187697414647680600, 1.649999999999999900 ) ) ;
#441 = CARTESIAN_POINT ( 'NONE',  ( 1.654166119638992300, 1.179034005541532500, 1.649999999999999900 ) ) ;
#442 = CARTESIAN_POINT ( 'NONE',  ( 2.291524661434815300, 1.358761334385384800, 1.659999999999999900 ) ) ;
#443 = VERTEX_POINT ( 'NONE', #1796 ) ;
#444 = AXIS2_PLACEMENT_3D ( 'NONE', #8697, #4235, #10441 ) ;
#445 = EDGE_LOOP ( 'NONE', ( #9628, #2543, #1508, #2592 ) ) ;
#446 = DIRECTION ( 'NONE',  ( -1.000000000000000000, 0.0000000000000000000, 0.0000000000000000000 ) ) ;
#447 = FACE_OUTER_BOUND ( 'NONE', #6233, .T. ) ;
#448 = CARTESIAN_POINT ( 'NONE',  ( 2.171597182211292100, 1.360706582266758800, 1.649999999999999900 ) ) ;
#449 = ORIENTED_EDGE ( 'NONE', *, *, #522, .F. ) ;
#450 = EDGE_LOOP ( 'NONE', ( #2850, #10723, #9655, #1896 ) ) ;
#451 = ADVANCED_FACE ( 'NONE', ( #2940 ), #10426, .F. ) ;
#452 = PLANE ( 'NONE',  #3870 ) ;
#453 = CARTESIAN_POINT ( 'NONE',  ( 1.900097803712473400, 1.457756540691922400, 1.659999999999999900 ) ) ;
#454 = CARTESIAN_POINT ( 'NONE',  ( 2.574705595419001500, 1.293094481667487600, 1.659999999999999900 ) ) ;
#455 = DIRECTION ( 'NONE',  ( -0.0000000000000000000, -0.0000000000000000000, -1.000000000000000000 ) ) ;
#456 = EDGE_CURVE ( 'NONE', #7748, #2753, #3149, .T. ) ;
#457 = VERTEX_POINT ( 'NONE', #8745 ) ;
#458 = EDGE_CURVE ( 'NONE', #9043, #5818, #246, .T. ) ;
#459 = CARTESIAN_POINT ( 'NONE',  ( 2.505796662898819500, 1.229726558263511300, 1.659999999999999900 ) ) ;
#460 = B_SPLINE_CURVE_WITH_KNOTS ( 'NONE', 3,
 ( #94, #6156, #1905, #6991 ),
 .UNSPECIFIED., .F., .F.,
 ( 4, 4 ),
 ( 18.00000000000000000, 19.00000000000000000 ),
 .UNSPECIFIED. ) ;
#461 = ADVANCED_FACE ( 'NONE', ( #776 ), #9944, .T. ) ;
#462 = B_SPLINE_SURFACE_WITH_KNOTS ( 'NONE', 3, 1, ( 
 ( #1903, #6318 ),
 ( #3560, #7980 ),
 ( #9638, #9674 ),
 ( #5300, #2804 ) ),
 .UNSPECIFIED., .F., .F., .F.,
 ( 4, 4 ),
 ( 2, 2 ),
 ( 2.000000000000000000, 3.000000000000000000 ),
 ( 0.0000000000000000000, 1.000000000000000000 ),
 .UNSPECIFIED. ) ;
#463 = CARTESIAN_POINT ( 'NONE',  ( 2.518381827221150000, 1.387645318076548500, 1.649999999999999900 ) ) ;
#464 = STYLED_ITEM ( 'NONE', ( #4964 ), #5678 ) ;
#465 = UNCERTAINTY_MEASURE_WITH_UNIT (LENGTH_MEASURE( 1.000000000000000100E-005 ), #4331, 'distance_accuracy_value', 'NONE');
#466 = EDGE_LOOP ( 'NONE', ( #7194, #472, #2428, #7092 ) ) ;
#467 = CARTESIAN_POINT ( 'NONE',  ( 2.299158285695976900, 1.243579081054058300, 1.649999999999999900 ) ) ;
#468 = CARTESIAN_POINT ( 'NONE',  ( -1.400000000000000100, -1.399999999999999700, -1.749999999999999100 ) ) ;
#469 = ORIENTED_EDGE ( 'NONE', *, *, #10766, .T. ) ;
#470 = DIRECTION ( 'NONE',  ( -1.000000000000000000, -2.109575325578735500E-013, 0.0000000000000000000 ) ) ;
#471 = CARTESIAN_POINT ( 'NONE',  ( 2.323444410758892100, 1.379746432740977400, 1.649999999999999900 ) ) ;
#472 = ORIENTED_EDGE ( 'NONE', *, *, #6762, .F. ) ;
#473 = SURFACE_SIDE_STYLE ('',( #6534 ) ) ;
#474 = FILL_AREA_STYLE ('',( #7399 ) ) ;
#475 = VERTEX_POINT ( 'NONE', #4427 ) ;
#476 = CARTESIAN_POINT ( 'NONE',  ( -1.399999999999999000, -1.500000000000000000, -1.879999999999999200 ) ) ;
#477 = VECTOR ( 'NONE', #4190, 1000.000000000000000 ) ;
#478 = CARTESIAN_POINT ( 'NONE',  ( 1.626293889578141800, 1.247075112020049200, 1.659999999999999900 ) ) ;
#479 = CARTESIAN_POINT ( 'NONE',  ( 2.293676223485176200, 1.372024388120897300, 1.649999999999999900 ) ) ;
#480 = CARTESIAN_POINT ( 'NONE',  ( 1.741881764909005000, 1.474971757247668400, 1.659999999999999900 ) ) ;
#481 = ORIENTED_EDGE ( 'NONE', *, *, #8836, .F. ) ;
#482 = CARTESIAN_POINT ( 'NONE',  ( 2.487464175289687300, 1.459147914438577100, 1.659999999999999900 ) ) ;
#483 = ORIENTED_EDGE ( 'NONE', *, *, #10149, .F. ) ;
#484 = CARTESIAN_POINT ( 'NONE',  ( 3.950000000000000200, 0.6999999999999999600, -0.3000000000000021000 ) ) ;
#485 = CARTESIAN_POINT ( 'NONE',  ( 2.272602704771839100, 1.250299028280348100, 1.659999999999999900 ) ) ;
#486 = EDGE_CURVE ( 'NONE', #9297, #7870, #7410, .T. ) ;
#487 = LINE ( 'NONE', #5748, #4804 ) ;
#488 = EDGE_CURVE ( 'NONE', #8523, #7014, #4287, .T. ) ;
#489 = DIRECTION ( 'NONE',  ( 0.0000000000000000000, -0.0000000000000000000, -1.000000000000000000 ) ) ;
#490 = LINE ( 'NONE', #6478, #5486 ) ;
#491 = ORIENTED_EDGE ( 'NONE', *, *, #44, .T. ) ;
#492 = CARTESIAN_POINT ( 'NONE',  ( 2.634330390323782000, 1.360706582266761400, 1.659999999999999900 ) ) ;
#493 = FILL_AREA_STYLE ('',( #1240 ) ) ;
#494 = CARTESIAN_POINT ( 'NONE',  ( 2.580777126684044500, 1.455080577959553000, 1.659999999999999900 ) ) ;
#495 = DIRECTION ( 'NONE',  ( 1.000000000000000000, -0.0000000000000000000, -0.0000000000000000000 ) ) ;
#496 = STYLED_ITEM ( 'NONE', ( #9296 ), #9520 ) ;
#497 = EDGE_LOOP ( 'NONE', ( #3021, #382, #8665, #5588 ) ) ;
#498 = CARTESIAN_POINT ( 'NONE',  ( 2.495215693362482500, 1.366070750666705600, 1.659999999999999900 ) ) ;
#499 = CARTESIAN_POINT ( 'NONE',  ( 2.337355880454870000, 1.224892912013173100, 1.659999999999999900 ) ) ;
#500 = VECTOR ( 'NONE', #8669, 1000.000000000000000 ) ;
#501 = ORIENTED_EDGE ( 'NONE', *, *, #4933, .T. ) ;
#502 = DIRECTION ( 'NONE',  ( 0.0000000000000000000, -1.000000000000000000, 0.0000000000000000000 ) ) ;
#503 = EDGE_CURVE ( 'NONE', #1943, #398, #3335, .T. ) ;
#504 = EDGE_CURVE ( 'NONE', #8178, #6880, #10322, .T. ) ;
#505 = ADVANCED_FACE ( 'NONE', ( #8308 ), #6191, .F. ) ;
#506 = VECTOR ( 'NONE', #5436, 1000.000000000000000 ) ;
#507 =( GEOMETRIC_REPRESENTATION_CONTEXT ( 3 ) GLOBAL_UNCERTAINTY_ASSIGNED_CONTEXT ( ( #9668 ) ) GLOBAL_UNIT_ASSIGNED_CONTEXT ( ( #5692, #6585, #5611 ) ) REPRESENTATION_CONTEXT ( 'NONE', 'WORKASPACE' ) );
#508 = CARTESIAN_POINT ( 'NONE',  ( 1.951743449471527100, 1.464314716379716300, 1.649999999999999900 ) ) ;
#509 = CIRCLE ( 'NONE', #1048, 0.1000000000000000500 ) ;
#510 = AXIS2_PLACEMENT_3D ( 'NONE', #107, #11289, #3462 ) ;
#511 = PLANE ( 'NONE',  #1675 ) ;
#512 = SURFACE_STYLE_FILL_AREA ( #6658 ) ;
#513 = CIRCLE ( 'NONE', #2694, 0.1000000000000000500 ) ;
#514 = CARTESIAN_POINT ( 'NONE',  ( 2.437005624189463800, 1.195242618550703000, 1.649999999999999900 ) ) ;
#515 = ADVANCED_FACE ( 'NONE', ( #2006 ), #6627, .F. ) ;
#516 = FACE_OUTER_BOUND ( 'NONE', #9198, .T. ) ;
#517 = CARTESIAN_POINT ( 'NONE',  ( 1.605799583223415500, 1.275767140916351100, 1.649999999999999900 ) ) ;
#518 = CARTESIAN_POINT ( 'NONE',  ( 0.0000000000000000000, -1.625150518713304200, -1.649999999999999900 ) ) ;
#519 = VERTEX_POINT ( 'NONE', #5680 ) ;
#520 = VECTOR ( 'NONE', #2547, 1000.000000000000000 ) ;
#521 = FILL_AREA_STYLE ('',( #5584 ) ) ;
#522 = EDGE_CURVE ( 'NONE', #10888, #9959, #1868, .T. ) ;
#523 = FACE_OUTER_BOUND ( 'NONE', #5019, .T. ) ;
#524 = CARTESIAN_POINT ( 'NONE',  ( 0.0000000000000000000, 1.625150518713304200, -1.649999999999999900 ) ) ;
#525 = VERTEX_POINT ( 'NONE', #1323 ) ;
#526 = CARTESIAN_POINT ( 'NONE',  ( 2.373961908765329600, 1.198779432880120500, 1.649999999999999900 ) ) ;
#527 = AXIS2_PLACEMENT_3D ( 'NONE', #2080, #2119, #5633 ) ;
#528 = DIRECTION ( 'NONE',  ( -0.0000000000000000000, -0.0000000000000000000, -1.000000000000000000 ) ) ;
#529 = ORIENTED_EDGE ( 'NONE', *, *, #5028, .F. ) ;
#530 = B_SPLINE_CURVE_WITH_KNOTS ( 'NONE', 3,
 ( #8275, #453, #5015, #2347 ),
 .UNSPECIFIED., .F., .F.,
 ( 4, 4 ),
 ( 21.00000000000000000, 22.00000000000000000 ),
 .UNSPECIFIED. ) ;
#531 = ORIENTED_EDGE ( 'NONE', *, *, #2476, .F. ) ;
#532 = B_SPLINE_SURFACE_WITH_KNOTS ( 'NONE', 3, 1, ( 
 ( #7965, #2722 ),
 ( #3575, #9696 ),
 ( #4486, #5350 ),
 ( #4440, #6260 ) ),
 .UNSPECIFIED., .F., .F., .F.,
 ( 4, 4 ),
 ( 2, 2 ),
 ( 2.000000000000000000, 3.000000000000000000 ),
 ( 0.0000000000000000000, 1.000000000000000000 ),
 .UNSPECIFIED. ) ;
#533 = DIRECTION ( 'NONE',  ( 0.0000000000000000000, 0.0000000000000000000, 1.000000000000000000 ) ) ;
#534 = ORIENTED_EDGE ( 'NONE', *, *, #1499, .F. ) ;
#535 = ORIENTED_EDGE ( 'NONE', *, *, #1634, .T. ) ;
#536 = FACE_OUTER_BOUND ( 'NONE', #7838, .T. ) ;
#537 = DIRECTION ( 'NONE',  ( 1.000000000000000000, 0.0000000000000000000, 0.0000000000000000000 ) ) ;
#538 = CARTESIAN_POINT ( 'NONE',  ( 1.695974499911667700, 1.123289498511300400, 1.659999999999999900 ) ) ;
#539 = CARTESIAN_POINT ( 'NONE',  ( 1.986993681418870400, 1.424145875142862600, 1.649999999999999900 ) ) ;
#540 = LINE ( 'NONE', #1717, #4719 ) ;
#541 = LINE ( 'NONE', #8097, #2825 ) ;
#542 = ORIENTED_EDGE ( 'NONE', *, *, #6384, .T. ) ;
#543 = AXIS2_PLACEMENT_3D ( 'NONE', #9830, #1111, #10709 ) ;
#544 = EDGE_LOOP ( 'NONE', ( #9745, #10021, #4849, #5330 ) ) ;
#545 = CARTESIAN_POINT ( 'NONE',  ( 2.405911131542119600, 1.462743675673420200, 1.659999999999999900 ) ) ;
#546 = VERTEX_POINT ( 'NONE', #8460 ) ;
#547 = LINE ( 'NONE', #1842, #5258 ) ;
#548 = B_SPLINE_SURFACE_WITH_KNOTS ( 'NONE', 3, 1, ( 
 ( #4179, #6803 ),
 ( #7846, #1615 ),
 ( #2496, #2461 ),
 ( #777, #855 ) ),
 .UNSPECIFIED., .F., .F., .F.,
 ( 4, 4 ),
 ( 2, 2 ),
 ( 0.0000000000000000000, 1.000000000000000000 ),
 ( 0.0000000000000000000, 1.000000000000000000 ),
 .UNSPECIFIED. ) ;
#549 = FACE_BOUND ( 'NONE', #4061, .T. ) ;
#550 = CARTESIAN_POINT ( 'NONE',  ( 2.607008499627946600, 1.279831427931971400, 1.659999999999999900 ) ) ;
#551 = ORIENTED_EDGE ( 'NONE', *, *, #3444, .T. ) ;
#552 = CARTESIAN_POINT ( 'NONE',  ( 2.000929784722163400, 1.229859860283883300, 1.659999999999999900 ) ) ;
#553 = CARTESIAN_POINT ( 'NONE',  ( 2.674974281659774800, 1.177794334525313200, 1.659999999999999900 ) ) ;
#554 = EDGE_CURVE ( 'NONE', #3499, #6747, #5783, .T. ) ;
#555 = CARTESIAN_POINT ( 'NONE',  ( 2.323444410758892100, 1.379746432740977400, 1.649999999999999900 ) ) ;
#556 = DIRECTION ( 'NONE',  ( 7.522642073638237500E-015, -1.000000000000000000, -0.0000000000000000000 ) ) ;
#557 = VECTOR ( 'NONE', #4681, 1000.000000000000000 ) ;
#558 = STYLED_ITEM ( 'NONE', ( #3567 ), #8344 ) ;
#559 =( LENGTH_UNIT ( ) NAMED_UNIT ( * ) SI_UNIT ( .MILLI., .METRE. ) );
#560 = ORIENTED_EDGE ( 'NONE', *, *, #659, .T. ) ;
#561 = ADVANCED_FACE ( 'NONE', ( #10187 ), #6576, .F. ) ;
#562 = CARTESIAN_POINT ( 'NONE',  ( 2.750514741048119700, 1.209330928962951200, 1.659999999999999900 ) ) ;
#563 = DIRECTION ( 'NONE',  ( -0.0000000000000000000, 1.000000000000000000, -0.0000000000000000000 ) ) ;
#564 = CARTESIAN_POINT ( 'NONE',  ( 2.253769168466997400, 1.460975268508318600, 1.659999999999999900 ) ) ;
#565 = VERTEX_POINT ( 'NONE', #4758 ) ;
#566 = FILL_AREA_STYLE ('',( #7729 ) ) ;
#567 = CARTESIAN_POINT ( 'NONE',  ( 2.346522124259034800, 1.360706582266758800, 1.659999999999999900 ) ) ;
#568 = LINE ( 'NONE', #204, #10507 ) ;
#569 = ORIENTED_EDGE ( 'NONE', *, *, #10802, .F. ) ;
#570 = ORIENTED_EDGE ( 'NONE', *, *, #10922, .F. ) ;
#571 = ADVANCED_FACE ( 'NONE', ( #8569 ), #10037, .F. ) ;
#572 = EDGE_CURVE ( 'NONE', #5228, #992, #3070, .T. ) ;
#573 = EDGE_CURVE ( 'NONE', #112, #6940, #7571, .T. ) ;
#574 = CARTESIAN_POINT ( 'NONE',  ( 2.026342712093334600, 1.326592980022779800, 1.659999999999999900 ) ) ;
#575 = PRESENTATION_STYLE_ASSIGNMENT (( #8347 ) ) ;
#576 = AXIS2_PLACEMENT_3D ( 'NONE', #870, #6983, #949 ) ;
#577 = ORIENTED_EDGE ( 'NONE', *, *, #9905, .T. ) ;
#578 = VERTEX_POINT ( 'NONE', #5948 ) ;
#579 = FILL_AREA_STYLE_COLOUR ( '', #5057 ) ;
#580 = ORIENTED_EDGE ( 'NONE', *, *, #5028, .T. ) ;
#581 = ORIENTED_EDGE ( 'NONE', *, *, #4613, .T. ) ;
#582 = ORIENTED_EDGE ( 'NONE', *, *, #8244, .T. ) ;
#583 = CARTESIAN_POINT ( 'NONE',  ( 2.237116667665630200, 1.416175620334375400, 1.659999999999999900 ) ) ;
#584 =( LENGTH_UNIT ( ) NAMED_UNIT ( * ) SI_UNIT ( .MILLI., .METRE. ) );
#585 = DIRECTION ( 'NONE',  ( 0.1710878697460358800, 0.1710878697460358800, 0.9702875252478138100 ) ) ;
#586 = ORIENTED_EDGE ( 'NONE', *, *, #4063, .T. ) ;
#587 = EDGE_CURVE ( 'NONE', #6308, #5961, #8686, .T. ) ;
#588 = B_SPLINE_SURFACE_WITH_KNOTS ( 'NONE', 3, 1, ( 
 ( #10025, #4013 ),
 ( #5625, #3046 ),
 ( #3916, #4860 ),
 ( #10982, #6602 ) ),
 .UNSPECIFIED., .F., .F., .F.,
 ( 4, 4 ),
 ( 2, 2 ),
 ( 0.0000000000000000000, 1.000000000000000000 ),
 ( 0.0000000000000000000, 1.000000000000000000 ),
 .UNSPECIFIED. ) ;
#589 = CARTESIAN_POINT ( 'NONE',  ( 2.402639578287098400, 1.425842912835049800, 1.649999999999999900 ) ) ;
#590 = CARTESIAN_POINT ( 'NONE',  ( 2.388787055496564000, 1.200194158611884900, 1.649999999999999900 ) ) ;
#591 = CARTESIAN_POINT ( 'NONE',  ( 1.693515205039557200, 1.440541320226799100, 1.649999999999999900 ) ) ;
#592 = CARTESIAN_POINT ( 'NONE',  ( -1.399999999999999700, 1.500000000000000000, -1.879999999999999900 ) ) ;
#593 = AXIS2_PLACEMENT_3D ( 'NONE', #1124, #9873, #8202 ) ;
#594 = VERTEX_POINT ( 'NONE', #4136 ) ;
#595 = LINE ( 'NONE', #144, #2633 ) ;
#596 =( NAMED_UNIT ( * ) SI_UNIT ( $, .STERADIAN. ) SOLID_ANGLE_UNIT ( ) );
#597 = CARTESIAN_POINT ( 'NONE',  ( 2.292968860619297300, 1.194417361873971300, 1.659999999999999900 ) ) ;
#598 = DIRECTION ( 'NONE',  ( 1.000000000000000000, 0.0000000000000000000, -0.0000000000000000000 ) ) ;
#599 = UNCERTAINTY_MEASURE_WITH_UNIT (LENGTH_MEASURE( 1.000000000000000100E-005 ), #9377, 'distance_accuracy_value', 'NONE');
#600 = ORIENTED_EDGE ( 'NONE', *, *, #6546, .T. ) ;
#601 = EDGE_CURVE ( 'NONE', #3749, #9878, #10309, .T. ) ;
#602 = EDGE_LOOP ( 'NONE', ( #4457, #4867, #5159, #3267 ) ) ;
#603 = B_SPLINE_SURFACE_WITH_KNOTS ( 'NONE', 3, 1, ( 
 ( #5828, #7607 ),
 ( #912, #7875 ),
 ( #2558, #7837 ),
 ( #4237, #762 ) ),
 .UNSPECIFIED., .F., .F., .F.,
 ( 4, 4 ),
 ( 2, 2 ),
 ( 2.000000000000000000, 3.000000000000000000 ),
 ( 0.0000000000000000000, 1.000000000000000000 ),
 .UNSPECIFIED. ) ;
#604 = CARTESIAN_POINT ( 'NONE',  ( 2.291524661434815300, 1.358761334385384800, 1.659999999999999900 ) ) ;
#605 = VECTOR ( 'NONE', #7197, 1000.000000000000000 ) ;
#606 = STYLED_ITEM ( 'NONE', ( #3456 ), #5990 ) ;
#607 = EDGE_LOOP ( 'NONE', ( #4076, #6128, #6124, #5324 ) ) ;
#608 = CARTESIAN_POINT ( 'NONE',  ( 1.789428549397271500, 1.457756540691922400, 1.659999999999999900 ) ) ;
#609 = SURFACE_SIDE_STYLE ('',( #10815 ) ) ;
#610 = CARTESIAN_POINT ( 'NONE',  ( 3.058285764832759900, 1.806766540133982100, 1.095881407879973500 ) ) ;
#611 = CARTESIAN_POINT ( 'NONE',  ( 3.251519224698779600, -2.000000000000000000, 0.0000000000000000000 ) ) ;
#612 = FACE_OUTER_BOUND ( 'NONE', #1300, .T. ) ;
#613 = SURFACE_STYLE_USAGE ( .BOTH. , #2287 ) ;
#614 = CARTESIAN_POINT ( 'NONE',  ( -3.349999999999999200, 2.000000000000000000, 0.0000000000000000000 ) ) ;
#615 = EDGE_CURVE ( 'NONE', #5170, #5422, #5939, .T. ) ;
#616 = VERTEX_POINT ( 'NONE', #3236 ) ;
#617 = CARTESIAN_POINT ( 'NONE',  ( 1.600000000000001000, -1.399999999999999700, -1.649999999999999900 ) ) ;
#618 = EDGE_CURVE ( 'NONE', #5514, #4702, #8822, .T. ) ;
#619 = ORIENTED_EDGE ( 'NONE', *, *, #10483, .F. ) ;
#620 = AXIS2_PLACEMENT_3D ( 'NONE', #4288, #5093, #709 ) ;
#621 = ADVANCED_FACE ( 'NONE', ( #9754 ), #4174, .F. ) ;
#622 = DIRECTION ( 'NONE',  ( -0.2524218971878337500, 0.9676172723861923300, -0.0000000000000000000 ) ) ;
#623 = B_SPLINE_CURVE_WITH_KNOTS ( 'NONE', 3,
 ( #55, #9528, #8694, #7164 ),
 .UNSPECIFIED., .F., .F.,
 ( 4, 4 ),
 ( 28.00000000000000000, 29.00000000000000000 ),
 .UNSPECIFIED. ) ;
#624 = PLANE ( 'NONE',  #2735 ) ;
#625 = CARTESIAN_POINT ( 'NONE',  ( -3.254401861300145100, -1.904401861300146100, -0.03371306231658875700 ) ) ;
#626 = VECTOR ( 'NONE', #2921, 1000.000000000000000 ) ;
#627 = VERTEX_POINT ( 'NONE', #3303 ) ;
#628 = CYLINDRICAL_SURFACE ( 'NONE', #8077, 0.09999999999999982500 ) ;
#629 = B_SPLINE_CURVE_WITH_KNOTS ( 'NONE', 3,
 ( #3768, #9058, #313, #4561 ),
 .UNSPECIFIED., .F., .F.,
 ( 4, 4 ),
 ( 18.00000000000000000, 19.00000000000000000 ),
 .UNSPECIFIED. ) ;
#630 = DIRECTION ( 'NONE',  ( 0.0000000000000000000, 0.0000000000000000000, -1.000000000000000000 ) ) ;
#631 = DIRECTION ( 'NONE',  ( 1.000000000000000000, 0.0000000000000000000, 0.0000000000000000000 ) ) ;
#632 = DIRECTION ( 'NONE',  ( -3.823481911038546100E-016, 1.000000000000000000, -2.168404344971005700E-015 ) ) ;
#633 = EDGE_CURVE ( 'NONE', #2689, #3386, #4692, .T. ) ;
#634 = EDGE_CURVE ( 'NONE', #1833, #1288, #766, .T. ) ;
#635 = SURFACE_SIDE_STYLE ('',( #7816 ) ) ;
#636 = VECTOR ( 'NONE', #1534, 1000.000000000000000 ) ;
#637 = CARTESIAN_POINT ( 'NONE',  ( 2.707218238964867100, 1.222358195076769900, 1.649999999999999900 ) ) ;
#638 = EDGE_LOOP ( 'NONE', ( #6916, #9339, #5291, #2516 ) ) ;
#639 = FACE_BOUND ( 'NONE', #3949, .T. ) ;
#640 = AXIS2_PLACEMENT_3D ( 'NONE', #7691, #3445, #1711 ) ;
#641 = LINE ( 'NONE', #7349, #756 ) ;
#642 = VERTEX_POINT ( 'NONE', #7775 ) ;
#643 = LINE ( 'NONE', #10612, #903 ) ;
#644 = LINE ( 'NONE', #9239, #8818 ) ;
#645 = CARTESIAN_POINT ( 'NONE',  ( 1.664823160506946600, 1.146243115373657900, 1.659999999999999900 ) ) ;
#646 = EDGE_CURVE ( 'NONE', #1619, #519, #10580, .T. ) ;
#647 = EDGE_CURVE ( 'NONE', #10817, #4375, #3950, .T. ) ;
#648 = CARTESIAN_POINT ( 'NONE',  ( 2.274754266822200900, 1.226720266083703300, 1.659999999999999900 ) ) ;
#649 = DIRECTION ( 'NONE',  ( 0.0000000000000000000, 0.0000000000000000000, -1.000000000000000000 ) ) ;
#650 = DIRECTION ( 'NONE',  ( 0.0000000000000000000, 0.0000000000000000000, -1.000000000000000000 ) ) ;
#651 = CARTESIAN_POINT ( 'NONE',  ( -3.650000000000000400, 0.6999999999999999600, -0.2000000000000000100 ) ) ;
#652 = ORIENTED_EDGE ( 'NONE', *, *, #10901, .T. ) ;
#653 = LINE ( 'NONE', #2484, #8565 ) ;
#654 = EDGE_LOOP ( 'NONE', ( #2657, #5715, #7413, #9910 ) ) ;
#655 = ORIENTED_EDGE ( 'NONE', *, *, #2162, .T. ) ;
#656 = PLANE ( 'NONE',  #1718 ) ;
#657 = LINE ( 'NONE', #7303, #4854 ) ;
#658 = PLANE ( 'NONE',  #8502 ) ;
#659 = EDGE_CURVE ( 'NONE', #11160, #5879, #8012, .T. ) ;
#660 = VECTOR ( 'NONE', #356, 1000.000000000000000 ) ;
#661 = CARTESIAN_POINT ( 'NONE',  ( 2.762274648694514200, 1.177794334525313200, 1.649999999999999900 ) ) ;
#662 = VERTEX_POINT ( 'NONE', #6849 ) ;
#663 =( NAMED_UNIT ( * ) SI_UNIT ( $, .STERADIAN. ) SOLID_ANGLE_UNIT ( ) );
#664 = ORIENTED_EDGE ( 'NONE', *, *, #7241, .F. ) ;
#665 = SURFACE_SIDE_STYLE ('',( #7531 ) ) ;
#666 = CARTESIAN_POINT ( 'NONE',  ( 2.580069763818158000, 1.453194276983599700, 1.649999999999999900 ) ) ;
#667 = ORIENTED_EDGE ( 'NONE', *, *, #10606, .F. ) ;
#668 = ADVANCED_FACE ( 'NONE', ( #9494 ), #10442, .F. ) ;
#669 = PRESENTATION_STYLE_ASSIGNMENT (( #151 ) ) ;
#670 = LINE ( 'NONE', #7682, #5688 ) ;
#671 = ORIENTED_EDGE ( 'NONE', *, *, #3694, .T. ) ;
#672 = ORIENTED_EDGE ( 'NONE', *, *, #2229, .F. ) ;
#673 = CARTESIAN_POINT ( 'NONE',  ( 2.430315150415888900, 1.360706582266761400, 1.649999999999999900 ) ) ;
#674 = EDGE_LOOP ( 'NONE', ( #1763, #5154, #1522, #11101 ) ) ;
#675 = FILL_AREA_STYLE_COLOUR ( '', #798 ) ;
#676 = STYLED_ITEM ( 'NONE', ( #10450 ), #6869 ) ;
#677 = CARTESIAN_POINT ( 'NONE',  ( 1.840254435411058200, 1.506942875942947700, 1.649999999999999900 ) ) ;
#678 = LINE ( 'NONE', #293, #421 ) ;
#679 = CARTESIAN_POINT ( 'NONE',  ( 1.695974499911667700, 1.123289498511300400, 1.649999999999999900 ) ) ;
#680 = CARTESIAN_POINT ( 'NONE',  ( 2.291524661434815300, 1.358761334385384800, 1.659999999999999900 ) ) ;
#681 = VERTEX_POINT ( 'NONE', #9685 ) ;
#682 = DIRECTION ( 'NONE',  ( -1.000000000000000000, 0.0000000000000000000, 0.0000000000000000000 ) ) ;
#683 = FACE_OUTER_BOUND ( 'NONE', #1122, .T. ) ;
#684 = ORIENTED_EDGE ( 'NONE', *, *, #7519, .T. ) ;
#685 = CARTESIAN_POINT ( 'NONE',  ( 1.763195831009000100, 1.187231696811278400, 1.659999999999999900 ) ) ;
#686 =( NAMED_UNIT ( * ) SI_UNIT ( $, .STERADIAN. ) SOLID_ANGLE_UNIT ( ) );
#687 = DIRECTION ( 'NONE',  ( -0.0000000000000000000, 1.000000000000000000, -0.0000000000000000000 ) ) ;
#688 = EDGE_CURVE ( 'NONE', #5696, #3000, #10992, .T. ) ;
#689 = VECTOR ( 'NONE', #9538, 1000.000000000000000 ) ;
#690 = ORIENTED_EDGE ( 'NONE', *, *, #9863, .T. ) ;
#691 =( GEOMETRIC_REPRESENTATION_CONTEXT ( 3 ) GLOBAL_UNCERTAINTY_ASSIGNED_CONTEXT ( ( #2747 ) ) GLOBAL_UNIT_ASSIGNED_CONTEXT ( ( #6295, #1960, #3541 ) ) REPRESENTATION_CONTEXT ( 'NONE', 'WORKASPACE' ) );
#692 = CARTESIAN_POINT ( 'NONE',  ( 1.996011163706104900, 1.399552707518137100, 1.649999999999999900 ) ) ;
#693 = CYLINDRICAL_SURFACE ( 'NONE', #4679, 0.1000000000000000500 ) ;
#694 = CARTESIAN_POINT ( 'NONE',  ( 2.421237326969862400, 1.139007270710988600, 1.659999999999999900 ) ) ;
#695 = ADVANCED_FACE ( 'NONE', ( #7466 ), #9986, .F. ) ;
#696 = ORIENTED_EDGE ( 'NONE', *, *, #10329, .T. ) ;
#697 = CARTESIAN_POINT ( 'NONE',  ( -3.650000000000000400, -0.6999999999999999600, -0.2000000000000000100 ) ) ;
#698 = VERTEX_POINT ( 'NONE', #7088 ) ;
#699 = PLANE ( 'NONE',  #6304 ) ;
#700 = CARTESIAN_POINT ( 'NONE',  ( 2.274754266822200900, 1.226720266083703300, 1.659999999999999900 ) ) ;
#701 = VERTEX_POINT ( 'NONE', #6303 ) ;
#702 = ORIENTED_EDGE ( 'NONE', *, *, #7853, .T. ) ;
#703 = ORIENTED_EDGE ( 'NONE', *, *, #3661, .T. ) ;
#704 = EDGE_CURVE ( 'NONE', #11051, #5343, #2539, .T. ) ;
#705 = ORIENTED_EDGE ( 'NONE', *, *, #5870, .T. ) ;
#706 = EDGE_CURVE ( 'NONE', #5481, #9417, #8557, .T. ) ;
#707 = AXIS2_PLACEMENT_3D ( 'NONE', #625, #11235, #8657 ) ;
#708 = AXIS2_PLACEMENT_3D ( 'NONE', #2576, #6885, #7664 ) ;
#709 = DIRECTION ( 'NONE',  ( 0.3416038306902454100, -0.9398440417738200800, 0.0000000000000000000 ) ) ;
#710 = CARTESIAN_POINT ( 'NONE',  ( 3.073631294014526300, -2.000000000000000000, -1.567364817766693000 ) ) ;
#711 = CARTESIAN_POINT ( 'NONE',  ( 2.292968860619297300, 1.194417361873971300, 1.649999999999999900 ) ) ;
#712 = ORIENTED_EDGE ( 'NONE', *, *, #1401, .T. ) ;
#713 = DIRECTION ( 'NONE',  ( 0.0000000000000000000, -0.0000000000000000000, -1.000000000000000000 ) ) ;
#714 = SURFACE_STYLE_FILL_AREA ( #10423 ) ;
#715 = CARTESIAN_POINT ( 'NONE',  ( 2.265912230998658600, 1.211453017560604400, 1.649999999999999900 ) ) ;
#716 = DIRECTION ( 'NONE',  ( -1.000000000000000000, 0.0000000000000000000, 0.0000000000000000000 ) ) ;
#717 = CARTESIAN_POINT ( 'NONE',  ( 2.430315150415886200, 1.476006729408933600, 1.659999999999999900 ) ) ;
#718 = ORIENTED_EDGE ( 'NONE', *, *, #4766, .F. ) ;
#719 = EDGE_CURVE ( 'NONE', #5383, #8867, #6775, .T. ) ;
#720 = ORIENTED_EDGE ( 'NONE', *, *, #1557, .F. ) ;
#721 = ADVANCED_FACE ( 'NONE', ( #9096 ), #9925, .F. ) ;
#722 = DIRECTION ( 'NONE',  ( -0.0000000000000000000, -0.0000000000000000000, -1.000000000000000000 ) ) ;
#723 = CARTESIAN_POINT ( 'NONE',  ( 2.414075277952889100, 1.151386120864346300, 1.659999999999999900 ) ) ;
#724 =( NAMED_UNIT ( * ) SI_UNIT ( $, .STERADIAN. ) SOLID_ANGLE_UNIT ( ) );
#725 = VERTEX_POINT ( 'NONE', #3549 ) ;
#726 = AXIS2_PLACEMENT_3D ( 'NONE', #9069, #1214, #8173 ) ;
#727 = DIRECTION ( 'NONE',  ( -1.000000000000000000, -0.0000000000000000000, -0.0000000000000000000 ) ) ;
#728 = UNCERTAINTY_MEASURE_WITH_UNIT (LENGTH_MEASURE( 1.000000000000000100E-005 ), #3205, 'distance_accuracy_value', 'NONE');
#729 = ORIENTED_EDGE ( 'NONE', *, *, #6288, .F. ) ;
#730 =( NAMED_UNIT ( * ) PLANE_ANGLE_UNIT ( ) SI_UNIT ( $, .RADIAN. ) );
#731 = VECTOR ( 'NONE', #10611, 1000.000000000000000 ) ;
#732 = CARTESIAN_POINT ( 'NONE',  ( 2.582309746226657300, 1.461270003036230700, 1.649999999999999900 ) ) ;
#733 = DIRECTION ( 'NONE',  ( 6.505213034913023400E-015, 0.0000000000000000000, -1.000000000000000000 ) ) ;
#734 = CARTESIAN_POINT ( 'NONE',  ( 2.323444410758892100, 1.365481281611668800, 1.649999999999999900 ) ) ;
#735 = ORIENTED_EDGE ( 'NONE', *, *, #10901, .F. ) ;
#736 = ORIENTED_EDGE ( 'NONE', *, *, #5779, .T. ) ;
#737 =( NAMED_UNIT ( * ) SI_UNIT ( $, .STERADIAN. ) SOLID_ANGLE_UNIT ( ) );
#738 = CARTESIAN_POINT ( 'NONE',  ( -2.975150518713303200, -1.625150518713304400, 1.550000000000000000 ) ) ;
#739 = STYLED_ITEM ( 'NONE', ( #6903 ), #5905 ) ;
#740 = FACE_OUTER_BOUND ( 'NONE', #2210, .T. ) ;
#741 = VECTOR ( 'NONE', #1427, 1000.000000000000000 ) ;
#742 = SURFACE_STYLE_USAGE ( .BOTH. , #815 ) ;
#743 = ORIENTED_EDGE ( 'NONE', *, *, #6047, .T. ) ;
#744 = CARTESIAN_POINT ( 'NONE',  ( 1.951743449471527100, 1.464314716379716300, 1.659999999999999900 ) ) ;
#745 = SURFACE_SIDE_STYLE ('',( #1848 ) ) ;
#746 = ADVANCED_FACE ( 'NONE', ( #6345 ), #10726, .T. ) ;
#747 = SURFACE_SIDE_STYLE ('',( #4180 ) ) ;
#748 = VERTEX_POINT ( 'NONE', #8004 ) ;
#749 = CARTESIAN_POINT ( 'NONE',  ( 3.650000000000000400, 0.6999999999999999600, -5.421010862427522200E-017 ) ) ;
#750 = CARTESIAN_POINT ( 'NONE',  ( 1.814021717023177400, 1.160179249949178800, 1.659999999999999900 ) ) ;
#751 = DIRECTION ( 'NONE',  ( 0.9848077530122080200, 0.0000000000000000000, 0.1736481776669304100 ) ) ;
#752 = EDGE_LOOP ( 'NONE', ( #5122, #6185, #902, #4286 ) ) ;
#753 = EDGE_CURVE ( 'NONE', #1656, #7332, #9311, .T. ) ;
#754 = AXIS2_PLACEMENT_3D ( 'NONE', #9443, #6858, #5852 ) ;
#755 = CARTESIAN_POINT ( 'NONE',  ( 2.365326187110767800, 1.224480283674417500, 1.659999999999999900 ) ) ;
#756 = VECTOR ( 'NONE', #2123, 1000.000000000000000 ) ;
#757 = CARTESIAN_POINT ( 'NONE',  ( 3.350000000000001000, -1.901519224698779300, 0.0000000000000000000 ) ) ;
#758 = CARTESIAN_POINT ( 'NONE',  ( 2.422268897815973400, 1.162998661246394100, 1.659999999999999900 ) ) ;
#759 = CARTESIAN_POINT ( 'NONE',  ( 2.506798760291815100, 1.460739480886619200, 1.649999999999999900 ) ) ;
#760 = VECTOR ( 'NONE', #6925, 1000.000000000000000 ) ;
#761 = CARTESIAN_POINT ( 'NONE',  ( 2.589589689055269900, 1.190939494449980500, 1.649999999999999900 ) ) ;
#762 = CARTESIAN_POINT ( 'NONE',  ( 2.408593215742089700, 1.139007270710988600, 1.649999999999999900 ) ) ;
#763 = EDGE_CURVE ( 'NONE', #5302, #9190, #2137, .T. ) ;
#764 = EDGE_CURVE ( 'NONE', #8586, #11051, #4144, .T. ) ;
#765 =( NAMED_UNIT ( * ) PLANE_ANGLE_UNIT ( ) SI_UNIT ( $, .RADIAN. ) );
#766 = LINE ( 'NONE', #11099, #3064 ) ;
#767 = CARTESIAN_POINT ( 'NONE',  ( 2.530583836658234300, 1.360706582266761400, 1.659999999999999900 ) ) ;
#768 = AXIS2_PLACEMENT_3D ( 'NONE', #6442, #2891, #9866 ) ;
#769 = CARTESIAN_POINT ( 'NONE',  ( 2.255478628726285400, 1.240337001251763800, 1.649999999999999900 ) ) ;
#770 = EDGE_LOOP ( 'NONE', ( #1945, #3343, #6273, #8645 ) ) ;
#771 = VECTOR ( 'NONE', #2219, 1000.000000000000000 ) ;
#772 = LINE ( 'NONE', #9514, #5662 ) ;
#773 = FACE_OUTER_BOUND ( 'NONE', #5543, .T. ) ;
#774 = ADVANCED_FACE ( 'NONE', ( #234 ), #8287, .F. ) ;
#775 = B_SPLINE_CURVE_WITH_KNOTS ( 'NONE', 3,
 ( #3625, #7209, #5451, #4419 ),
 .UNSPECIFIED., .F., .F.,
 ( 4, 4 ),
 ( 10.00000000000000000, 11.00000000000000000 ),
 .UNSPECIFIED. ) ;
#776 = FACE_OUTER_BOUND ( 'NONE', #2272, .T. ) ;
#777 = CARTESIAN_POINT ( 'NONE',  ( 2.333170650164992000, 1.195596299983251200, 1.659999999999999900 ) ) ;
#778 = CARTESIAN_POINT ( 'NONE',  ( 2.230986189494375900, 1.293094481667485400, 1.659999999999999900 ) ) ;
#779 = DIRECTION ( 'NONE',  ( -0.0000000000000000000, -0.0000000000000000000, 1.000000000000000000 ) ) ;
#780 = VERTEX_POINT ( 'NONE', #10767 ) ;
#781 = EDGE_CURVE ( 'NONE', #6270, #7676, #11257, .T. ) ;
#782 = VECTOR ( 'NONE', #6948, 1000.000000000000000 ) ;
#783 = LINE ( 'NONE', #1155, #3341 ) ;
#784 = ORIENTED_EDGE ( 'NONE', *, *, #305, .T. ) ;
#785 = SURFACE_SIDE_STYLE ('',( #1987 ) ) ;
#786 = VERTEX_POINT ( 'NONE', #2865 ) ;
#787 = DIRECTION ( 'NONE',  ( 1.000000000000000000, -0.0000000000000000000, -0.0000000000000000000 ) ) ;
#788 = FILL_AREA_STYLE_COLOUR ( '', #2367 ) ;
#789 = LINE ( 'NONE', #1198, #6371 ) ;
#790 = LINE ( 'NONE', #5412, #8176 ) ;
#791 = ORIENTED_EDGE ( 'NONE', *, *, #486, .T. ) ;
#792 = CARTESIAN_POINT ( 'NONE',  ( 2.374521904367652000, 1.221061363155847300, 1.659999999999999900 ) ) ;
#793 = ORIENTED_EDGE ( 'NONE', *, *, #1045, .F. ) ;
#794 = PLANE ( 'NONE',  #8808 ) ;
#795 = CARTESIAN_POINT ( 'NONE',  ( 1.500000000000000900, 1.500000000000000000, -1.779999999999999800 ) ) ;
#796 = CARTESIAN_POINT ( 'NONE',  ( 2.651189205294141300, 1.193945786629788500, 1.649999999999999900 ) ) ;
#797 = CARTESIAN_POINT ( 'NONE',  ( 1.770573793805698000, 1.495466064579933800, 1.649999999999999900 ) ) ;
#798 = COLOUR_RGB ( '',0.6666666666666666300, 0.6666666666666666300, 0.6666666666666666300 ) ;
#799 = LINE ( 'NONE', #3759, #414 ) ;
#800 = ORIENTED_EDGE ( 'NONE', *, *, #5287, .T. ) ;
#801 = ADVANCED_FACE ( 'NONE', ( #9361 ), #2867, .F. ) ;
#802 = EDGE_CURVE ( 'NONE', #8486, #1343, #629, .T. ) ;
#803 = COLOUR_RGB ( '',0.2980392156862745100, 0.2980392156862745100, 0.2980392156862745100 ) ;
#804 = FACE_BOUND ( 'NONE', #4350, .T. ) ;
#805 =( NAMED_UNIT ( * ) SI_UNIT ( $, .STERADIAN. ) SOLID_ANGLE_UNIT ( ) );
#806 = ORIENTED_EDGE ( 'NONE', *, *, #146, .F. ) ;
#807 = CARTESIAN_POINT ( 'NONE',  ( 2.640284027777977500, 1.268985197321233400, 1.649999999999999900 ) ) ;
#808 = ORIENTED_EDGE ( 'NONE', *, *, #1147, .F. ) ;
#809 = ORIENTED_EDGE ( 'NONE', *, *, #1951, .F. ) ;
#810 = DIRECTION ( 'NONE',  ( -0.3416038306902454100, 0.9398440417738200800, 0.0000000000000000000 ) ) ;
#811 = CARTESIAN_POINT ( 'NONE',  ( 2.662772272223479700, 1.204733070335102700, 1.659999999999999900 ) ) ;
#812 = VECTOR ( 'NONE', #7404, 1000.000000000000000 ) ;
#813 = LINE ( 'NONE', #8290, #3509 ) ;
#814 = EDGE_LOOP ( 'NONE', ( #4782, #4551, #7499, #6106 ) ) ;
#815 = SURFACE_SIDE_STYLE ('',( #9622 ) ) ;
#816 = ORIENTED_EDGE ( 'NONE', *, *, #7998, .F. ) ;
#817 = CARTESIAN_POINT ( 'NONE',  ( 2.504440884072465700, 1.393834743153228800, 1.659999999999999900 ) ) ;
#818 = DIRECTION ( 'NONE',  ( -1.000000000000000000, 0.0000000000000000000, -0.0000000000000000000 ) ) ;
#819 = COLOUR_RGB ( '',0.6666666666666666300, 0.6666666666666666300, 0.6666666666666666300 ) ;
#820 = AXIS2_PLACEMENT_3D ( 'NONE', #2115, #4598, #2154 ) ;
#821 = ORIENTED_EDGE ( 'NONE', *, *, #1879, .T. ) ;
#822 =( GEOMETRIC_REPRESENTATION_CONTEXT ( 3 ) GLOBAL_UNCERTAINTY_ASSIGNED_CONTEXT ( ( #2474 ) ) GLOBAL_UNIT_ASSIGNED_CONTEXT ( ( #72, #1876, #7991 ) ) REPRESENTATION_CONTEXT ( 'NONE', 'WORKASPACE' ) );
#823 = ORIENTED_EDGE ( 'NONE', *, *, #10766, .F. ) ;
#824 = CARTESIAN_POINT ( 'NONE',  ( 2.313600277541560900, 1.251654807106689500, 1.659999999999999900 ) ) ;
#825 = DIRECTION ( 'NONE',  ( 0.0000000000000000000, 1.000000000000000000, 0.0000000000000000000 ) ) ;
#826 = FILL_AREA_STYLE ('',( #2471 ) ) ;
#827 = VECTOR ( 'NONE', #7693, 1000.000000000000000 ) ;
#828 = VERTEX_POINT ( 'NONE', #8124 ) ;
#829 = EDGE_LOOP ( 'NONE', ( #10291, #4624, #10082, #11025 ) ) ;
#830 = VECTOR ( 'NONE', #10144, 1000.000000000000000 ) ;
#831 = ADVANCED_FACE ( 'NONE', ( #516 ), #7238, .F. ) ;
#832 = ORIENTED_EDGE ( 'NONE', *, *, #2920, .T. ) ;
#833 = VERTEX_POINT ( 'NONE', #10809 ) ;
#834 = B_SPLINE_SURFACE_WITH_KNOTS ( 'NONE', 3, 1, ( 
 ( #8372, #4046 ),
 ( #478, #5775 ),
 ( #1304, #517 ),
 ( #4810, #2183 ) ),
 .UNSPECIFIED., .F., .F., .F.,
 ( 4, 4 ),
 ( 2, 2 ),
 ( 17.00000000000000000, 18.00000000000000000 ),
 ( 0.0000000000000000000, 1.000000000000000000 ),
 .UNSPECIFIED. ) ;
#835 = CARTESIAN_POINT ( 'NONE',  ( 2.256510199572397300, 1.392302123610610300, 1.659999999999999900 ) ) ;
#836 = ORIENTED_EDGE ( 'NONE', *, *, #6098, .T. ) ;
#837 = DIRECTION ( 'NONE',  ( -1.000000000000000000, 0.0000000000000000000, -0.0000000000000000000 ) ) ;
#838 = EDGE_CURVE ( 'NONE', #2570, #2093, #6494, .T. ) ;
#839 = AXIS2_PLACEMENT_3D ( 'NONE', #280, #8992, #3699 ) ;
#840 = CARTESIAN_POINT ( 'NONE',  ( 1.741881764909005000, 1.474971757247668400, 1.649999999999999900 ) ) ;
#841 = CARTESIAN_POINT ( 'NONE',  ( 2.273545855259814000, 1.175849086643933900, 1.659999999999999900 ) ) ;
#842 = ORIENTED_EDGE ( 'NONE', *, *, #7711, .F. ) ;
#843 = VECTOR ( 'NONE', #4593, 1000.000000000000000 ) ;
#844 = CARTESIAN_POINT ( 'NONE',  ( 2.355452580440715600, 1.249296930886552500, 1.649999999999999900 ) ) ;
#845 = CARTESIAN_POINT ( 'NONE',  ( 3.073631294014526300, 1.625150518713304200, -1.567364817766693000 ) ) ;
#846 = CARTESIAN_POINT ( 'NONE',  ( 2.339536915957948000, 1.177499599997404300, 1.649999999999999900 ) ) ;
#847 = CARTESIAN_POINT ( 'NONE',  ( 2.476588471227020100, 1.373851742191424300, 1.659999999999999900 ) ) ;
#848 = DIRECTION ( 'NONE',  ( 0.0000000000000000000, 0.0000000000000000000, -1.000000000000000000 ) ) ;
#849 = SURFACE_SIDE_STYLE ('',( #6224 ) ) ;
#850 = ORIENTED_EDGE ( 'NONE', *, *, #1131, .T. ) ;
#851 = EDGE_CURVE ( 'NONE', #1683, #11026, #4829, .T. ) ;
#852 = B_SPLINE_CURVE_WITH_KNOTS ( 'NONE', 3,
 ( #6160, #2062, #9000, #8263 ),
 .UNSPECIFIED., .F., .F.,
 ( 4, 4 ),
 ( 11.00000000000000000, 12.00000000000000000 ),
 .UNSPECIFIED. ) ;
#853 = EDGE_CURVE ( 'NONE', #84, #3385, #10177, .T. ) ;
#854 = VECTOR ( 'NONE', #1617, 1000.000000000000000 ) ;
#855 = CARTESIAN_POINT ( 'NONE',  ( 2.333170650164992000, 1.195596299983251200, 1.649999999999999900 ) ) ;
#856 = CARTESIAN_POINT ( 'NONE',  ( 2.580777126684044500, 1.455080577959553000, 1.649999999999999900 ) ) ;
#857 = SURFACE_STYLE_USAGE ( .BOTH. , #745 ) ;
#858 = ADVANCED_FACE ( 'NONE', ( #4546 ), #4750, .F. ) ;
#859 = ORIENTED_EDGE ( 'NONE', *, *, #7581, .T. ) ;
#860 = CARTESIAN_POINT ( 'NONE',  ( 2.606330610214778500, 1.190939494449980500, 1.659999999999999900 ) ) ;
#861 = ORIENTED_EDGE ( 'NONE', *, *, #10643, .T. ) ;
#862 = DIRECTION ( 'NONE',  ( 1.000000000000000000, 0.0000000000000000000, 0.0000000000000000000 ) ) ;
#863 = LINE ( 'NONE', #7747, #2643 ) ;
#864 = CARTESIAN_POINT ( 'NONE',  ( 2.558112041522270500, 1.392243176705186600, 1.659999999999999900 ) ) ;
#865 = DIRECTION ( 'NONE',  ( 1.000000000000000000, 4.403710954424491800E-015, -0.0000000000000000000 ) ) ;
#866 = B_SPLINE_CURVE_WITH_KNOTS ( 'NONE', 3,
 ( #1660, #2618, #11250, #3304 ),
 .UNSPECIFIED., .F., .F.,
 ( 4, 4 ),
 ( 10.00000000000000000, 11.00000000000000000 ),
 .UNSPECIFIED. ) ;
#867 = ORIENTED_EDGE ( 'NONE', *, *, #5445, .T. ) ;
#868 = EDGE_CURVE ( 'NONE', #10831, #11228, #4092, .T. ) ;
#869 = CARTESIAN_POINT ( 'NONE',  ( 2.652928139005744900, 1.236505452395225900, 1.659999999999999900 ) ) ;
#870 = CARTESIAN_POINT ( 'NONE',  ( 2.574499281249226900, 1.476006729408936700, 1.659999999999999900 ) ) ;
#871 = DIRECTION ( 'NONE',  ( -0.0000000000000000000, -0.0000000000000000000, -1.000000000000000000 ) ) ;
#872 = AXIS2_PLACEMENT_3D ( 'NONE', #5425, #10796, #9793 ) ;
#873 = CARTESIAN_POINT ( 'NONE',  ( 2.524188097411783600, 1.419830328475432600, 1.659999999999999900 ) ) ;
#874 = ORIENTED_EDGE ( 'NONE', *, *, #851, .F. ) ;
#875 = DIRECTION ( 'NONE',  ( 0.0000000000000000000, 0.0000000000000000000, 1.000000000000000000 ) ) ;
#876 = VERTEX_POINT ( 'NONE', #8978 ) ;
#877 = CARTESIAN_POINT ( 'NONE',  ( 2.524188097411783600, 1.401969416111281700, 1.659999999999999900 ) ) ;
#878 =( LENGTH_UNIT ( ) NAMED_UNIT ( * ) SI_UNIT ( .MILLI., .METRE. ) );
#879 = SURFACE_STYLE_FILL_AREA ( #7329 ) ;
#880 = CARTESIAN_POINT ( 'NONE',  ( 2.581956064794108200, 1.461270003036230700, 1.659999999999999900 ) ) ;
#881 = VERTEX_POINT ( 'NONE', #10722 ) ;
#882 = CARTESIAN_POINT ( 'NONE',  ( 2.762274648694514200, 1.177794334525313200, 1.649999999999999900 ) ) ;
#883 = CARTESIAN_POINT ( 'NONE',  ( 2.437978248129760900, 1.165356537466529100, 1.659999999999999900 ) ) ;
#884 = VECTOR ( 'NONE', #8191, 1000.000000000000000 ) ;
#885 = LINE ( 'NONE', #10059, #7587 ) ;
#886 =( GEOMETRIC_REPRESENTATION_CONTEXT ( 3 ) GLOBAL_UNCERTAINTY_ASSIGNED_CONTEXT ( ( #8369 ) ) GLOBAL_UNIT_ASSIGNED_CONTEXT ( ( #235, #955, #3518 ) ) REPRESENTATION_CONTEXT ( 'NONE', 'WORKASPACE' ) );
#887 = CIRCLE ( 'NONE', #1433, 0.09999999999999997800 ) ;
#888 = DIRECTION ( 'NONE',  ( 0.0000000000000000000, 1.000000000000000000, 0.0000000000000000000 ) ) ;
#889 = CIRCLE ( 'NONE', #6583, 0.1000000000000000500 ) ;
#890 = ORIENTED_EDGE ( 'NONE', *, *, #5566, .T. ) ;
#891 = VECTOR ( 'NONE', #6567, 1000.000000000000000 ) ;
#892 = DIRECTION ( 'NONE',  ( 0.0000000000000000000, 0.0000000000000000000, -1.000000000000000000 ) ) ;
#893 = CARTESIAN_POINT ( 'NONE',  ( 3.650000000000000400, -0.6999999999999999600, -1.679999999999999700 ) ) ;
#894 = CIRCLE ( 'NONE', #976, 0.1000000000000001700 ) ;
#895 = CARTESIAN_POINT ( 'NONE',  ( 2.237116667665630200, 1.416175620334375400, 1.659999999999999900 ) ) ;
#896 = CARTESIAN_POINT ( 'NONE',  ( 2.404820613790581000, 1.151386120864346300, 1.659999999999999900 ) ) ;
#897 = PRESENTATION_STYLE_ASSIGNMENT (( #7042 ) ) ;
#898 = CARTESIAN_POINT ( 'NONE',  ( 1.605799583223415500, 1.354465280445645000, 1.659999999999999900 ) ) ;
#899 = CARTESIAN_POINT ( 'NONE',  ( 2.293676223485176200, 1.372024388120897300, 1.649999999999999900 ) ) ;
#900 = EDGE_CURVE ( 'NONE', #8478, #5133, #7180, .T. ) ;
#901 = MECHANICAL_DESIGN_GEOMETRIC_PRESENTATION_REPRESENTATION (  '', ( #9310 ), #4227 ) ;
#902 = ORIENTED_EDGE ( 'NONE', *, *, #9806, .F. ) ;
#903 = VECTOR ( 'NONE', #2049, 1000.000000000000000 ) ;
#904 = PRESENTATION_LAYER_ASSIGNMENT (  '', '', ( #5785 ) ) ;
#905 = CARTESIAN_POINT ( 'NONE',  ( 2.356307310570554800, 1.262029462473246700, 1.659999999999999900 ) ) ;
#906 = DIRECTION ( 'NONE',  ( -1.000000000000000000, 0.0000000000000000000, 0.0000000000000000000 ) ) ;
#907 = FACE_OUTER_BOUND ( 'NONE', #7442, .T. ) ;
#908 = ADVANCED_FACE ( 'NONE', ( #8954 ), #9957, .T. ) ;
#909 = EDGE_LOOP ( 'NONE', ( #4851, #9240, #6859, #2616 ) ) ;
#910 = FACE_OUTER_BOUND ( 'NONE', #2880, .T. ) ;
#911 = VECTOR ( 'NONE', #6313, 1000.000000000000200 ) ;
#912 = CARTESIAN_POINT ( 'NONE',  ( 2.401843795063092600, 1.139419899049751500, 1.659999999999999900 ) ) ;
#913 = ORIENTED_EDGE ( 'NONE', *, *, #9088, .T. ) ;
#914 = EDGE_CURVE ( 'NONE', #3948, #3510, #2129, .T. ) ;
#915 = EDGE_CURVE ( 'NONE', #11224, #8456, #6597, .T. ) ;
#916 =( LENGTH_UNIT ( ) NAMED_UNIT ( * ) SI_UNIT ( .MILLI., .METRE. ) );
#917 = ORIENTED_EDGE ( 'NONE', *, *, #8938, .T. ) ;
#918 = CARTESIAN_POINT ( 'NONE',  ( 1.696794290929159800, 1.288063724729499300, 1.659999999999999900 ) ) ;
#919 =( GEOMETRIC_REPRESENTATION_CONTEXT ( 3 ) GLOBAL_UNCERTAINTY_ASSIGNED_CONTEXT ( ( #11205 ) ) GLOBAL_UNIT_ASSIGNED_CONTEXT ( ( #2064, #5656, #2101 ) ) REPRESENTATION_CONTEXT ( 'NONE', 'WORKASPACE' ) );
#920 = VERTEX_POINT ( 'NONE', #1277 ) ;
#921 = CARTESIAN_POINT ( 'NONE',  ( 2.251912340944150600, 1.374500158151882500, 1.649999999999999900 ) ) ;
#922 = PLANE ( 'NONE',  #9425 ) ;
#923 = VECTOR ( 'NONE', #10720, 1000.000000000000000 ) ;
#924 = AXIS2_PLACEMENT_3D ( 'NONE', #10498, #6171, #3573 ) ;
#925 = CARTESIAN_POINT ( 'NONE',  ( 2.349616836797373300, 1.245229594407525100, 1.649999999999999900 ) ) ;
#926 = ORIENTED_EDGE ( 'NONE', *, *, #9591, .F. ) ;
#927 = ORIENTED_EDGE ( 'NONE', *, *, #2361, .F. ) ;
#928 = CARTESIAN_POINT ( 'NONE',  ( 2.388787055496564000, 1.200194158611884900, 1.649999999999999900 ) ) ;
#929 = VECTOR ( 'NONE', #6138, 1000.000000000000100 ) ;
#930 = CARTESIAN_POINT ( 'NONE',  ( 2.255478628726285400, 1.254366364759375500, 1.649999999999999900 ) ) ;
#931 = ORIENTED_EDGE ( 'NONE', *, *, #3682, .T. ) ;
#932 = UNCERTAINTY_MEASURE_WITH_UNIT (LENGTH_MEASURE( 1.000000000000000100E-005 ), #9800, 'distance_accuracy_value', 'NONE');
#933 = CARTESIAN_POINT ( 'NONE',  ( 2.277288983758615000, 1.187697414647680600, 1.659999999999999900 ) ) ;
#934 = EDGE_CURVE ( 'NONE', #6846, #3528, #5351, .T. ) ;
#935 = DIRECTION ( 'NONE',  ( 0.0000000000000000000, 1.000000000000000000, 0.0000000000000000000 ) ) ;
#936 = LINE ( 'NONE', #4259, #8056 ) ;
#937 = FACE_OUTER_BOUND ( 'NONE', #8878, .T. ) ;
#938 = ORIENTED_EDGE ( 'NONE', *, *, #3500, .T. ) ;
#939 = DIRECTION ( 'NONE',  ( -0.0000000000000000000, -1.000000000000000000, -0.0000000000000000000 ) ) ;
#940 = SURFACE_STYLE_USAGE ( .BOTH. , #5208 ) ;
#941 = ORIENTED_EDGE ( 'NONE', *, *, #4041, .T. ) ;
#942 = B_SPLINE_CURVE_WITH_KNOTS ( 'NONE', 3,
 ( #7912, #7223, #5538, #6326 ),
 .UNSPECIFIED., .F., .F.,
 ( 4, 4 ),
 ( 2.000000000000000000, 3.000000000000000000 ),
 .UNSPECIFIED. ) ;
#943 = CARTESIAN_POINT ( 'NONE',  ( 2.265558549565717800, 1.175849086643933900, 1.649999999999999900 ) ) ;
#944 = VECTOR ( 'NONE', #3708, 1000.000000000000200 ) ;
#945 = LINE ( 'NONE', #318, #9934 ) ;
#946 = FACE_OUTER_BOUND ( 'NONE', #3138, .T. ) ;
#947 = ORIENTED_EDGE ( 'NONE', *, *, #44, .F. ) ;
#948 = CARTESIAN_POINT ( 'NONE',  ( 2.365326187110767800, 1.262029462473246700, 1.659999999999999900 ) ) ;
#949 = DIRECTION ( 'NONE',  ( 0.0000000000000000000, -0.0000000000000000000, -1.000000000000000000 ) ) ;
#950 = VECTOR ( 'NONE', #2017, 1000.000000000000000 ) ;
#951 = PRESENTATION_STYLE_ASSIGNMENT (( #1266 ) ) ;
#952 = ADVANCED_FACE ( 'NONE', ( #7452 ), #9870, .F. ) ;
#953 = DIRECTION ( 'NONE',  ( 2.201855477212226200E-015, 1.000000000000000000, -0.0000000000000000000 ) ) ;
#954 = VERTEX_POINT ( 'NONE', #4708 ) ;
#955 =( NAMED_UNIT ( * ) PLANE_ANGLE_UNIT ( ) SI_UNIT ( $, .RADIAN. ) );
#956 = DIRECTION ( 'NONE',  ( -0.0000000000000000000, -0.0000000000000000000, -1.000000000000000000 ) ) ;
#957 = DIRECTION ( 'NONE',  ( -1.000000000000000000, 0.0000000000000000000, 0.0000000000000000000 ) ) ;
#958 = ORIENTED_EDGE ( 'NONE', *, *, #4274, .T. ) ;
#959 = CARTESIAN_POINT ( 'NONE',  ( 2.316252888288814500, 1.476360410842267200, 1.659999999999999900 ) ) ;
#960 = PRESENTATION_LAYER_ASSIGNMENT (  '', '', ( #7777 ) ) ;
#961 = CARTESIAN_POINT ( 'NONE',  ( 2.293676223485176200, 1.372024388120897300, 1.659999999999999900 ) ) ;
#962 = DIRECTION ( 'NONE',  ( -0.2524218971878337500, 0.9676172723861923300, -0.0000000000000000000 ) ) ;
#963 = ORIENTED_EDGE ( 'NONE', *, *, #7409, .T. ) ;
#964 = SURFACE_STYLE_FILL_AREA ( #7721 ) ;
#965 = ORIENTED_EDGE ( 'NONE', *, *, #8690, .F. ) ;
#966 = ORIENTED_EDGE ( 'NONE', *, *, #5333, .F. ) ;
#967 = ORIENTED_EDGE ( 'NONE', *, *, #54, .T. ) ;
#968 = EDGE_CURVE ( 'NONE', #11056, #4640, #7877, .T. ) ;
#969 = CARTESIAN_POINT ( 'NONE',  ( 2.550301576544853300, 1.293094481667485400, 1.659999999999999900 ) ) ;
#970 = EDGE_LOOP ( 'NONE', ( #2697, #4646, #483, #3006 ) ) ;
#971 = CARTESIAN_POINT ( 'NONE',  ( 2.333259070523130400, 1.237920178126990400, 1.659999999999999900 ) ) ;
#972 = ORIENTED_EDGE ( 'NONE', *, *, #7053, .T. ) ;
#973 = CARTESIAN_POINT ( 'NONE',  ( 2.237116667665630200, 1.398904177025259300, 1.659999999999999900 ) ) ;
#974 = EDGE_CURVE ( 'NONE', #5899, #5955, #7493, .T. ) ;
#975 = PRESENTATION_STYLE_ASSIGNMENT (( #8864 ) ) ;
#976 = AXIS2_PLACEMENT_3D ( 'NONE', #3417, #11143, #10344 ) ;
#977 = ORIENTED_EDGE ( 'NONE', *, *, #1202, .F. ) ;
#978 = ORIENTED_EDGE ( 'NONE', *, *, #4324, .F. ) ;
#979 = CARTESIAN_POINT ( 'NONE',  ( 2.399279604674362500, 1.153036634218602000, 1.659999999999999900 ) ) ;
#980 = CARTESIAN_POINT ( 'NONE',  ( 2.230986189494375900, 1.279831427931967400, 1.649999999999999900 ) ) ;
#981 = PLANE ( 'NONE',  #9340 ) ;
#982 = EDGE_LOOP ( 'NONE', ( #9275, #1406, #10560, #8240 ) ) ;
#983 = CARTESIAN_POINT ( 'NONE',  ( 2.437889827771620800, 1.198131016919664400, 1.659999999999999900 ) ) ;
#984 = VECTOR ( 'NONE', #5096, 1000.000000000000000 ) ;
#985 = FILL_AREA_STYLE_COLOUR ( '', #284 ) ;
#986 = EDGE_CURVE ( 'NONE', #2842, #10616, #95, .T. ) ;
#987 = EDGE_CURVE ( 'NONE', #3749, #2833, #3058, .T. ) ;
#988 = CARTESIAN_POINT ( 'NONE',  ( 2.975150518713304500, 1.625150518713304400, 1.550000000000000000 ) ) ;
#989 = STYLED_ITEM ( 'NONE', ( #6696 ), #2264 ) ;
#990 = PLANE ( 'NONE',  #1485 ) ;
#991 = CARTESIAN_POINT ( 'NONE',  ( 1.731224716223094900, 1.172475771218660200, 1.659999999999999900 ) ) ;
#992 = VERTEX_POINT ( 'NONE', #1359 ) ;
#993 = CARTESIAN_POINT ( 'NONE',  ( 2.668578542414895300, 1.236918080733201600, 1.659999999999999900 ) ) ;
#994 = ORIENTED_EDGE ( 'NONE', *, *, #1499, .T. ) ;
#995 = CARTESIAN_POINT ( 'NONE',  ( 2.232400915226536100, 1.360706582266758800, 1.659999999999999900 ) ) ;
#996 = CIRCLE ( 'NONE', #5182, 0.2000000000000000900 ) ;
#997 = CARTESIAN_POINT ( 'NONE',  ( 2.271600607378438900, 1.376091724599924700, 1.649999999999999900 ) ) ;
#998 =( NAMED_UNIT ( * ) SI_UNIT ( $, .STERADIAN. ) SOLID_ANGLE_UNIT ( ) );
#999 = ORIENTED_EDGE ( 'NONE', *, *, #9575, .F. ) ;
#1000 = DIRECTION ( 'NONE',  ( 0.0000000000000000000, -1.000000000000000000, 0.0000000000000000000 ) ) ;
#1001 = ORIENTED_EDGE ( 'NONE', *, *, #6269, .F. ) ;
#1002 = EDGE_CURVE ( 'NONE', #2610, #4543, #11053, .T. ) ;
#1003 = EDGE_CURVE ( 'NONE', #3817, #6949, #1455, .T. ) ;
#1004 = DIRECTION ( 'NONE',  ( -1.000000000000000000, -0.0000000000000000000, -0.0000000000000000000 ) ) ;
#1005 = ADVANCED_FACE ( 'NONE', ( #10713 ), #2526, .F. ) ;
#1006 = LINE ( 'NONE', #4524, #3700 ) ;
#1007 = STYLED_ITEM ( 'NONE', ( #3436 ), #137 ) ;
#1008 = DIRECTION ( 'NONE',  ( 0.0000000000000000000, -0.0000000000000000000, -1.000000000000000000 ) ) ;
#1009 = ORIENTED_EDGE ( 'NONE', *, *, #7123, .F. ) ;
#1010 = AXIS2_PLACEMENT_3D ( 'NONE', #7012, #3546, #9661 ) ;
#1011 = ORIENTED_EDGE ( 'NONE', *, *, #1586, .T. ) ;
#1012 = CARTESIAN_POINT ( 'NONE',  ( 2.186481275847953500, 1.373851742191424300, 1.649999999999999900 ) ) ;
#1013 = CARTESIAN_POINT ( 'NONE',  ( 2.255478628726285400, 1.254366364759375500, 1.649999999999999900 ) ) ;
#1014 = B_SPLINE_CURVE_WITH_KNOTS ( 'NONE', 3,
 ( #11151, #5100, #6812, #9440 ),
 .UNSPECIFIED., .F., .F.,
 ( 4, 4 ),
 ( 19.00000000000000000, 20.00000000000000000 ),
 .UNSPECIFIED. ) ;
#1015 = LINE ( 'NONE', #3751, #9611 ) ;
#1016 = VECTOR ( 'NONE', #6403, 999.9999999999998900 ) ;
#1017 = EDGE_CURVE ( 'NONE', #1212, #3891, #3464, .T. ) ;
#1018 = EDGE_CURVE ( 'NONE', #8897, #4912, #8812, .T. ) ;
#1019 = PLANE ( 'NONE',  #1698 ) ;
#1020 = DIRECTION ( 'NONE',  ( -0.0000000000000000000, -0.0000000000000000000, -1.000000000000000000 ) ) ;
#1021 = ORIENTED_EDGE ( 'NONE', *, *, #3819, .T. ) ;
#1022 =( NAMED_UNIT ( * ) SI_UNIT ( $, .STERADIAN. ) SOLID_ANGLE_UNIT ( ) );
#1023 = CARTESIAN_POINT ( 'NONE',  ( 2.171597182211291200, 1.476006729408933600, 1.659999999999999900 ) ) ;
#1024 = B_SPLINE_SURFACE_WITH_KNOTS ( 'NONE', 3, 1, ( 
 ( #7891, #4482 ),
 ( #3760, #1036 ),
 ( #8118, #9052 ),
 ( #8149, #8906 ) ),
 .UNSPECIFIED., .F., .F., .F.,
 ( 4, 4 ),
 ( 2, 2 ),
 ( 5.000000000000000000, 6.000000000000000000 ),
 ( 0.0000000000000000000, 1.000000000000000000 ),
 .UNSPECIFIED. ) ;
#1025 = AXIS2_PLACEMENT_3D ( 'NONE', #8297, #1225, #2136 ) ;
#1026 = CARTESIAN_POINT ( 'NONE',  ( 2.284657346944964900, 1.175849086643933900, 1.649999999999999900 ) ) ;
#1027 = VERTEX_POINT ( 'NONE', #9804 ) ;
#1028 = CARTESIAN_POINT ( 'NONE',  ( 2.336353783061466700, 1.251065338051656100, 1.649999999999999900 ) ) ;
#1029 = FILL_AREA_STYLE ('',( #9852 ) ) ;
#1030 = DIRECTION ( 'NONE',  ( -0.0000000000000000000, -0.0000000000000000000, -1.000000000000000000 ) ) ;
#1031 = VECTOR ( 'NONE', #7083, 1000.000000000000000 ) ;
#1032 = AXIS2_PLACEMENT_3D ( 'NONE', #5920, #11078, #2358 ) ;
#1033 = CARTESIAN_POINT ( 'NONE',  ( 2.291524661434815300, 1.358761334385384800, 1.659999999999999900 ) ) ;
#1034 = CARTESIAN_POINT ( 'NONE',  ( 1.793527426304371500, 1.260191471214383400, 1.659999999999999900 ) ) ;
#1035 = CARTESIAN_POINT ( 'NONE',  ( 2.490912569261754400, 1.293094481667485400, 1.659999999999999900 ) ) ;
#1036 = CARTESIAN_POINT ( 'NONE',  ( 2.333259070523130400, 1.232850744254171800, 1.649999999999999900 ) ) ;
#1037 = ORIENTED_EDGE ( 'NONE', *, *, #4126, .T. ) ;
#1038 = LINE ( 'NONE', #4118, #9629 ) ;
#1039 = LINE ( 'NONE', #5066, #3331 ) ;
#1040 = VECTOR ( 'NONE', #3665, 1000.000000000000000 ) ;
#1041 = CARTESIAN_POINT ( 'NONE',  ( 2.724460208820486800, 1.270282029242152600, 1.659999999999999900 ) ) ;
#1042 = CARTESIAN_POINT ( 'NONE',  ( 1.699253601437190200, 1.186411905794178700, 1.649999999999999900 ) ) ;
#1043 = CARTESIAN_POINT ( 'NONE',  ( -1.399999999999999700, -1.399999999999999700, -1.879999999999999900 ) ) ;
#1044 = EDGE_CURVE ( 'NONE', #3915, #5899, #2372, .T. ) ;
#1045 = EDGE_CURVE ( 'NONE', #10, #1257, #9748, .T. ) ;
#1046 = CARTESIAN_POINT ( 'NONE',  ( 2.359254655845333600, 1.250299028280348100, 1.659999999999999900 ) ) ;
#1047 = PRESENTATION_STYLE_ASSIGNMENT (( #1658 ) ) ;
#1048 = AXIS2_PLACEMENT_3D ( 'NONE', #3291, #6715, #5862 ) ;
#1049 = AXIS2_PLACEMENT_3D ( 'NONE', #8774, #5369, #7107 ) ;
#1050 = VERTEX_POINT ( 'NONE', #2752 ) ;
#1051 = VECTOR ( 'NONE', #962, 1000.000000000000100 ) ;
#1052 = CARTESIAN_POINT ( 'NONE',  ( 2.282476311441892200, 1.250299028280348100, 1.659999999999999900 ) ) ;
#1053 = CARTESIAN_POINT ( 'NONE',  ( 2.334614849349471800, 1.228488673248018700, 1.649999999999999900 ) ) ;
#1054 = VERTEX_POINT ( 'NONE', #8866 ) ;
#1055 = CARTESIAN_POINT ( 'NONE',  ( 2.282476311441892200, 1.250299028280348100, 1.659999999999999900 ) ) ;
#1056 = ADVANCED_FACE ( 'NONE', ( #9355 ), #7597, .T. ) ;
#1057 = CARTESIAN_POINT ( 'NONE',  ( 2.975150518713304900, 1.625150518713304200, -1.550000000000000000 ) ) ;
#1058 = ORIENTED_EDGE ( 'NONE', *, *, #2805, .F. ) ;
#1059 = ORIENTED_EDGE ( 'NONE', *, *, #10556, .T. ) ;
#1060 = DIRECTION ( 'NONE',  ( -0.0000000000000000000, -0.0000000000000000000, -1.000000000000000000 ) ) ;
#1061 = ORIENTED_EDGE ( 'NONE', *, *, #5795, .F. ) ;
#1062 = CARTESIAN_POINT ( 'NONE',  ( 2.431022513281774400, 1.147790359629502700, 1.659999999999999900 ) ) ;
#1063 =( NAMED_UNIT ( * ) PLANE_ANGLE_UNIT ( ) SI_UNIT ( $, .RADIAN. ) );
#1064 = CARTESIAN_POINT ( 'NONE',  ( 2.651189205294141300, 1.277827233145169700, 1.659999999999999900 ) ) ;
#1065 = EDGE_CURVE ( 'NONE', #350, #3510, #2140, .T. ) ;
#1066 = VECTOR ( 'NONE', #9200, 1000.000000000000000 ) ;
#1067 = EDGE_CURVE ( 'NONE', #10754, #3054, #8547, .T. ) ;
#1068 = VECTOR ( 'NONE', #6008, 1000.000000000000000 ) ;
#1069 = CARTESIAN_POINT ( 'NONE',  ( 1.741881764909005000, 1.474971757247668400, 1.659999999999999900 ) ) ;
#1070 = CARTESIAN_POINT ( 'NONE',  ( 2.436416155133648500, 1.193002636142202600, 1.659999999999999900 ) ) ;
#1071 = VERTEX_POINT ( 'NONE', #2659 ) ;
#1072 = AXIS2_PLACEMENT_3D ( 'NONE', #6462, #2134, #4725 ) ;
#1073 = CARTESIAN_POINT ( 'NONE',  ( 1.618096167036171800, 1.426605193470026600, 1.659999999999999900 ) ) ;
#1074 = VECTOR ( 'NONE', #1442, 1000.000000000000000 ) ;
#1075 = ORIENTED_EDGE ( 'NONE', *, *, #5107, .F. ) ;
#1076 = UNCERTAINTY_MEASURE_WITH_UNIT (LENGTH_MEASURE( 1.000000000000000100E-005 ), #8552, 'distance_accuracy_value', 'NONE');
#1077 = B_SPLINE_SURFACE_WITH_KNOTS ( 'NONE', 3, 1, ( 
 ( #8038, #7183 ),
 ( #3687, #334 ),
 ( #6291, #6404 ),
 ( #4477, #9833 ) ),
 .UNSPECIFIED., .F., .F., .F.,
 ( 4, 4 ),
 ( 2, 2 ),
 ( 2.000000000000000000, 3.000000000000000000 ),
 ( 0.0000000000000000000, 1.000000000000000000 ),
 .UNSPECIFIED. ) ;
#1078 = FACE_OUTER_BOUND ( 'NONE', #10914, .T. ) ;
#1079 = ORIENTED_EDGE ( 'NONE', *, *, #2981, .T. ) ;
#1080 = CARTESIAN_POINT ( 'NONE',  ( 2.388787055496564000, 1.200194158611884900, 1.649999999999999900 ) ) ;
#1082 = VERTEX_POINT ( 'NONE', #9874 ) ;
#1081 = B_SPLINE_CURVE_WITH_KNOTS ( 'NONE', 3,
 ( #3582, #5149, #10472, #4416, #11, #5290, #7830 ),
 .UNSPECIFIED., .F., .F.,
 ( 4, 3, 4 ),
 ( 2.000000000000000000, 3.000000000000000000, 4.000000000000000000 ),
 .UNSPECIFIED. ) ;
#1083 = EDGE_LOOP ( 'NONE', ( #36, #9675, #7127, #7579 ) ) ;
#1084 = DIRECTION ( 'NONE',  ( -0.0000000000000000000, 1.000000000000000000, -0.0000000000000000000 ) ) ;
#1085 = DIRECTION ( 'NONE',  ( -0.0000000000000000000, -0.0000000000000000000, -1.000000000000000000 ) ) ;
#1086 = EDGE_CURVE ( 'NONE', #8458, #1379, #8377, .T. ) ;
#1087 = VECTOR ( 'NONE', #8129, 1000.000000000000000 ) ;
#1088 = ORIENTED_EDGE ( 'NONE', *, *, #10972, .F. ) ;
#1089 = CARTESIAN_POINT ( 'NONE',  ( 1.693515205039557200, 1.440541320226799100, 1.659999999999999900 ) ) ;
#1090 = B_SPLINE_CURVE_WITH_KNOTS ( 'NONE', 3,
 ( #8650, #7856, #11256, #9593 ),
 .UNSPECIFIED., .F., .F.,
 ( 4, 4 ),
 ( 3.000000000000000000, 4.000000000000000000 ),
 .UNSPECIFIED. ) ;
#1091 = ORIENTED_EDGE ( 'NONE', *, *, #3085, .T. ) ;
#1092 = ORIENTED_EDGE ( 'NONE', *, *, #2375, .F. ) ;
#1093 = ORIENTED_EDGE ( 'NONE', *, *, #5490, .F. ) ;
#1094 = DIRECTION ( 'NONE',  ( 4.336808689942015400E-015, 0.0000000000000000000, 1.000000000000000000 ) ) ;
#1095 = PLANE ( 'NONE',  #4715 ) ;
#1096 = ORIENTED_EDGE ( 'NONE', *, *, #1044, .T. ) ;
#1097 =( NAMED_UNIT ( * ) SI_UNIT ( $, .STERADIAN. ) SOLID_ANGLE_UNIT ( ) );
#1098 = DIRECTION ( 'NONE',  ( -0.0000000000000000000, -0.0000000000000000000, -1.000000000000000000 ) ) ;
#1099 = VECTOR ( 'NONE', #3189, 1000.000000000000000 ) ;
#1100 = CARTESIAN_POINT ( 'NONE',  ( 2.431022513281774400, 1.147790359629502700, 1.649999999999999900 ) ) ;
#1101 = ORIENTED_EDGE ( 'NONE', *, *, #6886, .F. ) ;
#1102 = CARTESIAN_POINT ( 'NONE',  ( 1.814021717023177400, 1.205266723929413000, 1.659999999999999900 ) ) ;
#1103 = ORIENTED_EDGE ( 'NONE', *, *, #1202, .T. ) ;
#1104 = LINE ( 'NONE', #8490, #9693 ) ;
#1105 = ORIENTED_EDGE ( 'NONE', *, *, #5332, .T. ) ;
#1106 = EDGE_LOOP ( 'NONE', ( #9252, #8140, #10973, #3671 ) ) ;
#1107 = ORIENTED_EDGE ( 'NONE', *, *, #9244, .F. ) ;
#1108 = CARTESIAN_POINT ( 'NONE',  ( 2.368877738166641500, 1.177484863271241400, 1.659999999999999900 ) ) ;
#1109 = DIRECTION ( 'NONE',  ( 0.1710878697460357900, -0.1710878697460358200, 0.9702875252478137000 ) ) ;
#1110 = ORIENTED_EDGE ( 'NONE', *, *, #5269, .F. ) ;
#1111 = DIRECTION ( 'NONE',  ( 0.0000000000000000000, -1.000000000000000000, 0.0000000000000000000 ) ) ;
#1112 = CARTESIAN_POINT ( 'NONE',  ( 2.273545855259814000, 1.175849086643933900, 1.649999999999999900 ) ) ;
#1113 = ADVANCED_FACE ( 'NONE', ( #5928 ), #10127, .F. ) ;
#1114 = CARTESIAN_POINT ( 'NONE',  ( 1.651706824766879400, 1.440541320226799100, 1.649999999999999900 ) ) ;
#1115 = EDGE_CURVE ( 'NONE', #9133, #4912, #5224, .T. ) ;
#1116 = DIRECTION ( 'NONE',  ( -1.000000000000000000, -0.0000000000000000000, -0.0000000000000000000 ) ) ;
#1117 = CARTESIAN_POINT ( 'NONE',  ( 2.265558549565717800, 1.175849086643933900, 1.659999999999999900 ) ) ;
#1118 = ORIENTED_EDGE ( 'NONE', *, *, #3551, .F. ) ;
#1119 = CARTESIAN_POINT ( 'NONE',  ( 2.262080682141720500, 1.197069972621228800, 1.659999999999999900 ) ) ;
#1120 = B_SPLINE_CURVE_WITH_KNOTS ( 'NONE', 3,
 ( #441, #3907, #8444, #3253 ),
 .UNSPECIFIED., .F., .F.,
 ( 4, 4 ),
 ( 9.000000000000000000, 10.00000000000000000 ),
 .UNSPECIFIED. ) ;
#1121 = SURFACE_SIDE_STYLE ('',( #1167 ) ) ;
#1122 = EDGE_LOOP ( 'NONE', ( #6683, #10343, #7611, #3630 ) ) ;
#1123 = LINE ( 'NONE', #1208, #6862 ) ;
#1124 = CARTESIAN_POINT ( 'NONE',  ( -3.650000000000000400, 0.6999999999999999600, -1.579999999999999800 ) ) ;
#1125 = CARTESIAN_POINT ( 'NONE',  ( 2.384837612828778900, 1.244345390825370300, 1.659999999999999900 ) ) ;
#1126 = VERTEX_POINT ( 'NONE', #3771 ) ;
#1127 = B_SPLINE_SURFACE_WITH_KNOTS ( 'NONE', 3, 1, ( 
 ( #5807, #5765 ),
 ( #2323, #539 ),
 ( #9359, #6701 ),
 ( #10931, #1521 ) ),
 .UNSPECIFIED., .F., .F., .F.,
 ( 4, 4 ),
 ( 2, 2 ),
 ( 0.0000000000000000000, 1.000000000000000000 ),
 ( 0.0000000000000000000, 1.000000000000000000 ),
 .UNSPECIFIED. ) ;
#1128 = CARTESIAN_POINT ( 'NONE',  ( 2.263613301684340900, 1.246939054667203900, 1.659999999999999900 ) ) ;
#1129 = DIRECTION ( 'NONE',  ( 0.0000000000000000000, 0.0000000000000000000, 1.000000000000000000 ) ) ;
#1130 = ORIENTED_EDGE ( 'NONE', *, *, #9663, .F. ) ;
#1131 = EDGE_CURVE ( 'NONE', #3638, #2431, #641, .T. ) ;
#1132 = EDGE_CURVE ( 'NONE', #7813, #2103, #10445, .T. ) ;
#1133 = MECHANICAL_DESIGN_GEOMETRIC_PRESENTATION_REPRESENTATION (  '', ( #4458 ), #7428 ) ;
#1134 = CARTESIAN_POINT ( 'NONE',  ( 2.171597182211292900, 1.293094481667485400, 1.649999999999999900 ) ) ;
#1135 = ORIENTED_EDGE ( 'NONE', *, *, #9591, .T. ) ;
#1136 = AXIS2_PLACEMENT_3D ( 'NONE', #3906, #1563, #4232 ) ;
#1137 = CARTESIAN_POINT ( 'NONE',  ( 2.430315150415886200, 1.476006729408933600, 1.659999999999999900 ) ) ;
#1138 = DIRECTION ( 'NONE',  ( -1.000000000000000000, 0.0000000000000000000, -6.505213034913023400E-015 ) ) ;
#1139 = DIRECTION ( 'NONE',  ( -0.0000000000000000000, -1.000000000000000000, -0.0000000000000000000 ) ) ;
#1140 = DIRECTION ( 'NONE',  ( 0.1710878697460358200, 0.1710878697460357900, 0.9702875252478137000 ) ) ;
#1141 = VECTOR ( 'NONE', #1792, 1000.000000000000100 ) ;
#1142 = CARTESIAN_POINT ( 'NONE',  ( 2.702502486524593900, 1.209330928962951200, 1.659999999999999900 ) ) ;
#1143 = CARTESIAN_POINT ( 'NONE',  ( 1.732044491604669800, 1.123289498511300400, 1.649999999999999900 ) ) ;
#1144 = CARTESIAN_POINT ( 'NONE',  ( 1.959941172013105700, 1.355285008919082900, 1.659999999999999900 ) ) ;
#1145 = ORIENTED_EDGE ( 'NONE', *, *, #10149, .T. ) ;
#1146 = DIRECTION ( 'NONE',  ( -0.0000000000000000000, -0.0000000000000000000, -1.000000000000000000 ) ) ;
#1147 = EDGE_CURVE ( 'NONE', #1986, #578, #10300, .T. ) ;
#1148 = EDGE_LOOP ( 'NONE', ( #8848, #2222, #8605, #1538 ) ) ;
#1149 = DIRECTION ( 'NONE',  ( -0.0000000000000000000, -0.0000000000000000000, -1.000000000000000000 ) ) ;
#1150 = ORIENTED_EDGE ( 'NONE', *, *, #2375, .T. ) ;
#1151 = CARTESIAN_POINT ( 'NONE',  ( 2.640284027777977500, 1.268985197321233400, 1.649999999999999900 ) ) ;
#1152 = FACE_OUTER_BOUND ( 'NONE', #4714, .T. ) ;
#1153 =( GEOMETRIC_REPRESENTATION_CONTEXT ( 3 ) GLOBAL_UNCERTAINTY_ASSIGNED_CONTEXT ( ( #7023 ) ) GLOBAL_UNIT_ASSIGNED_CONTEXT ( ( #152, #6217, #4371 ) ) REPRESENTATION_CONTEXT ( 'NONE', 'WORKASPACE' ) );
#1154 = DIRECTION ( 'NONE',  ( -0.3559357243698827400, 0.9345104387417441100, -0.0000000000000000000 ) ) ;
#1155 = CARTESIAN_POINT ( 'NONE',  ( 3.350000000000001000, -2.000000000000000000, 0.0000000000000000000 ) ) ;
#1156 = CARTESIAN_POINT ( 'NONE',  ( 1.554153906192529600, 1.307738224431207900, 1.649999999999999900 ) ) ;
#1157 = DIRECTION ( 'NONE',  ( 0.0000000000000000000, -0.0000000000000000000, 1.000000000000000000 ) ) ;
#1158 = DIRECTION ( 'NONE',  ( 0.3315284183504325100, 0.9434452330824829600, -0.0000000000000000000 ) ) ;
#1159 = DIRECTION ( 'NONE',  ( -0.0000000000000000000, -0.0000000000000000000, -1.000000000000000000 ) ) ;
#1160 = CARTESIAN_POINT ( 'NONE',  ( 2.374521904367652000, 1.221061363155847300, 1.659999999999999900 ) ) ;
#1161 = ORIENTED_EDGE ( 'NONE', *, *, #6047, .F. ) ;
#1162 = VECTOR ( 'NONE', #8473, 1000.000000000000000 ) ;
#1163 = EDGE_CURVE ( 'NONE', #5903, #2775, #8145, .T. ) ;
#1164 = DIRECTION ( 'NONE',  ( -0.0000000000000000000, -0.0000000000000000000, -1.000000000000000000 ) ) ;
#1165 = CARTESIAN_POINT ( 'NONE',  ( 2.373961908765329600, 1.198779432880120500, 1.659999999999999900 ) ) ;
#1166 = ADVANCED_FACE ( 'NONE', ( #8421 ), #2587, .F. ) ;
#1167 = SURFACE_STYLE_FILL_AREA ( #2978 ) ;
#1168 = PRESENTATION_LAYER_ASSIGNMENT (  '', '', ( #606 ) ) ;
#1169 = DIRECTION ( 'NONE',  ( -0.1710878697460358200, 0.1710878697460357900, -0.9702875252478137000 ) ) ;
#1170 = FACE_OUTER_BOUND ( 'NONE', #7906, .T. ) ;
#1171 = DIRECTION ( 'NONE',  ( 0.8840949502478777600, 0.4673073067545623300, 0.0000000000000000000 ) ) ;
#1172 = CARTESIAN_POINT ( 'NONE',  ( 2.373961908765329600, 1.198779432880120500, 1.649999999999999900 ) ) ;
#1173 = ORIENTED_EDGE ( 'NONE', *, *, #1844, .F. ) ;
#1174 = COLOUR_RGB ( '',0.2980392156862745100, 0.2980392156862745100, 0.2980392156862745100 ) ;
#1175 = LINE ( 'NONE', #471, #2281 ) ;
#1176 = CARTESIAN_POINT ( 'NONE',  ( 2.488024170892792200, 1.377860131765026800, 1.649999999999999900 ) ) ;
#1177 = SURFACE_SIDE_STYLE ('',( #5245 ) ) ;
#1178 = FILL_AREA_STYLE_COLOUR ( '', #6358 ) ;
#1179 = VECTOR ( 'NONE', #5226, 1000.000000000000200 ) ;
#1180 = CARTESIAN_POINT ( 'NONE',  ( 2.504440884072465700, 1.393834743153228800, 1.659999999999999900 ) ) ;
#1181 = CARTESIAN_POINT ( 'NONE',  ( 3.650000000000000400, 0.6999999999999999600, -1.579999999999999800 ) ) ;
#1182 = EDGE_CURVE ( 'NONE', #7860, #7806, #1502, .T. ) ;
#1183 = FILL_AREA_STYLE_COLOUR ( '', #11108 ) ;
#1184 = EDGE_CURVE ( 'NONE', #8714, #7651, #10161, .T. ) ;
#1185 = ORIENTED_EDGE ( 'NONE', *, *, #1784, .T. ) ;
#1186 = VECTOR ( 'NONE', #8335, 1000.000000000000000 ) ;
#1187 =( LENGTH_UNIT ( ) NAMED_UNIT ( * ) SI_UNIT ( .MILLI., .METRE. ) );
#1188 = B_SPLINE_SURFACE_WITH_KNOTS ( 'NONE', 3, 1, ( 
 ( #7040, #2685 ),
 ( #7082, #5177 ),
 ( #10531, #8759 ),
 ( #5278, #8789 ) ),
 .UNSPECIFIED., .F., .F., .F.,
 ( 4, 4 ),
 ( 2, 2 ),
 ( 5.000000000000000000, 6.000000000000000000 ),
 ( 0.0000000000000000000, 1.000000000000000000 ),
 .UNSPECIFIED. ) ;
#1189 = LINE ( 'NONE', #7165, #7063 ) ;
#1190 = PRESENTATION_LAYER_ASSIGNMENT (  '', '', ( #7855 ) ) ;
#1191 = ORIENTED_EDGE ( 'NONE', *, *, #4455, .F. ) ;
#1192 = ORIENTED_EDGE ( 'NONE', *, *, #6155, .F. ) ;
#1193 = DIRECTION ( 'NONE',  ( -0.4673073067545623300, 0.8840949502478777600, 0.0000000000000000000 ) ) ;
#1194 = DIRECTION ( 'NONE',  ( 8.673617379884030700E-015, 0.0000000000000000000, -1.000000000000000000 ) ) ;
#1195 = VECTOR ( 'NONE', #3761, 1000.000000000000100 ) ;
#1196 = CARTESIAN_POINT ( 'NONE',  ( 2.333170650164992000, 1.195596299983251200, 1.649999999999999900 ) ) ;
#1197 = LINE ( 'NONE', #9825, #4990 ) ;
#1198 = CARTESIAN_POINT ( 'NONE',  ( 2.505796662898825300, 1.242930665093601600, 1.649999999999999900 ) ) ;
#1199 = SURFACE_STYLE_USAGE ( .BOTH. , #4559 ) ;
#1200 = ORIENTED_EDGE ( 'NONE', *, *, #10689, .F. ) ;
#1201 = EDGE_CURVE ( 'NONE', #8205, #9817, #9344, .T. ) ;
#1202 = EDGE_CURVE ( 'NONE', #9805, #7277, #10112, .T. ) ;
#1203 = CARTESIAN_POINT ( 'NONE',  ( 2.283832090268234100, 1.262029462473246700, 1.649999999999999900 ) ) ;
#1204 = ORIENTED_EDGE ( 'NONE', *, *, #6335, .T. ) ;
#1205 = AXIS2_PLACEMENT_3D ( 'NONE', #5780, #7600, #8549 ) ;
#1206 = ORIENTED_EDGE ( 'NONE', *, *, #1341, .T. ) ;
#1207 = AXIS2_PLACEMENT_3D ( 'NONE', #8307, #5590, #489 ) ;
#1208 = CARTESIAN_POINT ( 'NONE',  ( 2.435738265721259800, 1.191470016598803200, 1.659999999999999900 ) ) ;
#1209 = DIRECTION ( 'NONE',  ( 1.000000000000000000, 2.109575325578735300E-013, -0.0000000000000000000 ) ) ;
#1210 = VECTOR ( 'NONE', #6069, 1000.000000000000000 ) ;
#1211 = ORIENTED_EDGE ( 'NONE', *, *, #7847, .T. ) ;
#1212 = VERTEX_POINT ( 'NONE', #7177 ) ;
#1213 = VECTOR ( 'NONE', #8298, 1000.000000000000000 ) ;
#1214 = DIRECTION ( 'NONE',  ( -0.9445574604294337800, -0.3283461648125325900, 0.0000000000000000000 ) ) ;
#1215 = CARTESIAN_POINT ( 'NONE',  ( 2.264055403475419700, 1.384167450652555600, 1.649999999999999900 ) ) ;
#1216 = LINE ( 'NONE', #4647, #1759 ) ;
#1217 = CARTESIAN_POINT ( 'NONE',  ( 1.763195831009000100, 1.204446901640480000, 1.649999999999999900 ) ) ;
#1218 = VERTEX_POINT ( 'NONE', #3710 ) ;
#1219 = UNCERTAINTY_MEASURE_WITH_UNIT (LENGTH_MEASURE( 1.000000000000000100E-005 ), #3829, 'distance_accuracy_value', 'NONE');
#1220 = EDGE_CURVE ( 'NONE', #3817, #4963, #2395, .T. ) ;
#1221 = EDGE_CURVE ( 'NONE', #5978, #2775, #6618, .T. ) ;
#1222 = PLANE ( 'NONE',  #820 ) ;
#1223 = FACE_OUTER_BOUND ( 'NONE', #4659, .T. ) ;
#1224 = SURFACE_STYLE_FILL_AREA ( #1305 ) ;
#1225 = DIRECTION ( 'NONE',  ( 1.807003620809173900E-016, -0.0000000000000000000, 1.000000000000000000 ) ) ;
#1226 = ORIENTED_EDGE ( 'NONE', *, *, #2786, .T. ) ;
#1227 = CARTESIAN_POINT ( 'NONE',  ( 2.508537694004202100, 1.419417700136674300, 1.659999999999999900 ) ) ;
#1228 = DIRECTION ( 'NONE',  ( -0.0000000000000000000, -0.0000000000000000000, -1.000000000000000000 ) ) ;
#1229 = CARTESIAN_POINT ( 'NONE',  ( -3.750000000000000400, 0.6999999999999999600, -1.579999999999999800 ) ) ;
#1230 = LINE ( 'NONE', #1069, #3931 ) ;
#1231 = FACE_OUTER_BOUND ( 'NONE', #6153, .T. ) ;
#1232 = CARTESIAN_POINT ( 'NONE',  ( 2.582309746226657300, 1.461270003036230700, 1.649999999999999900 ) ) ;
#1233 = ORIENTED_EDGE ( 'NONE', *, *, #8580, .T. ) ;
#1234 = ADVANCED_FACE ( 'NONE', ( #4397 ), #4544, .T. ) ;
#1235 = CARTESIAN_POINT ( 'NONE',  ( 1.731224731859008800, 1.379058448070370500, 1.659999999999999900 ) ) ;
#1236 = CYLINDRICAL_SURFACE ( 'NONE', #7056, 0.1000000000000001700 ) ;
#1237 = CARTESIAN_POINT ( 'NONE',  ( 1.996011163706104900, 1.399552707518137100, 1.659999999999999900 ) ) ;
#1238 = PLANE ( 'NONE',  #6388 ) ;
#1239 = ORIENTED_EDGE ( 'NONE', *, *, #1861, .F. ) ;
#1240 = FILL_AREA_STYLE_COLOUR ( '', #1602 ) ;
#1241 = CARTESIAN_POINT ( 'NONE',  ( 2.337355880454870000, 1.224892912013173100, 1.659999999999999900 ) ) ;
#1242 = EDGE_CURVE ( 'NONE', #7239, #3211, #4944, .T. ) ;
#1243 = DIRECTION ( 'NONE',  ( 0.0000000000000000000, 1.000000000000000000, -0.0000000000000000000 ) ) ;
#1244 = EDGE_LOOP ( 'NONE', ( #10926, #10154, #7028, #10280 ) ) ;
#1245 = CARTESIAN_POINT ( 'NONE',  ( 2.292968860619297300, 1.194417361873971300, 1.659999999999999900 ) ) ;
#1246 = B_SPLINE_CURVE_WITH_KNOTS ( 'NONE', 3,
 ( #1863, #959, #5223, #7981 ),
 .UNSPECIFIED., .F., .F.,
 ( 4, 4 ),
 ( 5.000000000000000000, 6.000000000000000000 ),
 .UNSPECIFIED. ) ;
#1247 = ORIENTED_EDGE ( 'NONE', *, *, #3479, .F. ) ;
#1248 = CARTESIAN_POINT ( 'NONE',  ( 2.547030023289847300, 1.242930665093601600, 1.649999999999999900 ) ) ;
#1249 = AXIS2_PLACEMENT_3D ( 'NONE', #8730, #3511, #9812 ) ;
#1250 = VERTEX_POINT ( 'NONE', #5536 ) ;
#1251 = ORIENTED_EDGE ( 'NONE', *, *, #10044, .F. ) ;
#1252 = CARTESIAN_POINT ( 'NONE',  ( 2.725167571687155700, 1.272168330217316100, 1.649999999999999900 ) ) ;
#1253 = DIRECTION ( 'NONE',  ( -1.000000000000000000, 0.0000000000000000000, 1.807003620809173900E-016 ) ) ;
#1254 = FACE_OUTER_BOUND ( 'NONE', #2415, .T. ) ;
#1255 = ORIENTED_EDGE ( 'NONE', *, *, #7963, .T. ) ;
#1256 = CARTESIAN_POINT ( 'NONE',  ( 2.634330390323782000, 1.360706582266761400, 1.659999999999999900 ) ) ;
#1257 = VERTEX_POINT ( 'NONE', #8896 ) ;
#1258 = DIRECTION ( 'NONE',  ( 0.9848077530122080200, 0.0000000000000000000, 0.1736481776669304100 ) ) ;
#1259 = CARTESIAN_POINT ( 'NONE',  ( 2.437889827771620800, 1.198131016919664400, 1.659999999999999900 ) ) ;
#1260 = CARTESIAN_POINT ( 'NONE',  ( 1.400000000000000800, -1.399999999999999700, -1.649999999999999900 ) ) ;
#1261 = CARTESIAN_POINT ( 'NONE',  ( 2.632414615895120000, 1.194947884022793400, 1.659999999999999900 ) ) ;
#1262 = ORIENTED_EDGE ( 'NONE', *, *, #9998, .F. ) ;
#1263 = FACE_OUTER_BOUND ( 'NONE', #3814, .T. ) ;
#1264 =( GEOMETRIC_REPRESENTATION_CONTEXT ( 3 ) GLOBAL_UNCERTAINTY_ASSIGNED_CONTEXT ( ( #6305 ) ) GLOBAL_UNIT_ASSIGNED_CONTEXT ( ( #2131, #9067, #2836 ) ) REPRESENTATION_CONTEXT ( 'NONE', 'WORKASPACE' ) );
#1265 = CARTESIAN_POINT ( 'NONE',  ( 2.475350586211529300, 1.260143161497295800, 1.659999999999999900 ) ) ;
#1266 = SURFACE_STYLE_USAGE ( .BOTH. , #2913 ) ;
#1267 = ORIENTED_EDGE ( 'NONE', *, *, #9364, .T. ) ;
#1268 = CARTESIAN_POINT ( 'NONE',  ( 1.400000000000000800, 1.600000000000000100, -1.750000000000000000 ) ) ;
#1269 = CARTESIAN_POINT ( 'NONE',  ( 2.727348607189448200, 1.274526206437453200, 1.649999999999999900 ) ) ;
#1270 = EDGE_LOOP ( 'NONE', ( #3656, #156, #5267, #307 ) ) ;
#1271 = CARTESIAN_POINT ( 'NONE',  ( 1.928789801336942900, 1.227400549775460300, 1.659999999999999900 ) ) ;
#1272 = EDGE_CURVE ( 'NONE', #300, #8458, #3214, .T. ) ;
#1273 = CARTESIAN_POINT ( 'NONE',  ( 2.414075277952889100, 1.151386120864346300, 1.649999999999999900 ) ) ;
#1274 = ORIENTED_EDGE ( 'NONE', *, *, #2688, .F. ) ;
#1275 = PLANE ( 'NONE',  #8532 ) ;
#1276 = AXIS2_PLACEMENT_3D ( 'NONE', #1057, #195, #3664 ) ;
#1277 = CARTESIAN_POINT ( 'NONE',  ( 1.731224731859008800, 1.379058448070370500, 1.659999999999999900 ) ) ;
#1278 = AXIS2_PLACEMENT_3D ( 'NONE', #778, #6926, #1688 ) ;
#1279 = EDGE_LOOP ( 'NONE', ( #2606, #279, #667 ) ) ;
#1280 = CARTESIAN_POINT ( 'NONE',  ( 2.304316139926534800, 1.358761334385384800, 1.659999999999999900 ) ) ;
#1281 = CARTESIAN_POINT ( 'NONE',  ( 2.296269887327012900, 1.464512082837735600, 1.649999999999999900 ) ) ;
#1282 = DIRECTION ( 'NONE',  ( -1.000000000000000000, 0.0000000000000000000, 0.0000000000000000000 ) ) ;
#1283 = CIRCLE ( 'NONE', #4891, 0.1000000000000000500 ) ;
#1284 = VERTEX_POINT ( 'NONE', #4628 ) ;
#1285 = UNCERTAINTY_MEASURE_WITH_UNIT (LENGTH_MEASURE( 1.000000000000000100E-005 ), #2974, 'distance_accuracy_value', 'NONE');
#1286 = CARTESIAN_POINT ( 'NONE',  ( 1.400000000000000600, -1.399999999999999700, -1.879999999999999900 ) ) ;
#1287 = CARTESIAN_POINT ( 'NONE',  ( 2.299158285695976900, 1.190526866111214900, 1.659999999999999900 ) ) ;
#1288 = VERTEX_POINT ( 'NONE', #2102 ) ;
#1289 = DIRECTION ( 'NONE',  ( -0.0000000000000000000, -0.0000000000000000000, -1.000000000000000000 ) ) ;
#1290 = EDGE_CURVE ( 'NONE', #3669, #10831, #8585, .T. ) ;
#1291 = EDGE_CURVE ( 'NONE', #10881, #6569, #1982, .T. ) ;
#1292 = ADVANCED_FACE ( 'NONE', ( #1993 ), #7326, .F. ) ;
#1293 = AXIS2_PLACEMENT_3D ( 'NONE', #10977, #6745, #10105 ) ;
#1294 = VECTOR ( 'NONE', #366, 1000.000000000000200 ) ;
#1295 = LINE ( 'NONE', #4096, #5075 ) ;
#1296 = AXIS2_PLACEMENT_3D ( 'NONE', #10717, #6334, #2930 ) ;
#1297 = CARTESIAN_POINT ( 'NONE',  ( 1.967319103537973800, 1.227400549775460300, 1.659999999999999900 ) ) ;
#1298 = CARTESIAN_POINT ( 'NONE',  ( 2.346964226050116700, 1.175849086643933900, 1.659999999999999900 ) ) ;
#1299 = CARTESIAN_POINT ( 'NONE',  ( 1.600000000000001000, -1.399999999999999700, -1.750000000000000000 ) ) ;
#1300 = EDGE_LOOP ( 'NONE', ( #2284, #481, #9650, #8023 ) ) ;
#1301 = ADVANCED_FACE ( 'NONE', ( #8800 ), #11248, .F. ) ;
#1302 = LINE ( 'NONE', #2821, #7989 ) ;
#1303 = CARTESIAN_POINT ( 'NONE',  ( 2.651189205294141300, 1.193945786629788500, 1.659999999999999900 ) ) ;
#1304 = CARTESIAN_POINT ( 'NONE',  ( 1.605799583223415500, 1.275767140916351100, 1.659999999999999900 ) ) ;
#1305 = FILL_AREA_STYLE ('',( #2184 ) ) ;
#1306 = LINE ( 'NONE', #6914, #9477 ) ;
#1307 = EDGE_LOOP ( 'NONE', ( #7227, #7768, #209, #374 ) ) ;
#1308 = CARTESIAN_POINT ( 'NONE',  ( 2.399279604674362500, 1.153036634218602000, 1.659999999999999900 ) ) ;
#1309 = PRESENTATION_STYLE_ASSIGNMENT (( #8823 ) ) ;
#1310 = FILL_AREA_STYLE ('',( #4779 ) ) ;
#1311 = EDGE_CURVE ( 'NONE', #5705, #9824, #6467, .T. ) ;
#1312 = CARTESIAN_POINT ( 'NONE',  ( 3.650000000000000400, -0.6999999999999999600, -1.579999999999999800 ) ) ;
#1313 = CARTESIAN_POINT ( 'NONE',  ( 2.282476311441892200, 1.250299028280348100, 1.659999999999999900 ) ) ;
#1314 = PLANE ( 'NONE',  #11202 ) ;
#1315 =( GEOMETRIC_REPRESENTATION_CONTEXT ( 3 ) GLOBAL_UNCERTAINTY_ASSIGNED_CONTEXT ( ( #3223 ) ) GLOBAL_UNIT_ASSIGNED_CONTEXT ( ( #6550, #10739, #430 ) ) REPRESENTATION_CONTEXT ( 'NONE', 'WORKASPACE' ) );
#1316 = CARTESIAN_POINT ( 'NONE',  ( 2.462618054624836600, 1.462743675673420200, 1.659999999999999900 ) ) ;
#1317 = PLANE ( 'NONE',  #10267 ) ;
#1318 = VECTOR ( 'NONE', #3057, 1000.000000000000000 ) ;
#1319 = UNCERTAINTY_MEASURE_WITH_UNIT (LENGTH_MEASURE( 1.000000000000000100E-005 ), #5593, 'distance_accuracy_value', 'NONE');
#1320 = LINE ( 'NONE', #5280, #6341 ) ;
#1321 = B_SPLINE_CURVE_WITH_KNOTS ( 'NONE', 3,
 ( #6309, #5521, #3818, #2170 ),
 .UNSPECIFIED., .F., .F.,
 ( 4, 4 ),
 ( 18.00000000000000000, 19.00000000000000000 ),
 .UNSPECIFIED. ) ;
#1322 = CARTESIAN_POINT ( 'NONE',  ( 2.340539013351345100, 1.190291078489516400, 1.659999999999999900 ) ) ;
#1323 = CARTESIAN_POINT ( 'NONE',  ( 3.350000000000001000, 0.6999999999999996200, 0.0000000000000000000 ) ) ;
#1324 = VERTEX_POINT ( 'NONE', #6632 ) ;
#1325 = DIRECTION ( 'NONE',  ( -1.000000000000000000, -0.0000000000000000000, -0.0000000000000000000 ) ) ;
#1326 = CARTESIAN_POINT ( 'NONE',  ( 1.900097803712475600, 1.216743485453634100, 1.659999999999999900 ) ) ;
#1327 = LINE ( 'NONE', #9604, #4699 ) ;
#1328 = CARTESIAN_POINT ( 'NONE',  ( 2.384837612828778900, 1.244345390825370300, 1.649999999999999900 ) ) ;
#1329 = MECHANICAL_DESIGN_GEOMETRIC_PRESENTATION_REPRESENTATION (  '', ( #606 ), #6425 ) ;
#1330 = EDGE_LOOP ( 'NONE', ( #3213, #3588, #7788, #4246, #4733, #11107, #2027, #9570, #6711, #6306, #3196, #2830, #4572, #1773, #5243, #4396, #9255, #5437, #4585, #23, #8862 ) ) ;
#1331 = DIRECTION ( 'NONE',  ( 0.0000000000000000000, 1.000000000000000000, -0.0000000000000000000 ) ) ;
#1332 = DIRECTION ( 'NONE',  ( -0.0000000000000000000, -0.0000000000000000000, -1.000000000000000000 ) ) ;
#1333 = DIRECTION ( 'NONE',  ( -0.0000000000000000000, 1.000000000000000000, -0.0000000000000000000 ) ) ;
#1334 = ORIENTED_EDGE ( 'NONE', *, *, #4191, .F. ) ;
#1335 = VECTOR ( 'NONE', #9644, 1000.000000000000000 ) ;
#1336 = LINE ( 'NONE', #7382, #2291 ) ;
#1337 = VERTEX_POINT ( 'NONE', #9004 ) ;
#1338 = VERTEX_POINT ( 'NONE', #1308 ) ;
#1339 = CARTESIAN_POINT ( 'NONE',  ( 2.299158285695976900, 1.211217229938904100, 1.659999999999999900 ) ) ;
#1340 = CARTESIAN_POINT ( 'NONE',  ( 0.0000000000000000000, -1.600000000000000100, -1.750000000000000000 ) ) ;
#1341 = EDGE_CURVE ( 'NONE', #10191, #594, #885, .T. ) ;
#1342 = PLANE ( 'NONE',  #3015 ) ;
#1343 = VERTEX_POINT ( 'NONE', #2966 ) ;
#1344 = AXIS2_PLACEMENT_3D ( 'NONE', #6286, #8108, #9041 ) ;
#1345 = CARTESIAN_POINT ( 'NONE',  ( -3.349999999999999200, -2.000000000000000000, 0.0000000000000000000 ) ) ;
#1346 = MECHANICAL_DESIGN_GEOMETRIC_PRESENTATION_REPRESENTATION (  '', ( #8515 ), #5554 ) ;
#1347 = CARTESIAN_POINT ( 'NONE',  ( -2.450000000000000200, 0.6999999999999999600, -1.879999999999999900 ) ) ;
#1348 = FACE_OUTER_BOUND ( 'NONE', #2810, .T. ) ;
#1349 = VECTOR ( 'NONE', #6631, 1000.000000000000200 ) ;
#1350 = ADVANCED_FACE ( 'NONE', ( #6346 ), #10824, .F. ) ;
#1351 = ORIENTED_EDGE ( 'NONE', *, *, #7730, .F. ) ;
#1352 = CARTESIAN_POINT ( 'NONE',  ( 2.412454238051741300, 1.260143161497294400, 1.659999999999999900 ) ) ;
#1353 = ORIENTED_EDGE ( 'NONE', *, *, #2519, .T. ) ;
#1354 = DIRECTION ( 'NONE',  ( 1.000000000000000000, 0.0000000000000000000, 1.807003620809173900E-016 ) ) ;
#1355 =( LENGTH_UNIT ( ) NAMED_UNIT ( * ) SI_UNIT ( .MILLI., .METRE. ) );
#1356 = DIRECTION ( 'NONE',  ( 0.0000000000000000000, 0.0000000000000000000, 1.000000000000000000 ) ) ;
#1357 = CARTESIAN_POINT ( 'NONE',  ( 2.462028585570589000, 1.360706582266761400, 1.659999999999999900 ) ) ;
#1358 = LINE ( 'NONE', #7824, #11024 ) ;
#1359 = CARTESIAN_POINT ( 'NONE',  ( 1.705811788852312300, 1.438901777282389800, 1.659999999999999900 ) ) ;
#1360 = ORIENTED_EDGE ( 'NONE', *, *, #6385, .F. ) ;
#1361 = ADVANCED_FACE ( 'NONE', ( #3454 ), #6255, .F. ) ;
#1362 = EDGE_CURVE ( 'NONE', #1778, #3394, #5491, .T. ) ;
#1363 = EDGE_CURVE ( 'NONE', #3182, #10813, #8371, .T. ) ;
#1364 = CARTESIAN_POINT ( 'NONE',  ( 2.274754266822200900, 1.226720266083703300, 1.649999999999999900 ) ) ;
#1365 = ORIENTED_EDGE ( 'NONE', *, *, #3428, .T. ) ;
#1366 = ORIENTED_EDGE ( 'NONE', *, *, #10001, .T. ) ;
#1367 = STYLED_ITEM ( 'NONE', ( #7645 ), #1972 ) ;
#1368 = ORIENTED_EDGE ( 'NONE', *, *, #10784, .F. ) ;
#1369 = AXIS2_PLACEMENT_3D ( 'NONE', #2013, #8055, #10656 ) ;
#1370 = VECTOR ( 'NONE', #3584, 1000.000000000000000 ) ;
#1371 = FILL_AREA_STYLE ('',( #579 ) ) ;
#1372 = CARTESIAN_POINT ( 'NONE',  ( 2.379502917881548100, 1.182392193153162000, 1.659999999999999900 ) ) ;
#1373 = ORIENTED_EDGE ( 'NONE', *, *, #4385, .F. ) ;
#1374 = CARTESIAN_POINT ( 'NONE',  ( 2.365326187110767800, 1.262029462473246700, 1.659999999999999900 ) ) ;
#1375 = CARTESIAN_POINT ( 'NONE',  ( 2.355128372460883100, 1.213987734497011800, 1.659999999999999900 ) ) ;
#1376 = LINE ( 'NONE', #7139, #10911 ) ;
#1377 = DIRECTION ( 'NONE',  ( -1.000000000000000000, 0.0000000000000000000, -0.0000000000000000000 ) ) ;
#1378 = DIRECTION ( 'NONE',  ( 0.0000000000000000000, 0.0000000000000000000, 1.000000000000000000 ) ) ;
#1379 = VERTEX_POINT ( 'NONE', #4853 ) ;
#1380 = ORIENTED_EDGE ( 'NONE', *, *, #764, .T. ) ;
#1381 = ORIENTED_EDGE ( 'NONE', *, *, #2245, .F. ) ;
#1382 = EDGE_CURVE ( 'NONE', #3422, #4484, #8688, .T. ) ;
#1383 = ORIENTED_EDGE ( 'NONE', *, *, #1844, .T. ) ;
#1384 =( NAMED_UNIT ( * ) SI_UNIT ( $, .STERADIAN. ) SOLID_ANGLE_UNIT ( ) );
#1385 = CARTESIAN_POINT ( 'NONE',  ( 2.272720598582691000, 1.187697414647680600, 1.649999999999999900 ) ) ;
#1386 = CARTESIAN_POINT ( 'NONE',  ( 2.640608235758599200, 1.202964663170001300, 1.659999999999999900 ) ) ;
#1387 = CARTESIAN_POINT ( 'NONE',  ( -1.600000000000000300, -1.399999999999999700, -1.649999999999999900 ) ) ;
#1388 = ORIENTED_EDGE ( 'NONE', *, *, #1968, .F. ) ;
#1389 = PRESENTATION_LAYER_ASSIGNMENT (  '', '', ( #6256 ) ) ;
#1390 = ORIENTED_EDGE ( 'NONE', *, *, #3155, .T. ) ;
#1391 = CARTESIAN_POINT ( 'NONE',  ( 0.0000000000000000000, 1.500000000000000000, -1.779999999999999800 ) ) ;
#1392 = CARTESIAN_POINT ( 'NONE',  ( 1.972237755826254900, 1.177394454778384600, 1.659999999999999900 ) ) ;
#1393 = ORIENTED_EDGE ( 'NONE', *, *, #4274, .F. ) ;
#1394 = ORIENTED_EDGE ( 'NONE', *, *, #10710, .T. ) ;
#1395 = EDGE_LOOP ( 'NONE', ( #7381, #4808, #10015, #8248 ) ) ;
#1396 = FILL_AREA_STYLE ('',( #5547 ) ) ;
#1397 = CARTESIAN_POINT ( 'NONE',  ( 2.255478628726285400, 1.240337001251763800, 1.659999999999999900 ) ) ;
#1398 = CARTESIAN_POINT ( 'NONE',  ( 1.500000000000000900, 1.399999999999999900, -1.779999999999999800 ) ) ;
#1399 = DIRECTION ( 'NONE',  ( 0.0000000000000000000, 1.000000000000000000, 0.0000000000000000000 ) ) ;
#1400 = EDGE_LOOP ( 'NONE', ( #3849, #4468, #3494, #2382 ) ) ;
#1401 = EDGE_CURVE ( 'NONE', #5955, #2768, #4278, .T. ) ;
#1402 = SURFACE_STYLE_FILL_AREA ( #3957 ) ;
#1403 = B_SPLINE_CURVE_WITH_KNOTS ( 'NONE', 3,
 ( #10976, #10136, #5703, #1339 ),
 .UNSPECIFIED., .F., .F.,
 ( 4, 4 ),
 ( 5.000000000000000000, 6.000000000000000000 ),
 .UNSPECIFIED. ) ;
#1404 = CARTESIAN_POINT ( 'NONE',  ( 2.274990054444293800, 1.358761334385384800, 1.659999999999999900 ) ) ;
#1405 = DIRECTION ( 'NONE',  ( 0.1710878697460360700, 0.1710878697460360700, -0.9702875252478139200 ) ) ;
#1406 = ORIENTED_EDGE ( 'NONE', *, *, #2138, .F. ) ;
#1407 = CARTESIAN_POINT ( 'NONE',  ( -1.400000000000000100, -1.399999999999999700, -1.649999999999999900 ) ) ;
#1408 =( NAMED_UNIT ( * ) PLANE_ANGLE_UNIT ( ) SI_UNIT ( $, .RADIAN. ) );
#1409 = VERTEX_POINT ( 'NONE', #1387 ) ;
#1410 = CARTESIAN_POINT ( 'NONE',  ( 2.383953409246230200, 1.213810893780741000, 1.649999999999999900 ) ) ;
#1411 = ADVANCED_FACE ( 'NONE', ( #5214 ), #1342, .T. ) ;
#1412 = VECTOR ( 'NONE', #6498, 1000.000000000000100 ) ;
#1413 = CARTESIAN_POINT ( 'NONE',  ( 2.053805093553530400, 1.358769042562863600, 1.659999999999999900 ) ) ;
#1414 = DIRECTION ( 'NONE',  ( 1.000000000000000000, 0.0000000000000000000, 0.0000000000000000000 ) ) ;
#1415 = CARTESIAN_POINT ( 'NONE',  ( 2.668578542414895300, 1.254012683326040500, 1.649999999999999900 ) ) ;
#1416 = ORIENTED_EDGE ( 'NONE', *, *, #9320, .F. ) ;
#1417 = EDGE_CURVE ( 'NONE', #6280, #9959, #220, .T. ) ;
#1418 =( GEOMETRIC_REPRESENTATION_CONTEXT ( 3 ) GLOBAL_UNCERTAINTY_ASSIGNED_CONTEXT ( ( #2125 ) ) GLOBAL_UNIT_ASSIGNED_CONTEXT ( ( #4661, #1992, #5544 ) ) REPRESENTATION_CONTEXT ( 'NONE', 'WORKASPACE' ) );
#1419 = VERTEX_POINT ( 'NONE', #555 ) ;
#1420 = ADVANCED_FACE ( 'NONE', ( #4820 ), #7532, .T. ) ;
#1421 = SPHERICAL_SURFACE ( 'NONE', #754, 0.1000000000000000100 ) ;
#1422 = B_SPLINE_CURVE_WITH_KNOTS ( 'NONE', 3,
 ( #6954, #3446, #7842, #3486 ),
 .UNSPECIFIED., .F., .F.,
 ( 4, 4 ),
 ( 2.000000000000000000, 3.000000000000000000 ),
 .UNSPECIFIED. ) ;
#1423 = CARTESIAN_POINT ( 'NONE',  ( 1.967319103537973800, 1.227400549775460300, 1.659999999999999900 ) ) ;
#1424 = CARTESIAN_POINT ( 'NONE',  ( 2.496217790756276600, 1.385876910911449000, 1.649999999999999900 ) ) ;
#1425 = CARTESIAN_POINT ( 'NONE',  ( 2.323444410758892100, 1.365481281611668800, 1.659999999999999900 ) ) ;
#1426 = VERTEX_POINT ( 'NONE', #10108 ) ;
#1427 = DIRECTION ( 'NONE',  ( 1.000000000000000000, -0.0000000000000000000, -0.0000000000000000000 ) ) ;
#1428 = EDGE_CURVE ( 'NONE', #3191, #7931, #9482, .T. ) ;
#1429 = DIRECTION ( 'NONE',  ( -0.0000000000000000000, -0.0000000000000000000, -1.000000000000000000 ) ) ;
#1430 = CIRCLE ( 'NONE', #6066, 0.1000000000000001700 ) ;
#1431 = DIRECTION ( 'NONE',  ( 0.3658589216693907700, -0.9306703226357390100, -0.0000000000000000000 ) ) ;
#1432 =( NAMED_UNIT ( * ) SI_UNIT ( $, .STERADIAN. ) SOLID_ANGLE_UNIT ( ) );
#1433 = AXIS2_PLACEMENT_3D ( 'NONE', #1958, #9834, #179 ) ;
#1434 = CARTESIAN_POINT ( 'NONE',  ( 2.323444410758892100, 1.379746432740977400, 1.649999999999999900 ) ) ;
#1435 = UNCERTAINTY_MEASURE_WITH_UNIT (LENGTH_MEASURE( 1.000000000000000100E-005 ), #5811, 'distance_accuracy_value', 'NONE');
#1436 = ORIENTED_EDGE ( 'NONE', *, *, #7355, .T. ) ;
#1437 = ORIENTED_EDGE ( 'NONE', *, *, #9692, .T. ) ;
#1438 = VECTOR ( 'NONE', #3797, 1000.000000000000000 ) ;
#1439 =( NAMED_UNIT ( * ) PLANE_ANGLE_UNIT ( ) SI_UNIT ( $, .RADIAN. ) );
#1440 = DIRECTION ( 'NONE',  ( 0.0000000000000000000, 0.0000000000000000000, -1.000000000000000000 ) ) ;
#1441 = DIRECTION ( 'NONE',  ( -4.196089704209765800E-014, 1.000000000000000000, 0.0000000000000000000 ) ) ;
#1442 = DIRECTION ( 'NONE',  ( -0.0000000000000000000, -0.0000000000000000000, -1.000000000000000000 ) ) ;
#1443 = EDGE_CURVE ( 'NONE', #5454, #3499, #10172, .T. ) ;
#1444 = EDGE_CURVE ( 'NONE', #8968, #3351, #4538, .T. ) ;
#1445 = CARTESIAN_POINT ( 'NONE',  ( 1.951743449471527100, 1.464314716379716300, 1.659999999999999900 ) ) ;
#1446 = CYLINDRICAL_SURFACE ( 'NONE', #4100, 0.1000000000000001700 ) ;
#1447 = PRESENTATION_LAYER_ASSIGNMENT (  '', '', ( #1007 ) ) ;
#1448 = CARTESIAN_POINT ( 'NONE',  ( 2.506798760291815100, 1.460739480886619200, 1.649999999999999900 ) ) ;
#1449 = LINE ( 'NONE', #5644, #1318 ) ;
#1450 = EDGE_LOOP ( 'NONE', ( #6735, #7467, #4557, #10641 ) ) ;
#1451 = LINE ( 'NONE', #484, #4677 ) ;
#1452 = LINE ( 'NONE', #8677, #760 ) ;
#1453 = CARTESIAN_POINT ( 'NONE',  ( 1.600000000000001000, 0.0000000000000000000, -1.649999999999999900 ) ) ;
#1454 = CARTESIAN_POINT ( 'NONE',  ( 2.496217790756276600, 1.385876910911449000, 1.659999999999999900 ) ) ;
#1455 = CIRCLE ( 'NONE', #1501, 0.1000000000000000500 ) ;
#1456 = CARTESIAN_POINT ( 'NONE',  ( 2.026342712093334600, 1.257732113798211600, 1.649999999999999900 ) ) ;
#1457 = CARTESIAN_POINT ( 'NONE',  ( 2.488024170892792200, 1.377860131765026800, 1.649999999999999900 ) ) ;
#1458 = TOROIDAL_SURFACE ( 'NONE', #2941, 0.2000000000000000100, 0.1000000000000000100 ) ;
#1459 = CARTESIAN_POINT ( 'NONE',  ( 2.652928139005744900, 1.250888497335386000, 1.659999999999999900 ) ) ;
#1460 = ORIENTED_EDGE ( 'NONE', *, *, #6319, .T. ) ;
#1461 = DIRECTION ( 'NONE',  ( 1.000000000000000000, 0.0000000000000000000, 0.0000000000000000000 ) ) ;
#1462 = EDGE_CURVE ( 'NONE', #7432, #7359, #8942, .T. ) ;
#1463 = CIRCLE ( 'NONE', #4731, 0.1000000000000000500 ) ;
#1464 = DIRECTION ( 'NONE',  ( 0.0000000000000000000, 0.0000000000000000000, 1.000000000000000000 ) ) ;
#1465 = VERTEX_POINT ( 'NONE', #2337 ) ;
#1466 = ADVANCED_FACE ( 'NONE', ( #3873 ), #8293, .T. ) ;
#1467 = DIRECTION ( 'NONE',  ( 1.000000000000000000, 0.0000000000000000000, 0.0000000000000000000 ) ) ;
#1468 = CARTESIAN_POINT ( 'NONE',  ( 2.283625776098854800, 1.187697414647680600, 1.659999999999999900 ) ) ;
#1469 = FACE_OUTER_BOUND ( 'NONE', #3244, .T. ) ;
#1470 = AXIS2_PLACEMENT_3D ( 'NONE', #9950, #7296, #10672 ) ;
#1471 = CARTESIAN_POINT ( 'NONE',  ( 2.668578542414895300, 1.236918080733201600, 1.659999999999999900 ) ) ;
#1472 = DIRECTION ( 'NONE',  ( 0.0000000000000000000, 0.0000000000000000000, 1.000000000000000000 ) ) ;
#1473 = ORIENTED_EDGE ( 'NONE', *, *, #10026, .T. ) ;
#1474 = LINE ( 'NONE', #10821, #5944 ) ;
#1475 = ADVANCED_FACE ( 'NONE', ( #9219 ), #2505, .T. ) ;
#1476 = VERTEX_POINT ( 'NONE', #3148 ) ;
#1477 = ORIENTED_EDGE ( 'NONE', *, *, #1600, .T. ) ;
#1478 = SHAPE_DEFINITION_REPRESENTATION ( #4357, #137 ) ;
#1479 = EDGE_LOOP ( 'NONE', ( #8781, #4591, #4905, #9323 ) ) ;
#1480 = DIRECTION ( 'NONE',  ( -0.0000000000000000000, -1.000000000000000000, -0.0000000000000000000 ) ) ;
#1481 = CARTESIAN_POINT ( 'NONE',  ( 2.547030023289829100, 1.360706582266761400, 1.659999999999999900 ) ) ;
#1482 = DIRECTION ( 'NONE',  ( -1.000000000000000000, -0.0000000000000000000, -0.0000000000000000000 ) ) ;
#1483 = LINE ( 'NONE', #5165, #2434 ) ;
#1484 = CYLINDRICAL_SURFACE ( 'NONE', #10046, 0.1000000000000000500 ) ;
#1485 = AXIS2_PLACEMENT_3D ( 'NONE', #5256, #89, #3587 ) ;
#1486 = ORIENTED_EDGE ( 'NONE', *, *, #1597, .F. ) ;
#1487 = CARTESIAN_POINT ( 'NONE',  ( 2.435738265721259800, 1.191470016598803200, 1.659999999999999900 ) ) ;
#1488 = ORIENTED_EDGE ( 'NONE', *, *, #7052, .F. ) ;
#1489 = DIRECTION ( 'NONE',  ( 0.0000000000000000000, 1.000000000000000000, 0.0000000000000000000 ) ) ;
#1490 = ORIENTED_EDGE ( 'NONE', *, *, #9209, .F. ) ;
#1491 = CIRCLE ( 'NONE', #6944, 0.1000000000000000500 ) ;
#1492 = COLOUR_RGB ( '',0.2980392156862745100, 0.2980392156862745100, 0.2980392156862745100 ) ;
#1493 = EDGE_LOOP ( 'NONE', ( #6429, #5016, #7389 ) ) ;
#1494 = DIRECTION ( 'NONE',  ( 7.542275982507857300E-015, -0.0000000000000000000, -1.000000000000000000 ) ) ;
#1495 = B_SPLINE_CURVE_WITH_KNOTS ( 'NONE', 3,
 ( #336, #2072, #10913, #3874 ),
 .UNSPECIFIED., .F., .F.,
 ( 4, 4 ),
 ( 9.000000000000000000, 10.00000000000000000 ),
 .UNSPECIFIED. ) ;
#1496 = ORIENTED_EDGE ( 'NONE', *, *, #11169, .T. ) ;
#1497 = DIRECTION ( 'NONE',  ( -0.0000000000000000000, -0.0000000000000000000, -1.000000000000000000 ) ) ;
#1498 = DIRECTION ( 'NONE',  ( -0.0000000000000000000, -0.0000000000000000000, -1.000000000000000000 ) ) ;
#1499 = EDGE_CURVE ( 'NONE', #1071, #6030, #3597, .T. ) ;
#1500 = CARTESIAN_POINT ( 'NONE',  ( 2.262080682141720500, 1.201019415288620700, 1.649999999999999900 ) ) ;
#1501 = AXIS2_PLACEMENT_3D ( 'NONE', #10032, #5719, #7461 ) ;
#1502 = B_SPLINE_CURVE_WITH_KNOTS ( 'NONE', 3,
 ( #5941, #10629, #6447, #8199 ),
 .UNSPECIFIED., .F., .F.,
 ( 4, 4 ),
 ( 14.00000000000000000, 15.00000000000000000 ),
 .UNSPECIFIED. ) ;
#1503 = CARTESIAN_POINT ( 'NONE',  ( 2.462028585570589000, 1.360706582266761400, 1.649999999999999900 ) ) ;
#1504 = CARTESIAN_POINT ( 'NONE',  ( -3.950000000000000200, 0.6999999999999999600, -1.579999999999999800 ) ) ;
#1505 = ORIENTED_EDGE ( 'NONE', *, *, #2614, .F. ) ;
#1506 = VECTOR ( 'NONE', #163, 1000.000000000000000 ) ;
#1507 = CARTESIAN_POINT ( 'NONE',  ( 2.288872050687554200, 1.189937397056181500, 1.649999999999999900 ) ) ;
#1508 = ORIENTED_EDGE ( 'NONE', *, *, #5585, .T. ) ;
#1509 = DIRECTION ( 'NONE',  ( 0.0000000000000000000, -1.000000000000000000, 0.0000000000000000000 ) ) ;
#1510 = VECTOR ( 'NONE', #5186, 1000.000000000000000 ) ;
#1511 = ORIENTED_EDGE ( 'NONE', *, *, #7711, .T. ) ;
#1512 = EDGE_CURVE ( 'NONE', #5426, #8205, #509, .T. ) ;
#1513 = EDGE_CURVE ( 'NONE', #9258, #4640, #5800, .T. ) ;
#1514 = CARTESIAN_POINT ( 'NONE',  ( 2.340067438107554100, 1.221297150778330600, 1.659999999999999900 ) ) ;
#1515 = AXIS2_PLACEMENT_3D ( 'NONE', #7591, #1414, #650 ) ;
#1516 = CARTESIAN_POINT ( 'NONE',  ( 1.903376905237601700, 1.317575529006982800, 1.659999999999999900 ) ) ;
#1517 = ORIENTED_EDGE ( 'NONE', *, *, #2244, .T. ) ;
#1518 =( NAMED_UNIT ( * ) PLANE_ANGLE_UNIT ( ) SI_UNIT ( $, .RADIAN. ) );
#1519 = VECTOR ( 'NONE', #8811, 1000.000000000000000 ) ;
#1520 = ORIENTED_EDGE ( 'NONE', *, *, #4170, .F. ) ;
#1521 = CARTESIAN_POINT ( 'NONE',  ( 1.951743449471527100, 1.464314716379716300, 1.649999999999999900 ) ) ;
#1522 = ORIENTED_EDGE ( 'NONE', *, *, #6464, .F. ) ;
#1523 = ORIENTED_EDGE ( 'NONE', *, *, #11082, .T. ) ;
#1524 = CARTESIAN_POINT ( 'NONE',  ( 2.265912230998658600, 1.211453017560604400, 1.659999999999999900 ) ) ;
#1525 = DIRECTION ( 'NONE',  ( 0.1710878697460360700, -0.1710878697460360700, -0.9702875252478139200 ) ) ;
#1526 = DIRECTION ( 'NONE',  ( -1.000000000000000000, 0.0000000000000000000, 0.0000000000000000000 ) ) ;
#1527 = DIRECTION ( 'NONE',  ( 1.000000000000000000, 7.522642073638239000E-015, -0.0000000000000000000 ) ) ;
#1528 = ORIENTED_EDGE ( 'NONE', *, *, #659, .F. ) ;
#1529 = ORIENTED_EDGE ( 'NONE', *, *, #1654, .T. ) ;
#1530 = EDGE_CURVE ( 'NONE', #3361, #4373, #5930, .T. ) ;
#1531 = VECTOR ( 'NONE', #1084, 1000.000000000000000 ) ;
#1532 = ADVANCED_FACE ( 'NONE', ( #3318 ), #1458, .F. ) ;
#1533 = VERTEX_POINT ( 'NONE', #1500 ) ;
#1534 = DIRECTION ( 'NONE',  ( -0.0000000000000000000, -0.0000000000000000000, -1.000000000000000000 ) ) ;
#1535 = CARTESIAN_POINT ( 'NONE',  ( 1.605799583223415500, 1.275767140916351100, 1.649999999999999900 ) ) ;
#1536 = CARTESIAN_POINT ( 'NONE',  ( 2.277288983758615000, 1.187697414647680600, 1.659999999999999900 ) ) ;
#1537 = CARTESIAN_POINT ( 'NONE',  ( 1.972237755826254900, 1.177394454778384600, 1.649999999999999900 ) ) ;
#1538 = ORIENTED_EDGE ( 'NONE', *, *, #5963, .T. ) ;
#1539 = CARTESIAN_POINT ( 'NONE',  ( 1.920592110066805300, 1.491367203309146700, 1.649999999999999900 ) ) ;
#1540 = DIRECTION ( 'NONE',  ( 1.000000000000000000, 0.0000000000000000000, 0.0000000000000000000 ) ) ;
#1541 = CARTESIAN_POINT ( 'NONE',  ( 2.590414945732000700, 1.476006729408936700, 1.659999999999999900 ) ) ;
#1542 = ORIENTED_EDGE ( 'NONE', *, *, #1362, .T. ) ;
#1543 = ORIENTED_EDGE ( 'NONE', *, *, #764, .F. ) ;
#1544 =( LENGTH_UNIT ( ) NAMED_UNIT ( * ) SI_UNIT ( .MILLI., .METRE. ) );
#1545 = AXIS2_PLACEMENT_3D ( 'NONE', #7003, #9588, #6168 ) ;
#1546 = VERTEX_POINT ( 'NONE', #8409 ) ;
#1547 = CARTESIAN_POINT ( 'NONE',  ( 1.592683224029476400, 1.401192250462541100, 1.659999999999999900 ) ) ;
#1548 = CARTESIAN_POINT ( 'NONE',  ( 1.840254435411058200, 1.506942875942947700, 1.659999999999999900 ) ) ;
#1549 = DIRECTION ( 'NONE',  ( -0.0000000000000000000, -1.000000000000000000, -0.0000000000000000000 ) ) ;
#1550 = ADVANCED_FACE ( 'NONE', ( #8003 ), #1742, .F. ) ;
#1551 = ORIENTED_EDGE ( 'NONE', *, *, #5044, .F. ) ;
#1552 = CARTESIAN_POINT ( 'NONE',  ( 2.046837018447667900, 1.214284206217046700, 1.659999999999999900 ) ) ;
#1553 = DIRECTION ( 'NONE',  ( -0.0000000000000000000, -0.0000000000000000000, -1.000000000000000000 ) ) ;
#1554 = LINE ( 'NONE', #8068, #8402 ) ;
#1555 = CARTESIAN_POINT ( 'NONE',  ( 1.664823160506946600, 1.146243115373657900, 1.659999999999999900 ) ) ;
#1556 = CARTESIAN_POINT ( 'NONE',  ( 1.588584339304816200, 1.218383067487831500, 1.659999999999999900 ) ) ;
#1557 = EDGE_CURVE ( 'NONE', #1218, #5869, #7880, .T. ) ;
#1558 = ORIENTED_EDGE ( 'NONE', *, *, #4154, .F. ) ;
#1559 = DIRECTION ( 'NONE',  ( 0.0000000000000000000, 0.0000000000000000000, 1.000000000000000000 ) ) ;
#1560 = PRESENTATION_LAYER_ASSIGNMENT (  '', '', ( #405 ) ) ;
#1561 = ORIENTED_EDGE ( 'NONE', *, *, #1115, .F. ) ;
#1562 = CARTESIAN_POINT ( 'NONE',  ( 1.763195831009000100, 1.222481897486788400, 1.659999999999999900 ) ) ;
#1563 = DIRECTION ( 'NONE',  ( 0.1710878697460358800, -0.1710878697460358800, -0.9702875252478138100 ) ) ;
#1564 = DIRECTION ( 'NONE',  ( 0.0000000000000000000, -1.000000000000000000, 0.0000000000000000000 ) ) ;
#1565 = ORIENTED_EDGE ( 'NONE', *, *, #3744, .T. ) ;
#1566 = DIRECTION ( 'NONE',  ( 0.0000000000000000000, 1.000000000000000000, 0.0000000000000000000 ) ) ;
#1567 = CARTESIAN_POINT ( 'NONE',  ( 2.589589689055269900, 1.279831427931971400, 1.659999999999999900 ) ) ;
#1568 = CARTESIAN_POINT ( 'NONE',  ( 2.437978248129760900, 1.165356537466529100, 1.659999999999999900 ) ) ;
#1569 =( BOUNDED_CURVE ( )  B_SPLINE_CURVE ( 3, ( #6142, #7191, #310, #9763 ),
 .UNSPECIFIED., .F., .F. ) 
 B_SPLINE_CURVE_WITH_KNOTS ( ( 4, 4 ),
 ( 5.512866274278618300, 7.053504340080555900 ),
 .UNSPECIFIED. ) 
 CURVE ( )  GEOMETRIC_REPRESENTATION_ITEM ( )  RATIONAL_B_SPLINE_CURVE ( ( 1.000000000000000000, 0.8117923620232507800, 0.8117923620232507800, 1.000000000000000000 ) ) 
 REPRESENTATION_ITEM ( '' )  );
#1570 = EDGE_LOOP ( 'NONE', ( #1061, #3769, #7375, #1110 ) ) ;
#1571 = DIRECTION ( 'NONE',  ( -0.0000000000000000000, -0.0000000000000000000, -1.000000000000000000 ) ) ;
#1572 = EDGE_CURVE ( 'NONE', #10510, #2746, #6072, .T. ) ;
#1573 = EDGE_CURVE ( 'NONE', #519, #11056, #7047, .T. ) ;
#1574 = SURFACE_STYLE_FILL_AREA ( #7714 ) ;
#1575 = CARTESIAN_POINT ( 'NONE',  ( 1.400000000000000800, -1.500000000000000000, -1.779999999999999800 ) ) ;
#1576 = CARTESIAN_POINT ( 'NONE',  ( 2.436121420606522000, 1.191470016598803200, 1.649999999999999900 ) ) ;
#1577 = ORIENTED_EDGE ( 'NONE', *, *, #5130, .F. ) ;
#1578 = VECTOR ( 'NONE', #10549, 1000.000000000000000 ) ;
#1579 = ADVANCED_FACE ( 'NONE', ( #10447 ), #11265, .F. ) ;
#1580 = VECTOR ( 'NONE', #4139, 1000.000000000000000 ) ;
#1581 = VECTOR ( 'NONE', #2158, 1000.000000000000000 ) ;
#1582 = SURFACE_SIDE_STYLE ('',( #9981 ) ) ;
#1583 = CARTESIAN_POINT ( 'NONE',  ( -2.975150518713303200, -1.625150518713304400, 1.649999999999999900 ) ) ;
#1584 = LINE ( 'NONE', #8326, #9501 ) ;
#1585 = CARTESIAN_POINT ( 'NONE',  ( 3.750000000000000400, -0.6999999999999999600, -1.579999999999999800 ) ) ;
#1586 = EDGE_CURVE ( 'NONE', #3909, #6949, #2677, .T. ) ;
#1587 = DIRECTION ( 'NONE',  ( 1.000000000000000000, -0.0000000000000000000, -0.0000000000000000000 ) ) ;
#1588 =( GEOMETRIC_REPRESENTATION_CONTEXT ( 3 ) GLOBAL_UNCERTAINTY_ASSIGNED_CONTEXT ( ( #7663 ) ) GLOBAL_UNIT_ASSIGNED_CONTEXT ( ( #8687, #5, #4222 ) ) REPRESENTATION_CONTEXT ( 'NONE', 'WORKASPACE' ) );
#1589 = ORIENTED_EDGE ( 'NONE', *, *, #7425, .F. ) ;
#1590 = LINE ( 'NONE', #7858, #9500 ) ;
#1591 = FACE_OUTER_BOUND ( 'NONE', #5414, .T. ) ;
#1592 = CARTESIAN_POINT ( 'NONE',  ( -3.349999999999999200, -1.723631294014524900, 1.567364817766693000 ) ) ;
#1593 = CARTESIAN_POINT ( 'NONE',  ( 2.606419030573703800, 1.177794334525313200, 1.659999999999999900 ) ) ;
#1594 = DIRECTION ( 'NONE',  ( 0.0000000000000000000, 0.0000000000000000000, -1.000000000000000000 ) ) ;
#1595 = LINE ( 'NONE', #10296, #8431 ) ;
#1596 = CARTESIAN_POINT ( 'NONE',  ( 2.480272652820000500, 1.360706582266761400, 1.649999999999999900 ) ) ;
#1597 = EDGE_CURVE ( 'NONE', #2775, #6380, #10103, .T. ) ;
#1598 = SURFACE_SIDE_STYLE ('',( #6473 ) ) ;
#1599 = ADVANCED_FACE ( 'NONE', ( #5355 ), #2566, .F. ) ;
#1600 = EDGE_CURVE ( 'NONE', #5741, #6557, #8147, .T. ) ;
#1601 = COLOUR_RGB ( '',0.2980392156862745100, 0.2980392156862745100, 0.2980392156862745100 ) ;
#1602 = COLOUR_RGB ( '',0.2980392156862745100, 0.2980392156862745100, 0.2980392156862745100 ) ;
#1603 = CARTESIAN_POINT ( 'NONE',  ( 2.606330610214778500, 1.190939494449980500, 1.649999999999999900 ) ) ;
#1604 = ORIENTED_EDGE ( 'NONE', *, *, #2688, .T. ) ;
#1605 = ORIENTED_EDGE ( 'NONE', *, *, #1220, .T. ) ;
#1606 = AXIS2_PLACEMENT_3D ( 'NONE', #8164, #2900, #9031 ) ;
#1607 = CARTESIAN_POINT ( 'NONE',  ( 2.606124296045790900, 1.392243176705187900, 1.659999999999999900 ) ) ;
#1608 = DIRECTION ( 'NONE',  ( -0.0000000000000000000, -0.0000000000000000000, -1.000000000000000000 ) ) ;
#1609 = ORIENTED_EDGE ( 'NONE', *, *, #10983, .T. ) ;
#1610 =( NAMED_UNIT ( * ) PLANE_ANGLE_UNIT ( ) SI_UNIT ( $, .RADIAN. ) );
#1611 = CIRCLE ( 'NONE', #8633, 0.1000000000000000500 ) ;
#1612 = CARTESIAN_POINT ( 'NONE',  ( -3.349999999999999200, -2.000000000000000000, 0.0000000000000000000 ) ) ;
#1613 = EDGE_LOOP ( 'NONE', ( #4134, #3561, #6152, #1728 ) ) ;
#1614 = VERTEX_POINT ( 'NONE', #6865 ) ;
#1615 = CARTESIAN_POINT ( 'NONE',  ( 2.348437898687305100, 1.187638467742258500, 1.649999999999999900 ) ) ;
#1616 = FACE_OUTER_BOUND ( 'NONE', #4925, .T. ) ;
#1617 = DIRECTION ( 'NONE',  ( 0.0000000000000000000, 1.000000000000000000, 0.0000000000000000000 ) ) ;
#1618 = SURFACE_STYLE_USAGE ( .BOTH. , #3382 ) ;
#1619 = VERTEX_POINT ( 'NONE', #3319 ) ;
#1620 = CARTESIAN_POINT ( 'NONE',  ( 2.348143164159788700, 1.239217010047907900, 1.649999999999999900 ) ) ;
#1621 = SURFACE_STYLE_FILL_AREA ( #10823 ) ;
#1622 = CARTESIAN_POINT ( 'NONE',  ( 1.814021717023177400, 1.205266723929413000, 1.649999999999999900 ) ) ;
#1623 = DIRECTION ( 'NONE',  ( -1.000000000000000000, 0.0000000000000000000, 0.0000000000000000000 ) ) ;
#1624 = ORIENTED_EDGE ( 'NONE', *, *, #11116, .F. ) ;
#1625 = EDGE_LOOP ( 'NONE', ( #7766, #1001, #9273, #3755 ) ) ;
#1626 = LINE ( 'NONE', #1516, #5560 ) ;
#1627 = B_SPLINE_CURVE_WITH_KNOTS ( 'NONE', 3,
 ( #895, #973, #2653, #7997 ),
 .UNSPECIFIED., .F., .F.,
 ( 4, 4 ),
 ( 2.000000000000000000, 3.000000000000000000 ),
 .UNSPECIFIED. ) ;
#1628 = CARTESIAN_POINT ( 'NONE',  ( 2.230986189494375900, 1.293094481667485400, 1.649999999999999900 ) ) ;
#1629 = UNCERTAINTY_MEASURE_WITH_UNIT (LENGTH_MEASURE( 1.000000000000000100E-005 ), #4128, 'distance_accuracy_value', 'NONE');
#1630 = LINE ( 'NONE', #6007, #4192 ) ;
#1631 = ORIENTED_EDGE ( 'NONE', *, *, #401, .F. ) ;
#1632 = ADVANCED_FACE ( 'NONE', ( #1170 ), #6755, .T. ) ;
#1633 = CARTESIAN_POINT ( 'NONE',  ( 2.348143164159788700, 1.239217010047907900, 1.659999999999999900 ) ) ;
#1634 = EDGE_CURVE ( 'NONE', #3361, #8078, #4268, .T. ) ;
#1635 = CARTESIAN_POINT ( 'NONE',  ( 2.505796662898825300, 1.279831427931971400, 1.649999999999999900 ) ) ;
#1636 = EDGE_CURVE ( 'NONE', #8215, #1284, #623, .T. ) ;
#1637 = DIRECTION ( 'NONE',  ( -1.000000000000000000, 0.0000000000000000000, -0.0000000000000000000 ) ) ;
#1638 = ORIENTED_EDGE ( 'NONE', *, *, #9191, .F. ) ;
#1639 = PRESENTATION_LAYER_ASSIGNMENT (  '', '', ( #10189 ) ) ;
#1640 = CARTESIAN_POINT ( 'NONE',  ( 1.840254435411058200, 1.506942875942947700, 1.659999999999999900 ) ) ;
#1641 = STYLED_ITEM ( 'NONE', ( #8216 ), #9742 ) ;
#1642 = CARTESIAN_POINT ( 'NONE',  ( 2.408593215742089700, 1.139007270710988600, 1.659999999999999900 ) ) ;
#1643 = ORIENTED_EDGE ( 'NONE', *, *, #6886, .T. ) ;
#1644 = ORIENTED_EDGE ( 'NONE', *, *, #7808, .F. ) ;
#1645 = CARTESIAN_POINT ( 'NONE',  ( 2.355511527346536600, 1.175849086643933900, 1.659999999999999900 ) ) ;
#1646 = ORIENTED_EDGE ( 'NONE', *, *, #4110, .F. ) ;
#1647 = PLANE ( 'NONE',  #3088 ) ;
#1648 = CARTESIAN_POINT ( 'NONE',  ( 2.272602704771839100, 1.250299028280348100, 1.649999999999999900 ) ) ;
#1649 = CARTESIAN_POINT ( 'NONE',  ( 2.355128372460883100, 1.213987734497011800, 1.649999999999999900 ) ) ;
#1650 = ORIENTED_EDGE ( 'NONE', *, *, #838, .F. ) ;
#1651 = ORIENTED_EDGE ( 'NONE', *, *, #8511, .T. ) ;
#1652 = FACE_OUTER_BOUND ( 'NONE', #174, .T. ) ;
#1653 = ORIENTED_EDGE ( 'NONE', *, *, #1636, .F. ) ;
#1654 = EDGE_CURVE ( 'NONE', #2753, #748, #6056, .T. ) ;
#1655 = B_SPLINE_CURVE_WITH_KNOTS ( 'NONE', 3,
 ( #4, #898, #1734, #2627 ),
 .UNSPECIFIED., .F., .F.,
 ( 4, 4 ),
 ( 18.00000000000000000, 19.00000000000000000 ),
 .UNSPECIFIED. ) ;
#1656 = VERTEX_POINT ( 'NONE', #6148 ) ;
#1657 = EDGE_CURVE ( 'NONE', #10994, #8523, #2530, .T. ) ;
#1658 = SURFACE_STYLE_USAGE ( .BOTH. , #9433 ) ;
#1659 =( GEOMETRIC_REPRESENTATION_CONTEXT ( 3 ) GLOBAL_UNCERTAINTY_ASSIGNED_CONTEXT ( ( #6445 ) ) GLOBAL_UNIT_ASSIGNED_CONTEXT ( ( #6040, #5151, #11199 ) ) REPRESENTATION_CONTEXT ( 'NONE', 'WORKASPACE' ) );
#1660 = CARTESIAN_POINT ( 'NONE',  ( 2.363911461379003300, 1.250299028280348100, 1.659999999999999900 ) ) ;
#1661 = DIRECTION ( 'NONE',  ( -0.0000000000000000000, -0.0000000000000000000, -1.000000000000000000 ) ) ;
#1662 = DIRECTION ( 'NONE',  ( 0.0000000000000000000, 0.0000000000000000000, -1.000000000000000000 ) ) ;
#1663 = ORIENTED_EDGE ( 'NONE', *, *, #8629, .T. ) ;
#1664 = ADVANCED_FACE ( 'NONE', ( #9616 ), #1446, .T. ) ;
#1665 = CARTESIAN_POINT ( 'NONE',  ( 2.262080682141720500, 1.197069972621228800, 1.659999999999999900 ) ) ;
#1666 = CARTESIAN_POINT ( 'NONE',  ( 2.975150518713304900, -1.625150518713304400, 1.550000000000000000 ) ) ;
#1667 = CARTESIAN_POINT ( 'NONE',  ( 1.628753184450253200, 1.185592177320740500, 1.649999999999999900 ) ) ;
#1668 = SURFACE_SIDE_STYLE ('',( #3164 ) ) ;
#1669 = ORIENTED_EDGE ( 'NONE', *, *, #7151, .F. ) ;
#1670 = EDGE_CURVE ( 'NONE', #1614, #7488, #224, .T. ) ;
#1671 = ORIENTED_EDGE ( 'NONE', *, *, #4239, .T. ) ;
#1672 = CARTESIAN_POINT ( 'NONE',  ( 1.971417996080594400, 1.446279724442785200, 1.659999999999999900 ) ) ;
#1673 = CARTESIAN_POINT ( 'NONE',  ( 0.0000000000000000000, 1.625150518713304400, 1.649999999999999900 ) ) ;
#1674 = CARTESIAN_POINT ( 'NONE',  ( 2.422268897815973400, 1.162998661246394100, 1.659999999999999900 ) ) ;
#1675 = AXIS2_PLACEMENT_3D ( 'NONE', #1413, #649, #1377 ) ;
#1676 = CARTESIAN_POINT ( 'NONE',  ( 2.590414945732000700, 1.476006729408936700, 1.649999999999999900 ) ) ;
#1677 = VERTEX_POINT ( 'NONE', #123 ) ;
#1678 = VERTEX_POINT ( 'NONE', #1023 ) ;
#1679 = CARTESIAN_POINT ( 'NONE',  ( -1.399999999999999700, -1.399999999999999700, -1.779999999999999800 ) ) ;
#1680 = VECTOR ( 'NONE', #5090, 1000.000000000000000 ) ;
#1681 = SURFACE_STYLE_USAGE ( .BOTH. , #6912 ) ;
#1682 = ORIENTED_EDGE ( 'NONE', *, *, #208, .F. ) ;
#1683 = VERTEX_POINT ( 'NONE', #6187 ) ;
#1684 = ADVANCED_FACE ( 'NONE', ( #7865 ), #6347, .F. ) ;
#1685 =( GEOMETRIC_REPRESENTATION_CONTEXT ( 3 ) GLOBAL_UNCERTAINTY_ASSIGNED_CONTEXT ( ( #8007 ) ) GLOBAL_UNIT_ASSIGNED_CONTEXT ( ( #8681, #10387, #11186 ) ) REPRESENTATION_CONTEXT ( 'NONE', 'WORKASPACE' ) );
#1686 = FACE_OUTER_BOUND ( 'NONE', #2814, .T. ) ;
#1687 = CARTESIAN_POINT ( 'NONE',  ( 2.186481275847953500, 1.373851742191424300, 1.659999999999999900 ) ) ;
#1688 = DIRECTION ( 'NONE',  ( 0.0000000000000000000, 0.0000000000000000000, 1.000000000000000000 ) ) ;
#1689 = FILL_AREA_STYLE_COLOUR ( '', #8139 ) ;
#1690 = CARTESIAN_POINT ( 'NONE',  ( -2.975150518713303600, -1.625150518713304200, -1.649999999999999900 ) ) ;
#1691 = ORIENTED_EDGE ( 'NONE', *, *, #4520, .F. ) ;
#1692 = CARTESIAN_POINT ( 'NONE',  ( 2.530583836658234300, 1.360706582266761400, 1.649999999999999900 ) ) ;
#1693 = CARTESIAN_POINT ( 'NONE',  ( 1.554153906192529600, 1.307738224431207900, 1.649999999999999900 ) ) ;
#1694 = CARTESIAN_POINT ( 'NONE',  ( 2.975150518713304500, -1.625150518713304400, 1.550000000000000000 ) ) ;
#1695 = ORIENTED_EDGE ( 'NONE', *, *, #5193, .T. ) ;
#1696 = EDGE_CURVE ( 'NONE', #9097, #9667, #8286, .T. ) ;
#1697 = PRESENTATION_LAYER_ASSIGNMENT (  '', '', ( #9868 ) ) ;
#1698 = AXIS2_PLACEMENT_3D ( 'NONE', #7128, #3389, #190 ) ;
#1699 = CARTESIAN_POINT ( 'NONE',  ( 2.252737597621278500, 1.417059823917321500, 1.649999999999999900 ) ) ;
#1700 = CARTESIAN_POINT ( 'NONE',  ( 2.450000000000000200, 0.6999999999999999600, -1.879999999999999900 ) ) ;
#1701 =( LENGTH_UNIT ( ) NAMED_UNIT ( * ) SI_UNIT ( .MILLI., .METRE. ) );
#1702 = DIRECTION ( 'NONE',  ( 0.0000000000000000000, 0.0000000000000000000, -1.000000000000000000 ) ) ;
#1703 = DIRECTION ( 'NONE',  ( -0.9910683662997703500, -0.1333547648938887300, 0.0000000000000000000 ) ) ;
#1704 = ORIENTED_EDGE ( 'NONE', *, *, #9600, .T. ) ;
#1705 = LINE ( 'NONE', #10514, #9489 ) ;
#1706 = LINE ( 'NONE', #9585, #10033 ) ;
#1707 = ADVANCED_FACE ( 'NONE', ( #4398 ), #5253, .F. ) ;
#1708 = CARTESIAN_POINT ( 'NONE',  ( 2.508537694004203900, 1.405034655196515800, 1.649999999999999900 ) ) ;
#1709 = EDGE_CURVE ( 'NONE', #2344, #10, #10699, .T. ) ;
#1710 = EDGE_CURVE ( 'NONE', #5175, #8771, #7173, .T. ) ;
#1711 = DIRECTION ( 'NONE',  ( -0.3493954794690900500, 0.9369753459545051600, 0.0000000000000000000 ) ) ;
#1712 = VECTOR ( 'NONE', #6339, 1000.000000000000000 ) ;
#1713 = CARTESIAN_POINT ( 'NONE',  ( 2.227714636239762000, 1.242930665093599200, 1.659999999999999900 ) ) ;
#1714 = CARTESIAN_POINT ( 'NONE',  ( 2.445199244052944200, 1.462743675673420200, 1.649999999999999900 ) ) ;
#1715 = COLOUR_RGB ( '',0.2980392156862745100, 0.2980392156862745100, 0.2980392156862745100 ) ;
#1716 = CARTESIAN_POINT ( 'NONE',  ( 2.314956056367898800, 1.361001316793882100, 1.649999999999999900 ) ) ;
#1717 = CARTESIAN_POINT ( 'NONE',  ( -3.750000000000000400, 0.6999999999999999600, -1.579999999999999800 ) ) ;
#1718 = AXIS2_PLACEMENT_3D ( 'NONE', #5037, #11161, #3215 ) ;
#1719 = VERTEX_POINT ( 'NONE', #1853 ) ;
#1720 = FACE_OUTER_BOUND ( 'NONE', #7135, .T. ) ;
#1721 = CARTESIAN_POINT ( 'NONE',  ( 2.313600277541560900, 1.251654807106689500, 1.659999999999999900 ) ) ;
#1722 = SURFACE_STYLE_FILL_AREA ( #5608 ) ;
#1723 = B_SPLINE_CURVE_WITH_KNOTS ( 'NONE', 3,
 ( #5968, #3315, #9481, #9371 ),
 .UNSPECIFIED., .F., .F.,
 ( 4, 4 ),
 ( 26.00000000000000000, 27.00000000000000000 ),
 .UNSPECIFIED. ) ;
#1724 = ORIENTED_EDGE ( 'NONE', *, *, #7069, .F. ) ;
#1725 = LINE ( 'NONE', #3159, #2551 ) ;
#1726 = CARTESIAN_POINT ( 'NONE',  ( 2.407473224537446800, 1.151386120864346300, 1.659999999999999900 ) ) ;
#1727 = PLANE ( 'NONE',  #510 ) ;
#1728 = ORIENTED_EDGE ( 'NONE', *, *, #11270, .T. ) ;
#1729 = EDGE_CURVE ( 'NONE', #6727, #3422, #5216, .T. ) ;
#1730 = COLOUR_RGB ( '',0.2980392156862745100, 0.2980392156862745100, 0.2980392156862745100 ) ;
#1731 = LINE ( 'NONE', #9590, #4567 ) ;
#1732 = ORIENTED_EDGE ( 'NONE', *, *, #6320, .T. ) ;
#1733 = EDGE_LOOP ( 'NONE', ( #3120, #3807, #3834, #3251 ) ) ;
#1734 = CARTESIAN_POINT ( 'NONE',  ( 1.642689334661685800, 1.391355031883523100, 1.659999999999999900 ) ) ;
#1735 = CARTESIAN_POINT ( 'NONE',  ( 2.247432376126760700, 1.199840477179337200, 1.659999999999999900 ) ) ;
#1736 = B_SPLINE_CURVE_WITH_KNOTS ( 'NONE', 3,
 ( #370, #1114, #3955, #2266 ),
 .UNSPECIFIED., .F., .F.,
 ( 4, 4 ),
 ( 5.000000000000000000, 6.000000000000000000 ),
 .UNSPECIFIED. ) ;
#1737 = ORIENTED_EDGE ( 'NONE', *, *, #9464, .F. ) ;
#1738 = STYLED_ITEM ( 'NONE', ( #4554 ), #3314 ) ;
#1739 = CARTESIAN_POINT ( 'NONE',  ( 2.348143164159788700, 1.235915983340185800, 1.659999999999999900 ) ) ;
#1740 = ORIENTED_EDGE ( 'NONE', *, *, #5546, .F. ) ;
#1741 = PLANE ( 'NONE',  #4027 ) ;
#1742 = PLANE ( 'NONE',  #4157 ) ;
#1743 = ORIENTED_EDGE ( 'NONE', *, *, #7789, .F. ) ;
#1744 = DIRECTION ( 'NONE',  ( -1.000000000000000000, -0.0000000000000000000, -0.0000000000000000000 ) ) ;
#1745 = ORIENTED_EDGE ( 'NONE', *, *, #6702, .F. ) ;
#1746 = VERTEX_POINT ( 'NONE', #6229 ) ;
#1747 = EDGE_CURVE ( 'NONE', #80, #2061, #6677, .T. ) ;
#1748 = VECTOR ( 'NONE', #939, 1000.000000000000000 ) ;
#1749 = LINE ( 'NONE', #2439, #7356 ) ;
#1750 = SURFACE_STYLE_USAGE ( .BOTH. , #6238 ) ;
#1751 = ORIENTED_EDGE ( 'NONE', *, *, #1018, .T. ) ;
#1752 = AXIS2_PLACEMENT_3D ( 'NONE', #9506, #6062, #818 ) ;
#1753 = CARTESIAN_POINT ( 'NONE',  ( 2.264055403475419700, 1.384167450652555600, 1.659999999999999900 ) ) ;
#1754 = ORIENTED_EDGE ( 'NONE', *, *, #7288, .F. ) ;
#1755 = CARTESIAN_POINT ( 'NONE',  ( 2.333170650164992000, 1.180682732894274600, 1.649999999999999900 ) ) ;
#1756 = CARTESIAN_POINT ( 'NONE',  ( 2.291524661434815300, 1.358761334385384800, 1.649999999999999900 ) ) ;
#1757 = CARTESIAN_POINT ( 'NONE',  ( 2.668578542414895300, 1.219057168369049600, 1.659999999999999900 ) ) ;
#1758 = VECTOR ( 'NONE', #3109, 1000.000000000000000 ) ;
#1759 = VECTOR ( 'NONE', #6501, 1000.000000000000000 ) ;
#1760 = ORIENTED_EDGE ( 'NONE', *, *, #4845, .F. ) ;
#1761 = VECTOR ( 'NONE', #1795, 1000.000000000000000 ) ;
#1762 = CARTESIAN_POINT ( 'NONE',  ( -3.349999999999999200, -0.7000000000000000700, 0.0000000000000000000 ) ) ;
#1763 = ORIENTED_EDGE ( 'NONE', *, *, #7789, .T. ) ;
#1764 = EDGE_CURVE ( 'NONE', #5880, #350, #7489, .T. ) ;
#1765 =( LENGTH_UNIT ( ) NAMED_UNIT ( * ) SI_UNIT ( .MILLI., .METRE. ) );
#1766 = CARTESIAN_POINT ( 'NONE',  ( 2.399279604674362500, 1.153036634218602000, 1.659999999999999900 ) ) ;
#1767 = VECTOR ( 'NONE', #243, 1000.000000000000000 ) ;
#1768 = UNCERTAINTY_MEASURE_WITH_UNIT (LENGTH_MEASURE( 1.000000000000000100E-005 ), #10286, 'distance_accuracy_value', 'NONE');
#1769 = ADVANCED_FACE ( 'NONE', ( #8539 ), #9875, .F. ) ;
#1770 = DIRECTION ( 'NONE',  ( 1.000000000000000000, 0.0000000000000000000, -0.0000000000000000000 ) ) ;
#1771 = EDGE_CURVE ( 'NONE', #1678, #5894, #4129, .T. ) ;
#1772 = VECTOR ( 'NONE', #1892, 1000.000000000000000 ) ;
#1773 = ORIENTED_EDGE ( 'NONE', *, *, #4080, .F. ) ;
#1774 = CARTESIAN_POINT ( 'NONE',  ( 2.707218238964867100, 1.222358195076769900, 1.649999999999999900 ) ) ;
#1775 = CARTESIAN_POINT ( 'NONE',  ( 1.588584339304816200, 1.218383067487831500, 1.659999999999999900 ) ) ;
#1776 = CARTESIAN_POINT ( 'NONE',  ( 2.273545855259814000, 1.175849086643933900, 1.649999999999999900 ) ) ;
#1777 = LINE ( 'NONE', #1607, #299 ) ;
#1778 = VERTEX_POINT ( 'NONE', #111 ) ;
#1779 = LINE ( 'NONE', #9382, #10780 ) ;
#1780 = ORIENTED_EDGE ( 'NONE', *, *, #7885, .F. ) ;
#1781 = ORIENTED_EDGE ( 'NONE', *, *, #7037, .F. ) ;
#1782 = ORIENTED_EDGE ( 'NONE', *, *, #2957, .F. ) ;
#1783 = CARTESIAN_POINT ( 'NONE',  ( 1.714009495758367600, 1.236418032062303100, 1.649999999999999900 ) ) ;
#1784 = EDGE_CURVE ( 'NONE', #3000, #9565, #4947, .T. ) ;
#1785 = CARTESIAN_POINT ( 'NONE',  ( 2.524188097411783600, 1.401969416111281700, 1.659999999999999900 ) ) ;
#1786 = MECHANICAL_DESIGN_GEOMETRIC_PRESENTATION_REPRESENTATION (  '', ( #1847 ), #3727 ) ;
#1787 = CARTESIAN_POINT ( 'NONE',  ( 3.058285764832762600, -1.806766540133982100, 1.095881407879973900 ) ) ;
#1788 = DIRECTION ( 'NONE',  ( 0.0000000000000000000, 1.000000000000000000, -0.0000000000000000000 ) ) ;
#1789 = ORIENTED_EDGE ( 'NONE', *, *, #8102, .T. ) ;
#1790 = ORIENTED_EDGE ( 'NONE', *, *, #194, .T. ) ;
#1791 = LINE ( 'NONE', #8680, #6422 ) ;
#1792 = DIRECTION ( 'NONE',  ( -0.3897582650654536400, -0.9209172030172786400, -0.0000000000000000000 ) ) ;
#1793 = ORIENTED_EDGE ( 'NONE', *, *, #2312, .T. ) ;
#1794 = FILL_AREA_STYLE ('',( #2742 ) ) ;
#1795 = DIRECTION ( 'NONE',  ( -0.0000000000000000000, 1.000000000000000000, -0.0000000000000000000 ) ) ;
#1796 = CARTESIAN_POINT ( 'NONE',  ( -2.975150518713303200, 1.625150518713304400, 1.649999999999999900 ) ) ;
#1797 = CARTESIAN_POINT ( 'NONE',  ( 2.237116667665630200, 1.416175620334375400, 1.649999999999999900 ) ) ;
#1798 = DIRECTION ( 'NONE',  ( 0.0000000000000000000, 1.000000000000000000, 0.0000000000000000000 ) ) ;
#1799 = EDGE_LOOP ( 'NONE', ( #4164, #9155, #5011, #396 ) ) ;
#1800 = EDGE_CURVE ( 'NONE', #80, #3412, #3725, .T. ) ;
#1801 = EDGE_CURVE ( 'NONE', #4205, #9046, #10975, .T. ) ;
#1802 = CARTESIAN_POINT ( 'NONE',  ( 2.315191843989992100, 1.462272100429235400, 1.659999999999999900 ) ) ;
#1803 = ADVANCED_FACE ( 'NONE', ( #10434 ), #8904, .F. ) ;
#1804 =( GEOMETRIC_REPRESENTATION_CONTEXT ( 3 ) GLOBAL_UNCERTAINTY_ASSIGNED_CONTEXT ( ( #3655 ) ) GLOBAL_UNIT_ASSIGNED_CONTEXT ( ( #6918, #1610, #737 ) ) REPRESENTATION_CONTEXT ( 'NONE', 'WORKASPACE' ) );
#1805 = CARTESIAN_POINT ( 'NONE',  ( 1.686957033260347600, 1.440541320226799100, 1.659999999999999900 ) ) ;
#1806 = CARTESIAN_POINT ( 'NONE',  ( 2.379502917881548100, 1.182392193153162000, 1.659999999999999900 ) ) ;
#1807 = DIRECTION ( 'NONE',  ( -0.1710878697460356500, 0.1710878697460375400, -0.9702875252478137000 ) ) ;
#1808 = VERTEX_POINT ( 'NONE', #6257 ) ;
#1809 = CARTESIAN_POINT ( 'NONE',  ( -2.975150518713303600, -1.723631294014524900, 1.567364817766693000 ) ) ;
#1810 = CARTESIAN_POINT ( 'NONE',  ( 2.975150518713304900, 0.0000000000000000000, -1.649999999999999900 ) ) ;
#1811 = ORIENTED_EDGE ( 'NONE', *, *, #8838, .T. ) ;
#1812 = CARTESIAN_POINT ( 'NONE',  ( 2.266265912431597100, 1.191411069693372600, 1.659999999999999900 ) ) ;
#1813 = CARTESIAN_POINT ( 'NONE',  ( 1.566450490004893200, 1.242976203841510600, 1.649999999999999900 ) ) ;
#1814 = DIRECTION ( 'NONE',  ( 0.0000000000000000000, 0.0000000000000000000, 1.000000000000000000 ) ) ;
#1815 = B_SPLINE_CURVE_WITH_KNOTS ( 'NONE', 3,
 ( #3380, #7698, #11183, #8570 ),
 .UNSPECIFIED., .F., .F.,
 ( 4, 4 ),
 ( 3.000000000000000000, 4.000000000000000000 ),
 .UNSPECIFIED. ) ;
#1816 = ORIENTED_EDGE ( 'NONE', *, *, #7425, .T. ) ;
#1817 = EDGE_CURVE ( 'NONE', #10130, #5058, #9075, .T. ) ;
#1818 = ORIENTED_EDGE ( 'NONE', *, *, #1801, .T. ) ;
#1819 = EDGE_CURVE ( 'NONE', #10965, #6308, #887, .T. ) ;
#1820 = CARTESIAN_POINT ( 'NONE',  ( 2.348143164159788700, 1.235915983340185800, 1.649999999999999900 ) ) ;
#1821 = DIRECTION ( 'NONE',  ( 0.0000000000000000000, -1.000000000000000000, 0.0000000000000000000 ) ) ;
#1822 = PRESENTATION_LAYER_ASSIGNMENT (  '', '', ( #464 ) ) ;
#1823 = CARTESIAN_POINT ( 'NONE',  ( 2.273545855259814000, 1.175849086643933900, 1.649999999999999900 ) ) ;
#1824 = ORIENTED_EDGE ( 'NONE', *, *, #7885, .T. ) ;
#1825 = VERTEX_POINT ( 'NONE', #1840 ) ;
#1826 = CARTESIAN_POINT ( 'NONE',  ( 2.607008499627946600, 1.279831427931971400, 1.659999999999999900 ) ) ;
#1827 = CARTESIAN_POINT ( 'NONE',  ( 2.370248253719242600, 1.206619371310265500, 1.649999999999999900 ) ) ;
#1828 = DIRECTION ( 'NONE',  ( -1.000000000000000000, 0.0000000000000000000, 0.0000000000000000000 ) ) ;
#1829 = LINE ( 'NONE', #9904, #8529 ) ;
#1830 = EDGE_LOOP ( 'NONE', ( #4319, #9428, #9859, #6239 ) ) ;
#1831 = PLANE ( 'NONE',  #6275 ) ;
#1832 = VECTOR ( 'NONE', #1571, 1000.000000000000000 ) ;
#1833 = VERTEX_POINT ( 'NONE', #2855 ) ;
#1834 = AXIS2_PLACEMENT_3D ( 'NONE', #390, #2952, #1258 ) ;
#1835 = COLOUR_RGB ( '',0.2980392156862745100, 0.2980392156862745100, 0.2980392156862745100 ) ;
#1836 = SURFACE_SIDE_STYLE ('',( #8544 ) ) ;
#1837 = ORIENTED_EDGE ( 'NONE', *, *, #4592, .T. ) ;
#1838 =( NAMED_UNIT ( * ) PLANE_ANGLE_UNIT ( ) SI_UNIT ( $, .RADIAN. ) );
#1839 = DIRECTION ( 'NONE',  ( -0.3559357243643166400, 0.9345104387438640800, -0.0000000000000000000 ) ) ;
#1840 = CARTESIAN_POINT ( 'NONE',  ( 2.606330610214778500, 1.190939494449980500, 1.659999999999999900 ) ) ;
#1841 = CARTESIAN_POINT ( 'NONE',  ( 2.504322990260829900, 1.444646975687570600, 1.659999999999999900 ) ) ;
#1842 = CARTESIAN_POINT ( 'NONE',  ( 2.558112041522270500, 1.392243176705186600, 1.659999999999999900 ) ) ;
#1843 = CARTESIAN_POINT ( 'NONE',  ( 2.601526437417155200, 1.405270442818999500, 1.649999999999999900 ) ) ;
#1844 = EDGE_CURVE ( 'NONE', #7086, #3108, #7033, .T. ) ;
#1845 = PRESENTATION_STYLE_ASSIGNMENT (( #5005 ) ) ;
#1846 = CARTESIAN_POINT ( 'NONE',  ( 2.352534708619046000, 1.247233789194329900, 1.649999999999999900 ) ) ;
#1847 = STYLED_ITEM ( 'NONE', ( #9886 ), #1466 ) ;
#1848 = SURFACE_STYLE_FILL_AREA ( #7822 ) ;
#1849 = FACE_OUTER_BOUND ( 'NONE', #11189, .T. ) ;
#1850 = CARTESIAN_POINT ( 'NONE',  ( 2.283419461929862700, 1.464512082837735600, 1.659999999999999900 ) ) ;
#1851 = CARTESIAN_POINT ( 'NONE',  ( 2.337355880454870000, 1.224892912013173100, 1.649999999999999900 ) ) ;
#1852 = ADVANCED_FACE ( 'NONE', ( #2122 ), #2793, .F. ) ;
#1853 = CARTESIAN_POINT ( 'NONE',  ( -3.650000000000000400, 0.6999999999999999600, -1.679999999999999700 ) ) ;
#1854 = VECTOR ( 'NONE', #377, 1000.000000000000000 ) ;
#1855 = CARTESIAN_POINT ( 'NONE',  ( 2.277288983758615000, 1.187697414647680600, 1.649999999999999900 ) ) ;
#1856 = DIRECTION ( 'NONE',  ( -1.000000000000000000, 0.0000000000000000000, -0.0000000000000000000 ) ) ;
#1857 = VERTEX_POINT ( 'NONE', #1035 ) ;
#1858 = VECTOR ( 'NONE', #3145, 1000.000000000000000 ) ;
#1859 = CARTESIAN_POINT ( 'NONE',  ( 2.662772272223479700, 1.267629418494891100, 1.649999999999999900 ) ) ;
#1860 = EDGE_LOOP ( 'NONE', ( #1837, #8288 ) ) ;
#1861 = EDGE_CURVE ( 'NONE', #1719, #7676, #1302, .T. ) ;
#1862 = EDGE_CURVE ( 'NONE', #11267, #168, #10292, .T. ) ;
#1863 = CARTESIAN_POINT ( 'NONE',  ( 2.323444410758892100, 1.473236224850823900, 1.659999999999999900 ) ) ;
#1864 = CARTESIAN_POINT ( 'NONE',  ( 0.0000000000000000000, 1.399999999999999900, -1.779999999999999800 ) ) ;
#1865 = PRESENTATION_LAYER_ASSIGNMENT (  '', '', ( #10563 ) ) ;
#1866 = VERTEX_POINT ( 'NONE', #10716 ) ;
#1867 = DIRECTION ( 'NONE',  ( -0.0000000000000000000, -0.0000000000000000000, -1.000000000000000000 ) ) ;
#1868 = CIRCLE ( 'NONE', #10468, 0.1000000000000000500 ) ;
#1869 = PRESENTATION_LAYER_ASSIGNMENT (  '', '', ( #7954 ) ) ;
#1870 = LINE ( 'NONE', #2647, #1335 ) ;
#1871 = COLOUR_RGB ( '',0.6666666666666666300, 0.6666666666666666300, 0.6666666666666666300 ) ;
#1872 = CARTESIAN_POINT ( 'NONE',  ( 2.356307310570554800, 1.262029462473246700, 1.659999999999999900 ) ) ;
#1873 = VECTOR ( 'NONE', #7502, 1000.000000000000000 ) ;
#1874 = ORIENTED_EDGE ( 'NONE', *, *, #287, .T. ) ;
#1875 = ORIENTED_EDGE ( 'NONE', *, *, #573, .T. ) ;
#1876 =( NAMED_UNIT ( * ) PLANE_ANGLE_UNIT ( ) SI_UNIT ( $, .RADIAN. ) );
#1877 = ORIENTED_EDGE ( 'NONE', *, *, #522, .T. ) ;
#1878 = CARTESIAN_POINT ( 'NONE',  ( 2.265558549565717800, 1.175849086643933900, 1.649999999999999900 ) ) ;
#1879 = EDGE_CURVE ( 'NONE', #31, #8336, #7363, .T. ) ;
#1880 = CARTESIAN_POINT ( 'NONE',  ( 2.547030023289829100, 1.360706582266761400, 1.659999999999999900 ) ) ;
#1881 = VECTOR ( 'NONE', #9085, 1000.000000000000000 ) ;
#1882 = FACE_OUTER_BOUND ( 'NONE', #5722, .T. ) ;
#1883 = ORIENTED_EDGE ( 'NONE', *, *, #3324, .F. ) ;
#1884 = CARTESIAN_POINT ( 'NONE',  ( 2.725786514194117800, 1.274879887870000900, 1.659999999999999900 ) ) ;
#1885 = CARTESIAN_POINT ( 'NONE',  ( 2.227714636239762000, 1.229726558263511300, 1.659999999999999900 ) ) ;
#1886 = VERTEX_POINT ( 'NONE', #971 ) ;
#1887 = B_SPLINE_CURVE_WITH_KNOTS ( 'NONE', 3,
 ( #4878, #4835, #5731, #3995 ),
 .UNSPECIFIED., .F., .F.,
 ( 4, 4 ),
 ( 0.0000000000000000000, 1.000000000000000000 ),
 .UNSPECIFIED. ) ;
#1888 = CARTESIAN_POINT ( 'NONE',  ( 2.378677661204811500, 1.248294833493548200, 1.659999999999999900 ) ) ;
#1889 = VERTEX_POINT ( 'NONE', #8940 ) ;
#1890 = CARTESIAN_POINT ( 'NONE',  ( 2.272602704771839100, 1.250299028280348100, 1.659999999999999900 ) ) ;
#1891 = DIRECTION ( 'NONE',  ( 0.0000000000000000000, 0.0000000000000000000, -1.000000000000000000 ) ) ;
#1892 = DIRECTION ( 'NONE',  ( -0.0000000000000000000, -1.000000000000000000, -0.0000000000000000000 ) ) ;
#1893 = VECTOR ( 'NONE', #6391, 1000.000000000000000 ) ;
#1894 = FACE_BOUND ( 'NONE', #3886, .T. ) ;
#1895 = CARTESIAN_POINT ( 'NONE',  ( 2.524188097411783600, 1.401969416111281700, 1.649999999999999900 ) ) ;
#1896 = ORIENTED_EDGE ( 'NONE', *, *, #2939, .T. ) ;
#1897 = CARTESIAN_POINT ( 'NONE',  ( 1.955842310742314000, 1.355285008919082900, 1.659999999999999900 ) ) ;
#1898 = ORIENTED_EDGE ( 'NONE', *, *, #573, .F. ) ;
#1899 = SURFACE_STYLE_FILL_AREA ( #7313 ) ;
#1900 = CARTESIAN_POINT ( 'NONE',  ( 1.748439936688216200, 1.236418032062303100, 1.659999999999999900 ) ) ;
#1901 = DIRECTION ( 'NONE',  ( -0.0000000000000000000, 1.000000000000000000, -0.0000000000000000000 ) ) ;
#1902 = LINE ( 'NONE', #12, #10906 ) ;
#1903 = CARTESIAN_POINT ( 'NONE',  ( 2.651189205294141300, 1.277827233145169700, 1.659999999999999900 ) ) ;
#1904 = ORIENTED_EDGE ( 'NONE', *, *, #8790, .T. ) ;
#1905 = CARTESIAN_POINT ( 'NONE',  ( 2.373342966257581600, 1.178030122147011500, 1.649999999999999900 ) ) ;
#1906 = PRESENTATION_LAYER_ASSIGNMENT (  '', '', ( #7616 ) ) ;
#1907 = CARTESIAN_POINT ( 'NONE',  ( 2.450000000000000200, -0.6999999999999999600, -1.879999999999999900 ) ) ;
#1908 = VECTOR ( 'NONE', #9610, 1000.000000000000000 ) ;
#1909 = SURFACE_STYLE_USAGE ( .BOTH. , #7217 ) ;
#1910 = ORIENTED_EDGE ( 'NONE', *, *, #781, .F. ) ;
#1911 = UNCERTAINTY_MEASURE_WITH_UNIT (LENGTH_MEASURE( 1.000000000000000100E-005 ), #5510, 'distance_accuracy_value', 'NONE');
#1912 = ORIENTED_EDGE ( 'NONE', *, *, #5508, .T. ) ;
#1913 = ORIENTED_EDGE ( 'NONE', *, *, #4126, .F. ) ;
#1914 = VERTEX_POINT ( 'NONE', #7149 ) ;
#1915 = ADVANCED_FACE ( 'NONE', ( #9529 ), #9789, .T. ) ;
#1916 = CARTESIAN_POINT ( 'NONE',  ( 2.450000000000000200, 0.6999999999999999600, -1.879999999999999900 ) ) ;
#1917 = EDGE_CURVE ( 'NONE', #2141, #2216, #4449, .T. ) ;
#1918 = CARTESIAN_POINT ( 'NONE',  ( 2.361406217895683400, 1.373851742191424300, 1.649999999999999900 ) ) ;
#1919 = EDGE_LOOP ( 'NONE', ( #1624, #6048, #4760, #10650 ) ) ;
#1920 =( NAMED_UNIT ( * ) PLANE_ANGLE_UNIT ( ) SI_UNIT ( $, .RADIAN. ) );
#1921 = EDGE_LOOP ( 'NONE', ( #2495, #9738, #7133, #2668 ) ) ;
#1922 = CARTESIAN_POINT ( 'NONE',  ( 1.696794290929159800, 1.288063724729499300, 1.649999999999999900 ) ) ;
#1923 = AXIS2_PLACEMENT_3D ( 'NONE', #10281, #11197, #2723 ) ;
#1924 = SURFACE_SIDE_STYLE ('',( #5501 ) ) ;
#1925 = LINE ( 'NONE', #3326, #8621 ) ;
#1926 = STYLED_ITEM ( 'NONE', ( #8509 ), #8844 ) ;
#1927 = ORIENTED_EDGE ( 'NONE', *, *, #7963, .F. ) ;
#1928 = ORIENTED_EDGE ( 'NONE', *, *, #10625, .T. ) ;
#1929 = CARTESIAN_POINT ( 'NONE',  ( 2.296122520063057900, 1.477951977290310700, 1.659999999999999900 ) ) ;
#1930 = CARTESIAN_POINT ( 'NONE',  ( 1.705811788852312300, 1.438901777282389800, 1.649999999999999900 ) ) ;
#1931 = CARTESIAN_POINT ( 'NONE',  ( 2.461940165212449700, 1.373851742191424300, 1.659999999999999900 ) ) ;
#1932 = ORIENTED_EDGE ( 'NONE', *, *, #4022, .F. ) ;
#1933 = COLOUR_RGB ( '',0.2980392156862745100, 0.2980392156862745100, 0.2980392156862745100 ) ;
#1934 = SURFACE_STYLE_USAGE ( .BOTH. , #4453 ) ;
#1935 = EDGE_CURVE ( 'NONE', #1050, #616, #9229, .T. ) ;
#1936 = EDGE_CURVE ( 'NONE', #1054, #10994, #10346, .T. ) ;
#1937 = CARTESIAN_POINT ( 'NONE',  ( 2.506798760291815100, 1.376858034371234000, 1.649999999999999900 ) ) ;
#1938 = AXIS2_PLACEMENT_3D ( 'NONE', #7418, #3841, #7380 ) ;
#1939 = CARTESIAN_POINT ( 'NONE',  ( 1.841074195156718400, 1.457756540691922400, 1.649999999999999900 ) ) ;
#1940 = STYLED_ITEM ( 'NONE', ( #7922 ), #9909 ) ;
#1941 = CARTESIAN_POINT ( 'NONE',  ( 2.437978248129760900, 1.165356537466529100, 1.649999999999999900 ) ) ;
#1942 = CARTESIAN_POINT ( 'NONE',  ( 2.261785947614202800, 1.364007608974477900, 1.649999999999999900 ) ) ;
#1943 = VERTEX_POINT ( 'NONE', #4664 ) ;
#1944 = CARTESIAN_POINT ( 'NONE',  ( 2.462028585570589000, 1.360706582266761400, 1.659999999999999900 ) ) ;
#1945 = ORIENTED_EDGE ( 'NONE', *, *, #8907, .T. ) ;
#1946 = VECTOR ( 'NONE', #9144, 1000.000000000000100 ) ;
#1947 = DIRECTION ( 'NONE',  ( 0.0000000000000000000, 0.0000000000000000000, 1.000000000000000000 ) ) ;
#1948 = DIRECTION ( 'NONE',  ( 1.000000000000000000, 0.0000000000000000000, 0.0000000000000000000 ) ) ;
#1949 = CARTESIAN_POINT ( 'NONE',  ( 1.955842310742314000, 1.355285008919082900, 1.659999999999999900 ) ) ;
#1950 = ORIENTED_EDGE ( 'NONE', *, *, #2004, .T. ) ;
#1951 = EDGE_CURVE ( 'NONE', #5058, #10055, #10890, .T. ) ;
#1952 = VERTEX_POINT ( 'NONE', #2929 ) ;
#1953 = CARTESIAN_POINT ( 'NONE',  ( 2.387166015595418000, 1.210156185640472300, 1.649999999999999900 ) ) ;
#1954 = B_SPLINE_CURVE_WITH_KNOTS ( 'NONE', 3,
 ( #265, #6261, #2863, #9730, #1042, #7121, #7235 ),
 .UNSPECIFIED., .F., .F.,
 ( 4, 3, 4 ),
 ( 2.000000000000000000, 3.000000000000000000, 4.000000000000000000 ),
 .UNSPECIFIED. ) ;
#1955 = FILL_AREA_STYLE_COLOUR ( '', #7677 ) ;
#1956 = VERTEX_POINT ( 'NONE', #9014 ) ;
#1957 = STYLED_ITEM ( 'NONE', ( #4834 ), #3268 ) ;
#1958 = CARTESIAN_POINT ( 'NONE',  ( -2.975150518713303600, -1.625150518713304200, 1.550000000000000000 ) ) ;
#1959 = CARTESIAN_POINT ( 'NONE',  ( 2.262080682141720500, 1.201019415288620700, 1.649999999999999900 ) ) ;
#1960 =( NAMED_UNIT ( * ) PLANE_ANGLE_UNIT ( ) SI_UNIT ( $, .RADIAN. ) );
#1961 = VERTEX_POINT ( 'NONE', #5629 ) ;
#1962 = CARTESIAN_POINT ( 'NONE',  ( 2.562827793961756800, 1.405270442818999500, 1.659999999999999900 ) ) ;
#1963 = CARTESIAN_POINT ( 'NONE',  ( 1.705811788852312300, 1.438901777282389800, 1.659999999999999900 ) ) ;
#1964 = B_SPLINE_CURVE_WITH_KNOTS ( 'NONE', 3,
 ( #4497, #8847, #8062, #1855 ),
 .UNSPECIFIED., .F., .F.,
 ( 4, 4 ),
 ( 3.000000000000000000, 4.000000000000000000 ),
 .UNSPECIFIED. ) ;
#1965 = CARTESIAN_POINT ( 'NONE',  ( 2.378677661204811500, 1.248294833493548200, 1.649999999999999900 ) ) ;
#1966 = DIRECTION ( 'NONE',  ( 1.000000000000000000, -0.0000000000000000000, -0.0000000000000000000 ) ) ;
#1967 = VECTOR ( 'NONE', #10443, 1000.000000000000000 ) ;
#1968 = EDGE_CURVE ( 'NONE', #3530, #42, #1495, .T. ) ;
#1969 = CARTESIAN_POINT ( 'NONE',  ( 2.333259070523130400, 1.232850744254171800, 1.649999999999999900 ) ) ;
#1970 = ORIENTED_EDGE ( 'NONE', *, *, #5870, .F. ) ;
#1971 = SURFACE_SIDE_STYLE ('',( #8603 ) ) ;
#1972 = ADVANCED_FACE ( 'NONE', ( #946 ), #6405, .F. ) ;
#1973 =( NAMED_UNIT ( * ) PLANE_ANGLE_UNIT ( ) SI_UNIT ( $, .RADIAN. ) );
#1974 = AXIS2_PLACEMENT_3D ( 'NONE', #1983, #7141, #8929 ) ;
#1975 = LINE ( 'NONE', #5942, #2914 ) ;
#1976 = SURFACE_SIDE_STYLE ('',( #1722 ) ) ;
#1977 = ORIENTED_EDGE ( 'NONE', *, *, #2806, .F. ) ;
#1978 = LINE ( 'NONE', #3605, #3589 ) ;
#1979 = CARTESIAN_POINT ( 'NONE',  ( 1.900097803712475600, 1.216743485453634100, 1.659999999999999900 ) ) ;
#1980 = CARTESIAN_POINT ( 'NONE',  ( -3.073631294014524500, 1.625150518713304200, 1.567364817766693000 ) ) ;
#1981 = CARTESIAN_POINT ( 'NONE',  ( 2.433969858556160700, 1.198248910730513400, 1.649999999999999900 ) ) ;
#1982 = LINE ( 'NONE', #207, #10993 ) ;
#1983 = CARTESIAN_POINT ( 'NONE',  ( 0.0000000000000000000, 1.600000000000000100, -1.750000000000000000 ) ) ;
#1984 = CARTESIAN_POINT ( 'NONE',  ( 2.582309746226657300, 1.461270003036230400, 1.659999999999999500 ) ) ;
#1985 = CARTESIAN_POINT ( 'NONE',  ( 3.352882636601367800, -1.904401861300146100, -0.01634824454989564100 ) ) ;
#1986 = VERTEX_POINT ( 'NONE', #5592 ) ;
#1987 = SURFACE_STYLE_FILL_AREA ( #4368 ) ;
#1988 = DIRECTION ( 'NONE',  ( -0.0000000000000000000, -0.0000000000000000000, -1.000000000000000000 ) ) ;
#1989 = MECHANICAL_DESIGN_GEOMETRIC_PRESENTATION_REPRESENTATION (  '', ( #9949 ), #4294 ) ;
#1990 = DIRECTION ( 'NONE',  ( 0.0000000000000000000, 0.0000000000000000000, 1.000000000000000000 ) ) ;
#1991 = VECTOR ( 'NONE', #5837, 1000.000000000000000 ) ;
#1992 =( NAMED_UNIT ( * ) PLANE_ANGLE_UNIT ( ) SI_UNIT ( $, .RADIAN. ) );
#1993 = FACE_OUTER_BOUND ( 'NONE', #3904, .T. ) ;
#1994 = CARTESIAN_POINT ( 'NONE',  ( 1.951743449471527100, 1.464314716379716300, 1.649999999999999900 ) ) ;
#1995 = B_SPLINE_CURVE_WITH_KNOTS ( 'NONE', 3,
 ( #6433, #3180, #2369, #1386 ),
 .UNSPECIFIED., .F., .F.,
 ( 4, 4 ),
 ( 2.000000000000000000, 3.000000000000000000 ),
 .UNSPECIFIED. ) ;
#1996 = ORIENTED_EDGE ( 'NONE', *, *, #6989, .F. ) ;
#1997 = VECTOR ( 'NONE', #8917, 1000.000000000000000 ) ;
#1998 = VECTOR ( 'NONE', #10502, 1000.000000000000000 ) ;
#1999 = LINE ( 'NONE', #1134, #4284 ) ;
#2000 = CARTESIAN_POINT ( 'NONE',  ( 2.606419030573703800, 1.177794334525313200, 1.659999999999999900 ) ) ;
#2001 = CARTESIAN_POINT ( 'NONE',  ( 1.996011163706104900, 1.399552707518137100, 1.649999999999999900 ) ) ;
#2002 = CARTESIAN_POINT ( 'NONE',  ( 2.348143164159788700, 1.239217010047907900, 1.649999999999999900 ) ) ;
#2003 = ORIENTED_EDGE ( 'NONE', *, *, #3662, .F. ) ;
#2004 = EDGE_CURVE ( 'NONE', #10785, #10217, #5009, .T. ) ;
#2005 = CARTESIAN_POINT ( 'NONE',  ( -3.650000000000000400, 0.6999999999999999600, -0.2999999999999999900 ) ) ;
#2006 = FACE_OUTER_BOUND ( 'NONE', #4974, .T. ) ;
#2007 = STYLED_ITEM ( 'NONE', ( #975 ), #9305 ) ;
#2008 = EDGE_LOOP ( 'NONE', ( #9020, #9503, #1644, #655 ) ) ;
#2009 = LINE ( 'NONE', #4007, #5515 ) ;
#2010 = CARTESIAN_POINT ( 'NONE',  ( 2.186481275847957000, 1.229726558263511300, 1.649999999999999900 ) ) ;
#2011 = FACE_OUTER_BOUND ( 'NONE', #10634, .T. ) ;
#2012 = ORIENTED_EDGE ( 'NONE', *, *, #6704, .T. ) ;
#2013 = CARTESIAN_POINT ( 'NONE',  ( 3.350000000000001000, -2.000000000000000000, 0.0000000000000000000 ) ) ;
#2014 = CARTESIAN_POINT ( 'NONE',  ( 2.726700191229772600, 1.278357755293995100, 1.659999999999999900 ) ) ;
#2015 = ORIENTED_EDGE ( 'NONE', *, *, #6155, .T. ) ;
#2016 = PLANE ( 'NONE',  #3202 ) ;
#2017 = DIRECTION ( 'NONE',  ( -1.000000000000000000, -0.0000000000000000000, -0.0000000000000000000 ) ) ;
#2018 = CARTESIAN_POINT ( 'NONE',  ( 1.763195831009000100, 1.187231696811278400, 1.649999999999999900 ) ) ;
#2019 = EDGE_CURVE ( 'NONE', #9140, #9817, #9666, .T. ) ;
#2020 = LINE ( 'NONE', #3489, #6798 ) ;
#2021 = EDGE_CURVE ( 'NONE', #4937, #3974, #799, .T. ) ;
#2022 = ORIENTED_EDGE ( 'NONE', *, *, #7426, .T. ) ;
#2023 = CARTESIAN_POINT ( 'NONE',  ( 2.293676223485176200, 1.372024388120897300, 1.649999999999999900 ) ) ;
#2024 = CARTESIAN_POINT ( 'NONE',  ( 2.508537694004203900, 1.405034655196515800, 1.659999999999999900 ) ) ;
#2025 = CARTESIAN_POINT ( 'NONE',  ( 1.592683224029476400, 1.401192250462541100, 1.659999999999999900 ) ) ;
#2026 = CARTESIAN_POINT ( 'NONE',  ( 1.972237755826254900, 1.177394454778384600, 1.659999999999999900 ) ) ;
#2027 = ORIENTED_EDGE ( 'NONE', *, *, #9676, .F. ) ;
#2028 = ORIENTED_EDGE ( 'NONE', *, *, #3321, .T. ) ;
#2029 = PLANE ( 'NONE',  #11249 ) ;
#2030 = CARTESIAN_POINT ( 'NONE',  ( -2.975150518713303600, -1.625150518713304200, -1.550000000000000000 ) ) ;
#2031 = ADVANCED_FACE ( 'NONE', ( #2979 ), #1238, .F. ) ;
#2032 = ORIENTED_EDGE ( 'NONE', *, *, #8511, .F. ) ;
#2033 = CARTESIAN_POINT ( 'NONE',  ( 3.650000000000000400, 0.6999999999999999600, -1.579999999999999800 ) ) ;
#2034 = ORIENTED_EDGE ( 'NONE', *, *, #10675, .T. ) ;
#2035 = LINE ( 'NONE', #2063, #3508 ) ;
#2036 = CARTESIAN_POINT ( 'NONE',  ( 2.265912230998658600, 1.211453017560604400, 1.649999999999999900 ) ) ;
#2037 = CARTESIAN_POINT ( 'NONE',  ( 2.247432376126760700, 1.192472113992592200, 1.659999999999999900 ) ) ;
#2038 = EDGE_CURVE ( 'NONE', #7014, #780, #4866, .T. ) ;
#2039 = VERTEX_POINT ( 'NONE', #3919 ) ;
#2040 = CARTESIAN_POINT ( 'NONE',  ( 3.314734603858307900, -0.7000000000000000700, -0.2000000000000000400 ) ) ;
#2041 = CARTESIAN_POINT ( 'NONE',  ( -2.975150518713303600, 1.723631294014525100, 1.567364817766693000 ) ) ;
#2042 = ADVANCED_FACE ( 'NONE', ( #5553 ), #8148, .F. ) ;
#2043 = LINE ( 'NONE', #10818, #6813 ) ;
#2044 = CARTESIAN_POINT ( 'NONE',  ( 2.371721926356827200, 1.250299028280348100, 1.649999999999999900 ) ) ;
#2045 = FACE_OUTER_BOUND ( 'NONE', #3813, .T. ) ;
#2046 = CARTESIAN_POINT ( 'NONE',  ( 2.365326187110767800, 1.224480283674417500, 1.659999999999999900 ) ) ;
#2047 = AXIS2_PLACEMENT_3D ( 'NONE', #10828, #9008, #4660 ) ;
#2048 = ORIENTED_EDGE ( 'NONE', *, *, #4745, .F. ) ;
#2049 = DIRECTION ( 'NONE',  ( -0.0000000000000000000, -1.000000000000000000, -0.0000000000000000000 ) ) ;
#2050 = ORIENTED_EDGE ( 'NONE', *, *, #968, .F. ) ;
#2051 = CARTESIAN_POINT ( 'NONE',  ( 2.399279604674362500, 1.140186208821061000, 1.649999999999999900 ) ) ;
#2052 = CARTESIAN_POINT ( 'NONE',  ( 1.962400482521522200, 1.355285008919082900, 1.659999999999999900 ) ) ;
#2053 = FACE_OUTER_BOUND ( 'NONE', #4432, .T. ) ;
#2054 = CARTESIAN_POINT ( 'NONE',  ( 2.726346509796437000, 1.278357755293995100, 1.649999999999999900 ) ) ;
#2055 = PLANE ( 'NONE',  #5335 ) ;
#2056 = ORIENTED_EDGE ( 'NONE', *, *, #9320, .T. ) ;
#2057 = CARTESIAN_POINT ( 'NONE',  ( 1.732044507240587200, 1.288063724729499300, 1.659999999999999900 ) ) ;
#2058 = UNCERTAINTY_MEASURE_WITH_UNIT (LENGTH_MEASURE( 1.000000000000000100E-005 ), #3600, 'distance_accuracy_value', 'NONE');
#2059 = VERTEX_POINT ( 'NONE', #4787 ) ;
#2060 = ORIENTED_EDGE ( 'NONE', *, *, #5816, .T. ) ;
#2061 = VERTEX_POINT ( 'NONE', #4704 ) ;
#2062 = CARTESIAN_POINT ( 'NONE',  ( 1.814021717023177400, 1.207726034437838400, 1.649999999999999900 ) ) ;
#2063 = CARTESIAN_POINT ( 'NONE',  ( 2.299158285695976900, 1.219116115275255400, 1.659999999999999900 ) ) ;
#2064 =( LENGTH_UNIT ( ) NAMED_UNIT ( * ) SI_UNIT ( .MILLI., .METRE. ) );
#2065 = ORIENTED_EDGE ( 'NONE', *, *, #4488, .F. ) ;
#2066 = VERTEX_POINT ( 'NONE', #1196 ) ;
#2067 = DIRECTION ( 'NONE',  ( 0.0000000000000000000, 0.0000000000000000000, -1.000000000000000000 ) ) ;
#2068 = VECTOR ( 'NONE', #371, 1000.000000000000000 ) ;
#2069 = ORIENTED_EDGE ( 'NONE', *, *, #8075, .T. ) ;
#2070 = DIRECTION ( 'NONE',  ( 0.0000000000000000000, 0.0000000000000000000, -1.000000000000000000 ) ) ;
#2071 = EDGE_CURVE ( 'NONE', #954, #3423, #4584, .T. ) ;
#2072 = CARTESIAN_POINT ( 'NONE',  ( 2.252737597621278500, 1.431560762668328900, 1.659999999999999900 ) ) ;
#2073 = CARTESIAN_POINT ( 'NONE',  ( 2.388787055496564000, 1.200194158611884900, 1.659999999999999900 ) ) ;
#2074 = B_SPLINE_CURVE_WITH_KNOTS ( 'NONE', 3,
 ( #479, #3005, #10862, #400 ),
 .UNSPECIFIED., .F., .F.,
 ( 4, 4 ),
 ( 11.00000000000000000, 12.00000000000000000 ),
 .UNSPECIFIED. ) ;
#2075 = STYLED_ITEM ( 'NONE', ( #897 ), #1056 ) ;
#2076 = CARTESIAN_POINT ( 'NONE',  ( -3.349999999999999200, 0.6999999999999999600, -0.2000000000000000100 ) ) ;
#2077 = ORIENTED_EDGE ( 'NONE', *, *, #1002, .T. ) ;
#2078 = DIRECTION ( 'NONE',  ( 1.000000000000000000, -0.0000000000000000000, -0.0000000000000000000 ) ) ;
#2079 = LINE ( 'NONE', #3273, #6146 ) ;
#2080 = CARTESIAN_POINT ( 'NONE',  ( 3.650000000000000400, 0.6999999999999999600, -0.2999999999999999900 ) ) ;
#2081 =( NAMED_UNIT ( * ) PLANE_ANGLE_UNIT ( ) SI_UNIT ( $, .RADIAN. ) );
#2082 = CARTESIAN_POINT ( 'NONE',  ( 2.383953409246230200, 1.213810893780741000, 1.649999999999999900 ) ) ;
#2083 = EDGE_LOOP ( 'NONE', ( #4919, #6133, #3617, #1928 ) ) ;
#2084 = CARTESIAN_POINT ( 'NONE',  ( 2.388787055496564000, 1.200194158611884900, 1.659999999999999900 ) ) ;
#2085 = ORIENTED_EDGE ( 'NONE', *, *, #8951, .T. ) ;
#2086 = DIRECTION ( 'NONE',  ( -1.000000000000000000, 0.0000000000000000000, 0.0000000000000000000 ) ) ;
#2087 = EDGE_CURVE ( 'NONE', #627, #3638, #6807, .T. ) ;
#2088 = EDGE_CURVE ( 'NONE', #2398, #5814, #3634, .T. ) ;
#2089 = ADVANCED_FACE ( 'NONE', ( #5694 ), #1236, .T. ) ;
#2090 = VECTOR ( 'NONE', #10731, 1000.000000000000000 ) ;
#2091 = PRESENTATION_LAYER_ASSIGNMENT (  '', '', ( #11071 ) ) ;
#2092 = CARTESIAN_POINT ( 'NONE',  ( 2.574705595419001500, 1.293094481667487600, 1.659999999999999900 ) ) ;
#2093 = VERTEX_POINT ( 'NONE', #4017 ) ;
#2094 = CARTESIAN_POINT ( 'NONE',  ( -2.450000000000000200, 0.6999999999999999600, -1.679999999999999900 ) ) ;
#2095 = PLANE ( 'NONE',  #1072 ) ;
#2096 = CARTESIAN_POINT ( 'NONE',  ( 2.640608235758599200, 1.202964663170001300, 1.659999999999999900 ) ) ;
#2097 = ORIENTED_EDGE ( 'NONE', *, *, #2672, .F. ) ;
#2098 = CARTESIAN_POINT ( 'NONE',  ( 2.639606138365591500, 1.183158502924475600, 1.659999999999999900 ) ) ;
#2099 = VECTOR ( 'NONE', #6088, 1000.000000000000000 ) ;
#2100 = FILL_AREA_STYLE_COLOUR ( '', #7089 ) ;
#2101 =( NAMED_UNIT ( * ) SI_UNIT ( $, .STERADIAN. ) SOLID_ANGLE_UNIT ( ) );
#2102 = CARTESIAN_POINT ( 'NONE',  ( 2.552924713839388500, 1.177794334525312100, 1.659999999999999900 ) ) ;
#2103 = VERTEX_POINT ( 'NONE', #2378 ) ;
#2104 = SURFACE_SIDE_STYLE ('',( #879 ) ) ;
#2105 = EDGE_CURVE ( 'NONE', #9651, #6435, #9291, .T. ) ;
#2106 = ORIENTED_EDGE ( 'NONE', *, *, #4672, .F. ) ;
#2107 = PLANE ( 'NONE',  #2145 ) ;
#2108 = SURFACE_STYLE_FILL_AREA ( #1310 ) ;
#2109 = ORIENTED_EDGE ( 'NONE', *, *, #3970, .F. ) ;
#2110 = DIRECTION ( 'NONE',  ( 0.0000000000000000000, 0.0000000000000000000, 1.000000000000000000 ) ) ;
#2111 = LINE ( 'NONE', #5868, #3856 ) ;
#2112 = AXIS2_PLACEMENT_3D ( 'NONE', #6868, #10289, #10251 ) ;
#2113 = DIRECTION ( 'NONE',  ( -0.0000000000000000000, -0.0000000000000000000, -1.000000000000000000 ) ) ;
#2114 =( NAMED_UNIT ( * ) PLANE_ANGLE_UNIT ( ) SI_UNIT ( $, .RADIAN. ) );
#2115 = CARTESIAN_POINT ( 'NONE',  ( 0.0000000000000000000, 0.0000000000000000000, 1.649999999999999900 ) ) ;
#2116 = CARTESIAN_POINT ( 'NONE',  ( 0.0000000000000000000, 0.0000000000000000000, 1.649999999999999900 ) ) ;
#2117 = VERTEX_POINT ( 'NONE', #11022 ) ;
#2118 = VECTOR ( 'NONE', #2918, 1000.000000000000000 ) ;
#2119 = DIRECTION ( 'NONE',  ( -0.0000000000000000000, -1.000000000000000000, -0.0000000000000000000 ) ) ;
#2120 = B_SPLINE_CURVE_WITH_KNOTS ( 'NONE', 3,
 ( #4491, #7094, #1850, #3619 ),
 .UNSPECIFIED., .F., .F.,
 ( 4, 4 ),
 ( 8.000000000000000000, 9.000000000000000000 ),
 .UNSPECIFIED. ) ;
#2121 = CARTESIAN_POINT ( 'NONE',  ( 2.574499281249226900, 1.476006729408936700, 1.659999999999999900 ) ) ;
#2122 = FACE_OUTER_BOUND ( 'NONE', #7517, .T. ) ;
#2123 = DIRECTION ( 'NONE',  ( -1.000000000000000000, -0.0000000000000000000, -0.0000000000000000000 ) ) ;
#2124 = EDGE_LOOP ( 'NONE', ( #2015, #8063, #1388, #5418 ) ) ;
#2125 = UNCERTAINTY_MEASURE_WITH_UNIT (LENGTH_MEASURE( 1.000000000000000100E-005 ), #4661, 'distance_accuracy_value', 'NONE');
#2126 = CARTESIAN_POINT ( 'NONE',  ( 2.282476311441892200, 1.250299028280348100, 1.649999999999999900 ) ) ;
#2127 = DIRECTION ( 'NONE',  ( 0.0000000000000000000, 0.0000000000000000000, 1.000000000000000000 ) ) ;
#2128 = DIRECTION ( 'NONE',  ( -0.0000000000000000000, -1.000000000000000000, -0.0000000000000000000 ) ) ;
#2129 = LINE ( 'NONE', #9918, #11122 ) ;
#2130 = MECHANICAL_DESIGN_GEOMETRIC_PRESENTATION_REPRESENTATION (  '', ( #7398 ), #10301 ) ;
#2131 =( LENGTH_UNIT ( ) NAMED_UNIT ( * ) SI_UNIT ( .MILLI., .METRE. ) );
#2132 = VECTOR ( 'NONE', #871, 1000.000000000000000 ) ;
#2133 = DIRECTION ( 'NONE',  ( -1.000000000000000000, -0.0000000000000000000, -0.0000000000000000000 ) ) ;
#2134 = DIRECTION ( 'NONE',  ( 0.0000000000000000000, -1.000000000000000000, 0.0000000000000000000 ) ) ;
#2135 = VECTOR ( 'NONE', #6389, 1000.000000000000000 ) ;
#2136 = DIRECTION ( 'NONE',  ( 1.000000000000000000, 0.0000000000000000000, -1.807003620809173900E-016 ) ) ;
#2137 = LINE ( 'NONE', #380, #1712 ) ;
#2138 = EDGE_CURVE ( 'NONE', #6634, #202, #9680, .T. ) ;
#2139 =( GEOMETRIC_REPRESENTATION_CONTEXT ( 3 ) GLOBAL_UNCERTAINTY_ASSIGNED_CONTEXT ( ( #9857 ) ) GLOBAL_UNIT_ASSIGNED_CONTEXT ( ( #7322, #4639, #339 ) ) REPRESENTATION_CONTEXT ( 'NONE', 'WORKASPACE' ) );
#2140 = B_SPLINE_CURVE_WITH_KNOTS ( 'NONE', 3,
 ( #6071, #7861, #943, #1776 ),
 .UNSPECIFIED., .F., .F.,
 ( 4, 4 ),
 ( 7.000000000000000000, 8.000000000000000000 ),
 .UNSPECIFIED. ) ;
#2141 = VERTEX_POINT ( 'NONE', #5789 ) ;
#2142 = LINE ( 'NONE', #3861, #4149 ) ;
#2143 = CARTESIAN_POINT ( 'NONE',  ( 2.495893582775650500, 1.451897445062682300, 1.659999999999999900 ) ) ;
#2144 = FACE_OUTER_BOUND ( 'NONE', #2506, .T. ) ;
#2145 = AXIS2_PLACEMENT_3D ( 'NONE', #211, #7265, #4635 ) ;
#2146 = CARTESIAN_POINT ( 'NONE',  ( 2.365326187110767800, 1.262029462473246700, 1.659999999999999900 ) ) ;
#2147 = ORIENTED_EDGE ( 'NONE', *, *, #9176, .T. ) ;
#2148 = ADVANCED_FACE ( 'NONE', ( #9562 ), #11061, .F. ) ;
#2149 = VERTEX_POINT ( 'NONE', #2270 ) ;
#2150 = DIRECTION ( 'NONE',  ( 1.000000000000000000, 0.0000000000000000000, -0.0000000000000000000 ) ) ;
#2151 = LINE ( 'NONE', #5631, #2820 ) ;
#2152 = DIRECTION ( 'NONE',  ( 0.0000000000000000000, 0.0000000000000000000, 1.000000000000000000 ) ) ;
#2153 = CARTESIAN_POINT ( 'NONE',  ( 2.505796662898819500, 1.190939494449978700, 1.659999999999999900 ) ) ;
#2154 = DIRECTION ( 'NONE',  ( -1.000000000000000000, 0.0000000000000000000, -0.0000000000000000000 ) ) ;
#2155 = LINE ( 'NONE', #135, #2811 ) ;
#2156 = LINE ( 'NONE', #412, #10327 ) ;
#2157 = CARTESIAN_POINT ( 'NONE',  ( 2.314956056367898800, 1.361001316793882100, 1.659999999999999900 ) ) ;
#2158 = DIRECTION ( 'NONE',  ( 1.000000000000000000, -0.0000000000000000000, -0.0000000000000000000 ) ) ;
#2159 = ADVANCED_FACE ( 'NONE', ( #4337 ), #2922, .F. ) ;
#2160 = VERTEX_POINT ( 'NONE', #1471 ) ;
#2161 = EDGE_CURVE ( 'NONE', #10337, #9043, #3666, .T. ) ;
#2162 = EDGE_CURVE ( 'NONE', #6419, #1808, #5997, .T. ) ;
#2163 = CARTESIAN_POINT ( 'NONE',  ( 2.490912569261756200, 1.177794334525312100, 1.649999999999999900 ) ) ;
#2164 = ORIENTED_EDGE ( 'NONE', *, *, #2916, .T. ) ;
#2165 = PRESENTATION_LAYER_ASSIGNMENT (  '', '', ( #8392 ) ) ;
#2166 = ORIENTED_EDGE ( 'NONE', *, *, #9765, .T. ) ;
#2167 = STYLED_ITEM ( 'NONE', ( #4737 ), #9973 ) ;
#2168 = DIRECTION ( 'NONE',  ( -0.0000000000000000000, -0.0000000000000000000, -1.000000000000000000 ) ) ;
#2169 = CARTESIAN_POINT ( 'NONE',  ( 2.388787055496564000, 1.192648954708865200, 1.659999999999999900 ) ) ;
#2170 = CARTESIAN_POINT ( 'NONE',  ( 1.687776808641531200, 1.391355031883523100, 1.649999999999999900 ) ) ;
#2171 = SURFACE_STYLE_FILL_AREA ( #4153 ) ;
#2172 = ORIENTED_EDGE ( 'NONE', *, *, #6154, .F. ) ;
#2173 = ORIENTED_EDGE ( 'NONE', *, *, #7825, .F. ) ;
#2174 = CARTESIAN_POINT ( 'NONE',  ( 2.348143164159788700, 1.239217010047907900, 1.649999999999999900 ) ) ;
#2175 = DIRECTION ( 'NONE',  ( 0.0000000000000000000, -0.0000000000000000000, -1.000000000000000000 ) ) ;
#2176 = VECTOR ( 'NONE', #9262, 1000.000000000000000 ) ;
#2177 = PRESENTATION_STYLE_ASSIGNMENT (( #6725 ) ) ;
#2178 = CARTESIAN_POINT ( 'NONE',  ( 1.654985918474443800, 1.233958752826503000, 1.659999999999999900 ) ) ;
#2179 = VERTEX_POINT ( 'NONE', #10188 ) ;
#2180 = EDGE_CURVE ( 'NONE', #7936, #3773, #5163, .T. ) ;
#2181 = FACE_OUTER_BOUND ( 'NONE', #7638, .T. ) ;
#2182 = EDGE_LOOP ( 'NONE', ( #8876, #2003, #10356, #8442 ) ) ;
#2183 = CARTESIAN_POINT ( 'NONE',  ( 1.605799583223415500, 1.309377806465408000, 1.649999999999999900 ) ) ;
#2184 = FILL_AREA_STYLE_COLOUR ( '', #3515 ) ;
#2185 = ORIENTED_EDGE ( 'NONE', *, *, #5193, .F. ) ;
#2186 = AXIS2_PLACEMENT_3D ( 'NONE', #11227, #6891, #751 ) ;
#2187 = CARTESIAN_POINT ( 'NONE',  ( 0.0000000000000000000, 1.500000000000000000, -1.750000000000000000 ) ) ;
#2188 = LINE ( 'NONE', #1673, #425 ) ;
#2189 = DIRECTION ( 'NONE',  ( 0.0000000000000000000, 0.0000000000000000000, -1.000000000000000000 ) ) ;
#2190 = ORIENTED_EDGE ( 'NONE', *, *, #4535, .F. ) ;
#2191 = CARTESIAN_POINT ( 'NONE',  ( 1.925510731083255300, 1.228220309520728200, 1.649999999999999900 ) ) ;
#2192 = COLOUR_RGB ( '',0.2980392156862745100, 0.2980392156862745100, 0.2980392156862745100 ) ;
#2193 = DIRECTION ( 'NONE',  ( -1.000000000000000000, 0.0000000000000000000, 0.0000000000000000000 ) ) ;
#2194 = VERTEX_POINT ( 'NONE', #564 ) ;
#2195 = CARTESIAN_POINT ( 'NONE',  ( 2.266265912431597100, 1.191411069693372600, 1.649999999999999900 ) ) ;
#2196 = CARTESIAN_POINT ( 'NONE',  ( 2.396302785946871100, 1.260143161497294400, 1.659999999999999900 ) ) ;
#2197 = EDGE_CURVE ( 'NONE', #627, #7678, #9011, .T. ) ;
#2198 = ORIENTED_EDGE ( 'NONE', *, *, #9176, .F. ) ;
#2199 = EDGE_CURVE ( 'NONE', #315, #10616, #2603, .T. ) ;
#2200 = ORIENTED_EDGE ( 'NONE', *, *, #7685, .F. ) ;
#2201 = B_SPLINE_CURVE_WITH_KNOTS ( 'NONE', 3,
 ( #5400, #429, #9064, #3892 ),
 .UNSPECIFIED., .F., .F.,
 ( 4, 4 ),
 ( 0.0000000000000000000, 1.000000000000000000 ),
 .UNSPECIFIED. ) ;
#2202 = CARTESIAN_POINT ( 'NONE',  ( 2.305082449697847500, 1.372024388120897300, 1.659999999999999900 ) ) ;
#2203 = ORIENTED_EDGE ( 'NONE', *, *, #5904, .F. ) ;
#2204 = STYLED_ITEM ( 'NONE', ( #7195 ), #5091 ) ;
#2205 = VERTEX_POINT ( 'NONE', #8558 ) ;
#2206 = ORIENTED_EDGE ( 'NONE', *, *, #3280, .T. ) ;
#2207 = CARTESIAN_POINT ( 'NONE',  ( 1.588584339304816200, 1.218383067487831500, 1.649999999999999900 ) ) ;
#2208 = ORIENTED_EDGE ( 'NONE', *, *, #4632, .F. ) ;
#2209 = CARTESIAN_POINT ( 'NONE',  ( 2.724460208820486800, 1.270282029242152600, 1.659999999999999900 ) ) ;
#2210 = EDGE_LOOP ( 'NONE', ( #410, #9102, #8461, #10385 ) ) ;
#2211 = ADVANCED_FACE ( 'NONE', ( #9415 ), #5940, .F. ) ;
#2212 = CARTESIAN_POINT ( 'NONE',  ( -1.600000000000000300, 0.0000000000000000000, -1.649999999999999900 ) ) ;
#2213 = DIRECTION ( 'NONE',  ( 0.0000000000000000000, 0.0000000000000000000, 1.000000000000000000 ) ) ;
#2214 = DIRECTION ( 'NONE',  ( 0.0000000000000000000, 0.0000000000000000000, -1.000000000000000000 ) ) ;
#2215 = DIRECTION ( 'NONE',  ( -0.0000000000000000000, -1.000000000000000000, -0.0000000000000000000 ) ) ;
#2216 = VERTEX_POINT ( 'NONE', #1576 ) ;
#2217 = FACE_OUTER_BOUND ( 'NONE', #7687, .T. ) ;
#2218 = ADVANCED_FACE ( 'NONE', ( #2053 ), #10819, .T. ) ;
#2219 = DIRECTION ( 'NONE',  ( -0.0000000000000000000, 1.000000000000000000, -0.0000000000000000000 ) ) ;
#2220 = CARTESIAN_POINT ( 'NONE',  ( 2.436121420606522000, 1.191470016598803200, 1.649999999999999900 ) ) ;
#2221 = CARTESIAN_POINT ( 'NONE',  ( 2.304316139926534800, 1.358761334385384800, 1.659999999999999900 ) ) ;
#2222 = ORIENTED_EDGE ( 'NONE', *, *, #6267, .F. ) ;
#2223 = CARTESIAN_POINT ( 'NONE',  ( 2.296269887327012900, 1.464512082837735600, 1.659999999999999900 ) ) ;
#2224 = FILL_AREA_STYLE_COLOUR ( '', #3198 ) ;
#2225 = ORIENTED_EDGE ( 'NONE', *, *, #6525, .T. ) ;
#2226 = CYLINDRICAL_SURFACE ( 'NONE', #6002, 0.1000000000000000500 ) ;
#2227 = DIRECTION ( 'NONE',  ( -0.3283461648125325400, 0.9445574604294337800, -0.0000000000000000000 ) ) ;
#2228 = EDGE_CURVE ( 'NONE', #1324, #4885, #4088, .T. ) ;
#2229 = EDGE_CURVE ( 'NONE', #1426, #7060, #1777, .T. ) ;
#2230 = CARTESIAN_POINT ( 'NONE',  ( 2.428605690156604900, 1.177971175241589600, 1.659999999999999900 ) ) ;
#2231 = DIRECTION ( 'NONE',  ( -0.0000000000000000000, -0.0000000000000000000, -1.000000000000000000 ) ) ;
#2232 =( GEOMETRIC_REPRESENTATION_CONTEXT ( 3 ) GLOBAL_UNCERTAINTY_ASSIGNED_CONTEXT ( ( #2408 ) ) GLOBAL_UNIT_ASSIGNED_CONTEXT ( ( #2764, #2797, #7099 ) ) REPRESENTATION_CONTEXT ( 'NONE', 'WORKASPACE' ) );
#2233 = CARTESIAN_POINT ( 'NONE',  ( 2.580069763818158000, 1.453194276983599700, 1.659999999999999900 ) ) ;
#2234 = CARTESIAN_POINT ( 'NONE',  ( 2.506798760291815100, 1.460739480886619200, 1.659999999999999900 ) ) ;
#2235 =( GEOMETRIC_REPRESENTATION_CONTEXT ( 3 ) GLOBAL_UNCERTAINTY_ASSIGNED_CONTEXT ( ( #8561 ) ) GLOBAL_UNIT_ASSIGNED_CONTEXT ( ( #916, #8892, #2642 ) ) REPRESENTATION_CONTEXT ( 'NONE', 'WORKASPACE' ) );
#2236 = ORIENTED_EDGE ( 'NONE', *, *, #7459, .F. ) ;
#2237 = CARTESIAN_POINT ( 'NONE',  ( 1.900097803712475600, 1.216743485453634100, 1.649999999999999900 ) ) ;
#2238 = LINE ( 'NONE', #2432, #64 ) ;
#2239 = ORIENTED_EDGE ( 'NONE', *, *, #2364, .F. ) ;
#2240 = DIRECTION ( 'NONE',  ( -1.000000000000000000, 0.0000000000000000000, 0.0000000000000000000 ) ) ;
#2241 = CARTESIAN_POINT ( 'NONE',  ( 2.283832090268234100, 1.262029462473246700, 1.659999999999999900 ) ) ;
#2242 = ORIENTED_EDGE ( 'NONE', *, *, #5618, .T. ) ;
#2243 = CARTESIAN_POINT ( 'NONE',  ( 1.716468821902309400, 1.452837904039948600, 1.649999999999999900 ) ) ;
#2244 = EDGE_CURVE ( 'NONE', #2103, #9842, #7930, .T. ) ;
#2245 = EDGE_CURVE ( 'NONE', #5288, #3302, #8481, .T. ) ;
#2246 = PRESENTATION_LAYER_ASSIGNMENT (  '', '', ( #7080 ) ) ;
#2247 = CARTESIAN_POINT ( 'NONE',  ( 1.840254435411058200, 1.506942875942947700, 1.659999999999999900 ) ) ;
#2248 = PRESENTATION_LAYER_ASSIGNMENT (  '', '', ( #2679 ) ) ;
#2249 = DIRECTION ( 'NONE',  ( -1.000000000000000000, 0.0000000000000000000, 0.0000000000000000000 ) ) ;
#2250 = CARTESIAN_POINT ( 'NONE',  ( 2.323444410758892100, 1.473236224850823900, 1.659999999999999900 ) ) ;
#2251 = CARTESIAN_POINT ( 'NONE',  ( 2.668578542414895300, 1.236918080733201600, 1.659999999999999900 ) ) ;
#2252 = ORIENTED_EDGE ( 'NONE', *, *, #8186, .F. ) ;
#2253 = DIRECTION ( 'NONE',  ( 0.0000000000000000000, 1.000000000000000000, -0.0000000000000000000 ) ) ;
#2254 = CARTESIAN_POINT ( 'NONE',  ( 2.383953409246230200, 1.213810893780741000, 1.649999999999999900 ) ) ;
#2255 = CARTESIAN_POINT ( 'NONE',  ( 2.323444410758892100, 1.473236224850823900, 1.659999999999999900 ) ) ;
#2256 = ADVANCED_FACE ( 'NONE', ( #5861 ), #1647, .F. ) ;
#2257 = LINE ( 'NONE', #10336, #6612 ) ;
#2258 = VERTEX_POINT ( 'NONE', #4242 ) ;
#2259 = CARTESIAN_POINT ( 'NONE',  ( 2.562827793961756800, 1.405270442818999500, 1.659999999999999900 ) ) ;
#2260 = VECTOR ( 'NONE', #9832, 1000.000000000000000 ) ;
#2261 = CARTESIAN_POINT ( 'NONE',  ( 1.928789832608775300, 1.274127590153983700, 1.649999999999999900 ) ) ;
#2262 = EDGE_CURVE ( 'NONE', #5918, #6727, #28, .T. ) ;
#2263 = CARTESIAN_POINT ( 'NONE',  ( -1.499999999999999800, 1.500000000000000000, -1.780000000000000500 ) ) ;
#2264 = ADVANCED_FACE ( 'NONE', ( #3254 ), #9548, .T. ) ;
#2265 = VECTOR ( 'NONE', #4091, 1000.000000000000000 ) ;
#2266 = CARTESIAN_POINT ( 'NONE',  ( 1.592683224029476400, 1.401192250462541100, 1.649999999999999900 ) ) ;
#2267 = VECTOR ( 'NONE', #5449, 1000.000000000000000 ) ;
#2268 = CARTESIAN_POINT ( 'NONE',  ( -2.975150518713303600, 1.625150518713304200, -1.550000000000000000 ) ) ;
#2269 = AXIS2_PLACEMENT_3D ( 'NONE', #10648, #5439, #9021 ) ;
#2270 = CARTESIAN_POINT ( 'NONE',  ( 2.077168598107121100, 1.292162570364370700, 1.649999999999999900 ) ) ;
#2271 = CARTESIAN_POINT ( 'NONE',  ( 2.445199244052944200, 1.462743675673420200, 1.659999999999999900 ) ) ;
#2272 = EDGE_LOOP ( 'NONE', ( #8440, #6259, #1790, #4775 ) ) ;
#2273 = UNCERTAINTY_MEASURE_WITH_UNIT (LENGTH_MEASURE( 1.000000000000000100E-005 ), #7577, 'distance_accuracy_value', 'NONE');
#2274 = B_SPLINE_CURVE_WITH_KNOTS ( 'NONE', 3,
 ( #1151, #4549, #10597, #9012 ),
 .UNSPECIFIED., .F., .F.,
 ( 4, 4 ),
 ( 5.000000000000000000, 6.000000000000000000 ),
 .UNSPECIFIED. ) ;
#2275 = ADVANCED_FACE ( 'NONE', ( #8732 ), #5416, .T. ) ;
#2276 = VECTOR ( 'NONE', #2896, 1000.000000000000000 ) ;
#2277 = ORIENTED_EDGE ( 'NONE', *, *, #6464, .T. ) ;
#2278 = VECTOR ( 'NONE', #3472, 1000.000000000000000 ) ;
#2279 = COLOUR_RGB ( '',0.2980392156862745100, 0.2980392156862745100, 0.2980392156862745100 ) ;
#2280 = CARTESIAN_POINT ( 'NONE',  ( 1.756637674866097700, 1.288063724729499300, 1.649999999999999900 ) ) ;
#2281 = VECTOR ( 'NONE', #3936, 1000.000000000000000 ) ;
#2282 = CARTESIAN_POINT ( 'NONE',  ( 2.505796662898819500, 1.229726558263511300, 1.649999999999999900 ) ) ;
#2283 = PRESENTATION_LAYER_ASSIGNMENT (  '', '', ( #7398 ) ) ;
#2284 = ORIENTED_EDGE ( 'NONE', *, *, #8403, .T. ) ;
#2285 = CARTESIAN_POINT ( 'NONE',  ( 2.253769168466997400, 1.460975268508318600, 1.659999999999999900 ) ) ;
#2286 = VECTOR ( 'NONE', #8599, 1000.000000000000000 ) ;
#2287 = SURFACE_SIDE_STYLE ('',( #10493 ) ) ;
#2288 = SURFACE_SIDE_STYLE ('',( #6507 ) ) ;
#2289 = DIRECTION ( 'NONE',  ( -0.0000000000000000000, -0.0000000000000000000, -1.000000000000000000 ) ) ;
#2290 = EDGE_LOOP ( 'NONE', ( #7882, #569, #1092, #10133 ) ) ;
#2291 = VECTOR ( 'NONE', #5549, 1000.000000000000000 ) ;
#2292 = ORIENTED_EDGE ( 'NONE', *, *, #194, .F. ) ;
#2293 = SURFACE_SIDE_STYLE ('',( #10459 ) ) ;
#2294 = ORIENTED_EDGE ( 'NONE', *, *, #9615, .F. ) ;
#2295 = DIRECTION ( 'NONE',  ( -0.3559357243698727500, -0.9345104387417477700, -0.0000000000000000000 ) ) ;
#2296 = EDGE_CURVE ( 'NONE', #3394, #4937, #6394, .T. ) ;
#2297 = DIRECTION ( 'NONE',  ( -1.000000000000000000, 0.0000000000000000000, 0.0000000000000000000 ) ) ;
#2298 = ORIENTED_EDGE ( 'NONE', *, *, #1861, .T. ) ;
#2299 = B_SPLINE_CURVE_WITH_KNOTS ( 'NONE', 3,
 ( #304, #2037, #8196, #8153 ),
 .UNSPECIFIED., .F., .F.,
 ( 4, 4 ),
 ( 8.000000000000000000, 9.000000000000000000 ),
 .UNSPECIFIED. ) ;
#2300 = CARTESIAN_POINT ( 'NONE',  ( 2.462028585570589000, 1.360706582266761400, 1.659999999999999900 ) ) ;
#2301 = AXIS2_PLACEMENT_3D ( 'NONE', #5643, #383, #9099 ) ;
#2302 = CARTESIAN_POINT ( 'NONE',  ( 2.590414945732000700, 1.476006729408936700, 1.659999999999999900 ) ) ;
#2303 = LINE ( 'NONE', #9907, #9122 ) ;
#2304 = FACE_OUTER_BOUND ( 'NONE', #2760, .T. ) ;
#2305 = CARTESIAN_POINT ( 'NONE',  ( 1.930429352099704200, 1.227400549775460300, 1.659999999999999900 ) ) ;
#2306 = ORIENTED_EDGE ( 'NONE', *, *, #7481, .T. ) ;
#2307 = DIRECTION ( 'NONE',  ( -0.0000000000000000000, -0.0000000000000000000, -1.000000000000000000 ) ) ;
#2308 = APPLICATION_CONTEXT ( 'automotive_design' ) ;
#2309 = CARTESIAN_POINT ( 'NONE',  ( 2.358075717735266300, 1.227309735137952500, 1.659999999999999900 ) ) ;
#2310 = COLOUR_RGB ( '',0.2980392156862745100, 0.2980392156862745100, 0.2980392156862745100 ) ;
#2311 = ORIENTED_EDGE ( 'NONE', *, *, #2658, .F. ) ;
#2312 = EDGE_CURVE ( 'NONE', #9470, #6380, #3653, .T. ) ;
#2313 = CIRCLE ( 'NONE', #5591, 0.2000000000000000900 ) ;
#2314 = EDGE_CURVE ( 'NONE', #4380, #2394, #8203, .T. ) ;
#2315 = VECTOR ( 'NONE', #7832, 1000.000000000000000 ) ;
#2316 = ORIENTED_EDGE ( 'NONE', *, *, #5697, .T. ) ;
#2317 = ORIENTED_EDGE ( 'NONE', *, *, #2823, .F. ) ;
#2318 =( GEOMETRIC_REPRESENTATION_CONTEXT ( 3 ) GLOBAL_UNCERTAINTY_ASSIGNED_CONTEXT ( ( #9531 ) ) GLOBAL_UNIT_ASSIGNED_CONTEXT ( ( #3572, #1920, #7184 ) ) REPRESENTATION_CONTEXT ( 'NONE', 'WORKASPACE' ) );
#2319 = DIRECTION ( 'NONE',  ( -0.0000000000000000000, -0.0000000000000000000, -1.000000000000000000 ) ) ;
#2320 = CARTESIAN_POINT ( 'NONE',  ( 2.233609326788925200, 1.177794334525310800, 1.649999999999999900 ) ) ;
#2321 = DIRECTION ( 'NONE',  ( 0.0000000000000000000, 0.0000000000000000000, 1.000000000000000000 ) ) ;
#2322 = ORIENTED_EDGE ( 'NONE', *, *, #4490, .F. ) ;
#2323 = CARTESIAN_POINT ( 'NONE',  ( 1.986993681418870400, 1.424145875142862600, 1.659999999999999900 ) ) ;
#2324 = ADVANCED_FACE ( 'NONE', ( #7522 ), #9580, .F. ) ;
#2325 = CARTESIAN_POINT ( 'NONE',  ( 1.920592110066805300, 1.491367203309146700, 1.659999999999999900 ) ) ;
#2326 = LINE ( 'NONE', #4318, #8607 ) ;
#2327 = ORIENTED_EDGE ( 'NONE', *, *, #5636, .F. ) ;
#2328 = CIRCLE ( 'NONE', #6615, 0.1000000000000001700 ) ;
#2329 = DIRECTION ( 'NONE',  ( 0.0000000000000000000, -1.000000000000000000, 0.0000000000000000000 ) ) ;
#2330 = EDGE_CURVE ( 'NONE', #8506, #1218, #7109, .T. ) ;
#2331 = VECTOR ( 'NONE', #722, 1000.000000000000000 ) ;
#2332 = ORIENTED_EDGE ( 'NONE', *, *, #9401, .F. ) ;
#2333 = ADVANCED_FACE ( 'NONE', ( #4467 ), #10566, .F. ) ;
#2334 = CARTESIAN_POINT ( 'NONE',  ( 3.650000000000000400, -0.6999999999999999600, -5.421010862427522200E-017 ) ) ;
#2335 = CARTESIAN_POINT ( 'NONE',  ( 2.580069763818158000, 1.453194276983599700, 1.659999999999999900 ) ) ;
#2336 = VECTOR ( 'NONE', #4208, 1000.000000000000000 ) ;
#2337 = CARTESIAN_POINT ( 'NONE',  ( 2.530583836658234300, 1.360706582266761400, 1.659999999999999900 ) ) ;
#2338 = EDGE_LOOP ( 'NONE', ( #6848, #1737, #8364, #7943, #5924, #4564, #6930, #6937, #2490, #5893, #3353, #3975 ) ) ;
#2339 = AXIS2_PLACEMENT_3D ( 'NONE', #6777, #4146, #7523 ) ;
#2340 = EDGE_LOOP ( 'NONE', ( #10937, #10842, #9618, #1609 ) ) ;
#2341 = DIRECTION ( 'NONE',  ( 1.000000000000000000, 1.504528414727667400E-014, -0.0000000000000000000 ) ) ;
#2342 = CARTESIAN_POINT ( 'NONE',  ( -1.400000000000000100, 1.500000000000000000, -1.750000000000000000 ) ) ;
#2343 = VERTEX_POINT ( 'NONE', #9641 ) ;
#2344 = VERTEX_POINT ( 'NONE', #845 ) ;
#2345 = DIRECTION ( 'NONE',  ( -0.0000000000000000000, 1.000000000000000000, -0.0000000000000000000 ) ) ;
#2346 = ORIENTED_EDGE ( 'NONE', *, *, #10044, .T. ) ;
#2347 = CARTESIAN_POINT ( 'NONE',  ( 1.955842310742314000, 1.355285008919082900, 1.659999999999999900 ) ) ;
#2348 = CARTESIAN_POINT ( 'NONE',  ( 2.581396069191789900, 1.457792135612236500, 1.659999999999999900 ) ) ;
#2349 = ORIENTED_EDGE ( 'NONE', *, *, #456, .T. ) ;
#2350 = ORIENTED_EDGE ( 'NONE', *, *, #7994, .T. ) ;
#2351 = EDGE_CURVE ( 'NONE', #10921, #1986, #1422, .T. ) ;
#2352 = VECTOR ( 'NONE', #1116, 1000.000000000000000 ) ;
#2353 = AXIS2_PLACEMENT_3D ( 'NONE', #7890, #1807, #2684 ) ;
#2354 = CARTESIAN_POINT ( 'NONE',  ( 1.925510731083255300, 1.228220309520728200, 1.649999999999999900 ) ) ;
#2355 = PLANE ( 'NONE',  #9502 ) ;
#2356 = ORIENTED_EDGE ( 'NONE', *, *, #3921, .T. ) ;
#2357 = CARTESIAN_POINT ( 'NONE',  ( 2.975150518713304900, 1.625150518713304200, -1.550000000000000000 ) ) ;
#2358 = DIRECTION ( 'NONE',  ( 0.0000000000000000000, 0.0000000000000000000, 1.000000000000000000 ) ) ;
#2359 = CARTESIAN_POINT ( 'NONE',  ( 3.650000000000000400, 0.6999999999999999600, -5.421010862427522200E-017 ) ) ;
#2360 = CARTESIAN_POINT ( 'NONE',  ( 2.691420468292159200, 1.177794334525313200, 1.659999999999999900 ) ) ;
#2361 = EDGE_CURVE ( 'NONE', #4912, #1961, #2326, .T. ) ;
#2362 = CARTESIAN_POINT ( 'NONE',  ( 1.928789832608775300, 1.274127590153983700, 1.659999999999999900 ) ) ;
#2363 = ORIENTED_EDGE ( 'NONE', *, *, #11016, .F. ) ;
#2364 = EDGE_CURVE ( 'NONE', #2988, #1914, #13, .T. ) ;
#2365 = AXIS2_PLACEMENT_3D ( 'NONE', #5951, #8641, #8608 ) ;
#2366 = ORIENTED_EDGE ( 'NONE', *, *, #9998, .T. ) ;
#2367 = COLOUR_RGB ( '',0.2980392156862745100, 0.2980392156862745100, 0.2980392156862745100 ) ;
#2368 =( NAMED_UNIT ( * ) PLANE_ANGLE_UNIT ( ) SI_UNIT ( $, .RADIAN. ) );
#2369 = CARTESIAN_POINT ( 'NONE',  ( 2.632414615895120000, 1.194947884022793400, 1.659999999999999900 ) ) ;
#2370 = FILL_AREA_STYLE ('',( #3218 ) ) ;
#2371 = ORIENTED_EDGE ( 'NONE', *, *, #7500, .F. ) ;
#2372 = B_SPLINE_CURVE_WITH_KNOTS ( 'NONE', 3,
 ( #10644, #10599, #9657, #7999 ),
 .UNSPECIFIED., .F., .F.,
 ( 4, 4 ),
 ( 23.00000000000000000, 24.00000000000000000 ),
 .UNSPECIFIED. ) ;
#2373 = CARTESIAN_POINT ( 'NONE',  ( 2.247432376126760700, 1.199840477179337200, 1.659999999999999900 ) ) ;
#2374 = DIRECTION ( 'NONE',  ( -1.000000000000000000, -0.0000000000000000000, -0.0000000000000000000 ) ) ;
#2375 = EDGE_CURVE ( 'NONE', #3964, #6555, #5152, .T. ) ;
#2376 =( NAMED_UNIT ( * ) PLANE_ANGLE_UNIT ( ) SI_UNIT ( $, .RADIAN. ) );
#2377 = LINE ( 'NONE', #7134, #2897 ) ;
#2378 = CARTESIAN_POINT ( 'NONE',  ( 2.745916882420268200, 1.222358195076769900, 1.659999999999999900 ) ) ;
#2379 = CARTESIAN_POINT ( 'NONE',  ( 2.299158285695976900, 1.204438335807191300, 1.649999999999999900 ) ) ;
#2380 = ORIENTED_EDGE ( 'NONE', *, *, #10330, .F. ) ;
#2381 = PRESENTATION_LAYER_ASSIGNMENT (  '', '', ( #7717 ) ) ;
#2382 = ORIENTED_EDGE ( 'NONE', *, *, #4907, .T. ) ;
#2383 = ADVANCED_FACE ( 'NONE', ( #4882 ), #10836, .F. ) ;
#2384 = DIRECTION ( 'NONE',  ( -0.0000000000000000000, -1.000000000000000000, -0.0000000000000000000 ) ) ;
#2385 = FACE_OUTER_BOUND ( 'NONE', #7513, .T. ) ;
#2386 = ORIENTED_EDGE ( 'NONE', *, *, #5996, .T. ) ;
#2387 = VECTOR ( 'NONE', #4969, 1000.000000000000000 ) ;
#2388 = PLANE ( 'NONE',  #4616 ) ;
#2389 = DIRECTION ( 'NONE',  ( 0.0000000000000000000, 1.000000000000000000, -0.0000000000000000000 ) ) ;
#2390 =( LENGTH_UNIT ( ) NAMED_UNIT ( * ) SI_UNIT ( .MILLI., .METRE. ) );
#2391 = CARTESIAN_POINT ( 'NONE',  ( 2.378825028468378700, 1.260850524363176500, 1.649999999999999900 ) ) ;
#2392 = EDGE_CURVE ( 'NONE', #4214, #6998, #1376, .T. ) ;
#2393 = EDGE_CURVE ( 'NONE', #5601, #2141, #7637, .T. ) ;
#2394 = VERTEX_POINT ( 'NONE', #5225 ) ;
#2395 = CIRCLE ( 'NONE', #2508, 0.1000000000000000500 ) ;
#2396 = CARTESIAN_POINT ( 'NONE',  ( 1.777131965584517900, 1.123289498511300400, 1.649999999999999900 ) ) ;
#2397 = CIRCLE ( 'NONE', #9356, 0.2999999999999999300 ) ;
#2398 = VERTEX_POINT ( 'NONE', #2601 ) ;
#2399 = FACE_OUTER_BOUND ( 'NONE', #10645, .T. ) ;
#2400 = DIRECTION ( 'NONE',  ( -7.522642073638239000E-015, 1.000000000000000000, 0.0000000000000000000 ) ) ;
#2401 = CARTESIAN_POINT ( 'NONE',  ( 2.349616836797373300, 1.245229594407525100, 1.659999999999999900 ) ) ;
#2402 = CARTESIAN_POINT ( 'NONE',  ( 2.361406217895683400, 1.373851742191424300, 1.649999999999999900 ) ) ;
#2403 = VECTOR ( 'NONE', #5187, 1000.000000000000000 ) ;
#2404 = LINE ( 'NONE', #5858, #10179 ) ;
#2405 = CARTESIAN_POINT ( 'NONE',  ( 2.508537694004202100, 1.419417700136674300, 1.649999999999999900 ) ) ;
#2406 = EDGE_CURVE ( 'NONE', #4151, #7152, #6368, .T. ) ;
#2407 = CARTESIAN_POINT ( 'NONE',  ( 3.309562411971219500, 2.000000000000000000, -2.981555974335136400E-015 ) ) ;
#2408 = UNCERTAINTY_MEASURE_WITH_UNIT (LENGTH_MEASURE( 1.000000000000000100E-005 ), #2764, 'distance_accuracy_value', 'NONE');
#2409 = EDGE_CURVE ( 'NONE', #9043, #9431, #6264, .T. ) ;
#2410 = CARTESIAN_POINT ( 'NONE',  ( -2.975150518713303600, 1.625150518713304200, 1.550000000000000000 ) ) ;
#2411 = VECTOR ( 'NONE', #10194, 1000.000000000000000 ) ;
#2412 = STYLED_ITEM ( 'NONE', ( #4421 ), #5148 ) ;
#2413 = DIRECTION ( 'NONE',  ( 0.9345104387438696300, -0.3559357243643020400, 0.0000000000000000000 ) ) ;
#2414 = CARTESIAN_POINT ( 'NONE',  ( 2.379502917881548100, 1.182392193153162000, 1.649999999999999900 ) ) ;
#2415 = EDGE_LOOP ( 'NONE', ( #133, #809, #7993, #10380 ) ) ;
#2416 = VECTOR ( 'NONE', #7562, 1000.000000000000000 ) ;
#2417 = FACE_OUTER_BOUND ( 'NONE', #752, .T. ) ;
#2418 = CIRCLE ( 'NONE', #3786, 0.2999999999999999300 ) ;
#2419 = EDGE_LOOP ( 'NONE', ( #8324, #6740, #6169, #10534, #10089, #5974, #6703, #2828 ) ) ;
#2420 = DIRECTION ( 'NONE',  ( -0.0000000000000000000, -1.000000000000000000, -0.0000000000000000000 ) ) ;
#2421 = ORIENTED_EDGE ( 'NONE', *, *, #5319, .F. ) ;
#2422 = DIRECTION ( 'NONE',  ( -0.8631877589412001500, -0.5048830486499507100, 0.0000000000000000000 ) ) ;
#2423 =( LENGTH_UNIT ( ) NAMED_UNIT ( * ) SI_UNIT ( .MILLI., .METRE. ) );
#2424 = SURFACE_STYLE_USAGE ( .BOTH. , #6616 ) ;
#2425 =( LENGTH_UNIT ( ) NAMED_UNIT ( * ) SI_UNIT ( .MILLI., .METRE. ) );
#2426 = LINE ( 'NONE', #2153, #10052 ) ;
#2427 = ORIENTED_EDGE ( 'NONE', *, *, #1710, .T. ) ;
#2428 = ORIENTED_EDGE ( 'NONE', *, *, #177, .F. ) ;
#2429 = CARTESIAN_POINT ( 'NONE',  ( 1.732044491604669800, 1.123289498511300400, 1.649999999999999900 ) ) ;
#2430 = CARTESIAN_POINT ( 'NONE',  ( 2.274754266822200900, 1.226720266083703300, 1.649999999999999900 ) ) ;
#2431 = VERTEX_POINT ( 'NONE', #9814 ) ;
#2432 = CARTESIAN_POINT ( 'NONE',  ( -3.950000000000000200, 0.6999999999999999600, -1.579999999999999800 ) ) ;
#2433 = ADVANCED_FACE ( 'NONE', ( #4058 ), #4571, .F. ) ;
#2434 = VECTOR ( 'NONE', #6879, 1000.000000000000000 ) ;
#2435 = VECTOR ( 'NONE', #2295, 1000.000000000000100 ) ;
#2436 = ORIENTED_EDGE ( 'NONE', *, *, #2393, .T. ) ;
#2437 = CARTESIAN_POINT ( 'NONE',  ( 1.748439936688216200, 1.236418032062303100, 1.649999999999999900 ) ) ;
#2438 = ORIENTED_EDGE ( 'NONE', *, *, #1045, .T. ) ;
#2439 = CARTESIAN_POINT ( 'NONE',  ( 2.255478628726285400, 1.240337001251763800, 1.649999999999999900 ) ) ;
#2440 = EDGE_CURVE ( 'NONE', #11057, #7552, #10759, .T. ) ;
#2441 =( NAMED_UNIT ( * ) SI_UNIT ( $, .STERADIAN. ) SOLID_ANGLE_UNIT ( ) );
#2442 = FACE_OUTER_BOUND ( 'NONE', #3538, .T. ) ;
#2443 = AXIS2_PLACEMENT_3D ( 'NONE', #4896, #1566, #11124 ) ;
#2444 = CARTESIAN_POINT ( 'NONE',  ( 2.480272652820000500, 1.360706582266761400, 1.659999999999999900 ) ) ;
#2445 = VECTOR ( 'NONE', #5991, 1000.000000000000000 ) ;
#2446 =( NAMED_UNIT ( * ) PLANE_ANGLE_UNIT ( ) SI_UNIT ( $, .RADIAN. ) );
#2447 = ORIENTED_EDGE ( 'NONE', *, *, #7406, .T. ) ;
#2448 = CARTESIAN_POINT ( 'NONE',  ( 2.077168598107121100, 1.292162570364370700, 1.659999999999999900 ) ) ;
#2449 = FACE_OUTER_BOUND ( 'NONE', #3469, .T. ) ;
#2450 = SURFACE_SIDE_STYLE ('',( #964 ) ) ;
#2451 = CARTESIAN_POINT ( 'NONE',  ( 0.0000000000000000000, 0.0000000000000000000, 1.649999999999999900 ) ) ;
#2452 = VERTEX_POINT ( 'NONE', #8107 ) ;
#2453 = CARTESIAN_POINT ( 'NONE',  ( 2.365326187110767800, 1.175849086643933900, 1.659999999999999900 ) ) ;
#2454 = ORIENTED_EDGE ( 'NONE', *, *, #3084, .F. ) ;
#2455 = CYLINDRICAL_SURFACE ( 'NONE', #1136, 0.1000000000000001700 ) ;
#2456 = ORIENTED_EDGE ( 'NONE', *, *, #2733, .F. ) ;
#2457 = EDGE_CURVE ( 'NONE', #2473, #9546, #5470, .T. ) ;
#2458 = EDGE_CURVE ( 'NONE', #7148, #9478, #338, .T. ) ;
#2459 = PRESENTATION_LAYER_ASSIGNMENT (  '', '', ( #9178 ) ) ;
#2460 = AXIS2_PLACEMENT_3D ( 'NONE', #9218, #4837, #7473 ) ;
#2461 = CARTESIAN_POINT ( 'NONE',  ( 2.340539013351345100, 1.190291078489516400, 1.649999999999999900 ) ) ;
#2462 = ORIENTED_EDGE ( 'NONE', *, *, #4154, .T. ) ;
#2463 = CARTESIAN_POINT ( 'NONE',  ( 2.407473224537446800, 1.151386120864346300, 1.649999999999999900 ) ) ;
#2464 = EDGE_LOOP ( 'NONE', ( #8756, #2631, #3087, #3609 ) ) ;
#2465 = ADVANCED_FACE ( 'NONE', ( #2045 ), #8930, .F. ) ;
#2466 = CARTESIAN_POINT ( 'NONE',  ( 2.352534708619046000, 1.247233789194329900, 1.659999999999999900 ) ) ;
#2467 = ORIENTED_EDGE ( 'NONE', *, *, #9586, .T. ) ;
#2468 = EDGE_LOOP ( 'NONE', ( #11012, #4309, #2363, #3827, #5141, #3552, #259, #11155 ) ) ;
#2469 = CARTESIAN_POINT ( 'NONE',  ( 2.262080682141720500, 1.205499380106406000, 1.649999999999999900 ) ) ;
#2470 = CARTESIAN_POINT ( 'NONE',  ( 1.814021717023177400, 1.160179249949178800, 1.649999999999999900 ) ) ;
#2471 = FILL_AREA_STYLE_COLOUR ( '', #110 ) ;
#2472 = PLANE ( 'NONE',  #8941 ) ;
#2473 = VERTEX_POINT ( 'NONE', #3709 ) ;
#2474 = UNCERTAINTY_MEASURE_WITH_UNIT (LENGTH_MEASURE( 1.000000000000000100E-005 ), #72, 'distance_accuracy_value', 'NONE');
#2475 = ORIENTED_EDGE ( 'NONE', *, *, #8167, .F. ) ;
#2476 = EDGE_CURVE ( 'NONE', #616, #6552, #261, .T. ) ;
#2477 = SURFACE_STYLE_FILL_AREA ( #1396 ) ;
#2478 = VERTEX_POINT ( 'NONE', #206 ) ;
#2479 = ORIENTED_EDGE ( 'NONE', *, *, #7929, .F. ) ;
#2480 = CARTESIAN_POINT ( 'NONE',  ( 1.996011163706104900, 1.399552707518137100, 1.659999999999999900 ) ) ;
#2481 = DIRECTION ( 'NONE',  ( 0.0000000000000000000, 0.0000000000000000000, 1.000000000000000000 ) ) ;
#2482 = CARTESIAN_POINT ( 'NONE',  ( 2.365326187110767800, 1.262029462473246700, 1.659999999999999900 ) ) ;
#2483 = AXIS2_PLACEMENT_3D ( 'NONE', #7022, #1788, #875 ) ;
#2484 = CARTESIAN_POINT ( 'NONE',  ( 2.399279604674362500, 1.140186208821061000, 1.659999999999999900 ) ) ;
#2485 = ORIENTED_EDGE ( 'NONE', *, *, #10938, .T. ) ;
#2486 = DIRECTION ( 'NONE',  ( -0.0000000000000000000, -0.0000000000000000000, -1.000000000000000000 ) ) ;
#2487 = CARTESIAN_POINT ( 'NONE',  ( 2.620743128607649900, 1.279831427931971400, 1.659999999999999900 ) ) ;
#2488 = CARTESIAN_POINT ( 'NONE',  ( -3.950000000000000200, -0.6999999999999999600, -0.3000000000000021000 ) ) ;
#2489 = DIRECTION ( 'NONE',  ( 0.0000000000000000000, 0.0000000000000000000, -1.000000000000000000 ) ) ;
#2490 = ORIENTED_EDGE ( 'NONE', *, *, #5445, .F. ) ;
#2491 = PRODUCT_CONTEXT ( 'NONE', #2308, 'mechanical' ) ;
#2492 = ORIENTED_EDGE ( 'NONE', *, *, #9024, .F. ) ;
#2493 = ADVANCED_FACE ( 'NONE', ( #6122 ), #3787, .T. ) ;
#2494 = AXIS2_PLACEMENT_3D ( 'NONE', #7921, #8787, #40 ) ;
#2495 = ORIENTED_EDGE ( 'NONE', *, *, #587, .T. ) ;
#2496 = CARTESIAN_POINT ( 'NONE',  ( 2.340539013351345100, 1.190291078489516400, 1.659999999999999900 ) ) ;
#2497 = CARTESIAN_POINT ( 'NONE',  ( 1.920592110066805300, 1.491367203309146700, 1.659999999999999900 ) ) ;
#2498 =( NAMED_UNIT ( * ) PLANE_ANGLE_UNIT ( ) SI_UNIT ( $, .RADIAN. ) );
#2499 = ORIENTED_EDGE ( 'NONE', *, *, #8146, .T. ) ;
#2500 = CARTESIAN_POINT ( 'NONE',  ( 2.355452580440715600, 1.249296930886552500, 1.659999999999999900 ) ) ;
#2501 = CARTESIAN_POINT ( 'NONE',  ( 2.254506004785988200, 1.182333246247737400, 1.659999999999999900 ) ) ;
#2502 = LINE ( 'NONE', #5054, #1680 ) ;
#2503 = SURFACE_STYLE_USAGE ( .BOTH. , #5960 ) ;
#2504 = EDGE_CURVE ( 'NONE', #698, #5894, #10220, .T. ) ;
#2505 = B_SPLINE_SURFACE_WITH_KNOTS ( 'NONE', 3, 1, ( 
 ( #5931, #8482 ),
 ( #1459, #4048 ),
 ( #5898, #11087 ),
 ( #3183, #11014 ) ),
 .UNSPECIFIED., .F., .F., .F.,
 ( 4, 4 ),
 ( 2, 2 ),
 ( 4.000000000000000000, 5.000000000000000000 ),
 ( 0.0000000000000000000, 1.000000000000000000 ),
 .UNSPECIFIED. ) ;
#2506 = EDGE_LOOP ( 'NONE', ( #7486, #7528, #10388, #1604 ) ) ;
#2507 = PLANE ( 'NONE',  #3431 ) ;
#2508 = AXIS2_PLACEMENT_3D ( 'NONE', #3748, #3633, #10791 ) ;
#2509 = ORIENTED_EDGE ( 'NONE', *, *, #6203, .T. ) ;
#2510 = AXIS2_PLACEMENT_3D ( 'NONE', #10528, #4362, #6204 ) ;
#2511 = CARTESIAN_POINT ( 'NONE',  ( 1.763195831009000100, 1.187231696811278400, 1.649999999999999900 ) ) ;
#2512 =( LENGTH_UNIT ( ) NAMED_UNIT ( * ) SI_UNIT ( .MILLI., .METRE. ) );
#2513 = CARTESIAN_POINT ( 'NONE',  ( 2.266265912431597100, 1.191411069693372600, 1.659999999999999900 ) ) ;
#2514 = CARTESIAN_POINT ( 'NONE',  ( 2.631854620292796800, 1.276235666696343700, 1.659999999999999900 ) ) ;
#2515 = ADVANCED_FACE ( 'NONE', ( #6535 ), #10697, .F. ) ;
#2516 = ORIENTED_EDGE ( 'NONE', *, *, #229, .F. ) ;
#2517 = DIRECTION ( 'NONE',  ( -0.0000000000000000000, -0.0000000000000000000, -1.000000000000000000 ) ) ;
#2518 = EDGE_CURVE ( 'NONE', #9028, #10085, #7098, .T. ) ;
#2519 = EDGE_CURVE ( 'NONE', #4471, #2816, #10614, .T. ) ;
#2520 = CARTESIAN_POINT ( 'NONE',  ( 2.233609326788925200, 1.190939494449978000, 1.659999999999999900 ) ) ;
#2521 = DIRECTION ( 'NONE',  ( 0.3559357243643020400, 0.9345104387438696300, 0.0000000000000000000 ) ) ;
#2522 = CARTESIAN_POINT ( 'NONE',  ( 2.256539673025503400, 1.224185549147294400, 1.659999999999999900 ) ) ;
#2523 = VERTEX_POINT ( 'NONE', #4469 ) ;
#2524 = FILL_AREA_STYLE ('',( #2604 ) ) ;
#2525 = CARTESIAN_POINT ( 'NONE',  ( 2.718889726251553900, 1.293094481667487600, 1.649999999999999900 ) ) ;
#2526 = B_SPLINE_SURFACE_WITH_KNOTS ( 'NONE', 3, 1, ( 
 ( #2234, #8385 ),
 ( #3049, #3922 ),
 ( #4865, #5757 ),
 ( #4438, #6211 ) ),
 .UNSPECIFIED., .F., .F., .F.,
 ( 4, 4 ),
 ( 2, 2 ),
 ( 2.000000000000000000, 3.000000000000000000 ),
 ( 0.0000000000000000000, 1.000000000000000000 ),
 .UNSPECIFIED. ) ;
#2527 = VECTOR ( 'NONE', #10714, 1000.000000000000000 ) ;
#2528 = DIRECTION ( 'NONE',  ( -0.0000000000000000000, 1.000000000000000000, 0.0000000000000000000 ) ) ;
#2529 = B_SPLINE_CURVE_WITH_KNOTS ( 'NONE', 3,
 ( #1448, #7590, #9186, #3999 ),
 .UNSPECIFIED., .F., .F.,
 ( 4, 4 ),
 ( 2.000000000000000000, 3.000000000000000000 ),
 .UNSPECIFIED. ) ;
#2530 = LINE ( 'NONE', #233, #6619 ) ;
#2531 = DIRECTION ( 'NONE',  ( -0.0000000000000000000, -0.0000000000000000000, -1.000000000000000000 ) ) ;
#2532 = ORIENTED_EDGE ( 'NONE', *, *, #7994, .F. ) ;
#2533 = PLANE ( 'NONE',  #10316 ) ;
#2534 = FILL_AREA_STYLE ('',( #1689 ) ) ;
#2535 = COLOUR_RGB ( '',0.2980392156862745100, 0.2980392156862745100, 0.2980392156862745100 ) ;
#2536 = CARTESIAN_POINT ( 'NONE',  ( 2.323444410758892100, 1.365481281611668800, 1.659999999999999900 ) ) ;
#2537 = EDGE_CURVE ( 'NONE', #9959, #9028, #678, .T. ) ;
#2538 = CARTESIAN_POINT ( 'NONE',  ( 2.283832090268234100, 1.262029462473246700, 1.649999999999999900 ) ) ;
#2539 = LINE ( 'NONE', #9733, #3883 ) ;
#2540 = CARTESIAN_POINT ( 'NONE',  ( 2.274990054444293800, 1.358761334385384800, 1.659999999999999900 ) ) ;
#2541 = DIRECTION ( 'NONE',  ( 1.000000000000000000, -0.0000000000000000000, -0.0000000000000000000 ) ) ;
#2542 = DIRECTION ( 'NONE',  ( -0.3283461648125325400, 0.9445574604294337800, -0.0000000000000000000 ) ) ;
#2543 = ORIENTED_EDGE ( 'NONE', *, *, #11149, .F. ) ;
#2544 = SURFACE_STYLE_FILL_AREA ( #8008 ) ;
#2545 = VECTOR ( 'NONE', #8763, 1000.000000000000000 ) ;
#2546 = ADVANCED_FACE ( 'NONE', ( #5847 ), #3066, .T. ) ;
#2547 = DIRECTION ( 'NONE',  ( -0.0000000000000000000, 1.000000000000000000, -0.0000000000000000000 ) ) ;
#2548 = PLANE ( 'NONE',  #576 ) ;
#2549 = DIRECTION ( 'NONE',  ( -1.000000000000000000, 0.0000000000000000000, 0.0000000000000000000 ) ) ;
#2550 =( LENGTH_UNIT ( ) NAMED_UNIT ( * ) SI_UNIT ( .MILLI., .METRE. ) );
#2551 = VECTOR ( 'NONE', #5718, 1000.000000000000200 ) ;
#2552 = DIRECTION ( 'NONE',  ( -0.0000000000000000000, -0.0000000000000000000, -1.000000000000000000 ) ) ;
#2553 = CARTESIAN_POINT ( 'NONE',  ( 2.640284027777977500, 1.268985197321233400, 1.659999999999999900 ) ) ;
#2554 = EDGE_CURVE ( 'NONE', #7668, #10817, #10080, .T. ) ;
#2555 = ORIENTED_EDGE ( 'NONE', *, *, #1065, .F. ) ;
#2556 = VECTOR ( 'NONE', #4949, 1000.000000000000000 ) ;
#2557 = VECTOR ( 'NONE', #4515, 1000.000000000000000 ) ;
#2558 = CARTESIAN_POINT ( 'NONE',  ( 2.404967981054142400, 1.139007270710988600, 1.659999999999999900 ) ) ;
#2559 = ORIENTED_EDGE ( 'NONE', *, *, #7006, .T. ) ;
#2560 = ORIENTED_EDGE ( 'NONE', *, *, #11147, .T. ) ;
#2561 = SURFACE_STYLE_USAGE ( .BOTH. , #665 ) ;
#2562 = ORIENTED_EDGE ( 'NONE', *, *, #11116, .T. ) ;
#2563 = DIRECTION ( 'NONE',  ( 1.000000000000000000, 7.646963822077118900E-016, -4.336808689942016900E-015 ) ) ;
#2564 = CARTESIAN_POINT ( 'NONE',  ( 2.296269887327012900, 1.464512082837735600, 1.659999999999999900 ) ) ;
#2565 = CARTESIAN_POINT ( 'NONE',  ( 2.648831329074791800, 1.210922495411777400, 1.659999999999999900 ) ) ;
#2566 = B_SPLINE_SURFACE_WITH_KNOTS ( 'NONE', 3, 1, ( 
 ( #758, #8733 ),
 ( #6943, #3356 ),
 ( #6901, #7833 ),
 ( #8659, #3400 ) ),
 .UNSPECIFIED., .F., .F., .F.,
 ( 4, 4 ),
 ( 2, 2 ),
 ( 5.000000000000000000, 6.000000000000000000 ),
 ( 0.0000000000000000000, 1.000000000000000000 ),
 .UNSPECIFIED. ) ;
#2567 = VECTOR ( 'NONE', #455, 1000.000000000000000 ) ;
#2568 = CIRCLE ( 'NONE', #527, 0.2999999999999999300 ) ;
#2569 = ORIENTED_EDGE ( 'NONE', *, *, #8088, .F. ) ;
#2570 = VERTEX_POINT ( 'NONE', #9078 ) ;
#2571 = CARTESIAN_POINT ( 'NONE',  ( 1.554153906192529600, 1.307738224431207900, 1.649999999999999900 ) ) ;
#2572 = FACE_OUTER_BOUND ( 'NONE', #2726, .T. ) ;
#2573 = CARTESIAN_POINT ( 'NONE',  ( 2.975150518713304500, 1.723631294014524900, 1.567364817766693000 ) ) ;
#2574 = VERTEX_POINT ( 'NONE', #8267 ) ;
#2575 = ADVANCED_FACE ( 'NONE', ( #549, #2985, #5271, #7918, #1894, #10895, #3106, #8057, #3364, #6248, #804, #7225, #3637, #8334 ), #8299, .F. ) ;
#2576 = CARTESIAN_POINT ( 'NONE',  ( -1.400000000000000100, -1.399999999999999700, -1.750000000000000000 ) ) ;
#2577 = EDGE_CURVE ( 'NONE', #3785, #7118, #2832, .T. ) ;
#2578 = PRESENTATION_LAYER_ASSIGNMENT (  '', '', ( #6213 ) ) ;
#2579 = CARTESIAN_POINT ( 'NONE',  ( 2.552924713839388500, 1.177794334525312100, 1.659999999999999900 ) ) ;
#2580 = LINE ( 'NONE', #8122, #130 ) ;
#2581 = VERTEX_POINT ( 'NONE', #9941 ) ;
#2582 =( NAMED_UNIT ( * ) PLANE_ANGLE_UNIT ( ) SI_UNIT ( $, .RADIAN. ) );
#2583 = DIRECTION ( 'NONE',  ( -4.336808689942015400E-015, 1.000000000000000000, 0.0000000000000000000 ) ) ;
#2584 = EDGE_LOOP ( 'NONE', ( #2427, #7185, #1528, #1977 ) ) ;
#2585 = VECTOR ( 'NONE', #9328, 1000.000000000000000 ) ;
#2586 = ORIENTED_EDGE ( 'NONE', *, *, #8658, .T. ) ;
#2587 = PLANE ( 'NONE',  #1923 ) ;
#2588 = CARTESIAN_POINT ( 'NONE',  ( 2.349204208458616400, 1.233381266403778900, 1.659999999999999900 ) ) ;
#2589 = EDGE_CURVE ( 'NONE', #3386, #3054, #2074, .T. ) ;
#2590 = VECTOR ( 'NONE', #5161, 1000.000000000000000 ) ;
#2591 = CARTESIAN_POINT ( 'NONE',  ( 2.428605690156604900, 1.177971175241589600, 1.659999999999999900 ) ) ;
#2592 = ORIENTED_EDGE ( 'NONE', *, *, #2364, .T. ) ;
#2593 = AXIS2_PLACEMENT_3D ( 'NONE', #8845, #8920, #4528 ) ;
#2594 = CARTESIAN_POINT ( 'NONE',  ( 2.399279604674362500, 1.140186208821061000, 1.659999999999999900 ) ) ;
#2595 = PRESENTATION_LAYER_ASSIGNMENT (  '', '', ( #4819 ) ) ;
#2596 = CARTESIAN_POINT ( 'NONE',  ( 2.233609326788925200, 1.177794334525310800, 1.659999999999999900 ) ) ;
#2597 = VERTEX_POINT ( 'NONE', #6470 ) ;
#2598 = CARTESIAN_POINT ( 'NONE',  ( 1.986993681418870400, 1.424145875142862600, 1.649999999999999900 ) ) ;
#2599 = ORIENTED_EDGE ( 'NONE', *, *, #587, .F. ) ;
#2600 = CARTESIAN_POINT ( 'NONE',  ( 1.814021717023177400, 1.160179249949178800, 1.659999999999999900 ) ) ;
#2601 = CARTESIAN_POINT ( 'NONE',  ( 2.601526437417155200, 1.405270442818999500, 1.659999999999999900 ) ) ;
#2602 = DIRECTION ( 'NONE',  ( 0.0000000000000000000, -1.000000000000000000, 0.0000000000000000000 ) ) ;
#2603 = LINE ( 'NONE', #7767, #827 ) ;
#2604 = FILL_AREA_STYLE_COLOUR ( '', #4950 ) ;
#2605 = ORIENTED_EDGE ( 'NONE', *, *, #1443, .F. ) ;
#2606 = ORIENTED_EDGE ( 'NONE', *, *, #437, .T. ) ;
#2608 = FACE_OUTER_BOUND ( 'NONE', #7719, .T. ) ;
#2607 = PLANE ( 'NONE',  #2963 ) ;
#2609 = ADVANCED_FACE ( 'NONE', ( #6952 ), #8189, .F. ) ;
#2610 = VERTEX_POINT ( 'NONE', #10899 ) ;
#2611 = EDGE_CURVE ( 'NONE', #10831, #7152, #10885, .T. ) ;
#2612 = B_SPLINE_CURVE_WITH_KNOTS ( 'NONE', 3,
 ( #1642, #694, #6791, #1568 ),
 .UNSPECIFIED., .F., .F.,
 ( 4, 4 ),
 ( 1.000000000000000000, 2.000000000000000000 ),
 .UNSPECIFIED. ) ;
#2613 = ORIENTED_EDGE ( 'NONE', *, *, #7052, .T. ) ;
#2614 = EDGE_CURVE ( 'NONE', #2654, #7148, #1120, .T. ) ;
#2615 = DIRECTION ( 'NONE',  ( -0.0000000000000000000, 1.000000000000000000, 0.0000000000000000000 ) ) ;
#2616 = ORIENTED_EDGE ( 'NONE', *, *, #1936, .T. ) ;
#2617 =( GEOMETRIC_REPRESENTATION_CONTEXT ( 3 ) GLOBAL_UNCERTAINTY_ASSIGNED_CONTEXT ( ( #9893 ) ) GLOBAL_UNIT_ASSIGNED_CONTEXT ( ( #6055, #3372, #1432 ) ) REPRESENTATION_CONTEXT ( 'NONE', 'WORKASPACE' ) );
#2618 = CARTESIAN_POINT ( 'NONE',  ( 2.371721926356827200, 1.250299028280348100, 1.659999999999999900 ) ) ;
#2619 = DIRECTION ( 'NONE',  ( 0.0000000000000000000, -1.000000000000000000, 0.0000000000000000000 ) ) ;
#2620 =( NAMED_UNIT ( * ) SI_UNIT ( $, .STERADIAN. ) SOLID_ANGLE_UNIT ( ) );
#2621 = ORIENTED_EDGE ( 'NONE', *, *, #1132, .T. ) ;
#2622 =( BOUNDED_CURVE ( )  B_SPLINE_CURVE ( 3, ( #11091, #2407, #5902, #7686 ),
 .UNSPECIFIED., .F., .F. ) 
 B_SPLINE_CURVE_WITH_KNOTS ( ( 4, 4 ),
 ( 5.512866274278618300, 7.053504340080554200 ),
 .UNSPECIFIED. ) 
 CURVE ( )  GEOMETRIC_REPRESENTATION_ITEM ( )  RATIONAL_B_SPLINE_CURVE ( ( 1.000000000000000000, 0.8117923620232512200, 0.8117923620232512200, 1.000000000000000000 ) ) 
 REPRESENTATION_ITEM ( '' )  );
#2623 = ORIENTED_EDGE ( 'NONE', *, *, #2537, .F. ) ;
#2624 = CARTESIAN_POINT ( 'NONE',  ( 1.705811788852312300, 1.438901777282389800, 1.649999999999999900 ) ) ;
#2625 = SURFACE_STYLE_FILL_AREA ( #7266 ) ;
#2626 = DIRECTION ( 'NONE',  ( 1.000000000000000000, 2.109575325578735300E-013, -0.0000000000000000000 ) ) ;
#2627 = CARTESIAN_POINT ( 'NONE',  ( 1.687776808641531200, 1.391355031883523100, 1.659999999999999900 ) ) ;
#2628 = CARTESIAN_POINT ( 'NONE',  ( 2.247432376126760700, 1.192472113992592200, 1.659999999999999900 ) ) ;
#2629 = B_SPLINE_CURVE_WITH_KNOTS ( 'NONE', 3,
 ( #9577, #10372, #877, #7763 ),
 .UNSPECIFIED., .F., .F.,
 ( 4, 4 ),
 ( 4.000000000000000000, 5.000000000000000000 ),
 .UNSPECIFIED. ) ;
#2630 = EDGE_CURVE ( 'NONE', #1825, #9805, #1995, .T. ) ;
#2631 = ORIENTED_EDGE ( 'NONE', *, *, #3921, .F. ) ;
#2632 = PLANE ( 'NONE',  #1249 ) ;
#2633 = VECTOR ( 'NONE', #3497, 1000.000000000000000 ) ;
#2634 = DIRECTION ( 'NONE',  ( -0.0000000000000000000, -0.0000000000000000000, -1.000000000000000000 ) ) ;
#2635 = DIRECTION ( 'NONE',  ( -0.0000000000000000000, -0.0000000000000000000, -1.000000000000000000 ) ) ;
#2636 = STYLED_ITEM ( 'NONE', ( #8333 ), #4254 ) ;
#2637 = CARTESIAN_POINT ( 'NONE',  ( 1.962400482521522200, 1.355285008919082900, 1.649999999999999900 ) ) ;
#2638 = ADVANCED_FACE ( 'NONE', ( #7908 ), #5704, .F. ) ;
#2639 = VERTEX_POINT ( 'NONE', #9373 ) ;
#2640 = CARTESIAN_POINT ( 'NONE',  ( 2.402109056137896800, 1.151916643013957600, 1.649999999999999900 ) ) ;
#2641 = EDGE_LOOP ( 'NONE', ( #7251, #6386, #3717, #3175 ) ) ;
#2642 =( NAMED_UNIT ( * ) SI_UNIT ( $, .STERADIAN. ) SOLID_ANGLE_UNIT ( ) );
#2643 = VECTOR ( 'NONE', #6894, 1000.000000000000000 ) ;
#2644 = CARTESIAN_POINT ( 'NONE',  ( 2.293676223485176200, 1.372024388120897300, 1.649999999999999900 ) ) ;
#2645 = CARTESIAN_POINT ( 'NONE',  ( 2.367772483688650500, 1.208682513002493000, 1.649999999999999900 ) ) ;
#2646 = CARTESIAN_POINT ( 'NONE',  ( 2.430315150415888900, 1.360706582266761400, 1.659999999999999900 ) ) ;
#2647 = CARTESIAN_POINT ( 'NONE',  ( -3.349999999999999200, -2.000000000000000000, 0.0000000000000000000 ) ) ;
#2648 = ORIENTED_EDGE ( 'NONE', *, *, #9418, .F. ) ;
#2649 = LINE ( 'NONE', #9071, #11094 ) ;
#2650 = CARTESIAN_POINT ( 'NONE',  ( 2.282476311441892200, 1.250299028280348100, 1.659999999999999900 ) ) ;
#2651 = DIRECTION ( 'NONE',  ( -1.000000000000000000, -0.0000000000000000000, -0.0000000000000000000 ) ) ;
#2652 = EDGE_LOOP ( 'NONE', ( #2242, #434, #8858, #4662, #11283, #9498, #4189, #11013, #2060, #6831, #4450, #1145 ) ) ;
#2653 = CARTESIAN_POINT ( 'NONE',  ( 2.242038734274099700, 1.384992707329286900, 1.659999999999999900 ) ) ;
#2654 = VERTEX_POINT ( 'NONE', #5745 ) ;
#2655 = DIRECTION ( 'NONE',  ( -1.000000000000000000, -0.0000000000000000000, -0.0000000000000000000 ) ) ;
#2656 = CARTESIAN_POINT ( 'NONE',  ( -1.399999999999999700, 1.500000000000000000, -1.779999999999999800 ) ) ;
#2657 = ORIENTED_EDGE ( 'NONE', *, *, #4535, .T. ) ;
#2658 = EDGE_CURVE ( 'NONE', #780, #10496, #2858, .T. ) ;
#2659 = CARTESIAN_POINT ( 'NONE',  ( 2.408534268836274100, 1.360706582266761400, 1.649999999999999900 ) ) ;
#2660 = PRESENTATION_LAYER_ASSIGNMENT (  '', '', ( #4597 ) ) ;
#2661 = AXIS2_PLACEMENT_3D ( 'NONE', #2955, #2215, #9272 ) ;
#2662 = CARTESIAN_POINT ( 'NONE',  ( 2.648713435263156100, 1.261734727945336600, 1.659999999999999900 ) ) ;
#2663 = ORIENTED_EDGE ( 'NONE', *, *, #4326, .T. ) ;
#2664 = VECTOR ( 'NONE', #4327, 1000.000000000000000 ) ;
#2665 = CARTESIAN_POINT ( 'NONE',  ( 1.699253601437190200, 1.204446901640478000, 1.649999999999999900 ) ) ;
#2666 = ADVANCED_FACE ( 'NONE', ( #3914, #11157 ), #7490, .F. ) ;
#2667 = CARTESIAN_POINT ( 'NONE',  ( 1.900097803712473400, 1.457756540691922400, 1.659999999999999900 ) ) ;
#2668 = ORIENTED_EDGE ( 'NONE', *, *, #7595, .F. ) ;
#2669 = LINE ( 'NONE', #1774, #9881 ) ;
#2670 = CARTESIAN_POINT ( 'NONE',  ( 2.346522124259034800, 1.360706582266758800, 1.649999999999999900 ) ) ;
#2671 = EDGE_CURVE ( 'NONE', #3394, #6846, #4720, .T. ) ;
#2672 = EDGE_CURVE ( 'NONE', #1257, #10888, #3235, .T. ) ;
#2673 = CARTESIAN_POINT ( 'NONE',  ( 3.073631294014526300, 1.625150518713304200, 1.567364817766693000 ) ) ;
#2674 = VECTOR ( 'NONE', #148, 1000.000000000000000 ) ;
#2675 = MECHANICAL_DESIGN_GEOMETRIC_PRESENTATION_REPRESENTATION (  '', ( #134 ), #3030 ) ;
#2676 = CARTESIAN_POINT ( 'NONE',  ( 2.975150518713304500, 1.625150518713304200, 1.550000000000000000 ) ) ;
#2677 = LINE ( 'NONE', #9449, #2403 ) ;
#2678 = DIRECTION ( 'NONE',  ( -1.504528414727653500E-014, 1.000000000000000000, 0.0000000000000000000 ) ) ;
#2679 = STYLED_ITEM ( 'NONE', ( #2696 ), #11206 ) ;
#2680 = VERTEX_POINT ( 'NONE', #9308 ) ;
#2681 = CIRCLE ( 'NONE', #5698, 0.2999999999999999300 ) ;
#2682 = DIRECTION ( 'NONE',  ( 0.0000000000000000000, 0.0000000000000000000, 1.000000000000000000 ) ) ;
#2683 = CARTESIAN_POINT ( 'NONE',  ( 2.530583836658234300, 1.360706582266761400, 1.649999999999999900 ) ) ;
#2684 = DIRECTION ( 'NONE',  ( 0.0000000000000000000, 0.9848077530122075800, 0.1736481776669330200 ) ) ;
#2685 = CARTESIAN_POINT ( 'NONE',  ( 2.495893582775650500, 1.451897445062682300, 1.649999999999999900 ) ) ;
#2686 = ORIENTED_EDGE ( 'NONE', *, *, #1462, .F. ) ;
#2687 = PRESENTATION_STYLE_ASSIGNMENT (( #5701 ) ) ;
#2688 = EDGE_CURVE ( 'NONE', #8131, #5454, #6237, .T. ) ;
#2689 = VERTEX_POINT ( 'NONE', #6592 ) ;
#2690 = DIRECTION ( 'NONE',  ( -0.0000000000000000000, -0.0000000000000000000, -1.000000000000000000 ) ) ;
#2691 = DIRECTION ( 'NONE',  ( -1.000000000000000000, 0.0000000000000000000, -0.0000000000000000000 ) ) ;
#2692 = B_SPLINE_CURVE_WITH_KNOTS ( 'NONE', 3,
 ( #7034, #10596, #7957, #7001 ),
 .UNSPECIFIED., .F., .F.,
 ( 4, 4 ),
 ( 4.000000000000000000, 5.000000000000000000 ),
 .UNSPECIFIED. ) ;
#2693 = ORIENTED_EDGE ( 'NONE', *, *, #7353, .T. ) ;
#2694 = AXIS2_PLACEMENT_3D ( 'NONE', #7801, #8736, #3360 ) ;
#2695 = CARTESIAN_POINT ( 'NONE',  ( 2.171597182211292900, 1.177794334525310800, 1.649999999999999900 ) ) ;
#2696 = PRESENTATION_STYLE_ASSIGNMENT (( #6605 ) ) ;
#2697 = ORIENTED_EDGE ( 'NONE', *, *, #6989, .T. ) ;
#2698 = SURFACE_SIDE_STYLE ('',( #1574 ) ) ;
#2699 = ORIENTED_EDGE ( 'NONE', *, *, #9402, .F. ) ;
#2700 = LINE ( 'NONE', #933, #3230 ) ;
#2701 = ORIENTED_EDGE ( 'NONE', *, *, #9533, .F. ) ;
#2702 = CARTESIAN_POINT ( 'NONE',  ( 2.255478628726285400, 1.240337001251763800, 1.659999999999999900 ) ) ;
#2703 = DIRECTION ( 'NONE',  ( -0.0000000000000000000, -0.0000000000000000000, -1.000000000000000000 ) ) ;
#2704 = LINE ( 'NONE', #9839, #4871 ) ;
#2705 = VECTOR ( 'NONE', #1498, 1000.000000000000000 ) ;
#2706 = AXIS2_PLACEMENT_3D ( 'NONE', #9989, #10826, #8378 ) ;
#2707 = DIRECTION ( 'NONE',  ( 0.3315284183504325100, 0.9434452330824829600, -0.0000000000000000000 ) ) ;
#2708 = ORIENTED_EDGE ( 'NONE', *, *, #5384, .T. ) ;
#2709 = CARTESIAN_POINT ( 'NONE',  ( 2.580777126684044500, 1.455080577959553000, 1.649999999999999900 ) ) ;
#2710 = CARTESIAN_POINT ( 'NONE',  ( -3.314734603858306100, 0.7000000000000000700, -0.2000000000000000400 ) ) ;
#2711 = ORIENTED_EDGE ( 'NONE', *, *, #5508, .F. ) ;
#2712 = VECTOR ( 'NONE', #10204, 1000.000000000000000 ) ;
#2713 = ADVANCED_FACE ( 'NONE', ( #4043 ), #10245, .F. ) ;
#2714 = CARTESIAN_POINT ( 'NONE',  ( 2.607008499627946600, 1.279831427931971400, 1.659999999999999900 ) ) ;
#2715 = EDGE_LOOP ( 'NONE', ( #10610, #2022, #10595, #8888, #8018, #917, #9454 ) ) ;
#2716 = EDGE_CURVE ( 'NONE', #2039, #7655, #3731, .T. ) ;
#2717 = DIRECTION ( 'NONE',  ( 0.0000000000000000000, -0.0000000000000000000, -1.000000000000000000 ) ) ;
#2718 = DIRECTION ( 'NONE',  ( 1.504528414727653200E-014, -1.000000000000000000, -0.0000000000000000000 ) ) ;
#2719 = DIRECTION ( 'NONE',  ( 0.0000000000000000000, 1.000000000000000000, 0.0000000000000000000 ) ) ;
#2720 = STYLED_ITEM ( 'NONE', ( #6054 ), #7688 ) ;
#2721 = ORIENTED_EDGE ( 'NONE', *, *, #8282, .T. ) ;
#2722 = CARTESIAN_POINT ( 'NONE',  ( 2.237116667665630200, 1.416175620334375400, 1.649999999999999900 ) ) ;
#2723 = DIRECTION ( 'NONE',  ( 0.0000000000000000000, -0.0000000000000000000, -1.000000000000000000 ) ) ;
#2724 = CARTESIAN_POINT ( 'NONE',  ( 2.365326187110767800, 1.224480283674417500, 1.659999999999999900 ) ) ;
#2725 = VECTOR ( 'NONE', #528, 1000.000000000000000 ) ;
#2726 = EDGE_LOOP ( 'NONE', ( #8227, #5791, #10193, #9810 ) ) ;
#2727 = LINE ( 'NONE', #2520, #5574 ) ;
#2728 = ORIENTED_EDGE ( 'NONE', *, *, #8647, .T. ) ;
#2729 = ORIENTED_EDGE ( 'NONE', *, *, #7808, .T. ) ;
#2730 = CARTESIAN_POINT ( 'NONE',  ( 1.789428549397271500, 1.457756540691922400, 1.659999999999999900 ) ) ;
#2731 = ORIENTED_EDGE ( 'NONE', *, *, #4981, .T. ) ;
#2732 = EDGE_CURVE ( 'NONE', #6613, #1677, #10686, .T. ) ;
#2733 = EDGE_CURVE ( 'NONE', #7294, #9667, #8323, .T. ) ;
#2734 = CARTESIAN_POINT ( 'NONE',  ( 1.900097803712473400, 1.457756540691922400, 1.649999999999999900 ) ) ;
#2735 = AXIS2_PLACEMENT_3D ( 'NONE', #8480, #10361, #8548 ) ;
#2736 = CARTESIAN_POINT ( 'NONE',  ( 2.342513734685435000, 1.255486355963231400, 1.659999999999999900 ) ) ;
#2737 = ORIENTED_EDGE ( 'NONE', *, *, #3170, .T. ) ;
#2738 = ORIENTED_EDGE ( 'NONE', *, *, #4906, .T. ) ;
#2739 = CARTESIAN_POINT ( 'NONE',  ( 2.273133226921448800, 1.215579300945054200, 1.659999999999999900 ) ) ;
#2740 = VERTEX_POINT ( 'NONE', #10137 ) ;
#2741 = EDGE_LOOP ( 'NONE', ( #712, #8446, #3107, #5313 ) ) ;
#2742 = FILL_AREA_STYLE_COLOUR ( '', #7384 ) ;
#2743 = DIRECTION ( 'NONE',  ( 0.0000000000000000000, 0.0000000000000000000, 1.000000000000000000 ) ) ;
#2744 = SURFACE_SIDE_STYLE ('',( #8313 ) ) ;
#2745 = DIRECTION ( 'NONE',  ( 0.9903286039881281600, 0.1387416884823198000, 0.0000000000000000000 ) ) ;
#2746 = VERTEX_POINT ( 'NONE', #3147 ) ;
#2747 = UNCERTAINTY_MEASURE_WITH_UNIT (LENGTH_MEASURE( 1.000000000000000100E-005 ), #6295, 'distance_accuracy_value', 'NONE');
#2748 = EDGE_CURVE ( 'NONE', #302, #8612, #4443, .T. ) ;
#2749 = SURFACE_SIDE_STYLE ('',( #317 ) ) ;
#2750 = DIRECTION ( 'NONE',  ( -2.256792622091522700E-014, 1.000000000000000000, 0.0000000000000000000 ) ) ;
#2751 = ORIENTED_EDGE ( 'NONE', *, *, #7288, .T. ) ;
#2752 = CARTESIAN_POINT ( 'NONE',  ( 2.264851186699830900, 1.451720604346405500, 1.649999999999999900 ) ) ;
#2753 = VERTEX_POINT ( 'NONE', #11086 ) ;
#2754 = CARTESIAN_POINT ( 'NONE',  ( 2.264880660152540900, 1.472293074363239900, 1.649999999999999900 ) ) ;
#2755 =( NAMED_UNIT ( * ) SI_UNIT ( $, .STERADIAN. ) SOLID_ANGLE_UNIT ( ) );
#2756 = B_SPLINE_CURVE_WITH_KNOTS ( 'NONE', 3,
 ( #5685, #9062, #8250, #6499 ),
 .UNSPECIFIED., .F., .F.,
 ( 4, 4 ),
 ( 3.000000000000000000, 4.000000000000000000 ),
 .UNSPECIFIED. ) ;
#2757 = CARTESIAN_POINT ( 'NONE',  ( 2.371721926356827200, 1.250299028280348100, 1.659999999999999900 ) ) ;
#2758 = EDGE_LOOP ( 'NONE', ( #3260, #5396, #7110, #1789 ) ) ;
#2759 = EDGE_CURVE ( 'NONE', #10988, #9759, #270, .T. ) ;
#2760 = EDGE_LOOP ( 'NONE', ( #10538, #4083, #5537, #8718 ) ) ;
#2761 = EDGE_CURVE ( 'NONE', #3739, #4219, #4588, .T. ) ;
#2762 = CARTESIAN_POINT ( 'NONE',  ( 2.272602704771839100, 1.250299028280348100, 1.649999999999999900 ) ) ;
#2763 = ADVANCED_FACE ( 'NONE', ( #10484 ), #6521, .T. ) ;
#2764 =( LENGTH_UNIT ( ) NAMED_UNIT ( * ) SI_UNIT ( .MILLI., .METRE. ) );
#2765 = VECTOR ( 'NONE', #5289, 1000.000000000000000 ) ;
#2766 = STYLED_ITEM ( 'NONE', ( #5246 ), #5116 ) ;
#2767 = DIRECTION ( 'NONE',  ( 1.000000000000000000, 0.0000000000000000000, 0.0000000000000000000 ) ) ;
#2768 = VERTEX_POINT ( 'NONE', #11162 ) ;
#2769 = CARTESIAN_POINT ( 'NONE',  ( 2.506798760291815100, 1.460739480886619200, 1.659999999999999900 ) ) ;
#2770 = CARTESIAN_POINT ( 'NONE',  ( 1.554153906192529600, 1.307738224431207900, 1.649999999999999900 ) ) ;
#2771 = ORIENTED_EDGE ( 'NONE', *, *, #8306, .T. ) ;
#2772 = CARTESIAN_POINT ( 'NONE',  ( 2.662772272223479700, 1.267629418494891100, 1.659999999999999900 ) ) ;
#2773 = CARTESIAN_POINT ( 'NONE',  ( 3.251519224698779600, 2.000000000000000000, 0.0000000000000000000 ) ) ;
#2774 = LINE ( 'NONE', #5906, #2387 ) ;
#2775 = VERTEX_POINT ( 'NONE', #9414 ) ;
#2776 = CARTESIAN_POINT ( 'NONE',  ( 2.323444410758892100, 1.457674241801383900, 1.649999999999999900 ) ) ;
#2777 = ORIENTED_EDGE ( 'NONE', *, *, #2518, .T. ) ;
#2778 = ORIENTED_EDGE ( 'NONE', *, *, #5250, .T. ) ;
#2779 = AXIS2_PLACEMENT_3D ( 'NONE', #1268, #446, #10061 ) ;
#2780 = ORIENTED_EDGE ( 'NONE', *, *, #4488, .T. ) ;
#2781 = FILL_AREA_STYLE ('',( #1955 ) ) ;
#2782 = LINE ( 'NONE', #5502, #8410 ) ;
#2783 = DIRECTION ( 'NONE',  ( 0.0000000000000000000, 1.000000000000000000, 0.0000000000000000000 ) ) ;
#2784 = CARTESIAN_POINT ( 'NONE',  ( 2.278998444017893600, 1.477951977290310700, 1.649999999999999900 ) ) ;
#2785 = CARTESIAN_POINT ( 'NONE',  ( 2.606419030573703800, 1.177794334525313200, 1.659999999999999900 ) ) ;
#2786 = EDGE_CURVE ( 'NONE', #9936, #10793, #670, .T. ) ;
#2787 = EDGE_CURVE ( 'NONE', #7931, #7636, #6675, .T. ) ;
#2788 = COLOUR_RGB ( '',0.2980392156862745100, 0.2980392156862745100, 0.2980392156862745100 ) ;
#2789 = MECHANICAL_DESIGN_GEOMETRIC_PRESENTATION_REPRESENTATION (  '', ( #9603 ), #8089 ) ;
#2790 = LINE ( 'NONE', #9145, #9487 ) ;
#2791 = CYLINDRICAL_SURFACE ( 'NONE', #2112, 0.2999999999999999300 ) ;
#2792 = AXIS2_PLACEMENT_3D ( 'NONE', #4354, #10485, #63 ) ;
#2793 = B_SPLINE_SURFACE_WITH_KNOTS ( 'NONE', 3, 1, ( 
 ( #3607, #10640 ),
 ( #9726, #4480 ),
 ( #1117, #1878 ),
 ( #8117, #218 ) ),
 .UNSPECIFIED., .F., .F., .F.,
 ( 4, 4 ),
 ( 2, 2 ),
 ( 7.000000000000000000, 8.000000000000000000 ),
 ( 0.0000000000000000000, 1.000000000000000000 ),
 .UNSPECIFIED. ) ;
#2794 = DIRECTION ( 'NONE',  ( -0.0000000000000000000, -0.0000000000000000000, -1.000000000000000000 ) ) ;
#2795 = CARTESIAN_POINT ( 'NONE',  ( 2.288872050687554200, 1.189937397056181500, 1.649999999999999900 ) ) ;
#2796 = SURFACE_STYLE_USAGE ( .BOTH. , #5292 ) ;
#2797 =( NAMED_UNIT ( * ) PLANE_ANGLE_UNIT ( ) SI_UNIT ( $, .RADIAN. ) );
#2798 = CARTESIAN_POINT ( 'NONE',  ( 2.422268897815973400, 1.162998661246394100, 1.659999999999999900 ) ) ;
#2799 = SURFACE_SIDE_STYLE ('',( #8979 ) ) ;
#2800 = ORIENTED_EDGE ( 'NONE', *, *, #9979, .T. ) ;
#2801 = LINE ( 'NONE', #5359, #1997 ) ;
#2802 = SURFACE_STYLE_FILL_AREA ( #5318 ) ;
#2803 = LINE ( 'NONE', #10323, #10460 ) ;
#2804 = CARTESIAN_POINT ( 'NONE',  ( 2.607597968682981500, 1.293094481667487600, 1.649999999999999900 ) ) ;
#2805 = EDGE_CURVE ( 'NONE', #1683, #1212, #8990, .T. ) ;
#2806 = EDGE_CURVE ( 'NONE', #5175, #11160, #3779, .T. ) ;
#2807 =( GEOMETRIC_REPRESENTATION_CONTEXT ( 3 ) GLOBAL_UNCERTAINTY_ASSIGNED_CONTEXT ( ( #1435 ) ) GLOBAL_UNIT_ASSIGNED_CONTEXT ( ( #5811, #4036, #6620 ) ) REPRESENTATION_CONTEXT ( 'NONE', 'WORKASPACE' ) );
#2808 = LINE ( 'NONE', #9581, #9246 ) ;
#2809 = CARTESIAN_POINT ( 'NONE',  ( 2.263377514062249000, 1.208977247530403300, 1.659999999999999900 ) ) ;
#2810 = EDGE_LOOP ( 'NONE', ( #8792, #3654, #1898, #164 ) ) ;
#2811 = VECTOR ( 'NONE', #8855, 1000.000000000000000 ) ;
#2812 = VECTOR ( 'NONE', #3279, 1000.000000000000000 ) ;
#2813 = LINE ( 'NONE', #9995, #9648 ) ;
#2814 = EDGE_LOOP ( 'NONE', ( #4516, #4338, #3429, #1793 ) ) ;
#2815 = ADVANCED_FACE ( 'NONE', ( #1882 ), #9484, .F. ) ;
#2816 = VERTEX_POINT ( 'NONE', #757 ) ;
#2817 = B_SPLINE_CURVE_WITH_KNOTS ( 'NONE', 3,
 ( #4160, #11055, #5041, #3187 ),
 .UNSPECIFIED., .F., .F.,
 ( 4, 4 ),
 ( 4.000000000000000000, 5.000000000000000000 ),
 .UNSPECIFIED. ) ;
#2818 = ORIENTED_EDGE ( 'NONE', *, *, #6269, .T. ) ;
#2819 = CARTESIAN_POINT ( 'NONE',  ( 3.314734603858307900, 0.7000000000000000700, -0.2000000000000000400 ) ) ;
#2820 = VECTOR ( 'NONE', #3721, 1000.000000000000000 ) ;
#2821 = CARTESIAN_POINT ( 'NONE',  ( -3.650000000000000400, 0.6999999999999999600, -1.679999999999999700 ) ) ;
#2822 = CARTESIAN_POINT ( 'NONE',  ( 1.732044507240587200, 1.288063724729499300, 1.649999999999999900 ) ) ;
#2823 = EDGE_CURVE ( 'NONE', #9190, #1808, #1749, .T. ) ;
#2824 = FACE_OUTER_BOUND ( 'NONE', #5286, .T. ) ;
#2825 = VECTOR ( 'NONE', #8132, 1000.000000000000000 ) ;
#2826 = ORIENTED_EDGE ( 'NONE', *, *, #7224, .T. ) ;
#2827 = CARTESIAN_POINT ( 'NONE',  ( 2.349204208458616400, 1.233381266403778900, 1.649999999999999900 ) ) ;
#2828 = ORIENTED_EDGE ( 'NONE', *, *, #10124, .F. ) ;
#2829 = UNCERTAINTY_MEASURE_WITH_UNIT (LENGTH_MEASURE( 1.000000000000000100E-005 ), #10417, 'distance_accuracy_value', 'NONE');
#2830 = ORIENTED_EDGE ( 'NONE', *, *, #9614, .F. ) ;
#2831 = FILL_AREA_STYLE_COLOUR ( '', #1174 ) ;
#2832 = CIRCLE ( 'NONE', #5568, 0.09999999999999982500 ) ;
#2833 = VERTEX_POINT ( 'NONE', #6864 ) ;
#2834 = FILL_AREA_STYLE_COLOUR ( '', #1835 ) ;
#2835 = ORIENTED_EDGE ( 'NONE', *, *, #4455, .T. ) ;
#2836 =( NAMED_UNIT ( * ) SI_UNIT ( $, .STERADIAN. ) SOLID_ANGLE_UNIT ( ) );
#2837 = ORIENTED_EDGE ( 'NONE', *, *, #6434, .F. ) ;
#2838 = PRESENTATION_STYLE_ASSIGNMENT (( #9940 ) ) ;
#2839 = CARTESIAN_POINT ( 'NONE',  ( 2.421237326969862400, 1.139007270710988600, 1.649999999999999900 ) ) ;
#2840 = DIRECTION ( 'NONE',  ( -0.3409177962187370800, -0.9400931103999005100, -0.0000000000000000000 ) ) ;
#2841 = VECTOR ( 'NONE', #3778, 1000.000000000000200 ) ;
#2842 = VERTEX_POINT ( 'NONE', #1635 ) ;
#2843 = VECTOR ( 'NONE', #8853, 1000.000000000000000 ) ;
#2844 = CARTESIAN_POINT ( 'NONE',  ( 2.505796662898825300, 1.242930665093601600, 1.659999999999999900 ) ) ;
#2845 = EDGE_LOOP ( 'NONE', ( #3300, #6073, #5003, #4053 ) ) ;
#2846 = CARTESIAN_POINT ( 'NONE',  ( 2.496217790756276600, 1.385876910911449000, 1.649999999999999900 ) ) ;
#2847 = CARTESIAN_POINT ( 'NONE',  ( 2.379502917881548100, 1.182392193153162000, 1.649999999999999900 ) ) ;
#2848 = DIRECTION ( 'NONE',  ( -0.0000000000000000000, 0.0000000000000000000, -1.000000000000000000 ) ) ;
#2849 = SURFACE_STYLE_FILL_AREA ( #9747 ) ;
#2850 = ORIENTED_EDGE ( 'NONE', *, *, #5145, .T. ) ;
#2851 = ORIENTED_EDGE ( 'NONE', *, *, #7567, .T. ) ;
#2852 = CARTESIAN_POINT ( 'NONE',  ( 1.814021717023177400, 1.213464446471775200, 1.659999999999999900 ) ) ;
#2853 = EDGE_CURVE ( 'NONE', #7359, #698, #4316, .T. ) ;
#2854 = ORIENTED_EDGE ( 'NONE', *, *, #6365, .F. ) ;
#2855 = CARTESIAN_POINT ( 'NONE',  ( 2.490912569261756200, 1.177794334525312100, 1.659999999999999900 ) ) ;
#2856 = ORIENTED_EDGE ( 'NONE', *, *, #8629, .F. ) ;
#2857 = CARTESIAN_POINT ( 'NONE',  ( 1.651706824766879400, 1.440541320226799100, 1.659999999999999900 ) ) ;
#2858 = B_SPLINE_CURVE_WITH_KNOTS ( 'NONE', 3,
 ( #7599, #7639, #1457, #1424 ),
 .UNSPECIFIED., .F., .F.,
 ( 4, 4 ),
 ( 2.000000000000000000, 3.000000000000000000 ),
 .UNSPECIFIED. ) ;
#2859 = CARTESIAN_POINT ( 'NONE',  ( -3.349999999999999200, 1.901519224698779500, 0.0000000000000000000 ) ) ;
#2860 = CARTESIAN_POINT ( 'NONE',  ( 2.547030023289847300, 1.229726558263511300, 1.659999999999999900 ) ) ;
#2861 = AXIS2_PLACEMENT_3D ( 'NONE', #6271, #7243, #1094 ) ;
#2862 = ORIENTED_EDGE ( 'NONE', *, *, #8434, .T. ) ;
#2863 = CARTESIAN_POINT ( 'NONE',  ( 1.699253601437190200, 1.222481897486788400, 1.649999999999999900 ) ) ;
#2864 = ORIENTED_EDGE ( 'NONE', *, *, #5711, .T. ) ;
#2865 = CARTESIAN_POINT ( 'NONE',  ( 2.298775130810321300, 1.190526866111214900, 1.659999999999999900 ) ) ;
#2866 = ORIENTED_EDGE ( 'NONE', *, *, #6227, .F. ) ;
#2867 = B_SPLINE_SURFACE_WITH_KNOTS ( 'NONE', 3, 1, ( 
 ( #6377, #2082 ),
 ( #5442, #9139 ),
 ( #1160, #8204 ),
 ( #2046, #8160 ) ),
 .UNSPECIFIED., .F., .F., .F.,
 ( 4, 4 ),
 ( 2, 2 ),
 ( 15.00000000000000000, 16.00000000000000000 ),
 ( 0.0000000000000000000, 1.000000000000000000 ),
 .UNSPECIFIED. ) ;
#2868 = CARTESIAN_POINT ( 'NONE',  ( 2.299158285695976900, 1.230139186602273700, 1.649999999999999900 ) ) ;
#2869 = CIRCLE ( 'NONE', #8663, 0.1000000000000000500 ) ;
#2870 = FILL_AREA_STYLE_COLOUR ( '', #5008 ) ;
#2871 = EDGE_CURVE ( 'NONE', #10166, #5042, #5477, .T. ) ;
#2872 = EDGE_CURVE ( 'NONE', #2039, #8542, #9930, .T. ) ;
#2873 = ADVANCED_FACE ( 'NONE', ( #937 ), #1484, .T. ) ;
#2874 = SURFACE_SIDE_STYLE ('',( #6900 ) ) ;
#2875 =( GEOMETRIC_REPRESENTATION_CONTEXT ( 3 ) GLOBAL_UNCERTAINTY_ASSIGNED_CONTEXT ( ( #7526 ) ) GLOBAL_UNIT_ASSIGNED_CONTEXT ( ( #8521, #10413, #3265 ) ) REPRESENTATION_CONTEXT ( 'NONE', 'WORKASPACE' ) );
#2876 = DIRECTION ( 'NONE',  ( -1.000000000000000000, -0.0000000000000000000, -0.0000000000000000000 ) ) ;
#2877 = CARTESIAN_POINT ( 'NONE',  ( -3.349999999999999200, -2.000000000000000000, 0.0000000000000000000 ) ) ;
#2878 = CARTESIAN_POINT ( 'NONE',  ( 1.592683224029476400, 1.401192250462541100, 1.649999999999999900 ) ) ;
#2879 = CARTESIAN_POINT ( 'NONE',  ( 1.749259696433483200, 1.172475771218660200, 1.649999999999999900 ) ) ;
#2880 = EDGE_LOOP ( 'NONE', ( #1436, #7335, #9061, #4897 ) ) ;
#2881 = COLOUR_RGB ( '',1.000000000000000000, 1.000000000000000000, 1.000000000000000000 ) ;
#2882 =( NAMED_UNIT ( * ) PLANE_ANGLE_UNIT ( ) SI_UNIT ( $, .RADIAN. ) );
#2883 = SURFACE_SIDE_STYLE ('',( #10757 ) ) ;
#2884 = CARTESIAN_POINT ( 'NONE',  ( 2.274754266822200900, 1.226720266083703300, 1.659999999999999900 ) ) ;
#2885 = ORIENTED_EDGE ( 'NONE', *, *, #3249, .F. ) ;
#2886 = EDGE_CURVE ( 'NONE', #4847, #725, #6661, .T. ) ;
#2887 = CARTESIAN_POINT ( 'NONE',  ( 2.727938076245265200, 1.271873595690193900, 1.659999999999999900 ) ) ;
#2888 = ORIENTED_EDGE ( 'NONE', *, *, #10026, .F. ) ;
#2889 = DIRECTION ( 'NONE',  ( 1.000000000000000000, 0.0000000000000000000, 0.0000000000000000000 ) ) ;
#2890 = ORIENTED_EDGE ( 'NONE', *, *, #3012, .T. ) ;
#2891 = DIRECTION ( 'NONE',  ( -1.000000000000000000, -7.051575668943865100E-014, 0.0000000000000000000 ) ) ;
#2892 = CARTESIAN_POINT ( 'NONE',  ( 2.547030023289829100, 1.360706582266761400, 1.659999999999999900 ) ) ;
#2893 = CARTESIAN_POINT ( 'NONE',  ( 2.268476421387386900, 1.213928787591585400, 1.649999999999999900 ) ) ;
#2894 = CARTESIAN_POINT ( 'NONE',  ( 2.355511527346536600, 1.175849086643933900, 1.659999999999999900 ) ) ;
#2895 = CARTESIAN_POINT ( 'NONE',  ( 2.272956386204780400, 1.460267905642432800, 1.649999999999999900 ) ) ;
#2896 = DIRECTION ( 'NONE',  ( 1.504528414727667400E-014, -1.000000000000000000, -0.0000000000000000000 ) ) ;
#2897 = VECTOR ( 'NONE', #2703, 1000.000000000000000 ) ;
#2898 = ORIENTED_EDGE ( 'NONE', *, *, #3355, .F. ) ;
#2899 = EDGE_CURVE ( 'NONE', #8352, #2523, #6379, .T. ) ;
#2900 = DIRECTION ( 'NONE',  ( 0.0000000000000000000, 0.0000000000000000000, -1.000000000000000000 ) ) ;
#2901 = ORIENTED_EDGE ( 'NONE', *, *, #4256, .F. ) ;
#2902 = DIRECTION ( 'NONE',  ( -0.0000000000000000000, -0.0000000000000000000, -1.000000000000000000 ) ) ;
#2903 = AXIS2_PLACEMENT_3D ( 'NONE', #8560, #5088, #8708 ) ;
#2904 = LINE ( 'NONE', #8185, #626 ) ;
#2905 = DIRECTION ( 'NONE',  ( -0.0000000000000000000, -0.0000000000000000000, -1.000000000000000000 ) ) ;
#2906 = EDGE_LOOP ( 'NONE', ( #2728, #34, #5770, #2356 ) ) ;
#2907 = COLOUR_RGB ( '',0.2980392156862745100, 0.2980392156862745100, 0.2980392156862745100 ) ;
#2908 = DIRECTION ( 'NONE',  ( -1.000000000000000000, 0.0000000000000000000, 1.807003620809173900E-016 ) ) ;
#2909 = ORIENTED_EDGE ( 'NONE', *, *, #6867, .F. ) ;
#2910 = CARTESIAN_POINT ( 'NONE',  ( 2.356926253078302800, 1.187638467742258500, 1.659999999999999900 ) ) ;
#2911 = SURFACE_STYLE_USAGE ( .BOTH. , #9897 ) ;
#2912 = PLANE ( 'NONE',  #8394 ) ;
#2913 = SURFACE_SIDE_STYLE ('',( #1224 ) ) ;
#2914 = VECTOR ( 'NONE', #6957, 1000.000000000000000 ) ;
#2915 = EDGE_LOOP ( 'NONE', ( #5583, #7396, #1913, #7283 ) ) ;
#2916 = EDGE_CURVE ( 'NONE', #1961, #7333, #541, .T. ) ;
#2917 = VECTOR ( 'NONE', #5825, 1000.000000000000000 ) ;
#2918 = DIRECTION ( 'NONE',  ( 1.000000000000000000, -0.0000000000000000000, -0.0000000000000000000 ) ) ;
#2919 = FACE_OUTER_BOUND ( 'NONE', #814, .T. ) ;
#2920 = EDGE_CURVE ( 'NONE', #3412, #5393, #7275, .T. ) ;
#2921 = DIRECTION ( 'NONE',  ( -0.0000000000000000000, -0.0000000000000000000, -1.000000000000000000 ) ) ;
#2922 = B_SPLINE_SURFACE_WITH_KNOTS ( 'NONE', 3, 1, ( 
 ( #6688, #7455 ),
 ( #3958, #10071 ),
 ( #3119, #8453 ),
 ( #7609, #5714 ) ),
 .UNSPECIFIED., .F., .F., .F.,
 ( 4, 4 ),
 ( 2, 2 ),
 ( 34.00000000000000000, 35.00000000000000000 ),
 ( 0.0000000000000000000, 1.000000000000000000 ),
 .UNSPECIFIED. ) ;
#2923 = STYLED_ITEM ( 'NONE', ( #1309 ), #7548 ) ;
#2924 = CARTESIAN_POINT ( 'NONE',  ( 2.728498071846802400, 1.270282029242152600, 1.649999999999999900 ) ) ;
#2925 = ADVANCED_FACE ( 'NONE', ( #4033 ), #10854, .F. ) ;
#2926 = FILL_AREA_STYLE ('',( #9911 ) ) ;
#2927 = VECTOR ( 'NONE', #7568, 1000.000000000000000 ) ;
#2928 =( NAMED_UNIT ( * ) PLANE_ANGLE_UNIT ( ) SI_UNIT ( $, .RADIAN. ) );
#2929 = CARTESIAN_POINT ( 'NONE',  ( 1.588584339304816200, 1.218383067487831500, 1.649999999999999900 ) ) ;
#2930 = DIRECTION ( 'NONE',  ( -1.000000000000000000, 0.0000000000000000000, -6.505213034913023400E-015 ) ) ;
#2931 = ORIENTED_EDGE ( 'NONE', *, *, #2658, .T. ) ;
#2932 = LINE ( 'NONE', #10318, #520 ) ;
#2933 = CARTESIAN_POINT ( 'NONE',  ( -3.251519224698778300, 2.000000000000000000, 0.0000000000000000000 ) ) ;
#2934 = SURFACE_STYLE_FILL_AREA ( #5474 ) ;
#2935 = CARTESIAN_POINT ( 'NONE',  ( 2.651189205294141300, 1.277827233145169700, 1.659999999999999900 ) ) ;
#2936 = VECTOR ( 'NONE', #7625, 1000.000000000000100 ) ;
#2937 = CARTESIAN_POINT ( 'NONE',  ( 2.233609326788925200, 1.177794334525310800, 1.659999999999999900 ) ) ;
#2938 = ADVANCED_FACE ( 'NONE', ( #10065 ), #3350, .T. ) ;
#2939 = EDGE_CURVE ( 'NONE', #7748, #9478, #5392, .T. ) ;
#2940 = FACE_OUTER_BOUND ( 'NONE', #4045, .T. ) ;
#2941 = AXIS2_PLACEMENT_3D ( 'NONE', #6788, #1594, #2297 ) ;
#2942 =( GEOMETRIC_REPRESENTATION_CONTEXT ( 3 ) GLOBAL_UNCERTAINTY_ASSIGNED_CONTEXT ( ( #10226 ) ) GLOBAL_UNIT_ASSIGNED_CONTEXT ( ( #6795, #765, #6873 ) ) REPRESENTATION_CONTEXT ( 'NONE', 'WORKASPACE' ) );
#2943 = UNCERTAINTY_MEASURE_WITH_UNIT (LENGTH_MEASURE( 1.000000000000000100E-005 ), #1765, 'distance_accuracy_value', 'NONE');
#2944 = ORIENTED_EDGE ( 'NONE', *, *, #7520, .T. ) ;
#2945 = LINE ( 'NONE', #5579, #11137 ) ;
#2946 = CARTESIAN_POINT ( 'NONE',  ( 2.274754266822200900, 1.226720266083703300, 1.659999999999999900 ) ) ;
#2947 = CARTESIAN_POINT ( 'NONE',  ( 1.900097803712475600, 1.216743485453634100, 1.649999999999999900 ) ) ;
#2948 = LINE ( 'NONE', #6276, #1040 ) ;
#2949 = ORIENTED_EDGE ( 'NONE', *, *, #2087, .F. ) ;
#2950 = DIRECTION ( 'NONE',  ( -0.0000000000000000000, -0.0000000000000000000, -1.000000000000000000 ) ) ;
#2951 = ORIENTED_EDGE ( 'NONE', *, *, #633, .T. ) ;
#2952 = DIRECTION ( 'NONE',  ( -0.1710878697460358800, 0.1710878697460358800, 0.9702875252478138100 ) ) ;
#2953 = ORIENTED_EDGE ( 'NONE', *, *, #3444, .F. ) ;
#2954 = CARTESIAN_POINT ( 'NONE',  ( 2.490912569261754400, 1.293094481667485400, 1.659999999999999900 ) ) ;
#2955 = CARTESIAN_POINT ( 'NONE',  ( -3.650000000000000400, 0.6999999999999999600, -0.2999999999999999900 ) ) ;
#2956 = EDGE_CURVE ( 'NONE', #5058, #5124, #7213, .T. ) ;
#2957 = EDGE_CURVE ( 'NONE', #5705, #6317, #7390, .T. ) ;
#2958 = LINE ( 'NONE', #6505, #3765 ) ;
#2959 = ORIENTED_EDGE ( 'NONE', *, *, #4980, .F. ) ;
#2960 = FILL_AREA_STYLE ('',( #9896 ) ) ;
#2961 = CARTESIAN_POINT ( 'NONE',  ( 2.651189205294141300, 1.193945786629788500, 1.649999999999999900 ) ) ;
#2962 = ORIENTED_EDGE ( 'NONE', *, *, #268, .F. ) ;
#2963 = AXIS2_PLACEMENT_3D ( 'NONE', #6022, #8638, #5168 ) ;
#2964 = DIRECTION ( 'NONE',  ( 1.000000000000000000, 0.0000000000000000000, -0.0000000000000000000 ) ) ;
#2965 = DIRECTION ( 'NONE',  ( 0.0000000000000000000, -0.1736481776669307200, -0.9848077530122080200 ) ) ;
#2966 = CARTESIAN_POINT ( 'NONE',  ( 2.379502917881548100, 1.182392193153162000, 1.659999999999999900 ) ) ;
#2967 = ORIENTED_EDGE ( 'NONE', *, *, #2161, .F. ) ;
#2968 = CARTESIAN_POINT ( 'NONE',  ( 1.900097803712475600, 1.189691038591534500, 1.649999999999999900 ) ) ;
#2969 = B_SPLINE_SURFACE_WITH_KNOTS ( 'NONE', 3, 1, ( 
 ( #4603, #6448 ),
 ( #8159, #2895 ),
 ( #9022, #10078 ),
 ( #5677, #1281 ) ),
 .UNSPECIFIED., .F., .F., .F.,
 ( 4, 4 ),
 ( 2, 2 ),
 ( 8.000000000000000000, 9.000000000000000000 ),
 ( 0.0000000000000000000, 1.000000000000000000 ),
 .UNSPECIFIED. ) ;
#2970 = CARTESIAN_POINT ( 'NONE',  ( 2.298775130810321300, 1.190526866111214900, 1.649999999999999900 ) ) ;
#2971 = FACE_OUTER_BOUND ( 'NONE', #9708, .T. ) ;
#2972 = ORIENTED_EDGE ( 'NONE', *, *, #2672, .T. ) ;
#2973 = ORIENTED_EDGE ( 'NONE', *, *, #7271, .F. ) ;
#2974 =( LENGTH_UNIT ( ) NAMED_UNIT ( * ) SI_UNIT ( .MILLI., .METRE. ) );
#2975 = SURFACE_STYLE_FILL_AREA ( #6432 ) ;
#2976 = CARTESIAN_POINT ( 'NONE',  ( 2.265912230998658600, 1.211453017560604400, 1.649999999999999900 ) ) ;
#2977 = EDGE_CURVE ( 'NONE', #3000, #5601, #790, .T. ) ;
#2978 = FILL_AREA_STYLE ('',( #8239 ) ) ;
#2979 = FACE_OUTER_BOUND ( 'NONE', #970, .T. ) ;
#2980 = ORIENTED_EDGE ( 'NONE', *, *, #1065, .T. ) ;
#2981 = EDGE_CURVE ( 'NONE', #10900, #2059, #10471, .T. ) ;
#2982 = CARTESIAN_POINT ( 'NONE',  ( 2.291524661434815300, 1.358761334385384800, 1.649999999999999900 ) ) ;
#2983 = B_SPLINE_CURVE_WITH_KNOTS ( 'NONE', 3,
 ( #3130, #4916, #11032, #6768 ),
 .UNSPECIFIED., .F., .F.,
 ( 4, 4 ),
 ( 2.000000000000000000, 3.000000000000000000 ),
 .UNSPECIFIED. ) ;
#2984 = DIRECTION ( 'NONE',  ( 1.000000000000000000, -0.0000000000000000000, -0.0000000000000000000 ) ) ;
#2985 = FACE_BOUND ( 'NONE', #3943, .T. ) ;
#2986 = CARTESIAN_POINT ( 'NONE',  ( 2.363911461379003300, 1.250299028280348100, 1.659999999999999900 ) ) ;
#2987 = AXIS2_PLACEMENT_3D ( 'NONE', #329, #5586, #9045 ) ;
#2988 = VERTEX_POINT ( 'NONE', #6392 ) ;
#2989 = VECTOR ( 'NONE', #2634, 1000.000000000000000 ) ;
#2990 = PLANE ( 'NONE',  #8776 ) ;
#2991 = ORIENTED_EDGE ( 'NONE', *, *, #6748, .T. ) ;
#2992 = DIRECTION ( 'NONE',  ( 0.1710878697460356500, 0.1710878697460375400, -0.9702875252478137000 ) ) ;
#2993 = ADVANCED_FACE ( 'NONE', ( #5247 ), #3073, .F. ) ;
#2994 = VECTOR ( 'NONE', #11095, 1000.000000000000000 ) ;
#2995 = CARTESIAN_POINT ( 'NONE',  ( 1.814021717023177400, 1.213464446471775200, 1.649999999999999900 ) ) ;
#2996 = CARTESIAN_POINT ( 'NONE',  ( 1.400000000000000800, -1.399999999999999700, -1.649999999999999900 ) ) ;
#2997 = ORIENTED_EDGE ( 'NONE', *, *, #503, .T. ) ;
#2998 = CARTESIAN_POINT ( 'NONE',  ( 1.930429352099704200, 1.227400549775460300, 1.659999999999999900 ) ) ;
#2999 = ORIENTED_EDGE ( 'NONE', *, *, #2199, .F. ) ;
#3000 = VERTEX_POINT ( 'NONE', #9070 ) ;
#3001 = ORIENTED_EDGE ( 'NONE', *, *, #229, .T. ) ;
#3002 = ADVANCED_FACE ( 'NONE', ( #9782 ), #2055, .F. ) ;
#3003 = CARTESIAN_POINT ( 'NONE',  ( 3.235798399904421500, 1.787317624603199400, -0.6476694583933099200 ) ) ;
#3004 = CARTESIAN_POINT ( 'NONE',  ( 2.584107626844474500, 1.453194276983599700, 1.659999999999999900 ) ) ;
#3005 = CARTESIAN_POINT ( 'NONE',  ( 2.281474214048492000, 1.372024388120897300, 1.649999999999999900 ) ) ;
#3006 = ORIENTED_EDGE ( 'NONE', *, *, #7287, .T. ) ;
#3007 = VERTEX_POINT ( 'NONE', #3973 ) ;
#3008 = CARTESIAN_POINT ( 'NONE',  ( 1.900097803712475600, 1.189691038591534500, 1.659999999999999900 ) ) ;
#3009 = LINE ( 'NONE', #9169, #10939 ) ;
#3010 = ORIENTED_EDGE ( 'NONE', *, *, #305, .F. ) ;
#3011 = ORIENTED_EDGE ( 'NONE', *, *, #9105, .F. ) ;
#3012 = EDGE_CURVE ( 'NONE', #7100, #350, #7496, .T. ) ;
#3013 = FILL_AREA_STYLE_COLOUR ( '', #3683 ) ;
#3014 = CARTESIAN_POINT ( 'NONE',  ( 2.230986189494375900, 1.279831427931967400, 1.659999999999999900 ) ) ;
#3015 = AXIS2_PLACEMENT_3D ( 'NONE', #10902, #10863, #9117 ) ;
#3016 = CARTESIAN_POINT ( 'NONE',  ( -3.352882636601366000, -1.904401861300146100, -0.01634824454989564400 ) ) ;
#3017 = MECHANICAL_DESIGN_GEOMETRIC_PRESENTATION_REPRESENTATION (  '', ( #7717 ), #2942 ) ;
#3018 = EDGE_LOOP ( 'NONE', ( #5459, #9523, #10673, #861 ) ) ;
#3019 = CARTESIAN_POINT ( 'NONE',  ( 2.279882647600057800, 1.216522451433417600, 1.659999999999999900 ) ) ;
#3020 = DIRECTION ( 'NONE',  ( 0.3493954794690900500, -0.9369753459545051600, -0.0000000000000000000 ) ) ;
#3021 = ORIENTED_EDGE ( 'NONE', *, *, #7202, .T. ) ;
#3022 = DIRECTION ( 'NONE',  ( 0.0000000000000000000, 0.0000000000000000000, 1.000000000000000000 ) ) ;
#3023 = ORIENTED_EDGE ( 'NONE', *, *, #3900, .T. ) ;
#3024 = CARTESIAN_POINT ( 'NONE',  ( 2.282476311441892200, 1.250299028280348100, 1.659999999999999900 ) ) ;
#3025 = ORIENTED_EDGE ( 'NONE', *, *, #3820, .T. ) ;
#3026 = PLANE ( 'NONE',  #4771 ) ;
#3027 = EDGE_CURVE ( 'NONE', #2574, #2570, #2958, .T. ) ;
#3028 = EDGE_CURVE ( 'NONE', #7764, #7222, #5131, .T. ) ;
#3029 = PRESENTATION_STYLE_ASSIGNMENT (( #4717 ) ) ;
#3030 =( GEOMETRIC_REPRESENTATION_CONTEXT ( 3 ) GLOBAL_UNCERTAINTY_ASSIGNED_CONTEXT ( ( #5444 ) ) GLOBAL_UNIT_ASSIGNED_CONTEXT ( ( #361, #9984, #4735 ) ) REPRESENTATION_CONTEXT ( 'NONE', 'WORKASPACE' ) );
#3031 = PLANE ( 'NONE',  #5308 ) ;
#3032 = ORIENTED_EDGE ( 'NONE', *, *, #4536, .F. ) ;
#3033 =( GEOMETRIC_REPRESENTATION_CONTEXT ( 3 ) GLOBAL_UNCERTAINTY_ASSIGNED_CONTEXT ( ( #7758 ) ) GLOBAL_UNIT_ASSIGNED_CONTEXT ( ( #5360, #3735, #1097 ) ) REPRESENTATION_CONTEXT ( 'NONE', 'WORKASPACE' ) );
#3034 = CARTESIAN_POINT ( 'NONE',  ( 2.299158285695976900, 1.190526866111214900, 1.659999999999999900 ) ) ;
#3035 = CARTESIAN_POINT ( 'NONE',  ( -2.975150518713303600, 1.625150518713304400, 1.550000000000000000 ) ) ;
#3036 = VERTEX_POINT ( 'NONE', #4773 ) ;
#3037 = CARTESIAN_POINT ( 'NONE',  ( 2.252737597621278500, 1.431560762668328900, 1.659999999999999900 ) ) ;
#3038 = LINE ( 'NONE', #9769, #731 ) ;
#3039 = CARTESIAN_POINT ( 'NONE',  ( 2.547030023289847300, 1.242930665093601600, 1.659999999999999900 ) ) ;
#3040 = CARTESIAN_POINT ( 'NONE',  ( 1.705811788852312300, 1.438901777282389800, 1.659999999999999900 ) ) ;
#3041 = ORIENTED_EDGE ( 'NONE', *, *, #4906, .F. ) ;
#3042 = CARTESIAN_POINT ( 'NONE',  ( 1.923871211592327800, 1.177394454778384600, 1.649999999999999900 ) ) ;
#3043 = EDGE_CURVE ( 'NONE', #642, #4513, #9378, .T. ) ;
#3044 = ORIENTED_EDGE ( 'NONE', *, *, #5046, .T. ) ;
#3045 = ADVANCED_FACE ( 'NONE', ( #5827 ), #10621, .F. ) ;
#3046 = CARTESIAN_POINT ( 'NONE',  ( 2.273103753468738400, 1.262029462473246700, 1.649999999999999900 ) ) ;
#3047 = CARTESIAN_POINT ( 'NONE',  ( 2.373961908765329600, 1.191352122787952200, 1.649999999999999900 ) ) ;
#3048 = CARTESIAN_POINT ( 'NONE',  ( 2.436121420606522000, 1.191470016598803200, 1.659999999999999900 ) ) ;
#3049 = CARTESIAN_POINT ( 'NONE',  ( 2.495215693362482500, 1.470937295536899600, 1.659999999999999900 ) ) ;
#3050 = VERTEX_POINT ( 'NONE', #392 ) ;
#3051 = B_SPLINE_CURVE_WITH_KNOTS ( 'NONE', 3,
 ( #4108, #3996, #3201, #3968 ),
 .UNSPECIFIED., .F., .F.,
 ( 4, 4 ),
 ( 10.00000000000000000, 11.00000000000000000 ),
 .UNSPECIFIED. ) ;
#3052 = CARTESIAN_POINT ( 'NONE',  ( 2.462028585570589000, 1.360706582266761400, 1.659999999999999900 ) ) ;
#3053 = ADVANCED_FACE ( 'NONE', ( #9522 ), #2095, .F. ) ;
#3054 = VERTEX_POINT ( 'NONE', #1215 ) ;
#3055 = LINE ( 'NONE', #6364, #1438 ) ;
#3056 = CARTESIAN_POINT ( 'NONE',  ( 2.348703159762112000, 1.259848426970168600, 1.649999999999999900 ) ) ;
#3057 = DIRECTION ( 'NONE',  ( -0.0000000000000000000, -0.0000000000000000000, -1.000000000000000000 ) ) ;
#3058 = LINE ( 'NONE', #3989, #9086 ) ;
#3059 = CARTESIAN_POINT ( 'NONE',  ( 2.333259070523130400, 1.237920178126990400, 1.659999999999999900 ) ) ;
#3060 = CARTESIAN_POINT ( 'NONE',  ( -3.073631294014524500, -2.000000000000000000, -1.567364817766693000 ) ) ;
#3061 = DIRECTION ( 'NONE',  ( 1.000000000000000000, 0.0000000000000000000, 0.0000000000000000000 ) ) ;
#3062 = CARTESIAN_POINT ( 'NONE',  ( 2.251912340944150600, 1.374500158151882500, 1.649999999999999900 ) ) ;
#3063 = CARTESIAN_POINT ( 'NONE',  ( 2.726700191229772600, 1.278357755293995100, 1.649999999999999900 ) ) ;
#3064 = VECTOR ( 'NONE', #5056, 1000.000000000000000 ) ;
#3065 = CARTESIAN_POINT ( 'NONE',  ( 2.026342712093334600, 1.291342779347270700, 1.649999999999999900 ) ) ;
#3066 = PLANE ( 'NONE',  #10334 ) ;
#3067 = EDGE_CURVE ( 'NONE', #1857, #8586, #263, .T. ) ;
#3068 = CARTESIAN_POINT ( 'NONE',  ( 2.462028585570589000, 1.360706582266761400, 1.649999999999999900 ) ) ;
#3069 = AXIS2_PLACEMENT_3D ( 'NONE', #9288, #4018, #1472 ) ;
#3070 = B_SPLINE_CURVE_WITH_KNOTS ( 'NONE', 3,
 ( #3378, #7733, #9390, #5915 ),
 .UNSPECIFIED., .F., .F.,
 ( 4, 4 ),
 ( 3.000000000000000000, 4.000000000000000000 ),
 .UNSPECIFIED. ) ;
#3071 = ORIENTED_EDGE ( 'NONE', *, *, #2458, .F. ) ;
#3072 = PLANE ( 'NONE',  #2706 ) ;
#3073 = B_SPLINE_SURFACE_WITH_KNOTS ( 'NONE', 3, 1, ( 
 ( #8958, #1172 ),
 ( #10620, #8017 ),
 ( #3705, #7285 ),
 ( #2910, #9818 ) ),
 .UNSPECIFIED., .F., .F., .F.,
 ( 4, 4 ),
 ( 2, 2 ),
 ( 1.000000000000000000, 2.000000000000000000 ),
 ( 0.0000000000000000000, 1.000000000000000000 ),
 .UNSPECIFIED. ) ;
#3074 = VECTOR ( 'NONE', #727, 1000.000000000000000 ) ;
#3075 = PLANE ( 'NONE',  #4637 ) ;
#3076 = PLANE ( 'NONE',  #9452 ) ;
#3077 = CARTESIAN_POINT ( 'NONE',  ( 1.840254435411058200, 1.506942875942947700, 1.649999999999999900 ) ) ;
#3078 = CARTESIAN_POINT ( 'NONE',  ( 2.026342712093334600, 1.257732113798211600, 1.649999999999999900 ) ) ;
#3079 = UNCERTAINTY_MEASURE_WITH_UNIT (LENGTH_MEASURE( 1.000000000000000100E-005 ), #6564, 'distance_accuracy_value', 'NONE');
#3080 = ORIENTED_EDGE ( 'NONE', *, *, #853, .T. ) ;
#3081 = SURFACE_STYLE_FILL_AREA ( #474 ) ;
#3082 = CARTESIAN_POINT ( 'NONE',  ( 2.691420468292159200, 1.177794334525313200, 1.659999999999999900 ) ) ;
#3083 = EDGE_LOOP ( 'NONE', ( #7538, #264, #5913, #9990 ) ) ;
#3084 = EDGE_CURVE ( 'NONE', #6531, #11026, #4578, .T. ) ;
#3085 = EDGE_CURVE ( 'NONE', #8417, #3351, #9646, .T. ) ;
#3086 = CARTESIAN_POINT ( 'NONE',  ( 1.962400482521522200, 1.355285008919082900, 1.649999999999999900 ) ) ;
#3087 = ORIENTED_EDGE ( 'NONE', *, *, #3799, .F. ) ;
#3088 = AXIS2_PLACEMENT_3D ( 'NONE', #767, #2413, #2521 ) ;
#3089 = ADVANCED_FACE ( 'NONE', ( #2304 ), #6222, .T. ) ;
#3090 = ORIENTED_EDGE ( 'NONE', *, *, #4921, .F. ) ;
#3091 = STYLED_ITEM ( 'NONE', ( #9281 ), #10456 ) ;
#3092 = SURFACE_STYLE_USAGE ( .BOTH. , #609 ) ;
#3093 = CARTESIAN_POINT ( 'NONE',  ( 2.313600277541560900, 1.230787602561944600, 1.659999999999999900 ) ) ;
#3094 = COLOUR_RGB ( '',0.6666666666666666300, 0.6666666666666666300, 0.6666666666666666300 ) ;
#3095 = VECTOR ( 'NONE', #8884, 1000.000000000000000 ) ;
#3096 = ADVANCED_FACE ( 'NONE', ( #3618 ), #10012, .T. ) ;
#3097 = ORIENTED_EDGE ( 'NONE', *, *, #4454, .T. ) ;
#3098 = VERTEX_POINT ( 'NONE', #9187 ) ;
#3099 = CARTESIAN_POINT ( 'NONE',  ( 2.352534708619046000, 1.247233789194329900, 1.659999999999999900 ) ) ;
#3100 = CARTESIAN_POINT ( 'NONE',  ( 2.339536915957948000, 1.177499599997404300, 1.659999999999999900 ) ) ;
#3101 =( LENGTH_UNIT ( ) NAMED_UNIT ( * ) SI_UNIT ( .MILLI., .METRE. ) );
#3102 = ORIENTED_EDGE ( 'NONE', *, *, #4780, .T. ) ;
#3103 = EDGE_CURVE ( 'NONE', #4297, #11081, #5516, .T. ) ;
#3104 = ADVANCED_FACE ( 'NONE', ( #3752 ), #9405, .T. ) ;
#3105 = LINE ( 'NONE', #864, #9534 ) ;
#3106 = FACE_BOUND ( 'NONE', #4610, .T. ) ;
#3107 = ORIENTED_EDGE ( 'NONE', *, *, #5712, .F. ) ;
#3108 = VERTEX_POINT ( 'NONE', #2430 ) ;
#3109 = DIRECTION ( 'NONE',  ( -0.0000000000000000000, -0.0000000000000000000, -1.000000000000000000 ) ) ;
#3110 = CARTESIAN_POINT ( 'NONE',  ( 2.272720598582691000, 1.187697414647680600, 1.659999999999999900 ) ) ;
#3111 = ORIENTED_EDGE ( 'NONE', *, *, #11200, .T. ) ;
#3112 = PRESENTATION_STYLE_ASSIGNMENT (( #9483 ) ) ;
#3113 =( GEOMETRIC_REPRESENTATION_CONTEXT ( 3 ) GLOBAL_UNCERTAINTY_ASSIGNED_CONTEXT ( ( #5230 ) ) GLOBAL_UNIT_ASSIGNED_CONTEXT ( ( #4519, #5440, #266 ) ) REPRESENTATION_CONTEXT ( 'NONE', 'WORKASPACE' ) );
#3114 = DIRECTION ( 'NONE',  ( -0.0000000000000000000, -0.0000000000000000000, -1.000000000000000000 ) ) ;
#3115 = CARTESIAN_POINT ( 'NONE',  ( 2.408593215742089700, 1.139007270710988600, 1.649999999999999900 ) ) ;
#3116 = ORIENTED_EDGE ( 'NONE', *, *, #420, .F. ) ;
#3117 = CARTESIAN_POINT ( 'NONE',  ( 2.255478628726285400, 1.240337001251763800, 1.659999999999999900 ) ) ;
#3118 = CARTESIAN_POINT ( 'NONE',  ( 2.277288983758615000, 1.187697414647680600, 1.659999999999999900 ) ) ;
#3119 = CARTESIAN_POINT ( 'NONE',  ( 2.077168598107121100, 1.263470541468073600, 1.659999999999999900 ) ) ;
#3120 = ORIENTED_EDGE ( 'NONE', *, *, #2920, .F. ) ;
#3121 = CARTESIAN_POINT ( 'NONE',  ( 2.383953409246230200, 1.213810893780741000, 1.659999999999999900 ) ) ;
#3122 = PRESENTATION_STYLE_ASSIGNMENT (( #8632 ) ) ;
#3123 = EDGE_CURVE ( 'NONE', #5175, #9563, #9768, .T. ) ;
#3124 = ORIENTED_EDGE ( 'NONE', *, *, #987, .T. ) ;
#3125 = B_SPLINE_CURVE_WITH_KNOTS ( 'NONE', 3,
 ( #10104, #5744, #7444, #2220 ),
 .UNSPECIFIED., .F., .F.,
 ( 4, 4 ),
 ( 12.00000000000000000, 13.00000000000000000 ),
 .UNSPECIFIED. ) ;
#3126 = ORIENTED_EDGE ( 'NONE', *, *, #8593, .T. ) ;
#3127 = CARTESIAN_POINT ( 'NONE',  ( 2.291524661434815300, 1.358761334385384800, 1.649999999999999900 ) ) ;
#3128 = MECHANICAL_DESIGN_GEOMETRIC_PRESENTATION_REPRESENTATION (  '', ( #2766 ), #10222 ) ;
#3129 = COLOUR_RGB ( '',0.2980392156862745100, 0.2980392156862745100, 0.2980392156862745100 ) ;
#3130 = CARTESIAN_POINT ( 'NONE',  ( 2.370248253719242600, 1.206619371310265500, 1.659999999999999900 ) ) ;
#3131 = ORIENTED_EDGE ( 'NONE', *, *, #6748, .F. ) ;
#3132 = ORIENTED_EDGE ( 'NONE', *, *, #7900, .F. ) ;
#3133 = CARTESIAN_POINT ( 'NONE',  ( -2.450000000000000200, 0.6999999999999999600, -1.879999999999999900 ) ) ;
#3134 = CARTESIAN_POINT ( 'NONE',  ( 2.408534268836274100, 1.360706582266761400, 1.659999999999999900 ) ) ;
#3135 = SPHERICAL_SURFACE ( 'NONE', #10771, 0.1000000000000000100 ) ;
#3136 = ORIENTED_EDGE ( 'NONE', *, *, #9979, .F. ) ;
#3137 = ORIENTED_EDGE ( 'NONE', *, *, #3392, .F. ) ;
#3138 = EDGE_LOOP ( 'NONE', ( #2467, #7299, #4475, #8081 ) ) ;
#3139 = DIRECTION ( 'NONE',  ( -1.000000000000000000, -0.0000000000000000000, -0.0000000000000000000 ) ) ;
#3140 = CARTESIAN_POINT ( 'NONE',  ( 2.186481275847953500, 1.476006729408933600, 1.659999999999999900 ) ) ;
#3141 = ORIENTED_EDGE ( 'NONE', *, *, #420, .T. ) ;
#3142 = STYLED_ITEM ( 'NONE', ( #9504 ), #161 ) ;
#3143 = VECTOR ( 'NONE', #2651, 1000.000000000000000 ) ;
#3144 = AXIS2_PLACEMENT_3D ( 'NONE', #8961, #4501, #957 ) ;
#3145 = DIRECTION ( 'NONE',  ( -0.0000000000000000000, -0.0000000000000000000, -1.000000000000000000 ) ) ;
#3146 = CARTESIAN_POINT ( 'NONE',  ( 2.269036416989710600, 1.188935299663173200, 1.649999999999999900 ) ) ;
#3147 = CARTESIAN_POINT ( 'NONE',  ( 2.724460208820486800, 1.270282029242152600, 1.649999999999999900 ) ) ;
#3148 = CARTESIAN_POINT ( 'NONE',  ( 2.399279604674362500, 1.140186208821061000, 1.649999999999999900 ) ) ;
#3149 = B_SPLINE_CURVE_WITH_KNOTS ( 'NONE', 3,
 ( #6159, #6092, #7067, #9643 ),
 .UNSPECIFIED., .F., .F.,
 ( 4, 4 ),
 ( 11.00000000000000000, 12.00000000000000000 ),
 .UNSPECIFIED. ) ;
#3150 =( NAMED_UNIT ( * ) PLANE_ANGLE_UNIT ( ) SI_UNIT ( $, .RADIAN. ) );
#3151 = ORIENTED_EDGE ( 'NONE', *, *, #7853, .F. ) ;
#3152 = ADVANCED_FACE ( 'NONE', ( #7196 ), #4996, .F. ) ;
#3153 = TOROIDAL_SURFACE ( 'NONE', #2301, 0.2000000000000000100, 0.1000000000000000100 ) ;
#3154 =( NAMED_UNIT ( * ) SI_UNIT ( $, .STERADIAN. ) SOLID_ANGLE_UNIT ( ) );
#3155 = EDGE_CURVE ( 'NONE', #3528, #7630, #4161, .T. ) ;
#3156 = CARTESIAN_POINT ( 'NONE',  ( 3.058285764832760800, -1.708285764832761200, -1.078516590113280700 ) ) ;
#3157 = APPLICATION_PROTOCOL_DEFINITION ( 'draft international standard', 'automotive_design', 1998, #2308 ) ;
#3158 =( GEOMETRIC_REPRESENTATION_CONTEXT ( 3 ) GLOBAL_UNCERTAINTY_ASSIGNED_CONTEXT ( ( #1768 ) ) GLOBAL_UNIT_ASSIGNED_CONTEXT ( ( #10286, #11163, #724 ) ) REPRESENTATION_CONTEXT ( 'NONE', 'WORKASPACE' ) );
#3159 = CARTESIAN_POINT ( 'NONE',  ( 3.058285764832762600, 1.806766540133982100, -1.095881407879973900 ) ) ;
#3160 =( GEOMETRIC_REPRESENTATION_CONTEXT ( 3 ) GLOBAL_UNCERTAINTY_ASSIGNED_CONTEXT ( ( #3282 ) ) GLOBAL_UNIT_ASSIGNED_CONTEXT ( ( #5466, #10756, #9864 ) ) REPRESENTATION_CONTEXT ( 'NONE', 'WORKASPACE' ) );
#3161 = ORIENTED_EDGE ( 'NONE', *, *, #437, .F. ) ;
#3162 = ORIENTED_EDGE ( 'NONE', *, *, #9105, .T. ) ;
#3163 = ADVANCED_FACE ( 'NONE', ( #252 ), #9253, .T. ) ;
#3164 = SURFACE_STYLE_FILL_AREA ( #6741 ) ;
#3165 = ORIENTED_EDGE ( 'NONE', *, *, #5268, .T. ) ;
#3166 = CARTESIAN_POINT ( 'NONE',  ( 2.342513734685435000, 1.255486355963231400, 1.649999999999999900 ) ) ;
#3167 = CARTESIAN_POINT ( 'NONE',  ( 1.654166119638992300, 1.179034005541532500, 1.659999999999999900 ) ) ;
#3168 = DIRECTION ( 'NONE',  ( 0.0000000000000000000, 2.168404344971007700E-015, -1.000000000000000000 ) ) ;
#3169 = EDGE_CURVE ( 'NONE', #11204, #3669, #7483, .T. ) ;
#3170 = EDGE_CURVE ( 'NONE', #3669, #4151, #6931, .T. ) ;
#3171 = CARTESIAN_POINT ( 'NONE',  ( 1.920592110066805300, 1.491367203309146700, 1.649999999999999900 ) ) ;
#3172 = VECTOR ( 'NONE', #8099, 1000.000000000000000 ) ;
#3173 = CARTESIAN_POINT ( 'NONE',  ( 2.233609326788925200, 1.190939494449978000, 1.649999999999999900 ) ) ;
#3174 = DIRECTION ( 'NONE',  ( 0.0000000000000000000, 0.9848077530122080200, 0.1736481776669307200 ) ) ;
#3175 = ORIENTED_EDGE ( 'NONE', *, *, #5475, .T. ) ;
#3176 = SURFACE_STYLE_USAGE ( .BOTH. , #5651 ) ;
#3177 = ORIENTED_EDGE ( 'NONE', *, *, #8951, .F. ) ;
#3178 = FILL_AREA_STYLE_COLOUR ( '', #8563 ) ;
#3179 = CARTESIAN_POINT ( 'NONE',  ( 3.251519224698779600, -2.000000000000000000, 0.0000000000000000000 ) ) ;
#3180 = CARTESIAN_POINT ( 'NONE',  ( 2.620978916229345300, 1.190939494449980500, 1.659999999999999900 ) ) ;
#3181 = VECTOR ( 'NONE', #6840, 1000.000000000000100 ) ;
#3182 = VERTEX_POINT ( 'NONE', #680 ) ;
#3183 = CARTESIAN_POINT ( 'NONE',  ( 2.640284027777977500, 1.268985197321233400, 1.659999999999999900 ) ) ;
#3184 = LINE ( 'NONE', #11019, #1832 ) ;
#3185 =( NAMED_UNIT ( * ) PLANE_ANGLE_UNIT ( ) SI_UNIT ( $, .RADIAN. ) );
#3186 = EDGE_CURVE ( 'NONE', #10234, #10135, #7612, .T. ) ;
#3187 = CARTESIAN_POINT ( 'NONE',  ( 2.253769168466997400, 1.460975268508318600, 1.659999999999999900 ) ) ;
#3188 = VECTOR ( 'NONE', #7372, 1000.000000000000000 ) ;
#3189 = DIRECTION ( 'NONE',  ( -0.0000000000000000000, -0.0000000000000000000, -1.000000000000000000 ) ) ;
#3190 = LINE ( 'NONE', #9217, #6482 ) ;
#3191 = VERTEX_POINT ( 'NONE', #7672 ) ;
#3192 = VECTOR ( 'NONE', #7412, 1000.000000000000000 ) ;
#3193 = LINE ( 'NONE', #2579, #11254 ) ;
#3194 = COLOUR_RGB ( '',0.2980392156862745100, 0.2980392156862745100, 0.2980392156862745100 ) ;
#3195 = DIRECTION ( 'NONE',  ( -0.0000000000000000000, 1.000000000000000000, -0.0000000000000000000 ) ) ;
#3196 = ORIENTED_EDGE ( 'NONE', *, *, #8820, .F. ) ;
#3197 = FACE_OUTER_BOUND ( 'NONE', #2915, .T. ) ;
#3198 = COLOUR_RGB ( '',0.2980392156862745100, 0.2980392156862745100, 0.2980392156862745100 ) ;
#3199 = CARTESIAN_POINT ( 'NONE',  ( 1.778771531983193600, 1.277406691679501700, 1.659999999999999900 ) ) ;
#3200 = VECTOR ( 'NONE', #6737, 1000.000000000000000 ) ;
#3201 = CARTESIAN_POINT ( 'NONE',  ( 2.252737597621278500, 1.403266248032198200, 1.659999999999999900 ) ) ;
#3202 = AXIS2_PLACEMENT_3D ( 'NONE', #9815, #7206, #9033 ) ;
#3203 = CARTESIAN_POINT ( 'NONE',  ( 2.046837018447667900, 1.214284206217046700, 1.649999999999999900 ) ) ;
#3204 = FILL_AREA_STYLE_COLOUR ( '', #9403 ) ;
#3205 =( LENGTH_UNIT ( ) NAMED_UNIT ( * ) SI_UNIT ( .MILLI., .METRE. ) );
#3206 = SURFACE_STYLE_USAGE ( .BOTH. , #1668 ) ;
#3207 = ORIENTED_EDGE ( 'NONE', *, *, #7202, .F. ) ;
#3208 = LINE ( 'NONE', #1454, #9903 ) ;
#3209 = CIRCLE ( 'NONE', #6963, 0.09999999999999982500 ) ;
#3210 = ADVANCED_FACE ( 'NONE', ( #2417 ), #10479, .F. ) ;
#3211 = VERTEX_POINT ( 'NONE', #11154 ) ;
#3212 = DIRECTION ( 'NONE',  ( 0.0000000000000000000, -0.0000000000000000000, -1.000000000000000000 ) ) ;
#3213 = ORIENTED_EDGE ( 'NONE', *, *, #9692, .F. ) ;
#3214 = B_SPLINE_CURVE_WITH_KNOTS ( 'NONE', 3,
 ( #1949, #5420, #1144, #8931 ),
 .UNSPECIFIED., .F., .F.,
 ( 4, 4 ),
 ( 22.00000000000000000, 23.00000000000000000 ),
 .UNSPECIFIED. ) ;
#3215 = DIRECTION ( 'NONE',  ( 0.0000000000000000000, 0.0000000000000000000, 1.000000000000000000 ) ) ;
#3216 = DIRECTION ( 'NONE',  ( 0.0000000000000000000, 0.0000000000000000000, -1.000000000000000000 ) ) ;
#3217 = EDGE_CURVE ( 'NONE', #6003, #11243, #4976, .T. ) ;
#3218 = FILL_AREA_STYLE_COLOUR ( '', #2788 ) ;
#3219 = AXIS2_PLACEMENT_3D ( 'NONE', #3847, #1282, #3022 ) ;
#3220 = B_SPLINE_CURVE_WITH_KNOTS ( 'NONE', 3,
 ( #7458, #2348, #494, #2233 ),
 .UNSPECIFIED., .F., .F.,
 ( 4, 4 ),
 ( 3.000000000000000000, 4.000000000000000000 ),
 .UNSPECIFIED. ) ;
#3221 = CARTESIAN_POINT ( 'NONE',  ( 2.346522124259034800, 1.476006729408933600, 1.659999999999999900 ) ) ;
#3222 = DIRECTION ( 'NONE',  ( -0.0000000000000000000, 1.000000000000000000, 0.0000000000000000000 ) ) ;
#3223 = UNCERTAINTY_MEASURE_WITH_UNIT (LENGTH_MEASURE( 1.000000000000000100E-005 ), #6550, 'distance_accuracy_value', 'NONE');
#3224 = CARTESIAN_POINT ( 'NONE',  ( 2.975150518713304900, 1.625150518713304200, -1.550000000000000000 ) ) ;
#3225 = ORIENTED_EDGE ( 'NONE', *, *, #7519, .F. ) ;
#3226 = FILL_AREA_STYLE ('',( #11060 ) ) ;
#3227 = ORIENTED_EDGE ( 'NONE', *, *, #4745, .T. ) ;
#3228 =( NAMED_UNIT ( * ) PLANE_ANGLE_UNIT ( ) SI_UNIT ( $, .RADIAN. ) );
#3229 = DIRECTION ( 'NONE',  ( 0.0000000000000000000, -0.0000000000000000000, -1.000000000000000000 ) ) ;
#3230 = VECTOR ( 'NONE', #10425, 1000.000000000000000 ) ;
#3231 = ORIENTED_EDGE ( 'NONE', *, *, #9836, .T. ) ;
#3232 = EDGE_CURVE ( 'NONE', #5426, #9817, #4698, .T. ) ;
#3233 = LINE ( 'NONE', #1962, #9659 ) ;
#3234 = EDGE_CURVE ( 'NONE', #4885, #6998, #1039, .T. ) ;
#3235 = LINE ( 'NONE', #518, #6111 ) ;
#3236 = CARTESIAN_POINT ( 'NONE',  ( 2.296269887327012900, 1.464512082837735600, 1.649999999999999900 ) ) ;
#3237 = ORIENTED_EDGE ( 'NONE', *, *, #7053, .F. ) ;
#3238 = AXIS2_PLACEMENT_3D ( 'NONE', #6714, #3216, #7565 ) ;
#3239 = FACE_OUTER_BOUND ( 'NONE', #9609, .T. ) ;
#3240 = AXIS2_PLACEMENT_3D ( 'NONE', #6383, #2086, #7281 ) ;
#3241 = LINE ( 'NONE', #7245, #1087 ) ;
#3242 =( NAMED_UNIT ( * ) PLANE_ANGLE_UNIT ( ) SI_UNIT ( $, .RADIAN. ) );
#3243 = VECTOR ( 'NONE', #6645, 1000.000000000000100 ) ;
#3244 = EDGE_LOOP ( 'NONE', ( #4951, #404, #8082, #1511 ) ) ;
#3245 = CARTESIAN_POINT ( 'NONE',  ( 1.592683224029476400, 1.401192250462541100, 1.649999999999999900 ) ) ;
#3246 = CARTESIAN_POINT ( 'NONE',  ( 1.500000000000000900, 1.399999999999999900, -1.750000000000000000 ) ) ;
#3247 = ORIENTED_EDGE ( 'NONE', *, *, #9464, .T. ) ;
#3248 = CARTESIAN_POINT ( 'NONE',  ( -3.650000000000000400, -0.6999999999999999600, -1.579999999999999800 ) ) ;
#3249 = EDGE_CURVE ( 'NONE', #1338, #6613, #7062, .T. ) ;
#3250 = LINE ( 'NONE', #4119, #9410 ) ;
#3251 = ORIENTED_EDGE ( 'NONE', *, *, #38, .T. ) ;
#3252 = CARTESIAN_POINT ( 'NONE',  ( 1.986993681418870400, 1.424145875142862600, 1.659999999999999900 ) ) ;
#3253 = CARTESIAN_POINT ( 'NONE',  ( 1.732044491604669800, 1.123289498511300400, 1.649999999999999900 ) ) ;
#3254 = FACE_OUTER_BOUND ( 'NONE', #8719, .T. ) ;
#3255 =( NAMED_UNIT ( * ) PLANE_ANGLE_UNIT ( ) SI_UNIT ( $, .RADIAN. ) );
#3256 = ORIENTED_EDGE ( 'NONE', *, *, #129, .T. ) ;
#3257 = DIRECTION ( 'NONE',  ( -0.0000000000000000000, -0.0000000000000000000, 1.000000000000000000 ) ) ;
#3258 = COLOUR_RGB ( '',0.2980392156862745100, 0.2980392156862745100, 0.2980392156862745100 ) ;
#3259 = DIRECTION ( 'NONE',  ( -1.000000000000000000, -0.0000000000000000000, 0.0000000000000000000 ) ) ;
#3260 = ORIENTED_EDGE ( 'NONE', *, *, #4886, .T. ) ;
#3261 = VERTEX_POINT ( 'NONE', #10354 ) ;
#3262 = CARTESIAN_POINT ( 'NONE',  ( 2.342513734685435000, 1.255486355963231400, 1.659999999999999900 ) ) ;
#3263 = ORIENTED_EDGE ( 'NONE', *, *, #1132, .F. ) ;
#3264 =( LENGTH_UNIT ( ) NAMED_UNIT ( * ) SI_UNIT ( .MILLI., .METRE. ) );
#3265 =( NAMED_UNIT ( * ) SI_UNIT ( $, .STERADIAN. ) SOLID_ANGLE_UNIT ( ) );
#3266 = ORIENTED_EDGE ( 'NONE', *, *, #6780, .F. ) ;
#3267 = ORIENTED_EDGE ( 'NONE', *, *, #9677, .T. ) ;
#3268 = ADVANCED_FACE ( 'NONE', ( #10040 ), #8564, .T. ) ;
#3269 = ORIENTED_EDGE ( 'NONE', *, *, #10923, .F. ) ;
#3270 = CARTESIAN_POINT ( 'NONE',  ( 2.299158285695976900, 1.177794334525312100, 1.659999999999999900 ) ) ;
#3271 = PRESENTATION_LAYER_ASSIGNMENT (  '', '', ( #5838 ) ) ;
#3272 = CARTESIAN_POINT ( 'NONE',  ( 2.292968860619297300, 1.194417361873971300, 1.659999999999999900 ) ) ;
#3273 = CARTESIAN_POINT ( 'NONE',  ( 2.580069763818158000, 1.453194276983599700, 1.659999999999999900 ) ) ;
#3274 = CARTESIAN_POINT ( 'NONE',  ( 2.026342712093334600, 1.291342779347270700, 1.659999999999999900 ) ) ;
#3275 = ORIENTED_EDGE ( 'NONE', *, *, #3762, .F. ) ;
#3276 =( NAMED_UNIT ( * ) PLANE_ANGLE_UNIT ( ) SI_UNIT ( $, .RADIAN. ) );
#3277 = CARTESIAN_POINT ( 'NONE',  ( 2.724460208820486800, 1.270282029242152600, 1.649999999999999900 ) ) ;
#3278 = DIRECTION ( 'NONE',  ( -0.0000000000000000000, 1.000000000000000000, -0.0000000000000000000 ) ) ;
#3279 = DIRECTION ( 'NONE',  ( -0.0000000000000000000, -0.0000000000000000000, -1.000000000000000000 ) ) ;
#3280 = EDGE_CURVE ( 'NONE', #7060, #11187, #1590, .T. ) ;
#3281 =( NAMED_UNIT ( * ) PLANE_ANGLE_UNIT ( ) SI_UNIT ( $, .RADIAN. ) );
#3282 = UNCERTAINTY_MEASURE_WITH_UNIT (LENGTH_MEASURE( 1.000000000000000100E-005 ), #5466, 'distance_accuracy_value', 'NONE');
#3283 = ORIENTED_EDGE ( 'NONE', *, *, #6400, .T. ) ;
#3284 = AXIS2_PLACEMENT_3D ( 'NONE', #9997, #4666, #10801 ) ;
#3285 = PRESENTATION_LAYER_ASSIGNMENT (  '', '', ( #2720 ) ) ;
#3286 = VERTEX_POINT ( 'NONE', #8579 ) ;
#3287 = CARTESIAN_POINT ( 'NONE',  ( 2.462028585570589000, 1.360706582266761400, 1.649999999999999900 ) ) ;
#3288 = VECTOR ( 'NONE', #10963, 1000.000000000000000 ) ;
#3289 = DIRECTION ( 'NONE',  ( -0.0000000000000000000, -0.0000000000000000000, -1.000000000000000000 ) ) ;
#3290 = CARTESIAN_POINT ( 'NONE',  ( 2.186481275847953500, 1.476006729408933600, 1.649999999999999900 ) ) ;
#3291 = CARTESIAN_POINT ( 'NONE',  ( -2.975150518713303600, 1.625150518713304200, -1.550000000000000000 ) ) ;
#3292 = ORIENTED_EDGE ( 'NONE', *, *, #4023, .T. ) ;
#3293 = ADVANCED_FACE ( 'NONE', ( #5238 ), #6997, .F. ) ;
#3294 = VERTEX_POINT ( 'NONE', #4299 ) ;
#3295 = CARTESIAN_POINT ( 'NONE',  ( 1.400000000000000600, 1.399999999999999900, -1.779999999999999800 ) ) ;
#3296 = EDGE_CURVE ( 'NONE', #10050, #2833, #7469, .T. ) ;
#3297 = EDGE_CURVE ( 'NONE', #6349, #3261, #772, .T. ) ;
#3298 =( GEOMETRIC_REPRESENTATION_CONTEXT ( 3 ) GLOBAL_UNCERTAINTY_ASSIGNED_CONTEXT ( ( #2058 ) ) GLOBAL_UNIT_ASSIGNED_CONTEXT ( ( #3600, #9750, #3679 ) ) REPRESENTATION_CONTEXT ( 'NONE', 'WORKASPACE' ) );
#3299 = CARTESIAN_POINT ( 'NONE',  ( 1.955842310742314000, 1.355285008919082900, 1.649999999999999900 ) ) ;
#3300 = ORIENTED_EDGE ( 'NONE', *, *, #5269, .T. ) ;
#3301 = MECHANICAL_DESIGN_GEOMETRIC_PRESENTATION_REPRESENTATION (  '', ( #1940 ), #10338 ) ;
#3302 = VERTEX_POINT ( 'NONE', #5027 ) ;
#3303 = CARTESIAN_POINT ( 'NONE',  ( 2.634330390323782000, 1.360706582266761400, 1.659999999999999900 ) ) ;
#3304 = CARTESIAN_POINT ( 'NONE',  ( 2.384837612828778900, 1.244345390825370300, 1.659999999999999900 ) ) ;
#3305 = DIRECTION ( 'NONE',  ( -0.0000000000000000000, -0.0000000000000000000, -1.000000000000000000 ) ) ;
#3306 = EDGE_CURVE ( 'NONE', #168, #5978, #6210, .T. ) ;
#3307 = EDGE_LOOP ( 'NONE', ( #10653, #6357, #3161, #3934 ) ) ;
#3308 = FACE_OUTER_BOUND ( 'NONE', #9283, .T. ) ;
#3309 = CARTESIAN_POINT ( 'NONE',  ( 1.606619327332769800, 1.198708520878374800, 1.659999999999999900 ) ) ;
#3310 = EDGE_LOOP ( 'NONE', ( #11150, #8361, #10749, #7968 ) ) ;
#3311 = LINE ( 'NONE', #1762, #7727 ) ;
#3312 = CARTESIAN_POINT ( 'NONE',  ( 2.355511527346536600, 1.175849086643933900, 1.659999999999999900 ) ) ;
#3313 = STYLED_ITEM ( 'NONE', ( #10181 ), #3461 ) ;
#3314 = ADVANCED_FACE ( 'NONE', ( #8831 ), #240, .T. ) ;
#3315 = CARTESIAN_POINT ( 'NONE',  ( 1.928789801336942900, 1.227400549775460300, 1.659999999999999900 ) ) ;
#3316 = CARTESIAN_POINT ( 'NONE',  ( 2.463207523680653700, 1.476006729408933600, 1.659999999999999900 ) ) ;
#3317 = SURFACE_SIDE_STYLE ('',( #7635 ) ) ;
#3318 = FACE_OUTER_BOUND ( 'NONE', #8693, .T. ) ;
#3319 = CARTESIAN_POINT ( 'NONE',  ( 3.750000000000000400, 0.6999999999999999600, -0.3000000000000006600 ) ) ;
#3320 = CARTESIAN_POINT ( 'NONE',  ( 2.506798760291815100, 1.460739480886619200, 1.659999999999999900 ) ) ;
#3321 = EDGE_CURVE ( 'NONE', #7651, #7239, #8019, .T. ) ;
#3322 = VECTOR ( 'NONE', #2984, 1000.000000000000000 ) ;
#3323 = CIRCLE ( 'NONE', #9300, 0.1000000000000000500 ) ;
#3324 = EDGE_CURVE ( 'NONE', #7332, #9190, #9136, .T. ) ;
#3325 = CARTESIAN_POINT ( 'NONE',  ( 2.355511527346536600, 1.175849086643933900, 1.649999999999999900 ) ) ;
#3326 = CARTESIAN_POINT ( 'NONE',  ( 2.232400915226536100, 1.373851742191424300, 1.649999999999999900 ) ) ;
#3327 = PRESENTATION_LAYER_ASSIGNMENT (  '', '', ( #2766 ) ) ;
#3328 = CARTESIAN_POINT ( 'NONE',  ( 2.745916882420268200, 1.222358195076769900, 1.659999999999999900 ) ) ;
#3329 = CARTESIAN_POINT ( 'NONE',  ( 2.745916882420268200, 1.222358195076769900, 1.659999999999999900 ) ) ;
#3330 = ORIENTED_EDGE ( 'NONE', *, *, #9515, .F. ) ;
#3331 = VECTOR ( 'NONE', #1623, 1000.000000000000000 ) ;
#3332 = APPLICATION_CONTEXT ( 'automotive_design' ) ;
#3333 =( NAMED_UNIT ( * ) PLANE_ANGLE_UNIT ( ) SI_UNIT ( $, .RADIAN. ) );
#3334 = ORIENTED_EDGE ( 'NONE', *, *, #646, .F. ) ;
#3335 = LINE ( 'NONE', #5264, #8964 ) ;
#3336 = SURFACE_STYLE_USAGE ( .BOTH. , #1582 ) ;
#3337 = CARTESIAN_POINT ( 'NONE',  ( 2.299158285695976900, 1.204438335807191300, 1.649999999999999900 ) ) ;
#3338 = ADVANCED_FACE ( 'NONE', ( #7187 ), #6177, .F. ) ;
#3339 = FILL_AREA_STYLE_COLOUR ( '', #5134 ) ;
#3340 = ORIENTED_EDGE ( 'NONE', *, *, #3643, .F. ) ;
#3341 = VECTOR ( 'NONE', #2783, 1000.000000000000000 ) ;
#3342 = ORIENTED_EDGE ( 'NONE', *, *, #11165, .T. ) ;
#3343 = ORIENTED_EDGE ( 'NONE', *, *, #3593, .F. ) ;
#3344 = CARTESIAN_POINT ( 'NONE',  ( 2.505796662898819500, 1.229726558263511300, 1.659999999999999900 ) ) ;
#3345 = CARTESIAN_POINT ( 'NONE',  ( 1.588584339304816200, 1.218383067487831500, 1.649999999999999900 ) ) ;
#3346 = VERTEX_POINT ( 'NONE', #5244 ) ;
#3347 = ORIENTED_EDGE ( 'NONE', *, *, #3723, .F. ) ;
#3348 = PLANE ( 'NONE',  #4374 ) ;
#3349 = CIRCLE ( 'NONE', #9214, 0.1000000000000000500 ) ;
#3350 = CYLINDRICAL_SURFACE ( 'NONE', #10628, 0.1000000000000000500 ) ;
#3351 = VERTEX_POINT ( 'NONE', #5282 ) ;
#3352 = CARTESIAN_POINT ( 'NONE',  ( 1.763195831009000100, 1.204446901640480000, 1.649999999999999900 ) ) ;
#3353 = ORIENTED_EDGE ( 'NONE', *, *, #4223, .F. ) ;
#3354 = DIRECTION ( 'NONE',  ( -0.0000000000000000000, 1.000000000000000000, -0.0000000000000000000 ) ) ;
#3355 = EDGE_CURVE ( 'NONE', #5903, #9470, #4713, .T. ) ;
#3356 = CARTESIAN_POINT ( 'NONE',  ( 2.418997344561360400, 1.155217669721673200, 1.649999999999999900 ) ) ;
#3357 = MECHANICAL_DESIGN_GEOMETRIC_PRESENTATION_REPRESENTATION (  '', ( #10189 ), #3158 ) ;
#3358 = FACE_OUTER_BOUND ( 'NONE', #6670, .T. ) ;
#3359 = MECHANICAL_DESIGN_GEOMETRIC_PRESENTATION_REPRESENTATION (  '', ( #4819 ), #3160 ) ;
#3360 = DIRECTION ( 'NONE',  ( 0.0000000000000000000, 2.168404344971007700E-015, -1.000000000000000000 ) ) ;
#3361 = VERTEX_POINT ( 'NONE', #1043 ) ;
#3362 = CARTESIAN_POINT ( 'NONE',  ( 2.355128372460883100, 1.213987734497011800, 1.649999999999999900 ) ) ;
#3363 = LINE ( 'NONE', #2724, #277 ) ;
#3364 = FACE_BOUND ( 'NONE', #9380, .T. ) ;
#3365 = CARTESIAN_POINT ( 'NONE',  ( 2.378825028468378700, 1.260850524363176500, 1.649999999999999900 ) ) ;
#3366 = ORIENTED_EDGE ( 'NONE', *, *, #7304, .F. ) ;
#3367 = DIRECTION ( 'NONE',  ( -1.000000000000000000, 0.0000000000000000000, -0.0000000000000000000 ) ) ;
#3368 = ORIENTED_EDGE ( 'NONE', *, *, #5963, .F. ) ;
#3369 = CARTESIAN_POINT ( 'NONE',  ( 2.299158285695976900, 1.211217229938904100, 1.649999999999999900 ) ) ;
#3370 = EDGE_LOOP ( 'NONE', ( #3247, #9684, #926, #6833 ) ) ;
#3371 = CARTESIAN_POINT ( 'NONE',  ( 2.256775460647202800, 1.443114356144166400, 1.649999999999999900 ) ) ;
#3372 =( NAMED_UNIT ( * ) PLANE_ANGLE_UNIT ( ) SI_UNIT ( $, .RADIAN. ) );
#3373 = VERTEX_POINT ( 'NONE', #1931 ) ;
#3374 = ADVANCED_FACE ( 'NONE', ( #910 ), #981, .F. ) ;
#3375 = EDGE_CURVE ( 'NONE', #11136, #49, #4794, .T. ) ;
#3376 = B_SPLINE_CURVE_WITH_KNOTS ( 'NONE', 3,
 ( #5473, #8869, #10682, #2894 ),
 .UNSPECIFIED., .F., .F.,
 ( 4, 4 ),
 ( 19.00000000000000000, 20.00000000000000000 ),
 .UNSPECIFIED. ) ;
#3377 = EDGE_CURVE ( 'NONE', #7646, #10211, #9237, .T. ) ;
#3378 = CARTESIAN_POINT ( 'NONE',  ( 1.741881764909005000, 1.474971757247668400, 1.659999999999999900 ) ) ;
#3379 = AXIS2_PLACEMENT_3D ( 'NONE', #11080, #4841, #7557 ) ;
#3380 = CARTESIAN_POINT ( 'NONE',  ( 2.668578542414895300, 1.236918080733201600, 1.659999999999999900 ) ) ;
#3381 = ORIENTED_EDGE ( 'NONE', *, *, #8341, .F. ) ;
#3382 = SURFACE_SIDE_STYLE ('',( #7737 ) ) ;
#3383 = CIRCLE ( 'NONE', #5935, 0.1000000000000000500 ) ;
#3384 = ORIENTED_EDGE ( 'NONE', *, *, #8186, .T. ) ;
#3385 = VERTEX_POINT ( 'NONE', #6112 ) ;
#3386 = VERTEX_POINT ( 'NONE', #899 ) ;
#3387 = CARTESIAN_POINT ( 'NONE',  ( -2.975150518713303200, 0.0000000000000000000, 1.550000000000000000 ) ) ;
#3388 = CARTESIAN_POINT ( 'NONE',  ( 2.227714636239762000, 1.242930665093599200, 1.659999999999999900 ) ) ;
#3389 = DIRECTION ( 'NONE',  ( -1.000000000000000000, 0.0000000000000000000, 0.0000000000000000000 ) ) ;
#3390 = VERTEX_POINT ( 'NONE', #2656 ) ;
#3391 = ORIENTED_EDGE ( 'NONE', *, *, #10624, .T. ) ;
#3392 = EDGE_CURVE ( 'NONE', #7152, #2149, #3550, .T. ) ;
#3393 = LINE ( 'NONE', #10950, #6844 ) ;
#3394 = VERTEX_POINT ( 'NONE', #9626 ) ;
#3395 = ORIENTED_EDGE ( 'NONE', *, *, #6855, .T. ) ;
#3396 = CARTESIAN_POINT ( 'NONE',  ( -2.975150518713303600, 1.625150518713304200, -1.649999999999999900 ) ) ;
#3397 = ORIENTED_EDGE ( 'NONE', *, *, #4008, .T. ) ;
#3398 = DIRECTION ( 'NONE',  ( 0.1736481776669307200, -0.0000000000000000000, 0.9848077530122080200 ) ) ;
#3399 = CARTESIAN_POINT ( 'NONE',  ( 2.171597182211291200, 1.476006729408933600, 1.659999999999999900 ) ) ;
#3400 = CARTESIAN_POINT ( 'NONE',  ( 2.407473224537446800, 1.151386120864346300, 1.649999999999999900 ) ) ;
#3401 = CARTESIAN_POINT ( 'NONE',  ( 1.500000000000000900, -1.399999999999999700, -1.879999999999999900 ) ) ;
#3402 = B_SPLINE_SURFACE_WITH_KNOTS ( 'NONE', 3, 1, ( 
 ( #3411, #6996 ),
 ( #9497, #8747 ),
 ( #7030, #4245 ),
 ( #4359, #1649 ) ),
 .UNSPECIFIED., .F., .F., .F.,
 ( 4, 4 ),
 ( 2, 2 ),
 ( 4.000000000000000000, 5.000000000000000000 ),
 ( 0.0000000000000000000, 1.000000000000000000 ),
 .UNSPECIFIED. ) ;
#3403 = CARTESIAN_POINT ( 'NONE',  ( 2.504322990260829900, 1.444646975687570600, 1.659999999999999900 ) ) ;
#3404 = VERTEX_POINT ( 'NONE', #1843 ) ;
#3405 = ADVANCED_FACE ( 'NONE', ( #6917 ), #8426, .T. ) ;
#3406 = COLOUR_RGB ( '',0.6666666666666666300, 0.6666666666666666300, 0.6666666666666666300 ) ;
#3407 = CARTESIAN_POINT ( 'NONE',  ( 2.346021075562139100, 1.217642442637280500, 1.649999999999999900 ) ) ;
#3408 = CARTESIAN_POINT ( 'NONE',  ( 2.607008499627946600, 1.279831427931971400, 1.659999999999999900 ) ) ;
#3409 = CARTESIAN_POINT ( 'NONE',  ( 2.355128372460883100, 1.213987734497011800, 1.649999999999999900 ) ) ;
#3410 = CARTESIAN_POINT ( 'NONE',  ( 2.461940165212449700, 1.373851742191424300, 1.659999999999999900 ) ) ;
#3411 = CARTESIAN_POINT ( 'NONE',  ( 2.337355880454870000, 1.224892912013173100, 1.659999999999999900 ) ) ;
#3412 = VERTEX_POINT ( 'NONE', #5395 ) ;
#3413 = SURFACE_STYLE_USAGE ( .BOTH. , #849 ) ;
#3414 = ORIENTED_EDGE ( 'NONE', *, *, #974, .F. ) ;
#3415 = LINE ( 'NONE', #2946, #1946 ) ;
#3416 = STYLED_ITEM ( 'NONE', ( #9224 ), #7179 ) ;
#3417 = CARTESIAN_POINT ( 'NONE',  ( 2.975150518713304900, 1.625150518713304400, -1.550000000000000000 ) ) ;
#3418 = B_SPLINE_SURFACE_WITH_KNOTS ( 'NONE', 3, 1, ( 
 ( #4652, #5493 ),
 ( #10896, #10788 ),
 ( #2098, #290 ),
 ( #1303, #2961 ) ),
 .UNSPECIFIED., .F., .F., .F.,
 ( 4, 4 ),
 ( 2, 2 ),
 ( 5.000000000000000000, 6.000000000000000000 ),
 ( 0.0000000000000000000, 1.000000000000000000 ),
 .UNSPECIFIED. ) ;
#3419 = DIRECTION ( 'NONE',  ( 1.000000000000000000, -0.0000000000000000000, -0.0000000000000000000 ) ) ;
#3420 = CARTESIAN_POINT ( 'NONE',  ( 2.408534268836274100, 1.373851742191424300, 1.649999999999999900 ) ) ;
#3421 = UNCERTAINTY_MEASURE_WITH_UNIT (LENGTH_MEASURE( 1.000000000000000100E-005 ), #321, 'distance_accuracy_value', 'NONE');
#3422 = VERTEX_POINT ( 'NONE', #7347 ) ;
#3423 = VERTEX_POINT ( 'NONE', #343 ) ;
#3424 =( NAMED_UNIT ( * ) PLANE_ANGLE_UNIT ( ) SI_UNIT ( $, .RADIAN. ) );
#3425 = CYLINDRICAL_SURFACE ( 'NONE', #2661, 0.2999999999999998800 ) ;
#3426 = CARTESIAN_POINT ( 'NONE',  ( 2.388787055496564000, 1.200194158611884900, 1.659999999999999900 ) ) ;
#3427 = CARTESIAN_POINT ( 'NONE',  ( 1.606619327332769800, 1.198708520878374800, 1.649999999999999900 ) ) ;
#3428 = EDGE_CURVE ( 'NONE', #6280, #5422, #1569, .T. ) ;
#3429 = ORIENTED_EDGE ( 'NONE', *, *, #4920, .F. ) ;
#3430 = MECHANICAL_DESIGN_GEOMETRIC_PRESENTATION_REPRESENTATION (  '', ( #9868 ), #3647 ) ;
#3431 = AXIS2_PLACEMENT_3D ( 'NONE', #11193, #1527, #2400 ) ;
#3432 = ADVANCED_FACE ( 'NONE', ( #4965 ), #7049, .F. ) ;
#3433 = CARTESIAN_POINT ( 'NONE',  ( 2.264055403475419700, 1.384167450652555600, 1.659999999999999900 ) ) ;
#3434 = DIRECTION ( 'NONE',  ( -0.0000000000000000000, 0.0000000000000000000, -1.000000000000000000 ) ) ;
#3435 = FILL_AREA_STYLE_COLOUR ( '', #6338 ) ;
#3436 = PRESENTATION_STYLE_ASSIGNMENT (( #6646 ) ) ;
#3437 = DIRECTION ( 'NONE',  ( 1.000000000000000000, 0.0000000000000000000, -0.0000000000000000000 ) ) ;
#3438 = B_SPLINE_SURFACE_WITH_KNOTS ( 'NONE', 3, 1, ( 
 ( #92, #3478 ),
 ( #7907, #8664 ),
 ( #3403, #8770 ),
 ( #9607, #3440 ) ),
 .UNSPECIFIED., .F., .F., .F.,
 ( 4, 4 ),
 ( 2, 2 ),
 ( 4.000000000000000000, 5.000000000000000000 ),
 ( 0.0000000000000000000, 1.000000000000000000 ),
 .UNSPECIFIED. ) ;
#3439 = EDGE_LOOP ( 'NONE', ( #7021, #7679, #8317, #6698 ) ) ;
#3440 = CARTESIAN_POINT ( 'NONE',  ( 2.495893582775650500, 1.451897445062682300, 1.649999999999999900 ) ) ;
#3441 = ORIENTED_EDGE ( 'NONE', *, *, #1670, .T. ) ;
#3442 = CARTESIAN_POINT ( 'NONE',  ( 2.384837612828778900, 1.244345390825370300, 1.659999999999999900 ) ) ;
#3443 = EDGE_CURVE ( 'NONE', #6965, #9558, #8553, .T. ) ;
#3444 = EDGE_CURVE ( 'NONE', #992, #7545, #4339, .T. ) ;
#3445 = DIRECTION ( 'NONE',  ( 0.9369753459545051600, 0.3493954794690900500, -0.0000000000000000000 ) ) ;
#3446 = CARTESIAN_POINT ( 'NONE',  ( 2.639606138365591500, 1.288025047794666900, 1.649999999999999900 ) ) ;
#3447 = MECHANICAL_DESIGN_GEOMETRIC_PRESENTATION_REPRESENTATION (  '', ( #10126 ), #5406 ) ;
#3448 = VERTEX_POINT ( 'NONE', #7236 ) ;
#3449 =( LENGTH_UNIT ( ) NAMED_UNIT ( * ) SI_UNIT ( .MILLI., .METRE. ) );
#3450 = CARTESIAN_POINT ( 'NONE',  ( 2.384837612828778900, 1.258374754332191300, 1.649999999999999900 ) ) ;
#3451 = SURFACE_STYLE_FILL_AREA ( #7415 ) ;
#3452 = PRESENTATION_LAYER_ASSIGNMENT (  '', '', ( #5875 ) ) ;
#3453 = B_SPLINE_CURVE_WITH_KNOTS ( 'NONE', 3,
 ( #368, #8187, #3833, #254 ),
 .UNSPECIFIED., .F., .F.,
 ( 4, 4 ),
 ( 35.00000000000000000, 36.00000000000000000 ),
 .UNSPECIFIED. ) ;
#3454 = FACE_OUTER_BOUND ( 'NONE', #10297, .T. ) ;
#3455 =( NAMED_UNIT ( * ) PLANE_ANGLE_UNIT ( ) SI_UNIT ( $, .RADIAN. ) );
#3456 = PRESENTATION_STYLE_ASSIGNMENT (( #1618 ) ) ;
#3457 = ORIENTED_EDGE ( 'NONE', *, *, #11290, .F. ) ;
#3458 = VECTOR ( 'NONE', #6600, 1000.000000000000000 ) ;
#3459 = DIRECTION ( 'NONE',  ( 0.0000000000000000000, 1.000000000000000000, 0.0000000000000000000 ) ) ;
#3460 = CARTESIAN_POINT ( 'NONE',  ( 2.237116667665630200, 1.416175620334375400, 1.659999999999999900 ) ) ;
#3461 = ADVANCED_FACE ( 'NONE', ( #376 ), #4413, .F. ) ;
#3462 = DIRECTION ( 'NONE',  ( 0.0000000000000000000, 0.0000000000000000000, 1.000000000000000000 ) ) ;
#3463 = EDGE_CURVE ( 'NONE', #7806, #10817, #82, .T. ) ;
#3464 = LINE ( 'NONE', #567, #2674 ) ;
#3465 = FILL_AREA_STYLE_COLOUR ( '', #803 ) ;
#3466 = CARTESIAN_POINT ( 'NONE',  ( 2.249790252346502800, 1.186636370348465300, 1.649999999999999900 ) ) ;
#3467 = B_SPLINE_CURVE_WITH_KNOTS ( 'NONE', 3,
 ( #10184, #1539, #5082, #5121 ),
 .UNSPECIFIED., .F., .F.,
 ( 4, 4 ),
 ( 1.000000000000000000, 2.000000000000000000 ),
 .UNSPECIFIED. ) ;
#3468 = STYLED_ITEM ( 'NONE', ( #9636 ), #3405 ) ;
#3469 = EDGE_LOOP ( 'NONE', ( #9173, #2050, #3860, #570, #2252, #3953, #6252, #8047, #3543, #2316, #6510, #3677 ) ) ;
#3470 = FACE_BOUND ( 'NONE', #15, .T. ) ;
#3471 = LINE ( 'NONE', #3702, #8554 ) ;
#3472 = DIRECTION ( 'NONE',  ( -0.0000000000000000000, -1.000000000000000000, -0.0000000000000000000 ) ) ;
#3473 = CARTESIAN_POINT ( 'NONE',  ( 2.550301576544853300, 1.279831427931971400, 1.659999999999999900 ) ) ;
#3474 =( NAMED_UNIT ( * ) PLANE_ANGLE_UNIT ( ) SI_UNIT ( $, .RADIAN. ) );
#3475 = VECTOR ( 'NONE', #2602, 1000.000000000000000 ) ;
#3476 = DIRECTION ( 'NONE',  ( -0.0000000000000000000, -0.0000000000000000000, -1.000000000000000000 ) ) ;
#3477 = B_SPLINE_SURFACE_WITH_KNOTS ( 'NONE', 3, 1, ( 
 ( #5889, #7704 ),
 ( #1555, #7745 ),
 ( #6035, #679 ),
 ( #11111, #2429 ) ),
 .UNSPECIFIED., .F., .F., .F.,
 ( 4, 4 ),
 ( 2, 2 ),
 ( 9.000000000000000000, 10.00000000000000000 ),
 ( 0.0000000000000000000, 1.000000000000000000 ),
 .UNSPECIFIED. ) ;
#3478 = CARTESIAN_POINT ( 'NONE',  ( 2.508537694004202100, 1.419417700136674300, 1.649999999999999900 ) ) ;
#3479 = EDGE_CURVE ( 'NONE', #2431, #7234, #3602, .T. ) ;
#3480 = ORIENTED_EDGE ( 'NONE', *, *, #4592, .F. ) ;
#3481 = VECTOR ( 'NONE', #1494, 1000.000000000000000 ) ;
#3482 = FACE_OUTER_BOUND ( 'NONE', #7776, .T. ) ;
#3483 = CARTESIAN_POINT ( 'NONE',  ( 1.841074195156718400, 1.457756540691922400, 1.659999999999999900 ) ) ;
#3484 = ORIENTED_EDGE ( 'NONE', *, *, #10606, .T. ) ;
#3485 = VERTEX_POINT ( 'NONE', #2041 ) ;
#3486 = CARTESIAN_POINT ( 'NONE',  ( 2.607597968682981500, 1.293094481667487600, 1.649999999999999900 ) ) ;
#3487 = CARTESIAN_POINT ( 'NONE',  ( 2.355511527346536600, 1.175849086643933900, 1.649999999999999900 ) ) ;
#3488 = CARTESIAN_POINT ( 'NONE',  ( 2.262080682141720500, 1.197069972621228800, 1.649999999999999900 ) ) ;
#3489 = CARTESIAN_POINT ( 'NONE',  ( 2.762274648694514200, 1.177794334525313200, 1.659999999999999900 ) ) ;
#3490 = LINE ( 'NONE', #4706, #9375 ) ;
#3491 = VECTOR ( 'NONE', #8257, 1000.000000000000000 ) ;
#3492 = EDGE_LOOP ( 'NONE', ( #7527, #4890, #9029, #696 ) ) ;
#3493 = ADVANCED_FACE ( 'NONE', ( #10721 ), #2969, .F. ) ;
#3494 = ORIENTED_EDGE ( 'NONE', *, *, #9177, .F. ) ;
#3495 = B_SPLINE_SURFACE_WITH_KNOTS ( 'NONE', 3, 1, ( 
 ( #6861, #11121 ),
 ( #8625, #7753 ),
 ( #685, #2511 ),
 ( #6785, #3352 ),
 ( #1562, #8655 ),
 ( #9524, #2437 ),
 ( #8546, #6743 ) ),
 .UNSPECIFIED., .F., .F., .F.,
 ( 4, 3, 4 ),
 ( 2, 2 ),
 ( 0.0000000000000000000, 1.000000000000000000, 2.000000000000000000 ),
 ( 0.0000000000000000000, 1.000000000000000000 ),
 .UNSPECIFIED. ) ;
#3496 = EDGE_CURVE ( 'NONE', #8131, #9126, #5129, .T. ) ;
#3497 = DIRECTION ( 'NONE',  ( -0.0000000000000000000, -0.0000000000000000000, -1.000000000000000000 ) ) ;
#3498 = SURFACE_SIDE_STYLE ('',( #9079 ) ) ;
#3499 = VERTEX_POINT ( 'NONE', #9961 ) ;
#3500 = EDGE_CURVE ( 'NONE', #9411, #2689, #11216, .T. ) ;
#3501 = AXIS2_PLACEMENT_3D ( 'NONE', #1916, #5341, #8036 ) ;
#3502 = LINE ( 'NONE', #7927, #9274 ) ;
#3503 = VECTOR ( 'NONE', #687, 1000.000000000000000 ) ;
#3504 = ORIENTED_EDGE ( 'NONE', *, *, #9280, .F. ) ;
#3505 =( LENGTH_UNIT ( ) NAMED_UNIT ( * ) SI_UNIT ( .MILLI., .METRE. ) );
#3506 = CARTESIAN_POINT ( 'NONE',  ( 2.077168598107121100, 1.292162570364370700, 1.649999999999999900 ) ) ;
#3507 = ORIENTED_EDGE ( 'NONE', *, *, #8526, .F. ) ;
#3508 = VECTOR ( 'NONE', #4581, 1000.000000000000000 ) ;
#3509 = VECTOR ( 'NONE', #1289, 1000.000000000000000 ) ;
#3510 = VERTEX_POINT ( 'NONE', #6490 ) ;
#3511 = DIRECTION ( 'NONE',  ( -1.000000000000000000, 0.0000000000000000000, 0.0000000000000000000 ) ) ;
#3512 = CARTESIAN_POINT ( 'NONE',  ( 2.171597182211292900, 1.293094481667485400, 1.649999999999999900 ) ) ;
#3513 = EDGE_CURVE ( 'NONE', #7333, #833, #6075, .T. ) ;
#3514 = EDGE_CURVE ( 'NONE', #9824, #8215, #8037, .T. ) ;
#3515 = COLOUR_RGB ( '',0.2980392156862745100, 0.2980392156862745100, 0.2980392156862745100 ) ;
#3516 = ORIENTED_EDGE ( 'NONE', *, *, #8675, .T. ) ;
#3517 = AXIS2_PLACEMENT_3D ( 'NONE', #7018, #1702, #1637 ) ;
#3518 =( NAMED_UNIT ( * ) SI_UNIT ( $, .STERADIAN. ) SOLID_ANGLE_UNIT ( ) );
#3519 = B_SPLINE_SURFACE_WITH_KNOTS ( 'NONE', 3, 1, ( 
 ( #10379, #7811 ),
 ( #2565, #10415 ),
 ( #11276, #9582 ),
 ( #4321, #30 ) ),
 .UNSPECIFIED., .F., .F., .F.,
 ( 4, 4 ),
 ( 2, 2 ),
 ( 3.000000000000000000, 4.000000000000000000 ),
 ( 0.0000000000000000000, 1.000000000000000000 ),
 .UNSPECIFIED. ) ;
#3520 = COLOUR_RGB ( '',0.2980392156862745100, 0.2980392156862745100, 0.2980392156862745100 ) ;
#3521 = STYLED_ITEM ( 'NONE', ( #3529 ), #9633 ) ;
#3522 = CARTESIAN_POINT ( 'NONE',  ( 3.750000000000000400, -0.6999999999999999600, -1.579999999999999800 ) ) ;
#3523 = LINE ( 'NONE', #5004, #9289 ) ;
#3524 = ORIENTED_EDGE ( 'NONE', *, *, #6762, .T. ) ;
#3525 = CARTESIAN_POINT ( 'NONE',  ( 2.718889726251553900, 1.293094481667487600, 1.659999999999999900 ) ) ;
#3526 = CARTESIAN_POINT ( 'NONE',  ( 1.900097803712475600, 1.202807382149946300, 1.659999999999999900 ) ) ;
#3527 = CARTESIAN_POINT ( 'NONE',  ( 2.407473224537446800, 1.151386120864346300, 1.659999999999999900 ) ) ;
#3528 = VERTEX_POINT ( 'NONE', #3082 ) ;
#3529 = PRESENTATION_STYLE_ASSIGNMENT (( #5938 ) ) ;
#3530 = VERTEX_POINT ( 'NONE', #10879 ) ;
#3531 = EDGE_CURVE ( 'NONE', #4373, #5879, #5933, .T. ) ;
#3532 = ORIENTED_EDGE ( 'NONE', *, *, #8485, .T. ) ;
#3533 = EDGE_CURVE ( 'NONE', #6747, #6676, #4249, .T. ) ;
#3534 = ORIENTED_EDGE ( 'NONE', *, *, #6938, .T. ) ;
#3535 = MECHANICAL_DESIGN_GEOMETRIC_PRESENTATION_REPRESENTATION (  '', ( #1007 ), #2617 ) ;
#3536 = CARTESIAN_POINT ( 'NONE',  ( 2.306143493996669800, 1.464512082837735600, 1.659999999999999900 ) ) ;
#3537 = DIRECTION ( 'NONE',  ( -0.0000000000000000000, -0.0000000000000000000, -1.000000000000000000 ) ) ;
#3538 = EDGE_LOOP ( 'NONE', ( #7369, #3151, #5949, #3231 ) ) ;
#3539 = ORIENTED_EDGE ( 'NONE', *, *, #1597, .T. ) ;
#3540 = CARTESIAN_POINT ( 'NONE',  ( 2.462618054624836600, 1.462743675673420200, 1.649999999999999900 ) ) ;
#3541 =( NAMED_UNIT ( * ) SI_UNIT ( $, .STERADIAN. ) SOLID_ANGLE_UNIT ( ) );
#3542 = PRESENTATION_STYLE_ASSIGNMENT (( #4636 ) ) ;
#3543 = ORIENTED_EDGE ( 'NONE', *, *, #3611, .T. ) ;
#3544 = EDGE_LOOP ( 'NONE', ( #3516, #1334, #90, #1390 ) ) ;
#3545 = CARTESIAN_POINT ( 'NONE',  ( 2.634330390323782000, 1.360706582266761400, 1.649999999999999900 ) ) ;
#3546 = DIRECTION ( 'NONE',  ( -1.000000000000000000, 0.0000000000000000000, 0.0000000000000000000 ) ) ;
#3547 = B_SPLINE_CURVE_WITH_KNOTS ( 'NONE', 3,
 ( #6872, #2598, #8772, #8704 ),
 .UNSPECIFIED., .F., .F.,
 ( 4, 4 ),
 ( 0.0000000000000000000, 1.000000000000000000 ),
 .UNSPECIFIED. ) ;
#3548 = CARTESIAN_POINT ( 'NONE',  ( 1.962400482521522200, 1.355285008919082900, 1.659999999999999900 ) ) ;
#3549 = CARTESIAN_POINT ( 'NONE',  ( 2.365326187110767800, 1.262029462473246700, 1.649999999999999900 ) ) ;
#3550 = B_SPLINE_CURVE_WITH_KNOTS ( 'NONE', 3,
 ( #8795, #9731, #4408, #3506 ),
 .UNSPECIFIED., .F., .F.,
 ( 4, 4 ),
 ( 34.00000000000000000, 35.00000000000000000 ),
 .UNSPECIFIED. ) ;
#3551 = EDGE_CURVE ( 'NONE', #5383, #8076, #8901, .T. ) ;
#3552 = ORIENTED_EDGE ( 'NONE', *, *, #7807, .T. ) ;
#3553 = EDGE_CURVE ( 'NONE', #9374, #5818, #10855, .T. ) ;
#3554 = LINE ( 'NONE', #8497, #6430 ) ;
#3555 = CARTESIAN_POINT ( 'NONE',  ( 1.731224716223094900, 1.172475771218660200, 1.649999999999999900 ) ) ;
#3556 = ADVANCED_FACE ( 'NONE', ( #6198 ), #5556, .F. ) ;
#3557 = STYLED_ITEM ( 'NONE', ( #10199 ), #5060 ) ;
#3558 = CARTESIAN_POINT ( 'NONE',  ( 1.903376905237601700, 1.317575529006982800, 1.649999999999999900 ) ) ;
#3559 = ORIENTED_EDGE ( 'NONE', *, *, #3375, .T. ) ;
#3560 = CARTESIAN_POINT ( 'NONE',  ( 2.639606138365591500, 1.288025047794666900, 1.659999999999999900 ) ) ;
#3561 = ORIENTED_EDGE ( 'NONE', *, *, #1311, .F. ) ;
#3562 = CARTESIAN_POINT ( 'NONE',  ( 1.686957033260347600, 1.440541320226799100, 1.649999999999999900 ) ) ;
#3563 = CARTESIAN_POINT ( 'NONE',  ( 2.281474214048492000, 1.372024388120897300, 1.649999999999999900 ) ) ;
#3564 = DIRECTION ( 'NONE',  ( -0.1710878697460358800, 0.1710878697460358800, -0.9702875252478138100 ) ) ;
#3565 = VERTEX_POINT ( 'NONE', #10141 ) ;
#3566 = ORIENTED_EDGE ( 'NONE', *, *, #10624, .F. ) ;
#3567 = PRESENTATION_STYLE_ASSIGNMENT (( #3176 ) ) ;
#3568 = CARTESIAN_POINT ( 'NONE',  ( -3.073631294014524500, -2.000000000000000000, 1.567364817766693000 ) ) ;
#3569 = SURFACE_STYLE_USAGE ( .BOTH. , #9325 ) ;
#3570 = DIRECTION ( 'NONE',  ( -0.0000000000000000000, -0.0000000000000000000, -1.000000000000000000 ) ) ;
#3571 = ORIENTED_EDGE ( 'NONE', *, *, #9177, .T. ) ;
#3572 =( LENGTH_UNIT ( ) NAMED_UNIT ( * ) SI_UNIT ( .MILLI., .METRE. ) );
#3573 = DIRECTION ( 'NONE',  ( -1.000000000000000000, 0.0000000000000000000, 0.0000000000000000000 ) ) ;
#3574 = ORIENTED_EDGE ( 'NONE', *, *, #7536, .T. ) ;
#3575 = CARTESIAN_POINT ( 'NONE',  ( 2.237116667665630200, 1.398904177025259300, 1.659999999999999900 ) ) ;
#3576 = CARTESIAN_POINT ( 'NONE',  ( -1.400000000000000100, -1.600000000000000100, -1.750000000000000000 ) ) ;
#3577 =( LENGTH_UNIT ( ) NAMED_UNIT ( * ) SI_UNIT ( .MILLI., .METRE. ) );
#3578 = LINE ( 'NONE', #7262, #5626 ) ;
#3579 = EDGE_CURVE ( 'NONE', #1054, #273, #11127, .T. ) ;
#3580 = PRESENTATION_LAYER_ASSIGNMENT (  '', '', ( #1847 ) ) ;
#3581 = MECHANICAL_DESIGN_GEOMETRIC_PRESENTATION_REPRESENTATION (  '', ( #3521 ), #4159 ) ;
#3582 = CARTESIAN_POINT ( 'NONE',  ( 1.731224716223094900, 1.236418032062303100, 1.659999999999999900 ) ) ;
#3583 = ORIENTED_EDGE ( 'NONE', *, *, #1747, .F. ) ;
#3584 = DIRECTION ( 'NONE',  ( -0.0000000000000000000, -0.0000000000000000000, -1.000000000000000000 ) ) ;
#3585 = VECTOR ( 'NONE', #3590, 1000.000000000000000 ) ;
#3586 = FACE_OUTER_BOUND ( 'NONE', #10241, .T. ) ;
#3587 = DIRECTION ( 'NONE',  ( -1.000000000000000000, 0.0000000000000000000, -0.0000000000000000000 ) ) ;
#3588 = ORIENTED_EDGE ( 'NONE', *, *, #486, .F. ) ;
#3589 = VECTOR ( 'NONE', #6166, 1000.000000000000000 ) ;
#3590 = DIRECTION ( 'NONE',  ( 0.0000000000000000000, 0.0000000000000000000, 1.000000000000000000 ) ) ;
#3591 = CARTESIAN_POINT ( 'NONE',  ( 1.400000000000000800, -1.500000000000000000, -1.649999999999999900 ) ) ;
#3592 = EDGE_CURVE ( 'NONE', #3650, #1027, #644, .T. ) ;
#3593 = EDGE_CURVE ( 'NONE', #10785, #642, #3875, .T. ) ;
#3594 = CARTESIAN_POINT ( 'NONE',  ( 2.355128372460883100, 1.213987734497011800, 1.649999999999999900 ) ) ;
#3595 = SURFACE_SIDE_STYLE ('',( #5985 ) ) ;
#3596 = AXIS2_PLACEMENT_3D ( 'NONE', #8181, #6560, #3791 ) ;
#3597 = LINE ( 'NONE', #7641, #5092 ) ;
#3598 = SURFACE_STYLE_USAGE ( .BOTH. , #2744 ) ;
#3599 = AXIS2_PLACEMENT_3D ( 'NONE', #5565, #9147, #470 ) ;
#3600 =( LENGTH_UNIT ( ) NAMED_UNIT ( * ) SI_UNIT ( .MILLI., .METRE. ) );
#3601 = LINE ( 'NONE', #5764, #5649 ) ;
#3602 = LINE ( 'NONE', #2121, #8005 ) ;
#3603 = CARTESIAN_POINT ( 'NONE',  ( 2.348703159762112000, 1.259848426970168600, 1.659999999999999900 ) ) ;
#3604 = ADVANCED_FACE ( 'NONE', ( #5650 ), #3075, .F. ) ;
#3605 = CARTESIAN_POINT ( 'NONE',  ( 3.073631294014526300, -2.000000000000000000, 1.567364817766693000 ) ) ;
#3606 = CARTESIAN_POINT ( 'NONE',  ( 2.323444410758892100, 1.473236224850823900, 1.649999999999999900 ) ) ;
#3607 = CARTESIAN_POINT ( 'NONE',  ( 2.254506004785988200, 1.182333246247737400, 1.659999999999999900 ) ) ;
#3608 = CARTESIAN_POINT ( 'NONE',  ( 2.558112041522270500, 1.392243176705186600, 1.659999999999999900 ) ) ;
#3609 = ORIENTED_EDGE ( 'NONE', *, *, #9480, .T. ) ;
#3610 = LINE ( 'NONE', #10210, #2416 ) ;
#3611 = EDGE_CURVE ( 'NONE', #5818, #6651, #3730, .T. ) ;
#3612 = LINE ( 'NONE', #3401, #5105 ) ;
#3613 = CARTESIAN_POINT ( 'NONE',  ( -1.500000000000000900, -1.399999999999999700, -1.649999999999999900 ) ) ;
#3614 = SURFACE_SIDE_STYLE ('',( #6520 ) ) ;
#3615 = CARTESIAN_POINT ( 'NONE',  ( 2.624663097823114500, 1.177794334525313200, 1.659999999999999900 ) ) ;
#3616 = B_SPLINE_CURVE_WITH_KNOTS ( 'NONE', 3,
 ( #6964, #6850, #9549, #2571 ),
 .UNSPECIFIED., .F., .F.,
 ( 4, 4 ),
 ( 6.000000000000000000, 7.000000000000000000 ),
 .UNSPECIFIED. ) ;
#3617 = ORIENTED_EDGE ( 'NONE', *, *, #5733, .F. ) ;
#3618 = FACE_OUTER_BOUND ( 'NONE', #1244, .T. ) ;
#3619 = CARTESIAN_POINT ( 'NONE',  ( 2.296269887327012900, 1.464512082837735600, 1.659999999999999900 ) ) ;
#3620 = CARTESIAN_POINT ( 'NONE',  ( 2.232400915226536100, 1.360706582266758800, 1.659999999999999900 ) ) ;
#3621 = FACE_OUTER_BOUND ( 'NONE', #7295, .T. ) ;
#3622 = ORIENTED_EDGE ( 'NONE', *, *, #3306, .F. ) ;
#3623 = EDGE_LOOP ( 'NONE', ( #8338, #5532, #581, #9294 ) ) ;
#3624 = ORIENTED_EDGE ( 'NONE', *, *, #10689, .T. ) ;
#3625 = CARTESIAN_POINT ( 'NONE',  ( 2.363911461379003300, 1.250299028280348100, 1.649999999999999900 ) ) ;
#3626 = UNCERTAINTY_MEASURE_WITH_UNIT (LENGTH_MEASURE( 1.000000000000000100E-005 ), #8137, 'distance_accuracy_value', 'NONE');
#3627 = CARTESIAN_POINT ( 'NONE',  ( 2.372340868864180100, 1.262029462473246700, 1.659999999999999900 ) ) ;
#3628 = CIRCLE ( 'NONE', #1470, 0.1000000000000000500 ) ;
#3629 = DIRECTION ( 'NONE',  ( 1.000000000000000000, -0.0000000000000000000, -0.0000000000000000000 ) ) ;
#3630 = ORIENTED_EDGE ( 'NONE', *, *, #8526, .T. ) ;
#3631 = AXIS2_PLACEMENT_3D ( 'NONE', #10196, #4988, #9358 ) ;
#3632 = ORIENTED_EDGE ( 'NONE', *, *, #7520, .F. ) ;
#3633 = DIRECTION ( 'NONE',  ( -0.0000000000000000000, -0.0000000000000000000, 1.000000000000000000 ) ) ;
#3634 = LINE ( 'NONE', #10119, #3243 ) ;
#3635 = ORIENTED_EDGE ( 'NONE', *, *, #1512, .T. ) ;
#3636 = VECTOR ( 'NONE', #2213, 1000.000000000000000 ) ;
#3637 = FACE_BOUND ( 'NONE', #69, .T. ) ;
#3638 = VERTEX_POINT ( 'NONE', #2302 ) ;
#3639 = CARTESIAN_POINT ( 'NONE',  ( 2.315191843989992100, 1.462272100429235400, 1.659999999999999900 ) ) ;
#3640 = ORIENTED_EDGE ( 'NONE', *, *, #1917, .F. ) ;
#3641 = ORIENTED_EDGE ( 'NONE', *, *, #601, .F. ) ;
#3642 = B_SPLINE_SURFACE_WITH_KNOTS ( 'NONE', 3, 1, ( 
 ( #3754, #2924 ),
 ( #2887, #5539 ),
 ( #10752, #1269 ),
 ( #9860, #3714 ) ),
 .UNSPECIFIED., .F., .F., .F.,
 ( 4, 4 ),
 ( 2, 2 ),
 ( 1.000000000000000000, 2.000000000000000000 ),
 ( 0.0000000000000000000, 1.000000000000000000 ),
 .UNSPECIFIED. ) ;
#3643 = EDGE_CURVE ( 'NONE', #6808, #4424, #10705, .T. ) ;
#3644 = CARTESIAN_POINT ( 'NONE',  ( 1.778771531983193600, 1.277406691679501700, 1.659999999999999900 ) ) ;
#3645 = DIRECTION ( 'NONE',  ( -0.0000000000000000000, -0.0000000000000000000, -1.000000000000000000 ) ) ;
#3646 = CARTESIAN_POINT ( 'NONE',  ( 2.640608235758599200, 1.202964663170001300, 1.649999999999999900 ) ) ;
#3647 =( GEOMETRIC_REPRESENTATION_CONTEXT ( 3 ) GLOBAL_UNCERTAINTY_ASSIGNED_CONTEXT ( ( #7874 ) ) GLOBAL_UNIT_ASSIGNED_CONTEXT ( ( #9876, #345, #6493 ) ) REPRESENTATION_CONTEXT ( 'NONE', 'WORKASPACE' ) );
#3648 = SPHERICAL_SURFACE ( 'NONE', #5570, 0.1000000000000000100 ) ;
#3649 = AXIS2_PLACEMENT_3D ( 'NONE', #7958, #5274, #2717 ) ;
#3650 = VERTEX_POINT ( 'NONE', #5709 ) ;
#3651 = CARTESIAN_POINT ( 'NONE',  ( 2.606124296045791300, 1.392243176705187900, 1.649999999999999900 ) ) ;
#3652 = CARTESIAN_POINT ( 'NONE',  ( 2.640608235758599200, 1.202964663170001300, 1.649999999999999900 ) ) ;
#3653 = LINE ( 'NONE', #4387, #1908 ) ;
#3654 = ORIENTED_EDGE ( 'NONE', *, *, #10134, .F. ) ;
#3655 = UNCERTAINTY_MEASURE_WITH_UNIT (LENGTH_MEASURE( 1.000000000000000100E-005 ), #6918, 'distance_accuracy_value', 'NONE');
#3656 = ORIENTED_EDGE ( 'NONE', *, *, #4098, .T. ) ;
#3657 = CLOSED_SHELL ( 'NONE', ( #2575, #4456, #11206, #4169, #6077, #9463, #10432, #3096, #6431, #2546, #3604, #10456, #9412, #5309, #3104, #9687, #5116, #6477, #1234, #3461, #9742, #9241, #5148, #3780, #10886, #8344, #746, #11255, #10024, #3163, #5936, #6186, #9633, #7548, #1972, #7688, #9982, #571, #2148, #4682, #4254, #2938, #10893, #9305, #2609, #3432, #1915, #3314, #5905, #3089, #1301, #1532, #10494, #161, #1769, #5091, #2275, #7474, #8699, #9123, #2873, #8952, #2493, #1466, #10151, #8844, #3405, #7179, #2763, #2089, #9909, #8535, #3268, #1632, #2264, #1664, #5060, #1056, #9608, #9973, #6869, #6310, #7939, #9520, #7742, #7365, #8356, #8233, #8169, #8111, #4978, #10261, #5176, #1475, #2218, #7540, #11001, #4570, #8291, #5012, #5678, #8405, #4006, #5361, #4141, #8058, #1550, #6720, #1599, #6024, #6593, #7990, #4055, #10712, #2433, #4202, #9437, #331, #5736, #10101, #801, #4285, #5605, #6928, #721, #1113, #9795, #10786, #695, #4066, #11067, #4922, #451, #9299, #2993, #7424, #6249, #3045, #5034, #2666, #8782, #2465, #505, #3293, #1852, #6810, #5794, #5665, #3002, #774, #7246, #7773, #3152, #8644, #9491, #5964, #278, #4743, #8177, #7075, #11145, #10091, #6783, #4230, #6491, #10776, #6987, #6673, #1361, #4634, #2515, #2925, #4510, #3210, #4364, #4399, #5914, #7708, #9847, #10290, #8899, #2383, #10084, #8591, #3715, #8672, #6729, #10544, #515, #10142, #4117, #7829, #5743, #6375, #7131, #3835, #2159, #5427, #10348, #19, #7656, #1684, #6662, #1005, #6895, #1803, #9232, #6547, #3901, #10948, #10829, #10408, #908, #8296, #10036, #952, #2333, #5542, #5222, #3493, #668, #2713, #5483, #7297, #6962, #7357, #561, #4757, #1707, #210, #1579, #5787, #1166, #6608, #6107, #10208, #7803, #6424, #1292, #11279, #8757, #1411, #9192, #7414, #4809, #9183, #2211, #8459, #1350, #858, #3338, #9353, #3374, #10253, #8622, #3556, #6558, #9065, #2031, #3663, #11011, #10317, #7596, #2324, #6362, #5614, #3954, #9010, #8400, #3893, #11232, #4870, #3997, #6046, #10382, #2256, #11120, #10942, #4858, #9576, #10594, #103, #461, #6135, #1420, #7851, #11181, #6845, #5990, #3053, #621, #5252, #10958, #388, #2042, #4313, #10657, #4802, #2638, #5857, #7017, #5726, #831, #8508, #2815, #8566, #9554, #6601, #4927 ) ) ;
#3658 = CARTESIAN_POINT ( 'NONE',  ( 1.642689334661685800, 1.391355031883523100, 1.659999999999999900 ) ) ;
#3659 = ORIENTED_EDGE ( 'NONE', *, *, #2787, .T. ) ;
#3660 = DIRECTION ( 'NONE',  ( -1.000000000000000000, 0.0000000000000000000, 0.0000000000000000000 ) ) ;
#3661 = EDGE_CURVE ( 'NONE', #1476, #10000, #10340, .T. ) ;
#3662 = EDGE_CURVE ( 'NONE', #4019, #701, #1451, .T. ) ;
#3663 = ADVANCED_FACE ( 'NONE', ( #8807 ), #10869, .F. ) ;
#3664 = DIRECTION ( 'NONE',  ( 0.0000000000000000000, 0.0000000000000000000, 1.000000000000000000 ) ) ;
#3665 = DIRECTION ( 'NONE',  ( -0.0000000000000000000, -0.0000000000000000000, 1.000000000000000000 ) ) ;
#3666 = LINE ( 'NONE', #9347, #10504 ) ;
#3667 =( GEOMETRIC_REPRESENTATION_CONTEXT ( 3 ) GLOBAL_UNCERTAINTY_ASSIGNED_CONTEXT ( ( #3626 ) ) GLOBAL_UNIT_ASSIGNED_CONTEXT ( ( #8137, #5494, #10789 ) ) REPRESENTATION_CONTEXT ( 'NONE', 'WORKASPACE' ) );
#3668 = CARTESIAN_POINT ( 'NONE',  ( 0.0000000000000000000, 0.0000000000000000000, 1.659999999999999900 ) ) ;
#3669 = VERTEX_POINT ( 'NONE', #1392 ) ;
#3670 = CARTESIAN_POINT ( 'NONE',  ( 2.291524661434815300, 1.358761334385384800, 1.649999999999999900 ) ) ;
#3671 = ORIENTED_EDGE ( 'NONE', *, *, #9466, .T. ) ;
#3672 = LINE ( 'NONE', #9953, #4763 ) ;
#3673 = PLANE ( 'NONE',  #9792 ) ;
#3674 = ORIENTED_EDGE ( 'NONE', *, *, #5652, .F. ) ;
#3675 = ORIENTED_EDGE ( 'NONE', *, *, #5251, .T. ) ;
#3676 = CARTESIAN_POINT ( 'NONE',  ( 1.588584339304816200, 1.218383067487831500, 1.659999999999999900 ) ) ;
#3677 = ORIENTED_EDGE ( 'NONE', *, *, #2245, .T. ) ;
#3678 = DIRECTION ( 'NONE',  ( 1.000000000000000000, -0.0000000000000000000, -0.0000000000000000000 ) ) ;
#3679 =( NAMED_UNIT ( * ) SI_UNIT ( $, .STERADIAN. ) SOLID_ANGLE_UNIT ( ) );
#3680 =( NAMED_UNIT ( * ) SI_UNIT ( $, .STERADIAN. ) SOLID_ANGLE_UNIT ( ) );
#3681 = VERTEX_POINT ( 'NONE', #448 ) ;
#3682 = EDGE_CURVE ( 'NONE', #4702, #10785, #5792, .T. ) ;
#3683 = COLOUR_RGB ( '',0.2980392156862745100, 0.2980392156862745100, 0.2980392156862745100 ) ;
#3684 = CARTESIAN_POINT ( 'NONE',  ( -3.750000000000000400, 0.6999999999999999600, -0.3000000000000006600 ) ) ;
#3685 = DIRECTION ( 'NONE',  ( -0.0000000000000000000, -1.000000000000000000, -0.0000000000000000000 ) ) ;
#3686 = B_SPLINE_CURVE_WITH_KNOTS ( 'NONE', 3,
 ( #7161, #10732, #9737, #5326 ),
 .UNSPECIFIED., .F., .F.,
 ( 4, 4 ),
 ( 1.000000000000000000, 2.000000000000000000 ),
 .UNSPECIFIED. ) ;
#3687 = CARTESIAN_POINT ( 'NONE',  ( 2.372724023750227800, 1.204556229618042500, 1.659999999999999900 ) ) ;
#3688 = ORIENTED_EDGE ( 'NONE', *, *, #8838, .F. ) ;
#3689 = CARTESIAN_POINT ( 'NONE',  ( 1.686957033260347600, 1.440541320226799100, 1.659999999999999900 ) ) ;
#3690 = ORIENTED_EDGE ( 'NONE', *, *, #71, .T. ) ;
#3691 = CARTESIAN_POINT ( 'NONE',  ( 2.725167571687155700, 1.272168330217316100, 1.659999999999999900 ) ) ;
#3692 =( NAMED_UNIT ( * ) SI_UNIT ( $, .STERADIAN. ) SOLID_ANGLE_UNIT ( ) );
#3693 = ORIENTED_EDGE ( 'NONE', *, *, #9882, .F. ) ;
#3694 = EDGE_CURVE ( 'NONE', #11204, #1284, #10989, .T. ) ;
#3695 = CARTESIAN_POINT ( 'NONE',  ( 2.255478628726285400, 1.240337001251763800, 1.649999999999999900 ) ) ;
#3696 = CARTESIAN_POINT ( 'NONE',  ( 2.475350586211529300, 1.260143161497295800, 1.659999999999999900 ) ) ;
#3697 = VERTEX_POINT ( 'NONE', #1347 ) ;
#3698 =( NAMED_UNIT ( * ) PLANE_ANGLE_UNIT ( ) SI_UNIT ( $, .RADIAN. ) );
#3699 = DIRECTION ( 'NONE',  ( 0.0000000000000000000, 0.0000000000000000000, -1.000000000000000000 ) ) ;
#3700 = VECTOR ( 'NONE', #2794, 1000.000000000000000 ) ;
#3701 = AXIS2_PLACEMENT_3D ( 'NONE', #5653, #2253, #3976 ) ;
#3702 = CARTESIAN_POINT ( 'NONE',  ( 3.352882636601367800, -1.904401861300146100, 0.01634824454989564400 ) ) ;
#3703 = ORIENTED_EDGE ( 'NONE', *, *, #2351, .F. ) ;
#3704 = CARTESIAN_POINT ( 'NONE',  ( 2.480685281158760100, 1.476006729408933600, 1.659999999999999900 ) ) ;
#3705 = CARTESIAN_POINT ( 'NONE',  ( 2.368273532385547100, 1.187638467742258500, 1.659999999999999900 ) ) ;
#3706 = FILL_AREA_STYLE_COLOUR ( '', #7761 ) ;
#3707 = VECTOR ( 'NONE', #5331, 1000.000000000000000 ) ;
#3708 = DIRECTION ( 'NONE',  ( 0.1710878697460357900, -0.1710878697460358200, 0.9702875252478137000 ) ) ;
#3709 = CARTESIAN_POINT ( 'NONE',  ( 2.265912230998658600, 1.211453017560604400, 1.659999999999999900 ) ) ;
#3710 = CARTESIAN_POINT ( 'NONE',  ( 2.430315150415886200, 1.476006729408933600, 1.649999999999999900 ) ) ;
#3711 = MECHANICAL_DESIGN_GEOMETRIC_PRESENTATION_REPRESENTATION (  '', ( #3142 ), #6819 ) ;
#3712 = CARTESIAN_POINT ( 'NONE',  ( -3.251519224698778300, -2.000000000000000000, 0.0000000000000000000 ) ) ;
#3713 = ORIENTED_EDGE ( 'NONE', *, *, #10106, .F. ) ;
#3714 = CARTESIAN_POINT ( 'NONE',  ( 2.726700191229772600, 1.278357755293995100, 1.649999999999999900 ) ) ;
#3715 = ADVANCED_FACE ( 'NONE', ( #9619 ), #10760, .F. ) ;
#3716 = CARTESIAN_POINT ( 'NONE',  ( 2.634330390323782000, 1.360706582266761400, 1.649999999999999900 ) ) ;
#3717 = ORIENTED_EDGE ( 'NONE', *, *, #8228, .F. ) ;
#3718 = DIRECTION ( 'NONE',  ( 1.000000000000000000, 0.0000000000000000000, 0.0000000000000000000 ) ) ;
#3719 = FILL_AREA_STYLE_COLOUR ( '', #10075 ) ;
#3720 = CARTESIAN_POINT ( 'NONE',  ( 2.263465934420779500, 1.193886839724357800, 1.659999999999999900 ) ) ;
#3721 = DIRECTION ( 'NONE',  ( -1.000000000000000000, 0.0000000000000000000, 0.0000000000000000000 ) ) ;
#3722 = CARTESIAN_POINT ( 'NONE',  ( 2.726346509796437000, 1.278357755293995100, 1.659999999999999900 ) ) ;
#3723 = EDGE_CURVE ( 'NONE', #9807, #6843, #4952, .T. ) ;
#3724 = EDGE_CURVE ( 'NONE', #3036, #8078, #7312, .T. ) ;
#3725 = LINE ( 'NONE', #7081, #6468 ) ;
#3726 = CARTESIAN_POINT ( 'NONE',  ( 2.303667723966078100, 1.262029462473245300, 1.649999999999999900 ) ) ;
#3727 =( GEOMETRIC_REPRESENTATION_CONTEXT ( 3 ) GLOBAL_UNCERTAINTY_ASSIGNED_CONTEXT ( ( #3924 ) ) GLOBAL_UNIT_ASSIGNED_CONTEXT ( ( #4962, #3255, #2441 ) ) REPRESENTATION_CONTEXT ( 'NONE', 'WORKASPACE' ) );
#3728 = FACE_OUTER_BOUND ( 'NONE', #6086, .T. ) ;
#3729 = ORIENTED_EDGE ( 'NONE', *, *, #615, .F. ) ;
#3730 = CIRCLE ( 'NONE', #7230, 0.2999999999999999300 ) ;
#3731 = B_SPLINE_CURVE_WITH_KNOTS ( 'NONE', 3,
 ( #4047, #9337, #3110, #1536 ),
 .UNSPECIFIED., .F., .F.,
 ( 4, 4 ),
 ( 3.000000000000000000, 4.000000000000000000 ),
 .UNSPECIFIED. ) ;
#3732 = MECHANICAL_DESIGN_GEOMETRIC_PRESENTATION_REPRESENTATION (  '', ( #8090 ), #4523 ) ;
#3733 = CARTESIAN_POINT ( 'NONE',  ( 2.601526437417155200, 1.405270442818999500, 1.659999999999999900 ) ) ;
#3734 = SURFACE_STYLE_USAGE ( .BOTH. , #9770 ) ;
#3735 =( NAMED_UNIT ( * ) PLANE_ANGLE_UNIT ( ) SI_UNIT ( $, .RADIAN. ) );
#3736 = FILL_AREA_STYLE ('',( #2834 ) ) ;
#3737 = PLANE ( 'NONE',  #726 ) ;
#3738 = CARTESIAN_POINT ( 'NONE',  ( 2.726700191229772600, 1.278357755293995100, 1.649999999999999900 ) ) ;
#3739 = VERTEX_POINT ( 'NONE', #5079 ) ;
#3740 = LINE ( 'NONE', #6981, #7468 ) ;
#3741 = FACE_OUTER_BOUND ( 'NONE', #982, .T. ) ;
#3742 = CARTESIAN_POINT ( 'NONE',  ( 2.402639578287098400, 1.425842912835049800, 1.659999999999999900 ) ) ;
#3743 = EDGE_CURVE ( 'NONE', #2680, #2194, #2817, .T. ) ;
#3744 = EDGE_CURVE ( 'NONE', #3773, #7646, #6761, .T. ) ;
#3745 = EDGE_LOOP ( 'NONE', ( #1724, #9556, #1191, #11195 ) ) ;
#3746 = DIRECTION ( 'NONE',  ( 0.3667976789509033200, 0.9303007377811919300, -0.0000000000000000000 ) ) ;
#3747 = DIRECTION ( 'NONE',  ( -1.000000000000000000, -0.0000000000000000000, -0.0000000000000000000 ) ) ;
#3748 = CARTESIAN_POINT ( 'NONE',  ( -1.399999999999999900, 1.399999999999999900, -1.750000000000000000 ) ) ;
#3749 = VERTEX_POINT ( 'NONE', #11167 ) ;
#3750 = VECTOR ( 'NONE', #9306, 1000.000000000000000 ) ;
#3751 = CARTESIAN_POINT ( 'NONE',  ( 2.530583836658234300, 1.360706582266761400, 1.659999999999999900 ) ) ;
#3752 = FACE_OUTER_BOUND ( 'NONE', #2845, .T. ) ;
#3753 = PRESENTATION_STYLE_ASSIGNMENT (( #5407 ) ) ;
#3754 = CARTESIAN_POINT ( 'NONE',  ( 2.728498071846802400, 1.270282029242152600, 1.659999999999999900 ) ) ;
#3755 = ORIENTED_EDGE ( 'NONE', *, *, #5110, .T. ) ;
#3756 = EDGE_LOOP ( 'NONE', ( #1910, #8452, #10473, #2298 ) ) ;
#3757 = CARTESIAN_POINT ( 'NONE',  ( 2.590414945732000700, 1.476006729408936700, 1.649999999999999900 ) ) ;
#3758 = EDGE_LOOP ( 'NONE', ( #7793, #529, #9167, #8584 ) ) ;
#3759 = CARTESIAN_POINT ( 'NONE',  ( 2.674974281659774800, 1.177794334525313200, 1.649999999999999900 ) ) ;
#3760 = CARTESIAN_POINT ( 'NONE',  ( 2.333259070523130400, 1.232850744254171800, 1.659999999999999900 ) ) ;
#3761 = DIRECTION ( 'NONE',  ( 0.8840949502478777600, 0.4673073067545623300, 0.0000000000000000000 ) ) ;
#3762 = EDGE_CURVE ( 'NONE', #9651, #7294, #2622, .T. ) ;
#3763 =( NAMED_UNIT ( * ) PLANE_ANGLE_UNIT ( ) SI_UNIT ( $, .RADIAN. ) );
#3764 = LINE ( 'NONE', #68, #10470 ) ;
#3765 = VECTOR ( 'NONE', #1332, 1000.000000000000000 ) ;
#3766 = FILL_AREA_STYLE_COLOUR ( '', #3094 ) ;
#3767 = EDGE_LOOP ( 'NONE', ( #9276, #2854, #199, #5530 ) ) ;
#3768 = CARTESIAN_POINT ( 'NONE',  ( 2.355511527346536600, 1.175849086643933900, 1.659999999999999900 ) ) ;
#3769 = ORIENTED_EDGE ( 'NONE', *, *, #7353, .F. ) ;
#3770 = PRESENTATION_LAYER_ASSIGNMENT (  '', '', ( #6571 ) ) ;
#3771 = CARTESIAN_POINT ( 'NONE',  ( 2.405911131542119600, 1.462743675673420200, 1.659999999999999900 ) ) ;
#3772 = LINE ( 'NONE', #2282, #6804 ) ;
#3773 = VERTEX_POINT ( 'NONE', #4052 ) ;
#3774 = UNCERTAINTY_MEASURE_WITH_UNIT (LENGTH_MEASURE( 1.000000000000000100E-005 ), #9159, 'distance_accuracy_value', 'NONE');
#3775 =( NAMED_UNIT ( * ) SI_UNIT ( $, .STERADIAN. ) SOLID_ANGLE_UNIT ( ) );
#3776 = CARTESIAN_POINT ( 'NONE',  ( 1.967319103537973800, 1.227400549775460300, 1.659999999999999900 ) ) ;
#3777 = ORIENTED_EDGE ( 'NONE', *, *, #4240, .F. ) ;
#3778 = DIRECTION ( 'NONE',  ( -0.1710878697460357900, -0.1710878697460358200, -0.9702875252478137000 ) ) ;
#3779 = LINE ( 'NONE', #795, #3503 ) ;
#3780 = ADVANCED_FACE ( 'NONE', ( #2399 ), #2791, .T. ) ;
#3781 = EDGE_LOOP ( 'NONE', ( #10820, #8705, #2203, #5467 ) ) ;
#3782 = CARTESIAN_POINT ( 'NONE',  ( 2.652928139005744900, 1.236505452395225900, 1.649999999999999900 ) ) ;
#3783 = CYLINDRICAL_SURFACE ( 'NONE', #6453, 0.1000000000000001700 ) ;
#3784 = CARTESIAN_POINT ( 'NONE',  ( 1.568090034904380700, 1.376599090654987000, 1.649999999999999900 ) ) ;
#3785 = VERTEX_POINT ( 'NONE', #5973 ) ;
#3786 = AXIS2_PLACEMENT_3D ( 'NONE', #57, #8588, #7799 ) ;
#3787 = SPHERICAL_SURFACE ( 'NONE', #5049, 0.1000000000000000100 ) ;
#3788 = DIRECTION ( 'NONE',  ( -0.0000000000000000000, -0.0000000000000000000, -1.000000000000000000 ) ) ;
#3789 = VERTEX_POINT ( 'NONE', #10183 ) ;
#3790 = DIRECTION ( 'NONE',  ( -0.3409177962187370800, -0.9400931103999005100, -0.0000000000000000000 ) ) ;
#3791 = DIRECTION ( 'NONE',  ( -1.000000000000000000, 0.0000000000000000000, -0.0000000000000000000 ) ) ;
#3792 = CARTESIAN_POINT ( 'NONE',  ( 2.648831329074791800, 1.210922495411777400, 1.659999999999999900 ) ) ;
#3793 = VECTOR ( 'NONE', #1480, 1000.000000000000000 ) ;
#3794 = CARTESIAN_POINT ( 'NONE',  ( -2.450000000000000200, -0.6999999999999999600, -1.679999999999999900 ) ) ;
#3795 = DIRECTION ( 'NONE',  ( -0.0000000000000000000, -1.000000000000000000, -0.0000000000000000000 ) ) ;
#3796 = ORIENTED_EDGE ( 'NONE', *, *, #5460, .F. ) ;
#3797 = DIRECTION ( 'NONE',  ( -0.0000000000000000000, -1.000000000000000000, -0.0000000000000000000 ) ) ;
#3798 = B_SPLINE_SURFACE_WITH_KNOTS ( 'NONE', 3, 1, ( 
 ( #8769, #1823 ),
 ( #162, #1026 ),
 ( #7132, #7248 ),
 ( #6502, #8172 ) ),
 .UNSPECIFIED., .F., .F., .F.,
 ( 4, 4 ),
 ( 2, 2 ),
 ( 6.000000000000000000, 7.000000000000000000 ),
 ( 0.0000000000000000000, 1.000000000000000000 ),
 .UNSPECIFIED. ) ;
#3799 = EDGE_CURVE ( 'NONE', #6905, #2740, #363, .T. ) ;
#3800 = SURFACE_STYLE_FILL_AREA ( #5669 ) ;
#3801 = DIRECTION ( 'NONE',  ( -0.0000000000000000000, -0.0000000000000000000, -1.000000000000000000 ) ) ;
#3802 = DIRECTION ( 'NONE',  ( -0.0000000000000000000, -0.0000000000000000000, -1.000000000000000000 ) ) ;
#3803 = ORIENTED_EDGE ( 'NONE', *, *, #688, .T. ) ;
#3804 = DIRECTION ( 'NONE',  ( -0.0000000000000000000, 1.000000000000000000, -0.0000000000000000000 ) ) ;
#3805 = PRESENTATION_LAYER_ASSIGNMENT (  '', '', ( #9310 ) ) ;
#3806 = CARTESIAN_POINT ( 'NONE',  ( 1.654985918474443800, 1.233958752826503000, 1.659999999999999900 ) ) ;
#3807 = ORIENTED_EDGE ( 'NONE', *, *, #1800, .F. ) ;
#3808 = ORIENTED_EDGE ( 'NONE', *, *, #6899, .T. ) ;
#3809 = CARTESIAN_POINT ( 'NONE',  ( 2.293676223485176200, 1.372024388120897300, 1.659999999999999900 ) ) ;
#3810 = CARTESIAN_POINT ( 'NONE',  ( 2.348143164159788700, 1.235915983340185800, 1.649999999999999900 ) ) ;
#3811 = ORIENTED_EDGE ( 'NONE', *, *, #2732, .F. ) ;
#3812 = CARTESIAN_POINT ( 'NONE',  ( 2.313600277541560900, 1.251654807106689500, 1.649999999999999900 ) ) ;
#3813 = EDGE_LOOP ( 'NONE', ( #2559, #1173, #6581, #5958 ) ) ;
#3814 = EDGE_LOOP ( 'NONE', ( #560, #8725, #5087 ) ) ;
#3815 = DIRECTION ( 'NONE',  ( -0.0000000000000000000, -0.0000000000000000000, -1.000000000000000000 ) ) ;
#3816 = VECTOR ( 'NONE', #1354, 1000.000000000000000 ) ;
#3817 = VERTEX_POINT ( 'NONE', #2342 ) ;
#3818 = CARTESIAN_POINT ( 'NONE',  ( 1.642689334661685800, 1.391355031883523100, 1.649999999999999900 ) ) ;
#3819 = EDGE_CURVE ( 'NONE', #330, #1250, #5095, .T. ) ;
#3820 = EDGE_CURVE ( 'NONE', #6562, #8087, #227, .T. ) ;
#3821 = PRESENTATION_LAYER_ASSIGNMENT (  '', '', ( #134 ) ) ;
#3822 = CARTESIAN_POINT ( 'NONE',  ( 2.233609326788925200, 1.190939494449978000, 1.659999999999999900 ) ) ;
#3823 = B_SPLINE_SURFACE_WITH_KNOTS ( 'NONE', 3, 1, ( 
 ( #2285, #3971 ),
 ( #11003, #10047 ),
 ( #5767, #10093 ),
 ( #583, #10933 ) ),
 .UNSPECIFIED., .F., .F., .F.,
 ( 4, 4 ),
 ( 2, 2 ),
 ( 3.000000000000000000, 4.000000000000000000 ),
 ( 0.0000000000000000000, 1.000000000000000000 ),
 .UNSPECIFIED. ) ;
#3824 = PRESENTATION_LAYER_ASSIGNMENT (  '', '', ( #11072 ) ) ;
#3825 = FILL_AREA_STYLE_COLOUR ( '', #6372 ) ;
#3826 = FILL_AREA_STYLE_COLOUR ( '', #9330 ) ;
#3827 = ORIENTED_EDGE ( 'NONE', *, *, #10403, .F. ) ;
#3828 = VECTOR ( 'NONE', #10129, 1000.000000000000000 ) ;
#3829 =( LENGTH_UNIT ( ) NAMED_UNIT ( * ) SI_UNIT ( .MILLI., .METRE. ) );
#3830 = ORIENTED_EDGE ( 'NONE', *, *, #7648, .F. ) ;
#3831 =( NAMED_UNIT ( * ) SI_UNIT ( $, .STERADIAN. ) SOLID_ANGLE_UNIT ( ) );
#3832 = EDGE_CURVE ( 'NONE', #1677, #5055, #2612, .T. ) ;
#3833 = CARTESIAN_POINT ( 'NONE',  ( 2.042738157176878100, 1.384796813196567600, 1.649999999999999900 ) ) ;
#3834 = ORIENTED_EDGE ( 'NONE', *, *, #1747, .T. ) ;
#3835 = ADVANCED_FACE ( 'NONE', ( #7460 ), #7220, .F. ) ;
#3836 = CARTESIAN_POINT ( 'NONE',  ( -3.314734603858306100, -0.7000000000000000700, -0.2000000000000000400 ) ) ;
#3837 = B_SPLINE_SURFACE_WITH_KNOTS ( 'NONE', 3, 1, ( 
 ( #328, #10113 ),
 ( #3008, #2968 ),
 ( #5661, #7535 ),
 ( #4855, #3042 ) ),
 .UNSPECIFIED., .F., .F., .F.,
 ( 4, 4 ),
 ( 2, 2 ),
 ( 28.00000000000000000, 29.00000000000000000 ),
 ( 0.0000000000000000000, 1.000000000000000000 ),
 .UNSPECIFIED. ) ;
#3838 = PLANE ( 'NONE',  #1207 ) ;
#3839 = ORIENTED_EDGE ( 'NONE', *, *, #6855, .F. ) ;
#3840 = AXIS2_PLACEMENT_3D ( 'NONE', #1259, #3857, #9975 ) ;
#3841 = DIRECTION ( 'NONE',  ( 1.807003620809173900E-016, 0.0000000000000000000, -1.000000000000000000 ) ) ;
#3842 = CARTESIAN_POINT ( 'NONE',  ( 2.582958162187120300, 1.457438454178901600, 1.659999999999999900 ) ) ;
#3843 = CARTESIAN_POINT ( 'NONE',  ( -3.750000000000000400, 0.6999999999999999600, -0.3000000000000006600 ) ) ;
#3844 = EDGE_LOOP ( 'NONE', ( #6760, #10384, #2693, #8749 ) ) ;
#3845 = B_SPLINE_CURVE_WITH_KNOTS ( 'NONE', 3,
 ( #7889, #9654, #9620, #10562 ),
 .UNSPECIFIED., .F., .F.,
 ( 4, 4 ),
 ( 5.000000000000000000, 6.000000000000000000 ),
 .UNSPECIFIED. ) ;
#3846 = DIRECTION ( 'NONE',  ( 0.0000000000000000000, -1.000000000000000000, 0.0000000000000000000 ) ) ;
#3847 = CARTESIAN_POINT ( 'NONE',  ( 2.313600277541560900, 1.230787602561944600, 1.659999999999999900 ) ) ;
#3848 = LINE ( 'NONE', #1826, #7290 ) ;
#3849 = ORIENTED_EDGE ( 'NONE', *, *, #2440, .T. ) ;
#3850 = CARTESIAN_POINT ( 'NONE',  ( 2.589589689055269900, 1.190939494449980500, 1.659999999999999900 ) ) ;
#3851 = DIRECTION ( 'NONE',  ( -0.0000000000000000000, -0.0000000000000000000, -1.000000000000000000 ) ) ;
#3852 = VERTEX_POINT ( 'NONE', #7873 ) ;
#3853 = MECHANICAL_DESIGN_GEOMETRIC_PRESENTATION_REPRESENTATION (  '', ( #5838 ), #10452 ) ;
#3854 = CARTESIAN_POINT ( 'NONE',  ( 2.778720835326111200, 1.177794334525313200, 1.649999999999999900 ) ) ;
#3855 = ORIENTED_EDGE ( 'NONE', *, *, #3553, .T. ) ;
#3856 = VECTOR ( 'NONE', #8488, 1000.000000000000000 ) ;
#3857 = DIRECTION ( 'NONE',  ( 0.9400931103999006200, -0.3409177962187370800, 0.0000000000000000000 ) ) ;
#3858 = VERTEX_POINT ( 'NONE', #2373 ) ;
#3859 = CARTESIAN_POINT ( 'NONE',  ( 3.750000000000000400, 0.6999999999999999600, -0.3000000000000006600 ) ) ;
#3860 = ORIENTED_EDGE ( 'NONE', *, *, #8545, .F. ) ;
#3861 = CARTESIAN_POINT ( 'NONE',  ( 2.232400915226536100, 1.360706582266758800, 1.649999999999999900 ) ) ;
#3862 = FILL_AREA_STYLE_COLOUR ( '', #4594 ) ;
#3863 = LINE ( 'NONE', #7443, #636 ) ;
#3864 = ORIENTED_EDGE ( 'NONE', *, *, #9466, .F. ) ;
#3865 = EDGE_CURVE ( 'NONE', #6003, #4471, #513, .T. ) ;
#3866 = LINE ( 'NONE', #2596, #1578 ) ;
#3867 = CARTESIAN_POINT ( 'NONE',  ( 2.171597182211291200, 1.476006729408933600, 1.659999999999999900 ) ) ;
#3868 = LINE ( 'NONE', #9952, #5089 ) ;
#3869 = PRESENTATION_LAYER_ASSIGNMENT (  '', '', ( #3142 ) ) ;
#3870 = AXIS2_PLACEMENT_3D ( 'NONE', #562, #9284, #6523 ) ;
#3871 = CARTESIAN_POINT ( 'NONE',  ( 2.404967981054142400, 1.139007270710988600, 1.649999999999999900 ) ) ;
#3872 = VECTOR ( 'NONE', #495, 1000.000000000000000 ) ;
#3873 = FACE_OUTER_BOUND ( 'NONE', #7244, .T. ) ;
#3874 = CARTESIAN_POINT ( 'NONE',  ( 2.264851186699830900, 1.451720604346405500, 1.659999999999999900 ) ) ;
#3875 = LINE ( 'NONE', #7451, #8294 ) ;
#3876 = DIRECTION ( 'NONE',  ( 1.000000000000000000, 0.0000000000000000000, 0.0000000000000000000 ) ) ;
#3877 = FACE_OUTER_BOUND ( 'NONE', #8151, .T. ) ;
#3878 = DIRECTION ( 'NONE',  ( 0.1333547648938887300, -0.9910683662997703500, 0.0000000000000000000 ) ) ;
#3879 = CARTESIAN_POINT ( 'NONE',  ( 1.911574596507741500, 1.228220309520728200, 1.649999999999999900 ) ) ;
#3880 = EDGE_CURVE ( 'NONE', #3530, #4229, #1705, .T. ) ;
#3881 = EDGE_CURVE ( 'NONE', #3485, #5993, #11252, .T. ) ;
#3882 = DIRECTION ( 'NONE',  ( 1.000000000000000000, 0.0000000000000000000, 0.0000000000000000000 ) ) ;
#3883 = VECTOR ( 'NONE', #1966, 1000.000000000000000 ) ;
#3884 = PRESENTATION_LAYER_ASSIGNMENT (  '', '', ( #989 ) ) ;
#3885 = PRESENTATION_LAYER_ASSIGNMENT (  '', '', ( #2167 ) ) ;
#3886 = EDGE_LOOP ( 'NONE', ( #2190, #292, #2317, #1883, #8707, #2322, #7778, #2327, #8863, #9013, #2555, #4472, #4391, #5022 ) ) ;
#3887 = FACE_OUTER_BOUND ( 'NONE', #9970, .T. ) ;
#3888 = SURFACE_SIDE_STYLE ('',( #6298 ) ) ;
#3889 = CARTESIAN_POINT ( 'NONE',  ( 2.379502917881548100, 1.182392193153162000, 1.649999999999999900 ) ) ;
#3890 = VECTOR ( 'NONE', #3476, 1000.000000000000000 ) ;
#3891 = VERTEX_POINT ( 'NONE', #2670 ) ;
#3892 = CARTESIAN_POINT ( 'NONE',  ( 2.265912230998658600, 1.211453017560604400, 1.659999999999999900 ) ) ;
#3893 = ADVANCED_FACE ( 'NONE', ( #8418 ), #7059, .F. ) ;
#3894 = ORIENTED_EDGE ( 'NONE', *, *, #8320, .F. ) ;
#3895 = CARTESIAN_POINT ( 'NONE',  ( 3.350000000000001000, -1.901519224698779300, 0.0000000000000000000 ) ) ;
#3896 = CIRCLE ( 'NONE', #5782, 0.1000000000000000500 ) ;
#3897 = CARTESIAN_POINT ( 'NONE',  ( 2.346522124259034800, 1.476006729408933600, 1.649999999999999900 ) ) ;
#3898 = CARTESIAN_POINT ( 'NONE',  ( 2.436416155133648500, 1.193002636142202600, 1.659999999999999900 ) ) ;
#3899 = LINE ( 'NONE', #10667, #9645 ) ;
#3900 = EDGE_CURVE ( 'NONE', #2639, #10881, #6906, .T. ) ;
#3901 = ADVANCED_FACE ( 'NONE', ( #6623 ), #3438, .T. ) ;
#3902 = ORIENTED_EDGE ( 'NONE', *, *, #4709, .F. ) ;
#3903 = DIRECTION ( 'NONE',  ( -1.000000000000000000, 0.0000000000000000000, -0.0000000000000000000 ) ) ;
#3904 = EDGE_LOOP ( 'NONE', ( #3808, #9383, #4280, #10458 ) ) ;
#3905 = PRODUCT_DEFINITION ( 'δ֪', '', #11153, #7879 ) ;
#3906 = CARTESIAN_POINT ( 'NONE',  ( 3.254401861300146900, -1.904401861300146100, -0.03371306231658871600 ) ) ;
#3907 = CARTESIAN_POINT ( 'NONE',  ( 1.664823160506946600, 1.146243115373657900, 1.649999999999999900 ) ) ;
#3908 = CARTESIAN_POINT ( 'NONE',  ( 2.734805390735116900, 1.293094481667487600, 1.649999999999999900 ) ) ;
#3909 = VERTEX_POINT ( 'NONE', #7759 ) ;
#3910 =( GEOMETRIC_REPRESENTATION_CONTEXT ( 3 ) GLOBAL_UNCERTAINTY_ASSIGNED_CONTEXT ( ( #728 ) ) GLOBAL_UNIT_ASSIGNED_CONTEXT ( ( #3205, #11112, #9363 ) ) REPRESENTATION_CONTEXT ( 'NONE', 'WORKASPACE' ) );
#3911 = CARTESIAN_POINT ( 'NONE',  ( 1.910754836762077500, 1.178214214523651800, 1.659999999999999900 ) ) ;
#3912 = CARTESIAN_POINT ( 'NONE',  ( 2.399279604674362500, 1.140186208821061000, 1.649999999999999900 ) ) ;
#3913 = LINE ( 'NONE', #3684, #8850 ) ;
#3914 = FACE_OUTER_BOUND ( 'NONE', #9955, .T. ) ;
#3915 = VERTEX_POINT ( 'NONE', #2637 ) ;
#3916 = CARTESIAN_POINT ( 'NONE',  ( 2.263642775137050500, 1.259494745536832600, 1.659999999999999900 ) ) ;
#3917 = VERTEX_POINT ( 'NONE', #3522 ) ;
#3918 = B_SPLINE_SURFACE_WITH_KNOTS ( 'NONE', 3, 1, ( 
 ( #6145, #6078 ),
 ( #2588, #9631 ),
 ( #1739, #1820 ),
 ( #7971, #11262 ) ),
 .UNSPECIFIED., .F., .F., .F.,
 ( 4, 4 ),
 ( 2, 2 ),
 ( 13.00000000000000000, 14.00000000000000000 ),
 ( 0.0000000000000000000, 1.000000000000000000 ),
 .UNSPECIFIED. ) ;
#3919 = CARTESIAN_POINT ( 'NONE',  ( 2.266265912431597100, 1.191411069693372600, 1.659999999999999900 ) ) ;
#3920 = CARTESIAN_POINT ( 'NONE',  ( 1.923871211592327800, 1.177394454778384600, 1.659999999999999900 ) ) ;
#3921 = EDGE_CURVE ( 'NONE', #2740, #11081, #10561, .T. ) ;
#3922 = CARTESIAN_POINT ( 'NONE',  ( 2.495215693362482500, 1.470937295536899600, 1.649999999999999900 ) ) ;
#3923 = ORIENTED_EDGE ( 'NONE', *, *, #2199, .T. ) ;
#3924 = UNCERTAINTY_MEASURE_WITH_UNIT (LENGTH_MEASURE( 1.000000000000000100E-005 ), #4962, 'distance_accuracy_value', 'NONE');
#3925 = EDGE_CURVE ( 'NONE', #881, #2654, #8543, .T. ) ;
#3926 = B_SPLINE_CURVE_WITH_KNOTS ( 'NONE', 3,
 ( #10090, #10966, #2243, #4801 ),
 .UNSPECIFIED., .F., .F.,
 ( 4, 4 ),
 ( 3.000000000000000000, 4.000000000000000000 ),
 .UNSPECIFIED. ) ;
#3927 = CARTESIAN_POINT ( 'NONE',  ( 2.506798760291815100, 1.376858034371234000, 1.659999999999999900 ) ) ;
#3928 = SURFACE_STYLE_FILL_AREA ( #9116 ) ;
#3929 =( GEOMETRIC_REPRESENTATION_CONTEXT ( 3 ) GLOBAL_UNCERTAINTY_ASSIGNED_CONTEXT ( ( #6809 ) ) GLOBAL_UNIT_ASSIGNED_CONTEXT ( ( #6589, #6628, #1384 ) ) REPRESENTATION_CONTEXT ( 'NONE', 'WORKASPACE' ) );
#3930 = ORIENTED_EDGE ( 'NONE', *, *, #1600, .F. ) ;
#3931 = VECTOR ( 'NONE', #8928, 1000.000000000000000 ) ;
#3932 = CARTESIAN_POINT ( 'NONE',  ( 1.778771531983193600, 1.277406691679501700, 1.649999999999999900 ) ) ;
#3933 = DIRECTION ( 'NONE',  ( -1.000000000000000000, -0.0000000000000000000, -0.0000000000000000000 ) ) ;
#3934 = ORIENTED_EDGE ( 'NONE', *, *, #3881, .F. ) ;
#3935 = PLANE ( 'NONE',  #3599 ) ;
#3936 = DIRECTION ( 'NONE',  ( -0.0000000000000000000, 1.000000000000000000, -0.0000000000000000000 ) ) ;
#3937 = PRESENTATION_STYLE_ASSIGNMENT (( #8856 ) ) ;
#3938 = DIRECTION ( 'NONE',  ( 0.0000000000000000000, 0.0000000000000000000, 1.000000000000000000 ) ) ;
#3939 = DIRECTION ( 'NONE',  ( 0.0000000000000000000, 1.000000000000000000, -0.0000000000000000000 ) ) ;
#3940 = ORIENTED_EDGE ( 'NONE', *, *, #7947, .T. ) ;
#3941 = CARTESIAN_POINT ( 'NONE',  ( 2.437889827771620800, 1.198131016919664400, 1.649999999999999900 ) ) ;
#3942 = ORIENTED_EDGE ( 'NONE', *, *, #2038, .F. ) ;
#3943 = EDGE_LOOP ( 'NONE', ( #6663, #1996, #7948, #1543, #314, #6495, #7901, #143, #157, #1650, #10918, #1368 ) ) ;
#3944 = ORIENTED_EDGE ( 'NONE', *, *, #10846, .T. ) ;
#3945 = DIRECTION ( 'NONE',  ( -0.0000000000000000000, -0.0000000000000000000, -1.000000000000000000 ) ) ;
#3946 = DIRECTION ( 'NONE',  ( -0.0000000000000000000, -0.0000000000000000000, -1.000000000000000000 ) ) ;
#3947 = DIRECTION ( 'NONE',  ( 0.0000000000000000000, -0.0000000000000000000, 1.000000000000000000 ) ) ;
#3948 = VERTEX_POINT ( 'NONE', #841 ) ;
#3949 = EDGE_LOOP ( 'NONE', ( #2109, #9550, #977, #4040, #10083, #6832, #256 ) ) ;
#3950 = B_SPLINE_CURVE_WITH_KNOTS ( 'NONE', 3,
 ( #11247, #11282, #925, #6922 ),
 .UNSPECIFIED., .F., .F.,
 ( 4, 4 ),
 ( 12.00000000000000000, 13.00000000000000000 ),
 .UNSPECIFIED. ) ;
#3951 = SURFACE_SIDE_STYLE ('',( #2108 ) ) ;
#3952 = EDGE_LOOP ( 'NONE', ( #6982, #1745, #8678, #9777 ) ) ;
#3953 = ORIENTED_EDGE ( 'NONE', *, *, #9586, .F. ) ;
#3954 = ADVANCED_FACE ( 'NONE', ( #5925 ), #6085, .F. ) ;
#3955 = CARTESIAN_POINT ( 'NONE',  ( 1.618096167036171800, 1.426605193470026600, 1.649999999999999900 ) ) ;
#3956 = EDGE_CURVE ( 'NONE', #443, #5961, #5378, .T. ) ;
#3957 = FILL_AREA_STYLE ('',( #3013 ) ) ;
#3958 = CARTESIAN_POINT ( 'NONE',  ( 2.066511565057126200, 1.235598272317037100, 1.659999999999999900 ) ) ;
#3959 = PRESENTATION_LAYER_ASSIGNMENT (  '', '', ( #6902 ) ) ;
#3960 = CARTESIAN_POINT ( 'NONE',  ( 2.242657676781846000, 1.449657462654180300, 1.649999999999999900 ) ) ;
#3961 = ORIENTED_EDGE ( 'NONE', *, *, #5712, .T. ) ;
#3962 = CARTESIAN_POINT ( 'NONE',  ( 2.348437898687305100, 1.187638467742258500, 1.659999999999999900 ) ) ;
#3963 = DIRECTION ( 'NONE',  ( -1.000000000000000000, 0.0000000000000000000, -0.0000000000000000000 ) ) ;
#3964 = VERTEX_POINT ( 'NONE', #6908 ) ;
#3965 = CARTESIAN_POINT ( 'NONE',  ( 2.726700191229772600, 1.278357755293995100, 1.649999999999999900 ) ) ;
#3966 = DIRECTION ( 'NONE',  ( 0.0000000000000000000, 0.0000000000000000000, -1.000000000000000000 ) ) ;
#3967 = ORIENTED_EDGE ( 'NONE', *, *, #8262, .F. ) ;
#3968 = CARTESIAN_POINT ( 'NONE',  ( 2.252737597621278500, 1.417059823917321500, 1.659999999999999900 ) ) ;
#3969 = EDGE_CURVE ( 'NONE', #273, #8523, #9223, .T. ) ;
#3970 = EDGE_CURVE ( 'NONE', #2988, #457, #7147, .T. ) ;
#3971 = CARTESIAN_POINT ( 'NONE',  ( 2.253769168466997400, 1.460975268508318600, 1.649999999999999900 ) ) ;
#3972 = FILL_AREA_STYLE ('',( #3204 ) ) ;
#3973 = CARTESIAN_POINT ( 'NONE',  ( 2.323444410758892100, 1.365481281611668800, 1.649999999999999900 ) ) ;
#3974 = VERTEX_POINT ( 'NONE', #4381 ) ;
#3975 = ORIENTED_EDGE ( 'NONE', *, *, #8647, .F. ) ;
#3976 = DIRECTION ( 'NONE',  ( 0.0000000000000000000, 0.0000000000000000000, 1.000000000000000000 ) ) ;
#3977 = CIRCLE ( 'NONE', #341, 0.09999999999999982500 ) ;
#3978 = CARTESIAN_POINT ( 'NONE',  ( 2.505796662898825300, 1.242930665093601600, 1.649999999999999900 ) ) ;
#3979 = CARTESIAN_POINT ( 'NONE',  ( 2.408593215742089700, 1.139007270710988600, 1.659999999999999900 ) ) ;
#3980 = EDGE_LOOP ( 'NONE', ( #542, #4182, #5328, #4926 ) ) ;
#3981 = EDGE_CURVE ( 'NONE', #9558, #475, #3866, .T. ) ;
#3982 = EDGE_LOOP ( 'NONE', ( #850, #11269, #6642, #4335, #295, #2206, #8393, #5441 ) ) ;
#3983 = CARTESIAN_POINT ( 'NONE',  ( 0.0000000000000000000, 0.0000000000000000000, 1.659999999999999900 ) ) ;
#3984 = B_SPLINE_SURFACE_WITH_KNOTS ( 'NONE', 3, 1, ( 
 ( #3433, #5248 ),
 ( #835, #51 ),
 ( #9599, #9569 ),
 ( #119, #1699 ) ),
 .UNSPECIFIED., .F., .F., .F.,
 ( 4, 4 ),
 ( 2, 2 ),
 ( 10.00000000000000000, 11.00000000000000000 ),
 ( 0.0000000000000000000, 1.000000000000000000 ),
 .UNSPECIFIED. ) ;
#3985 = DIRECTION ( 'NONE',  ( 0.0000000000000000000, 1.000000000000000000, -0.0000000000000000000 ) ) ;
#3986 = VECTOR ( 'NONE', #1139, 1000.000000000000000 ) ;
#3987 =( NAMED_UNIT ( * ) SI_UNIT ( $, .STERADIAN. ) SOLID_ANGLE_UNIT ( ) );
#3988 = DIRECTION ( 'NONE',  ( 1.000000000000000000, 0.0000000000000000000, 0.0000000000000000000 ) ) ;
#3989 = CARTESIAN_POINT ( 'NONE',  ( 2.299158285695976900, 1.190526866111214900, 1.659999999999999900 ) ) ;
#3990 = ORIENTED_EDGE ( 'NONE', *, *, #4657, .F. ) ;
#3991 = B_SPLINE_CURVE_WITH_KNOTS ( 'NONE', 3,
 ( #2057, #10740, #5527, #2178 ),
 .UNSPECIFIED., .F., .F.,
 ( 4, 4 ),
 ( 16.00000000000000000, 17.00000000000000000 ),
 .UNSPECIFIED. ) ;
#3992 = LINE ( 'NONE', #8746, #9732 ) ;
#3993 = ORIENTED_EDGE ( 'NONE', *, *, #9823, .F. ) ;
#3994 = CARTESIAN_POINT ( 'NONE',  ( 2.496217790756276600, 1.385876910911449000, 1.649999999999999900 ) ) ;
#3995 = CARTESIAN_POINT ( 'NONE',  ( 2.255478628726285400, 1.254366364759375500, 1.659999999999999900 ) ) ;
#3996 = CARTESIAN_POINT ( 'NONE',  ( 2.256510199572397300, 1.392302123610610300, 1.659999999999999900 ) ) ;
#3997 = ADVANCED_FACE ( 'NONE', ( #4329 ), #4574, .F. ) ;
#3998 = VECTOR ( 'NONE', #6356, 1000.000000000000000 ) ;
#3999 = CARTESIAN_POINT ( 'NONE',  ( 2.463207523680653700, 1.476006729408933600, 1.649999999999999900 ) ) ;
#4000 = FILL_AREA_STYLE_COLOUR ( '', #1871 ) ;
#4001 = FACE_OUTER_BOUND ( 'NONE', #8875, .T. ) ;
#4002 = ORIENTED_EDGE ( 'NONE', *, *, #3428, .F. ) ;
#4003 = VECTOR ( 'NONE', #3259, 1000.000000000000000 ) ;
#4004 = LINE ( 'NONE', #3613, #10306 ) ;
#4005 = DIRECTION ( 'NONE',  ( -0.0000000000000000000, 1.000000000000000000, -0.0000000000000000000 ) ) ;
#4006 = ADVANCED_FACE ( 'NONE', ( #3308 ), #6235, .F. ) ;
#4007 = CARTESIAN_POINT ( 'NONE',  ( 1.554153906192529600, 1.307738224431207900, 1.659999999999999900 ) ) ;
#4008 = EDGE_CURVE ( 'NONE', #10337, #7578, #4272, .T. ) ;
#4009 = AXIS2_PLACEMENT_3D ( 'NONE', #10915, #6691, #3988 ) ;
#4010 = ORIENTED_EDGE ( 'NONE', *, *, #7836, .F. ) ;
#4011 = LINE ( 'NONE', #3776, #5507 ) ;
#4012 = COLOUR_RGB ( '',0.2980392156862745100, 0.2980392156862745100, 0.2980392156862745100 ) ;
#4013 = CARTESIAN_POINT ( 'NONE',  ( 2.283832090268234100, 1.262029462473246700, 1.649999999999999900 ) ) ;
#4014 = VERTEX_POINT ( 'NONE', #201 ) ;
#4015 = CARTESIAN_POINT ( 'NONE',  ( 2.277288983758615000, 1.187697414647680600, 1.649999999999999900 ) ) ;
#4016 = FACE_OUTER_BOUND ( 'NONE', #7438, .T. ) ;
#4017 = CARTESIAN_POINT ( 'NONE',  ( 2.547030023289847300, 1.242930665093601600, 1.649999999999999900 ) ) ;
#4018 = DIRECTION ( 'NONE',  ( -1.000000000000000000, 0.0000000000000000000, 0.0000000000000000000 ) ) ;
#4019 = VERTEX_POINT ( 'NONE', #8924 ) ;
#4020 = LINE ( 'NONE', #860, #6932 ) ;
#4021 = ORIENTED_EDGE ( 'NONE', *, *, #3579, .F. ) ;
#4022 = EDGE_CURVE ( 'NONE', #5031, #10191, #9756, .T. ) ;
#4023 = EDGE_CURVE ( 'NONE', #4716, #6923, #9567, .T. ) ;
#4024 = CARTESIAN_POINT ( 'NONE',  ( 2.247432376126760700, 1.199840477179337200, 1.659999999999999900 ) ) ;
#4025 = VERTEX_POINT ( 'NONE', #10619 ) ;
#4026 = STYLED_ITEM ( 'NONE', ( #575 ), #2148 ) ;
#4027 = AXIS2_PLACEMENT_3D ( 'NONE', #8656, #9526, #3434 ) ;
#4028 =( NAMED_UNIT ( * ) SI_UNIT ( $, .STERADIAN. ) SOLID_ANGLE_UNIT ( ) );
#4029 = CARTESIAN_POINT ( 'NONE',  ( 1.732044507240587200, 1.288063724729499300, 1.659999999999999900 ) ) ;
#4030 = DIRECTION ( 'NONE',  ( -0.0000000000000000000, -0.0000000000000000000, -1.000000000000000000 ) ) ;
#4031 = CARTESIAN_POINT ( 'NONE',  ( 2.186481275847953500, 1.279831427931967400, 1.659999999999999900 ) ) ;
#4032 = FACE_OUTER_BOUND ( 'NONE', #428, .T. ) ;
#4033 = FACE_OUTER_BOUND ( 'NONE', #8162, .T. ) ;
#4034 = ORIENTED_EDGE ( 'NONE', *, *, #914, .F. ) ;
#4035 = CARTESIAN_POINT ( 'NONE',  ( 2.353418912201599200, 1.229667611358087600, 1.659999999999999900 ) ) ;
#4036 =( NAMED_UNIT ( * ) PLANE_ANGLE_UNIT ( ) SI_UNIT ( $, .RADIAN. ) );
#4037 = LINE ( 'NONE', #6617, #8715 ) ;
#4038 = ORIENTED_EDGE ( 'NONE', *, *, #8938, .F. ) ;
#4039 = CARTESIAN_POINT ( 'NONE',  ( -2.450000000000000200, 0.6999999999999999600, -1.879999999999999900 ) ) ;
#4040 = ORIENTED_EDGE ( 'NONE', *, *, #2630, .F. ) ;
#4041 = EDGE_CURVE ( 'NONE', #5702, #5481, #10638, .T. ) ;
#4042 = VECTOR ( 'NONE', #6738, 1000.000000000000000 ) ;
#4043 = FACE_OUTER_BOUND ( 'NONE', #9114, .T. ) ;
#4044 = CARTESIAN_POINT ( 'NONE',  ( 2.361406217895683400, 1.412638806004960600, 1.659999999999999900 ) ) ;
#4045 = EDGE_LOOP ( 'NONE', ( #9268, #9160, #10233, #10957 ) ) ;
#4046 = CARTESIAN_POINT ( 'NONE',  ( 1.654985918474443800, 1.233958752826503000, 1.649999999999999900 ) ) ;
#4047 = CARTESIAN_POINT ( 'NONE',  ( 2.266265912431597100, 1.191411069693372600, 1.659999999999999900 ) ) ;
#4048 = CARTESIAN_POINT ( 'NONE',  ( 2.652928139005744900, 1.250888497335386000, 1.649999999999999900 ) ) ;
#4049 = FACE_OUTER_BOUND ( 'NONE', #10945, .T. ) ;
#4050 = AXIS2_PLACEMENT_3D ( 'NONE', #6300, #5512, #9840 ) ;
#4051 = VECTOR ( 'NONE', #2950, 1000.000000000000000 ) ;
#4052 = CARTESIAN_POINT ( 'NONE',  ( 2.408534268836274100, 1.373851742191424300, 1.659999999999999900 ) ) ;
#4053 = ORIENTED_EDGE ( 'NONE', *, *, #3723, .T. ) ;
#4054 = UNCERTAINTY_MEASURE_WITH_UNIT (LENGTH_MEASURE( 1.000000000000000100E-005 ), #10833, 'distance_accuracy_value', 'NONE');
#4055 = ADVANCED_FACE ( 'NONE', ( #4056 ), #11063, .F. ) ;
#4056 = FACE_OUTER_BOUND ( 'NONE', #3758, .T. ) ;
#4057 = B_SPLINE_SURFACE_WITH_KNOTS ( 'NONE', 3, 1, ( 
 ( #873, #8696 ),
 ( #7716, #6984 ),
 ( #9573, #5971 ),
 ( #3320, #759 ) ),
 .UNSPECIFIED., .F., .F., .F.,
 ( 4, 4 ),
 ( 2, 2 ),
 ( 3.000000000000000000, 4.000000000000000000 ),
 ( 0.0000000000000000000, 1.000000000000000000 ),
 .UNSPECIFIED. ) ;
#4058 = FACE_OUTER_BOUND ( 'NONE', #8489, .T. ) ;
#4059 =( LENGTH_UNIT ( ) NAMED_UNIT ( * ) SI_UNIT ( .MILLI., .METRE. ) );
#4060 = SURFACE_SIDE_STYLE ('',( #3800 ) ) ;
#4061 = EDGE_LOOP ( 'NONE', ( #10646, #534, #1780, #5620, #2454, #6980, #6418, #7364, #9420, #5067, #816, #8110 ) ) ;
#4062 = CARTESIAN_POINT ( 'NONE',  ( 2.435738265721259800, 1.191470016598803200, 1.659999999999999900 ) ) ;
#4063 = EDGE_CURVE ( 'NONE', #10242, #828, #8731, .T. ) ;
#4064 = VECTOR ( 'NONE', #3398, 1000.000000000000000 ) ;
#4065 = ORIENTED_EDGE ( 'NONE', *, *, #4239, .F. ) ;
#4066 = ADVANCED_FACE ( 'NONE', ( #5557 ), #7311, .F. ) ;
#4067 = DIRECTION ( 'NONE',  ( -1.000000000000000000, 0.0000000000000000000, 0.0000000000000000000 ) ) ;
#4068 =( GEOMETRIC_REPRESENTATION_CONTEXT ( 3 ) GLOBAL_UNCERTAINTY_ASSIGNED_CONTEXT ( ( #10368 ) ) GLOBAL_UNIT_ASSIGNED_CONTEXT ( ( #1187, #4631, #4358 ) ) REPRESENTATION_CONTEXT ( 'NONE', 'WORKASPACE' ) );
#4069 = DIRECTION ( 'NONE',  ( -1.000000000000000000, -0.0000000000000000000, -0.0000000000000000000 ) ) ;
#4070 = ORIENTED_EDGE ( 'NONE', *, *, #8388, .T. ) ;
#4071 = CARTESIAN_POINT ( 'NONE',  ( 1.732044507240587200, 1.288063724729499300, 1.649999999999999900 ) ) ;
#4072 = CARTESIAN_POINT ( 'NONE',  ( 2.026342712093334600, 1.291342779347270700, 1.649999999999999900 ) ) ;
#4073 = VECTOR ( 'NONE', #9245, 1000.000000000000000 ) ;
#4074 = EDGE_LOOP ( 'NONE', ( #6742, #9819, #7920, #2737 ) ) ;
#4075 = CARTESIAN_POINT ( 'NONE',  ( 2.361406217895695400, 1.425842912835049800, 1.659999999999999900 ) ) ;
#4076 = ORIENTED_EDGE ( 'NONE', *, *, #2351, .T. ) ;
#4077 = ORIENTED_EDGE ( 'NONE', *, *, #2577, .T. ) ;
#4078 = CARTESIAN_POINT ( 'NONE',  ( 1.554153906192529600, 1.307738224431207900, 1.659999999999999900 ) ) ;
#4079 = CARTESIAN_POINT ( 'NONE',  ( 1.923871211592327800, 1.177394454778384600, 1.659999999999999900 ) ) ;
#4080 = EDGE_CURVE ( 'NONE', #5690, #10631, #775, .T. ) ;
#4081 = DIRECTION ( 'NONE',  ( 0.0000000000000000000, -1.000000000000000000, 0.0000000000000000000 ) ) ;
#4082 = VERTEX_POINT ( 'NONE', #7942 ) ;
#4083 = ORIENTED_EDGE ( 'NONE', *, *, #8224, .F. ) ;
#4084 = EDGE_CURVE ( 'NONE', #10191, #8506, #11171, .T. ) ;
#4085 = AXIS2_PLACEMENT_3D ( 'NONE', #4433, #5231, #2682 ) ;
#4086 = ORIENTED_EDGE ( 'NONE', *, *, #3443, .T. ) ;
#4087 = CARTESIAN_POINT ( 'NONE',  ( 2.351296823603557000, 1.231553912334039500, 1.659999999999999900 ) ) ;
#4088 = B_SPLINE_CURVE_WITH_KNOTS ( 'NONE', 3,
 ( #4166, #5910, #10294, #732 ),
 .UNSPECIFIED., .F., .F.,
 ( 4, 4 ),
 ( 1.000000000000000000, 2.000000000000000000 ),
 .UNSPECIFIED. ) ;
#4089 = CARTESIAN_POINT ( 'NONE',  ( 1.703352478344286200, 1.391355031883523100, 1.649999999999999900 ) ) ;
#4090 = CARTESIAN_POINT ( 'NONE',  ( 2.462028585570589000, 1.360706582266761400, 1.659999999999999900 ) ) ;
#4091 = DIRECTION ( 'NONE',  ( 1.000000000000000000, 0.0000000000000000000, 0.0000000000000000000 ) ) ;
#4092 = B_SPLINE_CURVE_WITH_KNOTS ( 'NONE', 3,
 ( #4667, #4599, #7233, #9999 ),
 .UNSPECIFIED., .F., .F.,
 ( 4, 4 ),
 ( 34.00000000000000000, 35.00000000000000000 ),
 .UNSPECIFIED. ) ;
#4093 = CARTESIAN_POINT ( 'NONE',  ( 2.000929784722163400, 1.179853765286806900, 1.659999999999999900 ) ) ;
#4094 = ORIENTED_EDGE ( 'NONE', *, *, #10263, .T. ) ;
#4095 = VECTOR ( 'NONE', #8610, 1000.000000000000000 ) ;
#4096 = CARTESIAN_POINT ( 'NONE',  ( 2.450000000000000200, 0.6999999999999999600, -1.679999999999999900 ) ) ;
#4097 = EDGE_CURVE ( 'NONE', #10813, #9411, #9137, .T. ) ;
#4098 = EDGE_CURVE ( 'NONE', #8612, #4568, #9937, .T. ) ;
#4099 = DIRECTION ( 'NONE',  ( -0.0000000000000000000, -1.000000000000000000, -0.0000000000000000000 ) ) ;
#4100 = AXIS2_PLACEMENT_3D ( 'NONE', #5293, #6311, #9774 ) ;
#4101 = ORIENTED_EDGE ( 'NONE', *, *, #5319, .T. ) ;
#4102 = ORIENTED_EDGE ( 'NONE', *, *, #3067, .F. ) ;
#4103 = LINE ( 'NONE', #3965, #11219 ) ;
#4104 = EDGE_LOOP ( 'NONE', ( #10476, #10550, #1760 ) ) ;
#4105 = CARTESIAN_POINT ( 'NONE',  ( 1.928789832608775300, 1.274127590153983700, 1.659999999999999900 ) ) ;
#4106 = DIRECTION ( 'NONE',  ( -1.000000000000000000, 0.0000000000000000000, 0.0000000000000000000 ) ) ;
#4107 = ORIENTED_EDGE ( 'NONE', *, *, #7750, .F. ) ;
#4108 = CARTESIAN_POINT ( 'NONE',  ( 2.264055403475419700, 1.384167450652555600, 1.659999999999999900 ) ) ;
#4109 = EDGE_CURVE ( 'NONE', #7488, #2746, #9547, .T. ) ;
#4110 = EDGE_CURVE ( 'NONE', #5302, #6419, #5270, .T. ) ;
#4111 = CARTESIAN_POINT ( 'NONE',  ( 3.750000000000000400, 0.6999999999999999600, -1.579999999999999800 ) ) ;
#4112 = LINE ( 'NONE', #1645, #10822 ) ;
#4113 = ORIENTED_EDGE ( 'NONE', *, *, #5851, .F. ) ;
#4114 = CARTESIAN_POINT ( 'NONE',  ( 3.650000000000000400, -0.6999999999999999600, -0.2999999999999999900 ) ) ;
#4115 = UNCERTAINTY_MEASURE_WITH_UNIT (LENGTH_MEASURE( 1.000000000000000100E-005 ), #6140, 'distance_accuracy_value', 'NONE');
#4116 = ORIENTED_EDGE ( 'NONE', *, *, #9791, .T. ) ;
#4117 = ADVANCED_FACE ( 'NONE', ( #8861 ), #320, .F. ) ;
#4118 = CARTESIAN_POINT ( 'NONE',  ( 2.745916882420268200, 1.222358195076769900, 1.649999999999999900 ) ) ;
#4119 = CARTESIAN_POINT ( 'NONE',  ( 2.668578542414895300, 1.236918080733201600, 1.659999999999999900 ) ) ;
#4120 = LINE ( 'NONE', #882, #3181 ) ;
#4121 = ORIENTED_EDGE ( 'NONE', *, *, #1242, .T. ) ;
#4122 = CARTESIAN_POINT ( 'NONE',  ( 2.506798760291815100, 1.376858034371234000, 1.649999999999999900 ) ) ;
#4123 = DIRECTION ( 'NONE',  ( 0.0000000000000000000, 0.0000000000000000000, 1.000000000000000000 ) ) ;
#4124 = EDGE_CURVE ( 'NONE', #7118, #3917, #139, .T. ) ;
#4125 =( NAMED_UNIT ( * ) SI_UNIT ( $, .STERADIAN. ) SOLID_ANGLE_UNIT ( ) );
#4126 = EDGE_CURVE ( 'NONE', #786, #3749, #8998, .T. ) ;
#4127 = ORIENTED_EDGE ( 'NONE', *, *, #4191, .T. ) ;
#4128 =( LENGTH_UNIT ( ) NAMED_UNIT ( * ) SI_UNIT ( .MILLI., .METRE. ) );
#4129 = LINE ( 'NONE', #3867, #9346 ) ;
#4130 = DIRECTION ( 'NONE',  ( 1.000000000000000000, -0.0000000000000000000, -0.0000000000000000000 ) ) ;
#4131 =( NAMED_UNIT ( * ) SI_UNIT ( $, .STERADIAN. ) SOLID_ANGLE_UNIT ( ) );
#4132 = PRESENTATION_STYLE_ASSIGNMENT (( #4332 ) ) ;
#4133 = CARTESIAN_POINT ( 'NONE',  ( 1.955842310742314000, 1.355285008919082900, 1.659999999999999900 ) ) ;
#4134 = ORIENTED_EDGE ( 'NONE', *, *, #6545, .T. ) ;
#4135 = VECTOR ( 'NONE', #4476, 1000.000000000000000 ) ;
#4136 = CARTESIAN_POINT ( 'NONE',  ( 2.463207523680653700, 1.476006729408933600, 1.649999999999999900 ) ) ;
#4137 = FILL_AREA_STYLE_COLOUR ( '', #3520 ) ;
#4138 = CARTESIAN_POINT ( 'NONE',  ( -1.400000000000000100, -1.600000000000000100, -1.649999999999999900 ) ) ;
#4139 = DIRECTION ( 'NONE',  ( -0.0000000000000000000, -0.0000000000000000000, -1.000000000000000000 ) ) ;
#4140 = LINE ( 'NONE', #2212, #6199 ) ;
#4141 = ADVANCED_FACE ( 'NONE', ( #2181 ), #3737, .F. ) ;
#4142 = CARTESIAN_POINT ( 'NONE',  ( 2.702502486524593900, 1.209330928962951200, 1.649999999999999900 ) ) ;
#4143 = DIRECTION ( 'NONE',  ( -0.0000000000000000000, -1.000000000000000000, -0.0000000000000000000 ) ) ;
#4144 = LINE ( 'NONE', #2163, #2276 ) ;
#4145 = CARTESIAN_POINT ( 'NONE',  ( 2.380711329444329400, 1.217465601921006200, 1.649999999999999900 ) ) ;
#4146 = DIRECTION ( 'NONE',  ( -0.0000000000000000000, -1.000000000000000000, -0.0000000000000000000 ) ) ;
#4147 = DIRECTION ( 'NONE',  ( -1.000000000000000000, 0.0000000000000000000, 0.0000000000000000000 ) ) ;
#4148 = ORIENTED_EDGE ( 'NONE', *, *, #5871, .T. ) ;
#4149 = VECTOR ( 'NONE', #4691, 1000.000000000000000 ) ;
#4150 = FACE_OUTER_BOUND ( 'NONE', #1083, .T. ) ;
#4151 = VERTEX_POINT ( 'NONE', #10851 ) ;
#4152 = DIRECTION ( 'NONE',  ( -0.0000000000000000000, -0.0000000000000000000, -1.000000000000000000 ) ) ;
#4153 = FILL_AREA_STYLE ('',( #5897 ) ) ;
#4154 = EDGE_CURVE ( 'NONE', #9878, #3964, #2043, .T. ) ;
#4155 = CARTESIAN_POINT ( 'NONE',  ( 3.314734603858307900, -2.000000000000000000, -0.2000000000000000100 ) ) ;
#4156 = VERTEX_POINT ( 'NONE', #8256 ) ;
#4157 = AXIS2_PLACEMENT_3D ( 'NONE', #2591, #5153, #6081 ) ;
#4158 = CARTESIAN_POINT ( 'NONE',  ( 2.076348838361461400, 1.341348874343566400, 1.659999999999999900 ) ) ;
#4159 =( GEOMETRIC_REPRESENTATION_CONTEXT ( 3 ) GLOBAL_UNCERTAINTY_ASSIGNED_CONTEXT ( ( #6151 ) ) GLOBAL_UNIT_ASSIGNED_CONTEXT ( ( #10444, #11241, #805 ) ) REPRESENTATION_CONTEXT ( 'NONE', 'WORKASPACE' ) );
#4160 = CARTESIAN_POINT ( 'NONE',  ( 2.296122520063057900, 1.477951977290310700, 1.659999999999999900 ) ) ;
#4161 = LINE ( 'NONE', #2360, #2812 ) ;
#4162 = FACE_OUTER_BOUND ( 'NONE', #5053, .T. ) ;
#4163 = CARTESIAN_POINT ( 'NONE',  ( 2.076348838361461400, 1.341348874343566400, 1.659999999999999900 ) ) ;
#4164 = ORIENTED_EDGE ( 'NONE', *, *, #4889, .T. ) ;
#4165 = ORIENTED_EDGE ( 'NONE', *, *, #4827, .T. ) ;
#4166 = CARTESIAN_POINT ( 'NONE',  ( 2.584107626844474500, 1.453194276983599700, 1.649999999999999900 ) ) ;
#4167 = DIRECTION ( 'NONE',  ( -0.0000000000000000000, -1.000000000000000000, -0.0000000000000000000 ) ) ;
#4168 = ORIENTED_EDGE ( 'NONE', *, *, #11147, .F. ) ;
#4169 = ADVANCED_FACE ( 'NONE', ( #4328 ), #5571, .T. ) ;
#4170 = EDGE_CURVE ( 'NONE', #748, #9313, #289, .T. ) ;
#4171 = FACE_OUTER_BOUND ( 'NONE', #1733, .T. ) ;
#4172 = EDGE_CURVE ( 'NONE', #5024, #1719, #7366, .T. ) ;
#4173 = VECTOR ( 'NONE', #8692, 1000.000000000000000 ) ;
#4174 = PLANE ( 'NONE',  #5181 ) ;
#4175 = ORIENTED_EDGE ( 'NONE', *, *, #6065, .F. ) ;
#4176 = ORIENTED_EDGE ( 'NONE', *, *, #2361, .T. ) ;
#4177 = AXIS2_PLACEMENT_3D ( 'NONE', #3399, #1564, #6898 ) ;
#4178 = STYLED_ITEM ( 'NONE', ( #8182 ), #10886 ) ;
#4179 = CARTESIAN_POINT ( 'NONE',  ( 2.356926253078302800, 1.187638467742258500, 1.659999999999999900 ) ) ;
#4180 = SURFACE_STYLE_FILL_AREA ( #8536 ) ;
#4181 = CARTESIAN_POINT ( 'NONE',  ( 2.242657676781846000, 1.449657462654180300, 1.659999999999999900 ) ) ;
#4182 = ORIENTED_EDGE ( 'NONE', *, *, #5032, .F. ) ;
#4183 = FILL_AREA_STYLE_COLOUR ( '', #9271 ) ;
#4184 = PRESENTATION_STYLE_ASSIGNMENT (( #9108 ) ) ;
#4185 = PRESENTATION_STYLE_ASSIGNMENT (( #4777 ) ) ;
#4186 = CARTESIAN_POINT ( 'NONE',  ( -1.399999999999999900, 1.399999999999999900, -1.649999999999999900 ) ) ;
#4187 = DIRECTION ( 'NONE',  ( -0.0000000000000000000, -1.000000000000000000, -0.0000000000000000000 ) ) ;
#4188 = ORIENTED_EDGE ( 'NONE', *, *, #763, .T. ) ;
#4189 = ORIENTED_EDGE ( 'NONE', *, *, #10330, .T. ) ;
#4190 = DIRECTION ( 'NONE',  ( -0.0000000000000000000, 1.000000000000000000, -0.0000000000000000000 ) ) ;
#4191 = EDGE_CURVE ( 'NONE', #2258, #10900, #6685, .T. ) ;
#4192 = VECTOR ( 'NONE', #11263, 1000.000000000000000 ) ;
#4193 = ORIENTED_EDGE ( 'NONE', *, *, #8282, .F. ) ;
#4194 = DIRECTION ( 'NONE',  ( -0.0000000000000000000, -0.0000000000000000000, -1.000000000000000000 ) ) ;
#4195 = CARTESIAN_POINT ( 'NONE',  ( 1.718928148046644700, 1.386436395231552800, 1.649999999999999900 ) ) ;
#4196 = CARTESIAN_POINT ( 'NONE',  ( -3.349999999999999200, -0.6999999999999999600, -0.2000000000000000100 ) ) ;
#4197 = DIRECTION ( 'NONE',  ( -0.0000000000000000000, -1.000000000000000000, -0.0000000000000000000 ) ) ;
#4198 = AXIS2_PLACEMENT_3D ( 'NONE', #8723, #5207, #2691 ) ;
#4199 = ORIENTED_EDGE ( 'NONE', *, *, #7536, .F. ) ;
#4200 = CARTESIAN_POINT ( 'NONE',  ( 1.718928148046644700, 1.386436395231552800, 1.649999999999999900 ) ) ;
#4201 = VERTEX_POINT ( 'NONE', #9034 ) ;
#4202 = ADVANCED_FACE ( 'NONE', ( #10219 ), #391, .F. ) ;
#4203 = ORIENTED_EDGE ( 'NONE', *, *, #5901, .T. ) ;
#4204 = CARTESIAN_POINT ( 'NONE',  ( 2.399279604674362500, 1.153036634218602000, 1.649999999999999900 ) ) ;
#4205 = VERTEX_POINT ( 'NONE', #6461 ) ;
#4206 = B_SPLINE_SURFACE_WITH_KNOTS ( 'NONE', 3, 1, ( 
 ( #5695, #4843 ),
 ( #8331, #10097 ),
 ( #10013, #9225 ),
 ( #2251, #10891 ) ),
 .UNSPECIFIED., .F., .F., .F.,
 ( 4, 4 ),
 ( 2, 2 ),
 ( 4.000000000000000000, 5.000000000000000000 ),
 ( 0.0000000000000000000, 1.000000000000000000 ),
 .UNSPECIFIED. ) ;
#4207 =( NAMED_UNIT ( * ) PLANE_ANGLE_UNIT ( ) SI_UNIT ( $, .RADIAN. ) );
#4208 = DIRECTION ( 'NONE',  ( -0.0000000000000000000, -0.0000000000000000000, -1.000000000000000000 ) ) ;
#4209 = SURFACE_SIDE_STYLE ('',( #4811 ) ) ;
#4210 = ORIENTED_EDGE ( 'NONE', *, *, #4305, .F. ) ;
#4211 = ORIENTED_EDGE ( 'NONE', *, *, #6546, .F. ) ;
#4212 = APPLICATION_PROTOCOL_DEFINITION ( 'draft international standard', 'automotive_design', 1998, #3332 ) ;
#4213 = ORIENTED_EDGE ( 'NONE', *, *, #5851, .T. ) ;
#4214 = VERTEX_POINT ( 'NONE', #10163 ) ;
#4215 = STYLED_ITEM ( 'NONE', ( #7298 ), #6310 ) ;
#4216 = CARTESIAN_POINT ( 'NONE',  ( 1.554153906192529600, 1.307738224431207900, 1.659999999999999900 ) ) ;
#4217 = CARTESIAN_POINT ( 'NONE',  ( 1.881243048120115700, 1.506942875942947700, 1.659999999999999900 ) ) ;
#4218 = CARTESIAN_POINT ( 'NONE',  ( 1.967319103537973800, 1.227400549775460300, 1.649999999999999900 ) ) ;
#4219 = VERTEX_POINT ( 'NONE', #5810 ) ;
#4220 =( NAMED_UNIT ( * ) SI_UNIT ( $, .STERADIAN. ) SOLID_ANGLE_UNIT ( ) );
#4221 = CARTESIAN_POINT ( 'NONE',  ( 2.352534708619046000, 1.247233789194329900, 1.649999999999999900 ) ) ;
#4222 =( NAMED_UNIT ( * ) SI_UNIT ( $, .STERADIAN. ) SOLID_ANGLE_UNIT ( ) );
#4223 = EDGE_CURVE ( 'NONE', #4526, #7239, #6121, .T. ) ;
#4224 = B_SPLINE_CURVE_WITH_KNOTS ( 'NONE', 3,
 ( #8604, #1721, #5127, #9287 ),
 .UNSPECIFIED., .F., .F.,
 ( 4, 4 ),
 ( 1.000000000000000000, 2.000000000000000000 ),
 .UNSPECIFIED. ) ;
#4225 = DIRECTION ( 'NONE',  ( -0.0000000000000000000, -1.000000000000000000, -0.0000000000000000000 ) ) ;
#4226 = ORIENTED_EDGE ( 'NONE', *, *, #9823, .T. ) ;
#4227 =( GEOMETRIC_REPRESENTATION_CONTEXT ( 3 ) GLOBAL_UNCERTAINTY_ASSIGNED_CONTEXT ( ( #9042 ) ) GLOBAL_UNIT_ASSIGNED_CONTEXT ( ( #9018, #3763, #9091 ) ) REPRESENTATION_CONTEXT ( 'NONE', 'WORKASPACE' ) );
#4228 = PRESENTATION_LAYER_ASSIGNMENT (  '', '', ( #8515 ) ) ;
#4229 = VERTEX_POINT ( 'NONE', #8328 ) ;
#4230 = ADVANCED_FACE ( 'NONE', ( #1223, #4732 ), #511, .F. ) ;
#4231 = LINE ( 'NONE', #9030, #184 ) ;
#4232 = DIRECTION ( 'NONE',  ( -0.9848077530122080200, 0.0000000000000000000, -0.1736481776669304100 ) ) ;
#4233 = CARTESIAN_POINT ( 'NONE',  ( 1.400000000000000800, 1.399999999999999900, 0.0000000000000000000 ) ) ;
#4234 = PLANE ( 'NONE',  #10016 ) ;
#4235 = DIRECTION ( 'NONE',  ( 1.000000000000000000, 0.0000000000000000000, 0.0000000000000000000 ) ) ;
#4236 = ORIENTED_EDGE ( 'NONE', *, *, #5947, .T. ) ;
#4237 = CARTESIAN_POINT ( 'NONE',  ( 2.408593215742089700, 1.139007270710988600, 1.659999999999999900 ) ) ;
#4238 = ORIENTED_EDGE ( 'NONE', *, *, #719, .T. ) ;
#4239 = EDGE_CURVE ( 'NONE', #10337, #9374, #10894, .T. ) ;
#4240 = EDGE_CURVE ( 'NONE', #7393, #9640, #7731, .T. ) ;
#4241 = LINE ( 'NONE', #3140, #6312 ) ;
#4242 = CARTESIAN_POINT ( 'NONE',  ( 2.702502486524593900, 1.209330928962951200, 1.659999999999999900 ) ) ;
#4243 = PRESENTATION_LAYER_ASSIGNMENT (  '', '', ( #10126 ) ) ;
#4244 = CARTESIAN_POINT ( 'NONE',  ( 2.580069763818158000, 1.453194276983599700, 1.659999999999999900 ) ) ;
#4245 = CARTESIAN_POINT ( 'NONE',  ( 2.346021075562139100, 1.217642442637280500, 1.649999999999999900 ) ) ;
#4246 = ORIENTED_EDGE ( 'NONE', *, *, #8871, .F. ) ;
#4247 = PRESENTATION_LAYER_ASSIGNMENT (  '', '', ( #10694 ) ) ;
#4248 = ORIENTED_EDGE ( 'NONE', *, *, #288, .F. ) ;
#4249 = B_SPLINE_CURVE_WITH_KNOTS ( 'NONE', 3,
 ( #6533, #7464, #8314, #9175 ),
 .UNSPECIFIED., .F., .F.,
 ( 4, 4 ),
 ( 3.000000000000000000, 4.000000000000000000 ),
 .UNSPECIFIED. ) ;
#4250 = DIRECTION ( 'NONE',  ( -1.000000000000000000, 0.0000000000000000000, 0.0000000000000000000 ) ) ;
#4251 = CARTESIAN_POINT ( 'NONE',  ( 2.254506004785988200, 1.182333246247737400, 1.659999999999999900 ) ) ;
#4252 =( LENGTH_UNIT ( ) NAMED_UNIT ( * ) SI_UNIT ( .MILLI., .METRE. ) );
#4253 = UNCERTAINTY_MEASURE_WITH_UNIT (LENGTH_MEASURE( 1.000000000000000100E-005 ), #3577, 'distance_accuracy_value', 'NONE');
#4254 = ADVANCED_FACE ( 'NONE', ( #2449 ), #8432, .F. ) ;
#4255 = CARTESIAN_POINT ( 'NONE',  ( 1.903376905237601700, 1.317575529006982800, 1.659999999999999900 ) ) ;
#4256 = EDGE_CURVE ( 'NONE', #6676, #594, #2529, .T. ) ;
#4257 = ORIENTED_EDGE ( 'NONE', *, *, #6013, .T. ) ;
#4258 = CARTESIAN_POINT ( 'NONE',  ( 2.405911131542119600, 1.476006729408933600, 1.659999999999999900 ) ) ;
#4259 = CARTESIAN_POINT ( 'NONE',  ( 1.500000000000000900, -1.500000000000000000, -1.779999999999999800 ) ) ;
#4260 = CARTESIAN_POINT ( 'NONE',  ( 2.574705595419003200, 1.177794334525313200, 1.659999999999999900 ) ) ;
#4261 = ORIENTED_EDGE ( 'NONE', *, *, #7409, .F. ) ;
#4262 = FACE_OUTER_BOUND ( 'NONE', #9015, .T. ) ;
#4263 = MECHANICAL_DESIGN_GEOMETRIC_PRESENTATION_REPRESENTATION (  '', ( #1957 ), #1588 ) ;
#4264 = CARTESIAN_POINT ( 'NONE',  ( 1.951743449471527100, 1.464314716379716300, 1.659999999999999900 ) ) ;
#4265 = SURFACE_STYLE_FILL_AREA ( #4508 ) ;
#4266 = CARTESIAN_POINT ( 'NONE',  ( 1.699253601437190200, 1.204446901640478000, 1.659999999999999900 ) ) ;
#4267 = SURFACE_SIDE_STYLE ('',( #2171 ) ) ;
#4268 = CIRCLE ( 'NONE', #8661, 0.1000000000000000500 ) ;
#4269 = DIRECTION ( 'NONE',  ( -0.0000000000000000000, 1.000000000000000000, 0.0000000000000000000 ) ) ;
#4270 = PRESENTATION_STYLE_ASSIGNMENT (( #857 ) ) ;
#4271 = VERTEX_POINT ( 'NONE', #2359 ) ;
#4272 = LINE ( 'NONE', #127, #3585 ) ;
#4273 = FACE_OUTER_BOUND ( 'NONE', #10116, .T. ) ;
#4274 = EDGE_CURVE ( 'NONE', #84, #8624, #5140, .T. ) ;
#4275 = CARTESIAN_POINT ( 'NONE',  ( 2.363911461379003300, 1.250299028280348100, 1.659999999999999900 ) ) ;
#4276 = DIRECTION ( 'NONE',  ( 0.0000000000000000000, 0.0000000000000000000, 1.000000000000000000 ) ) ;
#4277 =( GEOMETRIC_REPRESENTATION_CONTEXT ( 3 ) GLOBAL_UNCERTAINTY_ASSIGNED_CONTEXT ( ( #7306 ) ) GLOBAL_UNIT_ASSIGNED_CONTEXT ( ( #5531, #4776, #9039 ) ) REPRESENTATION_CONTEXT ( 'NONE', 'WORKASPACE' ) );
#4278 = LINE ( 'NONE', #9082, #9073 ) ;
#4279 = PLANE ( 'NONE',  #2903 ) ;
#4280 = ORIENTED_EDGE ( 'NONE', *, *, #2262, .F. ) ;
#4281 = VECTOR ( 'NONE', #6005, 1000.000000000000000 ) ;
#4282 = VECTOR ( 'NONE', #10396, 1000.000000000000000 ) ;
#4283 = CARTESIAN_POINT ( 'NONE',  ( 2.487464175289687300, 1.459147914438577100, 1.649999999999999900 ) ) ;
#4284 = VECTOR ( 'NONE', #2876, 1000.000000000000000 ) ;
#4285 = ADVANCED_FACE ( 'NONE', ( #5540 ), #11176, .F. ) ;
#4286 = ORIENTED_EDGE ( 'NONE', *, *, #9366, .T. ) ;
#4287 = LINE ( 'NONE', #1714, #3475 ) ;
#4288 = CARTESIAN_POINT ( 'NONE',  ( 2.745916882420268200, 1.222358195076769900, 1.659999999999999900 ) ) ;
#4289 = CARTESIAN_POINT ( 'NONE',  ( 2.388787055496564000, 1.192648954708865200, 1.659999999999999900 ) ) ;
#4290 = PLANE ( 'NONE',  #10422 ) ;
#4291 = EDGE_CURVE ( 'NONE', #4343, #4019, #10753, .T. ) ;
#4292 = ORIENTED_EDGE ( 'NONE', *, *, #2088, .T. ) ;
#4293 = VECTOR ( 'NONE', #5505, 1000.000000000000000 ) ;
#4294 =( GEOMETRIC_REPRESENTATION_CONTEXT ( 3 ) GLOBAL_UNCERTAINTY_ASSIGNED_CONTEXT ( ( #7373 ) ) GLOBAL_UNIT_ASSIGNED_CONTEXT ( ( #9242, #10117, #3154 ) ) REPRESENTATION_CONTEXT ( 'NONE', 'WORKASPACE' ) );
#4295 = ORIENTED_EDGE ( 'NONE', *, *, #10125, .T. ) ;
#4296 = DIRECTION ( 'NONE',  ( -0.3559357243643020400, -0.9345104387438696300, -0.0000000000000000000 ) ) ;
#4297 = VERTEX_POINT ( 'NONE', #3173 ) ;
#4298 = CARTESIAN_POINT ( 'NONE',  ( 2.293587803127043600, 1.250299028280348100, 1.649999999999999900 ) ) ;
#4299 = CARTESIAN_POINT ( 'NONE',  ( 1.967319103537973800, 1.227400549775460300, 1.659999999999999900 ) ) ;
#4300 = LINE ( 'NONE', #3016, #5822 ) ;
#4301 = VECTOR ( 'NONE', #5227, 1000.000000000000000 ) ;
#4302 = ORIENTED_EDGE ( 'NONE', *, *, #8009, .F. ) ;
#4303 = DIRECTION ( 'NONE',  ( 0.8863488427958591300, 0.4630180653866987600, 0.0000000000000000000 ) ) ;
#4304 = CARTESIAN_POINT ( 'NONE',  ( 2.346522124259034800, 1.360706582266758800, 1.659999999999999900 ) ) ;
#4305 = EDGE_CURVE ( 'NONE', #3650, #7432, #10352, .T. ) ;
#4306 = CARTESIAN_POINT ( 'NONE',  ( 3.650000000000000400, 0.6999999999999999600, -0.2000000000000000100 ) ) ;
#4307 = AXIS2_PLACEMENT_3D ( 'NONE', #8865, #7117, #2750 ) ;
#4308 = FACE_OUTER_BOUND ( 'NONE', #1106, .T. ) ;
#4309 = ORIENTED_EDGE ( 'NONE', *, *, #5128, .T. ) ;
#4310 = AXIS2_PLACEMENT_3D ( 'NONE', #5503, #3718, #6333 ) ;
#4311 = CARTESIAN_POINT ( 'NONE',  ( 2.046837018447667900, 1.214284206217046700, 1.659999999999999900 ) ) ;
#4312 = ORIENTED_EDGE ( 'NONE', *, *, #9946, .T. ) ;
#4313 = ADVANCED_FACE ( 'NONE', ( #1078 ), #5848, .F. ) ;
#4314 = CARTESIAN_POINT ( 'NONE',  ( 2.340067438107554100, 1.221297150778330600, 1.649999999999999900 ) ) ;
#4315 = SURFACE_STYLE_FILL_AREA ( #10464 ) ;
#4316 = LINE ( 'NONE', #3290, #11028 ) ;
#4317 = CARTESIAN_POINT ( 'NONE',  ( 2.296122520063057900, 1.477951977290310700, 1.649999999999999900 ) ) ;
#4318 = CARTESIAN_POINT ( 'NONE',  ( 2.558112041522270500, 1.392243176705186600, 1.649999999999999900 ) ) ;
#4319 = ORIENTED_EDGE ( 'NONE', *, *, #7090, .F. ) ;
#4320 =( NAMED_UNIT ( * ) PLANE_ANGLE_UNIT ( ) SI_UNIT ( $, .RADIAN. ) );
#4321 = CARTESIAN_POINT ( 'NONE',  ( 2.652928139005744900, 1.236505452395225900, 1.659999999999999900 ) ) ;
#4322 = LINE ( 'NONE', #5456, #812 ) ;
#4323 = ORIENTED_EDGE ( 'NONE', *, *, #8525, .T. ) ;
#4324 = EDGE_CURVE ( 'NONE', #3565, #8639, #10079, .T. ) ;
#4325 = B_SPLINE_CURVE_WITH_KNOTS ( 'NONE', 3,
 ( #10282, #6823, #792, #755 ),
 .UNSPECIFIED., .F., .F.,
 ( 4, 4 ),
 ( 15.00000000000000000, 16.00000000000000000 ),
 .UNSPECIFIED. ) ;
#4326 = EDGE_CURVE ( 'NONE', #10736, #7860, #8114, .T. ) ;
#4327 = DIRECTION ( 'NONE',  ( 1.000000000000000000, -0.0000000000000000000, -0.0000000000000000000 ) ) ;
#4328 = FACE_OUTER_BOUND ( 'NONE', #10347, .T. ) ;
#4329 = FACE_OUTER_BOUND ( 'NONE', #6268, .T. ) ;
#4330 = ORIENTED_EDGE ( 'NONE', *, *, #9003, .F. ) ;
#4331 =( LENGTH_UNIT ( ) NAMED_UNIT ( * ) SI_UNIT ( .MILLI., .METRE. ) );
#4332 = SURFACE_STYLE_USAGE ( .BOTH. , #3498 ) ;
#4333 = CARTESIAN_POINT ( 'NONE',  ( 2.589589689055269900, 1.279831427931971400, 1.659999999999999900 ) ) ;
#4334 = LINE ( 'NONE', #7096, #1772 ) ;
#4335 = ORIENTED_EDGE ( 'NONE', *, *, #4612, .T. ) ;
#4336 = B_SPLINE_CURVE_WITH_KNOTS ( 'NONE', 3,
 ( #5158, #4314, #3407, #3362 ),
 .UNSPECIFIED., .F., .F.,
 ( 4, 4 ),
 ( 4.000000000000000000, 5.000000000000000000 ),
 .UNSPECIFIED. ) ;
#4337 = FACE_OUTER_BOUND ( 'NONE', #9686, .T. ) ;
#4338 = ORIENTED_EDGE ( 'NONE', *, *, #10168, .F. ) ;
#4339 = B_SPLINE_CURVE_WITH_KNOTS ( 'NONE', 3,
 ( #1963, #6374, #1089, #8981 ),
 .UNSPECIFIED., .F., .F.,
 ( 4, 4 ),
 ( 4.000000000000000000, 5.000000000000000000 ),
 .UNSPECIFIED. ) ;
#4340 = VERTEX_POINT ( 'NONE', #9475 ) ;
#4341 = EDGE_CURVE ( 'NONE', #7651, #5514, #9929, .T. ) ;
#4342 = COLOUR_RGB ( '',0.2980392156862745100, 0.2980392156862745100, 0.2980392156862745100 ) ;
#4343 = VERTEX_POINT ( 'NONE', #6776 ) ;
#4344 = EDGE_LOOP ( 'NONE', ( #10398, #6800, #9727, #8562 ) ) ;
#4345 = EDGE_LOOP ( 'NONE', ( #8618, #62, #735, #6340 ) ) ;
#4346 = CARTESIAN_POINT ( 'NONE',  ( 2.430315150415888900, 1.360706582266761400, 1.649999999999999900 ) ) ;
#4347 = CARTESIAN_POINT ( 'NONE',  ( 1.840254435411058200, 1.506942875942947700, 1.659999999999999900 ) ) ;
#4348 = CARTESIAN_POINT ( 'NONE',  ( 2.186481275847957000, 1.190939494449978000, 1.659999999999999900 ) ) ;
#4349 = ORIENTED_EDGE ( 'NONE', *, *, #504, .T. ) ;
#4350 = EDGE_LOOP ( 'NONE', ( #1927, #7755, #10919, #10663, #10928, #8231, #6500, #6522 ) ) ;
#4351 = VECTOR ( 'NONE', #7228, 1000.000000000000000 ) ;
#4352 = CARTESIAN_POINT ( 'NONE',  ( 2.422268897815973400, 1.162998661246394100, 1.649999999999999900 ) ) ;
#4353 = B_SPLINE_SURFACE_WITH_KNOTS ( 'NONE', 3, 1, ( 
 ( #7525, #3941 ),
 ( #10971, #514 ),
 ( #3898, #10049 ),
 ( #7559, #6586 ) ),
 .UNSPECIFIED., .F., .F., .F.,
 ( 4, 4 ),
 ( 2, 2 ),
 ( 12.00000000000000000, 13.00000000000000000 ),
 ( 0.0000000000000000000, 1.000000000000000000 ),
 .UNSPECIFIED. ) ;
#4354 = CARTESIAN_POINT ( 'NONE',  ( -2.450000000000000200, 0.6999999999999999600, -1.679999999999999900 ) ) ;
#4355 = CARTESIAN_POINT ( 'NONE',  ( 2.281474214048492000, 1.372024388120897300, 1.659999999999999900 ) ) ;
#4356 = DIRECTION ( 'NONE',  ( 0.0000000000000000000, 0.0000000000000000000, 1.000000000000000000 ) ) ;
#4357 = PRODUCT_DEFINITION_SHAPE ( 'NONE', 'NONE',  #3905 ) ;
#4358 =( NAMED_UNIT ( * ) SI_UNIT ( $, .STERADIAN. ) SOLID_ANGLE_UNIT ( ) );
#4359 = CARTESIAN_POINT ( 'NONE',  ( 2.355128372460883100, 1.213987734497011800, 1.659999999999999900 ) ) ;
#4360 = ORIENTED_EDGE ( 'NONE', *, *, #2759, .F. ) ;
#4361 = LINE ( 'NONE', #11222, #4095 ) ;
#4362 = DIRECTION ( 'NONE',  ( 0.0000000000000000000, 1.000000000000000000, 0.0000000000000000000 ) ) ;
#4363 =( NAMED_UNIT ( * ) PLANE_ANGLE_UNIT ( ) SI_UNIT ( $, .RADIAN. ) );
#4364 = ADVANCED_FACE ( 'NONE', ( #7785 ), #3477, .F. ) ;
#4365 = EDGE_LOOP ( 'NONE', ( #7823, #8255, #1103, #7760 ) ) ;
#4366 = CARTESIAN_POINT ( 'NONE',  ( 1.770573793805698000, 1.495466064579933800, 1.659999999999999900 ) ) ;
#4367 = ORIENTED_EDGE ( 'NONE', *, *, #8088, .T. ) ;
#4368 = FILL_AREA_STYLE ('',( #5242 ) ) ;
#4369 = VECTOR ( 'NONE', #5812, 1000.000000000000000 ) ;
#4370 = DIRECTION ( 'NONE',  ( 0.0000000000000000000, 0.0000000000000000000, -1.000000000000000000 ) ) ;
#4371 =( NAMED_UNIT ( * ) SI_UNIT ( $, .STERADIAN. ) SOLID_ANGLE_UNIT ( ) );
#4372 = EDGE_CURVE ( 'NONE', #6887, #3182, #10419, .T. ) ;
#4373 = VERTEX_POINT ( 'NONE', #8505 ) ;
#4374 = AXIS2_PLACEMENT_3D ( 'NONE', #5998, #4147, #1559 ) ;
#4375 = VERTEX_POINT ( 'NONE', #4221 ) ;
#4376 = CARTESIAN_POINT ( 'NONE',  ( 2.296122520063057900, 1.477951977290310700, 1.649999999999999900 ) ) ;
#4377 = CARTESIAN_POINT ( 'NONE',  ( 1.731224716223094900, 1.236418032062303100, 1.659999999999999900 ) ) ;
#4378 = LINE ( 'NONE', #7574, #6604 ) ;
#4379 = DIRECTION ( 'NONE',  ( -0.0000000000000000000, -0.0000000000000000000, -1.000000000000000000 ) ) ;
#4380 = VERTEX_POINT ( 'NONE', #10275 ) ;
#4381 = CARTESIAN_POINT ( 'NONE',  ( 2.674974281659774800, 1.177794334525313200, 1.649999999999999900 ) ) ;
#4382 = ORIENTED_EDGE ( 'NONE', *, *, #8434, .F. ) ;
#4383 = CARTESIAN_POINT ( 'NONE',  ( 2.268476421387386900, 1.213928787591585400, 1.659999999999999900 ) ) ;
#4384 = EDGE_CURVE ( 'NONE', #1379, #3294, #8972, .T. ) ;
#4385 = EDGE_CURVE ( 'NONE', #11098, #6949, #2313, .T. ) ;
#4386 = CARTESIAN_POINT ( 'NONE',  ( 2.461940165212449700, 1.373851742191424300, 1.659999999999999900 ) ) ;
#4387 = CARTESIAN_POINT ( 'NONE',  ( 2.651189205294141300, 1.193945786629788500, 1.659999999999999900 ) ) ;
#4388 = STYLED_ITEM ( 'NONE', ( #10741 ), #2938 ) ;
#4389 = COLOUR_RGB ( '',0.2980392156862745100, 0.2980392156862745100, 0.2980392156862745100 ) ;
#4390 = CARTESIAN_POINT ( 'NONE',  ( 2.580069763818158000, 1.453194276983599700, 1.649999999999999900 ) ) ;
#4391 = ORIENTED_EDGE ( 'NONE', *, *, #10431, .F. ) ;
#4392 = DIRECTION ( 'NONE',  ( -0.3559357243643020400, -0.9345104387438696300, -0.0000000000000000000 ) ) ;
#4393 = PLANE ( 'NONE',  #9060 ) ;
#4394 = VECTOR ( 'NONE', #2227, 1000.000000000000200 ) ;
#4395 =( BOUNDED_CURVE ( )  B_SPLINE_CURVE ( 3, ( #2859, #9017, #9131, #2933 ),
 .UNSPECIFIED., .F., .F. ) 
 B_SPLINE_CURVE_WITH_KNOTS ( ( 4, 4 ),
 ( 5.512866274278618300, 7.053504340080554200 ),
 .UNSPECIFIED. ) 
 CURVE ( )  GEOMETRIC_REPRESENTATION_ITEM ( )  RATIONAL_B_SPLINE_CURVE ( ( 1.000000000000000000, 0.8117923620232512200, 0.8117923620232512200, 1.000000000000000000 ) ) 
 REPRESENTATION_ITEM ( '' )  );
#4396 = ORIENTED_EDGE ( 'NONE', *, *, #647, .F. ) ;
#4397 = FACE_OUTER_BOUND ( 'NONE', #6218, .T. ) ;
#4398 = FACE_OUTER_BOUND ( 'NONE', #8476, .T. ) ;
#4399 = ADVANCED_FACE ( 'NONE', ( #11027 ), #7274, .F. ) ;
#4400 = EDGE_LOOP ( 'NONE', ( #10516, #9023, #1754, #2012 ) ) ;
#4401 = FILL_AREA_STYLE_COLOUR ( '', #10254 ) ;
#4402 = FILL_AREA_STYLE_COLOUR ( '', #5217 ) ;
#4403 = EDGE_CURVE ( 'NONE', #4471, #11243, #6674, .T. ) ;
#4404 = CARTESIAN_POINT ( 'NONE',  ( -2.975150518713303200, 1.625150518713304400, 1.550000000000000000 ) ) ;
#4405 = B_SPLINE_SURFACE_WITH_KNOTS ( 'NONE', 3, 1, ( 
 ( #10662, #4423 ),
 ( #2739, #4534 ),
 ( #4383, #8849 ),
 ( #128, #8020 ) ),
 .UNSPECIFIED., .F., .F., .F.,
 ( 4, 4 ),
 ( 2, 2 ),
 ( 0.0000000000000000000, 1.000000000000000000 ),
 ( 0.0000000000000000000, 1.000000000000000000 ),
 .UNSPECIFIED. ) ;
#4406 = COLOUR_RGB ( '',0.2980392156862745100, 0.2980392156862745100, 0.2980392156862745100 ) ;
#4407 = DIRECTION ( 'NONE',  ( 0.0000000000000000000, 0.0000000000000000000, 1.000000000000000000 ) ) ;
#4408 = CARTESIAN_POINT ( 'NONE',  ( 2.077168598107121100, 1.263470541468073600, 1.649999999999999900 ) ) ;
#4409 = B_SPLINE_CURVE_WITH_KNOTS ( 'NONE', 3,
 ( #8887, #7064, #3627, #10622 ),
 .UNSPECIFIED., .F., .F.,
 ( 4, 4 ),
 ( 8.000000000000000000, 9.000000000000000000 ),
 .UNSPECIFIED. ) ;
#4410 = COLOUR_RGB ( '',0.2980392156862745100, 0.2980392156862745100, 0.2980392156862745100 ) ;
#4411 = PRESENTATION_LAYER_ASSIGNMENT (  '', '', ( #2636 ) ) ;
#4412 = VECTOR ( 'NONE', #7709, 1000.000000000000000 ) ;
#4413 = CYLINDRICAL_SURFACE ( 'NONE', #593, 0.09999999999999982500 ) ;
#4414 = FACE_OUTER_BOUND ( 'NONE', #11064, .T. ) ;
#4415 = CARTESIAN_POINT ( 'NONE',  ( 2.255478628726285400, 1.240337001251763800, 1.659999999999999900 ) ) ;
#4416 = CARTESIAN_POINT ( 'NONE',  ( 1.699253601437190200, 1.204446901640478000, 1.659999999999999900 ) ) ;
#4417 = SURFACE_STYLE_USAGE ( .BOTH. , #2698 ) ;
#4418 = CARTESIAN_POINT ( 'NONE',  ( 2.524188097411783600, 1.419830328475432600, 1.649999999999999900 ) ) ;
#4419 = CARTESIAN_POINT ( 'NONE',  ( 2.384837612828778900, 1.244345390825370300, 1.649999999999999900 ) ) ;
#4420 = ORIENTED_EDGE ( 'NONE', *, *, #1067, .T. ) ;
#4421 = PRESENTATION_STYLE_ASSIGNMENT (( #2911 ) ) ;
#4422 = LINE ( 'NONE', #1567, #5367 ) ;
#4423 = CARTESIAN_POINT ( 'NONE',  ( 2.279882647600057800, 1.216522451433417600, 1.649999999999999900 ) ) ;
#4424 = VERTEX_POINT ( 'NONE', #3246 ) ;
#4425 = DIRECTION ( 'NONE',  ( -0.0000000000000000000, -0.0000000000000000000, -1.000000000000000000 ) ) ;
#4426 = CARTESIAN_POINT ( 'NONE',  ( 1.732044507240587200, 1.288063724729499300, 1.649999999999999900 ) ) ;
#4427 = CARTESIAN_POINT ( 'NONE',  ( 2.233609326788925200, 1.177794334525310800, 1.649999999999999900 ) ) ;
#4428 = FILL_AREA_STYLE ('',( #5455 ) ) ;
#4429 = VECTOR ( 'NONE', #4499, 1000.000000000000000 ) ;
#4430 = FACE_OUTER_BOUND ( 'NONE', #165, .T. ) ;
#4431 = ORIENTED_EDGE ( 'NONE', *, *, #3027, .F. ) ;
#4432 = EDGE_LOOP ( 'NONE', ( #7617, #2239, #8219, #9775 ) ) ;
#4433 = CARTESIAN_POINT ( 'NONE',  ( 2.227714636239762000, 1.229726558263511300, 1.659999999999999900 ) ) ;
#4434 = EDGE_CURVE ( 'NONE', #9460, #9563, #936, .T. ) ;
#4435 = FILL_AREA_STYLE ('',( #4402 ) ) ;
#4436 = ORIENTED_EDGE ( 'NONE', *, *, #7374, .T. ) ;
#4437 = DIRECTION ( 'NONE',  ( -0.0000000000000000000, -1.000000000000000000, -0.0000000000000000000 ) ) ;
#4438 = CARTESIAN_POINT ( 'NONE',  ( 2.463207523680653700, 1.476006729408933600, 1.659999999999999900 ) ) ;
#4439 = AXIS2_PLACEMENT_3D ( 'NONE', #9345, #8555, #9314 ) ;
#4440 = CARTESIAN_POINT ( 'NONE',  ( 2.251912340944150600, 1.374500158151882500, 1.659999999999999900 ) ) ;
#4441 = FACE_OUTER_BOUND ( 'NONE', #5728, .T. ) ;
#4442 = B_SPLINE_SURFACE_WITH_KNOTS ( 'NONE', 3, 1, ( 
 ( #1524, #9329 ),
 ( #8538, #7588 ),
 ( #5888, #2469 ),
 ( #6857, #5846 ) ),
 .UNSPECIFIED., .F., .F., .F.,
 ( 4, 4 ),
 ( 2, 2 ),
 ( 1.000000000000000000, 2.000000000000000000 ),
 ( 0.0000000000000000000, 1.000000000000000000 ),
 .UNSPECIFIED. ) ;
#4443 = LINE ( 'NONE', #9277, #5836 ) ;
#4444 = ORIENTED_EDGE ( 'NONE', *, *, #10262, .T. ) ;
#4445 = CARTESIAN_POINT ( 'NONE',  ( 1.554153906192529600, 1.307738224431207900, 1.659999999999999900 ) ) ;
#4446 = CARTESIAN_POINT ( 'NONE',  ( 2.505796662898825300, 1.279831427931971400, 1.659999999999999900 ) ) ;
#4447 = ORIENTED_EDGE ( 'NONE', *, *, #7182, .T. ) ;
#4448 = LINE ( 'NONE', #9400, #7779 ) ;
#4449 = LINE ( 'NONE', #3048, #6668 ) ;
#4450 = ORIENTED_EDGE ( 'NONE', *, *, #634, .T. ) ;
#4451 = CARTESIAN_POINT ( 'NONE',  ( 2.402639578287098400, 1.425842912835049800, 1.649999999999999900 ) ) ;
#4452 = DIRECTION ( 'NONE',  ( 1.000000000000000000, 0.0000000000000000000, 0.0000000000000000000 ) ) ;
#4453 = SURFACE_SIDE_STYLE ('',( #9543 ) ) ;
#4454 = EDGE_CURVE ( 'NONE', #1889, #10110, #7510, .T. ) ;
#4455 = EDGE_CURVE ( 'NONE', #8968, #6843, #1491, .T. ) ;
#4456 = ADVANCED_FACE ( 'NONE', ( #8721, #8989 ), #10569, .T. ) ;
#4457 = ORIENTED_EDGE ( 'NONE', *, *, #3324, .T. ) ;
#4458 = STYLED_ITEM ( 'NONE', ( #4185 ), #2546 ) ;
#4459 = DIRECTION ( 'NONE',  ( -0.8863488427958592400, -0.4630180653866988200, 0.0000000000000000000 ) ) ;
#4460 = EDGE_LOOP ( 'NONE', ( #8600, #2106, #8937, #586 ) ) ;
#4461 = AXIS2_PLACEMENT_3D ( 'NONE', #5802, #9394, #537 ) ;
#4462 = UNCERTAINTY_MEASURE_WITH_UNIT (LENGTH_MEASURE( 1.000000000000000100E-005 ), #3264, 'distance_accuracy_value', 'NONE');
#4463 = LINE ( 'NONE', #5071, #6970 ) ;
#4464 = CARTESIAN_POINT ( 'NONE',  ( 2.399279604674362500, 1.153036634218602000, 1.659999999999999900 ) ) ;
#4465 = ORIENTED_EDGE ( 'NONE', *, *, #6609, .F. ) ;
#4466 = CARTESIAN_POINT ( 'NONE',  ( 2.362732523269326400, 1.211158283033478200, 1.649999999999999900 ) ) ;
#4467 = FACE_OUTER_BOUND ( 'NONE', #6802, .T. ) ;
#4468 = ORIENTED_EDGE ( 'NONE', *, *, #8889, .F. ) ;
#4469 = CARTESIAN_POINT ( 'NONE',  ( 2.291524661434815300, 1.358761334385384800, 1.649999999999999900 ) ) ;
#4470 = LINE ( 'NONE', #6836, #5865 ) ;
#4471 = VERTEX_POINT ( 'NONE', #6973 ) ;
#4472 = ORIENTED_EDGE ( 'NONE', *, *, #1764, .F. ) ;
#4473 = EDGE_CURVE ( 'NONE', #398, #2581, #5001, .T. ) ;
#4474 = CARTESIAN_POINT ( 'NONE',  ( 1.731224716223094900, 1.236418032062303100, 1.659999999999999900 ) ) ;
#4475 = ORIENTED_EDGE ( 'NONE', *, *, #9321, .F. ) ;
#4476 = DIRECTION ( 'NONE',  ( -0.0000000000000000000, -0.0000000000000000000, -1.000000000000000000 ) ) ;
#4477 = CARTESIAN_POINT ( 'NONE',  ( 2.373961908765329600, 1.198779432880120500, 1.659999999999999900 ) ) ;
#4478 = ORIENTED_EDGE ( 'NONE', *, *, #6465, .T. ) ;
#4479 =( GEOMETRIC_REPRESENTATION_CONTEXT ( 3 ) GLOBAL_UNCERTAINTY_ASSIGNED_CONTEXT ( ( #4253 ) ) GLOBAL_UNIT_ASSIGNED_CONTEXT ( ( #3577, #10570, #10808 ) ) REPRESENTATION_CONTEXT ( 'NONE', 'WORKASPACE' ) );
#4480 = CARTESIAN_POINT ( 'NONE',  ( 2.259221757225081900, 1.178030122147011500, 1.649999999999999900 ) ) ;
#4481 = VERTEX_POINT ( 'NONE', #3426 ) ;
#4482 = CARTESIAN_POINT ( 'NONE',  ( 2.333259070523130400, 1.237920178126990400, 1.649999999999999900 ) ) ;
#4483 = LINE ( 'NONE', #8382, #8750 ) ;
#4484 = VERTEX_POINT ( 'NONE', #7045 ) ;
#4485 = ORIENTED_EDGE ( 'NONE', *, *, #3123, .T. ) ;
#4486 = CARTESIAN_POINT ( 'NONE',  ( 2.242038734274099700, 1.384992707329286900, 1.659999999999999900 ) ) ;
#4487 = B_SPLINE_CURVE_WITH_KNOTS ( 'NONE', 3,
 ( #4251, #10386, #7146, #104 ),
 .UNSPECIFIED., .F., .F.,
 ( 4, 4 ),
 ( 7.000000000000000000, 8.000000000000000000 ),
 .UNSPECIFIED. ) ;
#4488 = EDGE_CURVE ( 'NONE', #8076, #4025, #5699, .T. ) ;
#4489 = ORIENTED_EDGE ( 'NONE', *, *, #11290, .T. ) ;
#4490 = EDGE_CURVE ( 'NONE', #3261, #1656, #3502, .T. ) ;
#4491 = CARTESIAN_POINT ( 'NONE',  ( 2.264851186699830900, 1.451720604346405500, 1.659999999999999900 ) ) ;
#4492 = PLANE ( 'NONE',  #7692 ) ;
#4493 = LINE ( 'NONE', #9216, #9703 ) ;
#4494 = SURFACE_STYLE_USAGE ( .BOTH. , #1971 ) ;
#4495 = CARTESIAN_POINT ( 'NONE',  ( 2.518381827221150000, 1.387645318076548500, 1.649999999999999900 ) ) ;
#4496 = PRESENTATION_LAYER_ASSIGNMENT (  '', '', ( #3557 ) ) ;
#4497 = CARTESIAN_POINT ( 'NONE',  ( 2.266265912431597100, 1.191411069693372600, 1.649999999999999900 ) ) ;
#4498 = CARTESIAN_POINT ( 'NONE',  ( 2.333259070523130400, 1.237920178126990400, 1.659999999999999900 ) ) ;
#4499 = DIRECTION ( 'NONE',  ( 1.000000000000000000, -0.0000000000000000000, -0.0000000000000000000 ) ) ;
#4500 = ORIENTED_EDGE ( 'NONE', *, *, #7628, .F. ) ;
#4501 = DIRECTION ( 'NONE',  ( -0.0000000000000000000, -1.000000000000000000, -0.0000000000000000000 ) ) ;
#4502 = EDGE_LOOP ( 'NONE', ( #422, #226, #10962, #2909 ) ) ;
#4503 = CARTESIAN_POINT ( 'NONE',  ( 2.367772483688650500, 1.208682513002493000, 1.649999999999999900 ) ) ;
#4504 = VECTOR ( 'NONE', #8466, 1000.000000000000000 ) ;
#4505 = CARTESIAN_POINT ( 'NONE',  ( 2.436121420606522000, 1.191470016598803200, 1.659999999999999900 ) ) ;
#4506 = FILL_AREA_STYLE_COLOUR ( '', #1601 ) ;
#4507 = CARTESIAN_POINT ( 'NONE',  ( 2.385692342958226000, 1.186695317254674600, 1.649999999999999900 ) ) ;
#4508 = FILL_AREA_STYLE ('',( #1183 ) ) ;
#4509 = ORIENTED_EDGE ( 'NONE', *, *, #4084, .F. ) ;
#4510 = ADVANCED_FACE ( 'NONE', ( #5976 ), #10916, .F. ) ;
#4511 = FACE_OUTER_BOUND ( 'NONE', #6180, .T. ) ;
#4512 = CARTESIAN_POINT ( 'NONE',  ( 1.756637674866097700, 1.288063724729499300, 1.659999999999999900 ) ) ;
#4513 = VERTEX_POINT ( 'NONE', #980 ) ;
#4514 = CARTESIAN_POINT ( 'NONE',  ( 1.949284138963108600, 1.412669066711683000, 1.649999999999999900 ) ) ;
#4515 = DIRECTION ( 'NONE',  ( 0.0000000000000000000, -1.000000000000000000, 0.0000000000000000000 ) ) ;
#4516 = ORIENTED_EDGE ( 'NONE', *, *, #7500, .T. ) ;
#4517 = CARTESIAN_POINT ( 'NONE',  ( 2.253769168466997400, 1.460975268508318600, 1.659999999999999900 ) ) ;
#4518 = CARTESIAN_POINT ( 'NONE',  ( 1.699253617073105800, 1.439721552663572700, 1.649999999999999900 ) ) ;
#4519 =( LENGTH_UNIT ( ) NAMED_UNIT ( * ) SI_UNIT ( .MILLI., .METRE. ) );
#4520 = EDGE_CURVE ( 'NONE', #5702, #4156, #5835, .T. ) ;
#4521 = EDGE_CURVE ( 'NONE', #1426, #1961, #547, .T. ) ;
#4522 = FACE_OUTER_BOUND ( 'NONE', #1479, .T. ) ;
#4523 =( GEOMETRIC_REPRESENTATION_CONTEXT ( 3 ) GLOBAL_UNCERTAINTY_ASSIGNED_CONTEXT ( ( #1285 ) ) GLOBAL_UNIT_ASSIGNED_CONTEXT ( ( #2974, #2928, #10872 ) ) REPRESENTATION_CONTEXT ( 'NONE', 'WORKASPACE' ) );
#4524 = CARTESIAN_POINT ( 'NONE',  ( 2.408534268836274100, 1.373851742191424300, 1.659999999999999900 ) ) ;
#4525 = CARTESIAN_POINT ( 'NONE',  ( 1.732044507240587200, 1.288063724729499300, 1.649999999999999900 ) ) ;
#4526 = VERTEX_POINT ( 'NONE', #5317 ) ;
#4527 = DIRECTION ( 'NONE',  ( 1.000000000000000000, 0.0000000000000000000, 0.0000000000000000000 ) ) ;
#4528 = DIRECTION ( 'NONE',  ( 0.0000000000000000000, 0.0000000000000000000, 1.000000000000000000 ) ) ;
#4529 = FACE_OUTER_BOUND ( 'NONE', #3982, .T. ) ;
#4530 = DIRECTION ( 'NONE',  ( 1.000000000000000000, -0.0000000000000000000, -0.0000000000000000000 ) ) ;
#4531 = ORIENTED_EDGE ( 'NONE', *, *, #8245, .F. ) ;
#4532 = SURFACE_STYLE_FILL_AREA ( #2926 ) ;
#4533 = CARTESIAN_POINT ( 'NONE',  ( 2.727348607189448200, 1.274526206437453200, 1.649999999999999900 ) ) ;
#4534 = CARTESIAN_POINT ( 'NONE',  ( 2.273133226921448800, 1.215579300945054200, 1.649999999999999900 ) ) ;
#4535 = EDGE_CURVE ( 'NONE', #2597, #2205, #9465, .T. ) ;
#4536 = EDGE_CURVE ( 'NONE', #6853, #7860, #3363, .T. ) ;
#4537 = CARTESIAN_POINT ( 'NONE',  ( 1.606619327332769800, 1.198708520878374800, 1.659999999999999900 ) ) ;
#4538 = LINE ( 'NONE', #10176, #2265 ) ;
#4539 = CARTESIAN_POINT ( 'NONE',  ( -3.137317624603198900, 1.787317624603199900, 0.6303046406266170600 ) ) ;
#4540 = MECHANICAL_DESIGN_GEOMETRIC_PRESENTATION_REPRESENTATION (  '', ( #5052 ), #3033 ) ;
#4541 = DIRECTION ( 'NONE',  ( 0.0000000000000000000, 1.000000000000000000, 0.0000000000000000000 ) ) ;
#4542 = FACE_OUTER_BOUND ( 'NONE', #8386, .T. ) ;
#4543 = VERTEX_POINT ( 'NONE', #10428 ) ;
#4544 = PLANE ( 'NONE',  #7125 ) ;
#4545 = LINE ( 'NONE', #3545, #10990 ) ;
#4546 = FACE_OUTER_BOUND ( 'NONE', #11175, .T. ) ;
#4547 = CARTESIAN_POINT ( 'NONE',  ( 2.383953409246230200, 1.213810893780741000, 1.649999999999999900 ) ) ;
#4548 = B_SPLINE_CURVE_WITH_KNOTS ( 'NONE', 3,
 ( #7129, #1969, #1053, #4609 ),
 .UNSPECIFIED., .F., .F.,
 ( 4, 4 ),
 ( 5.000000000000000000, 6.000000000000000000 ),
 .UNSPECIFIED. ) ;
#4549 = CARTESIAN_POINT ( 'NONE',  ( 2.631854620292796800, 1.276235666696343700, 1.649999999999999900 ) ) ;
#4550 = CARTESIAN_POINT ( 'NONE',  ( 2.333259070523128200, 1.245229594407525100, 1.649999999999999900 ) ) ;
#4551 = ORIENTED_EDGE ( 'NONE', *, *, #9677, .F. ) ;
#4552 = LINE ( 'NONE', #7937, #7749 ) ;
#4553 = EDGE_CURVE ( 'NONE', #3385, #5577, #1655, .T. ) ;
#4554 = PRESENTATION_STYLE_ASSIGNMENT (( #940 ) ) ;
#4555 = LINE ( 'NONE', #2092, #4966 ) ;
#4556 = B_SPLINE_SURFACE_WITH_KNOTS ( 'NONE', 3, 1, ( 
 ( #7585, #6657 ),
 ( #3199, #3932 ),
 ( #8427, #2280 ),
 ( #4029, #4071 ) ),
 .UNSPECIFIED., .F., .F., .F.,
 ( 4, 4 ),
 ( 2, 2 ),
 ( 15.00000000000000000, 16.00000000000000000 ),
 ( 0.0000000000000000000, 1.000000000000000000 ),
 .UNSPECIFIED. ) ;
#4557 = ORIENTED_EDGE ( 'NONE', *, *, #83, .F. ) ;
#4558 = CARTESIAN_POINT ( 'NONE',  ( 2.171597182211292900, 1.293094481667485400, 1.659999999999999900 ) ) ;
#4559 = SURFACE_SIDE_STYLE ('',( #5229 ) ) ;
#4560 = EDGE_LOOP ( 'NONE', ( #6376, #10266, #10797, #7602, #2208, #4199, #8260, #4606, #8689, #7615, #3025, #6314 ) ) ;
#4561 = CARTESIAN_POINT ( 'NONE',  ( 2.379502917881548100, 1.182392193153162000, 1.659999999999999900 ) ) ;
#4562 = COLOUR_RGB ( '',0.6666666666666666300, 0.6666666666666666300, 0.6666666666666666300 ) ;
#4563 =( GEOMETRIC_REPRESENTATION_CONTEXT ( 3 ) GLOBAL_UNCERTAINTY_ASSIGNED_CONTEXT ( ( #8698 ) ) GLOBAL_UNIT_ASSIGNED_CONTEXT ( ( #3505, #2582, #9625 ) ) REPRESENTATION_CONTEXT ( 'NONE', 'WORKASPACE' ) );
#4564 = ORIENTED_EDGE ( 'NONE', *, *, #8485, .F. ) ;
#4565 = VECTOR ( 'NONE', #7627, 1000.000000000000000 ) ;
#4566 = CARTESIAN_POINT ( 'NONE',  ( 1.925510731083255300, 1.228220309520728200, 1.659999999999999900 ) ) ;
#4567 = VECTOR ( 'NONE', #75, 1000.000000000000000 ) ;
#4568 = VERTEX_POINT ( 'NONE', #9595 ) ;
#4569 = CARTESIAN_POINT ( 'NONE',  ( 2.562827793961756800, 1.405270442818999500, 1.649999999999999900 ) ) ;
#4570 = ADVANCED_FACE ( 'NONE', ( #9389 ), #7857, .T. ) ;
#4571 = PLANE ( 'NONE',  #423 ) ;
#4572 = ORIENTED_EDGE ( 'NONE', *, *, #4886, .F. ) ;
#4573 = ORIENTED_EDGE ( 'NONE', *, *, #3377, .F. ) ;
#4574 = PLANE ( 'NONE',  #6123 ) ;
#4575 = SURFACE_STYLE_USAGE ( .BOTH. , #2799 ) ;
#4576 = CARTESIAN_POINT ( 'NONE',  ( 1.748439936688216200, 1.236418032062303100, 1.649999999999999900 ) ) ;
#4577 = FACE_OUTER_BOUND ( 'NONE', #4759, .T. ) ;
#4578 = LINE ( 'NONE', #3897, #660 ) ;
#4579 = AXIS2_PLACEMENT_3D ( 'NONE', #8213, #9932, #10816 ) ;
#4580 = VERTEX_POINT ( 'NONE', #309 ) ;
#4581 = DIRECTION ( 'NONE',  ( -0.0000000000000000000, -0.0000000000000000000, -1.000000000000000000 ) ) ;
#4582 = LINE ( 'NONE', #9438, #2445 ) ;
#4583 =( NAMED_UNIT ( * ) PLANE_ANGLE_UNIT ( ) SI_UNIT ( $, .RADIAN. ) );
#4584 = LINE ( 'NONE', #2230, #271 ) ;
#4585 = ORIENTED_EDGE ( 'NONE', *, *, #4326, .F. ) ;
#4586 = CARTESIAN_POINT ( 'NONE',  ( 2.263465934420779500, 1.193886839724357800, 1.649999999999999900 ) ) ;
#4587 = DIRECTION ( 'NONE',  ( -0.0000000000000000000, 1.000000000000000000, -0.0000000000000000000 ) ) ;
#4588 = LINE ( 'NONE', #4929, #8583 ) ;
#4589 = ORIENTED_EDGE ( 'NONE', *, *, #9038, .T. ) ;
#4590 = DIRECTION ( 'NONE',  ( -0.8840949502478777600, -0.4673073067545623300, 0.0000000000000000000 ) ) ;
#4591 = ORIENTED_EDGE ( 'NONE', *, *, #10983, .F. ) ;
#4592 = EDGE_CURVE ( 'NONE', #9417, #4156, #1954, .T. ) ;
#4593 = DIRECTION ( 'NONE',  ( -0.0000000000000000000, 1.000000000000000000, -0.0000000000000000000 ) ) ;
#4594 = COLOUR_RGB ( '',0.6666666666666666300, 0.6666666666666666300, 0.6666666666666666300 ) ;
#4595 = CARTESIAN_POINT ( 'NONE',  ( 2.574705595419003200, 1.177794334525313200, 1.659999999999999900 ) ) ;
#4596 = DIRECTION ( 'NONE',  ( 0.0000000000000000000, 1.000000000000000000, -0.0000000000000000000 ) ) ;
#4597 = STYLED_ITEM ( 'NONE', ( #1047 ), #571 ) ;
#4598 = DIRECTION ( 'NONE',  ( 0.0000000000000000000, 0.0000000000000000000, -1.000000000000000000 ) ) ;
#4599 = CARTESIAN_POINT ( 'NONE',  ( 2.066511565057126200, 1.235598272317037100, 1.659999999999999900 ) ) ;
#4600 =( GEOMETRIC_REPRESENTATION_CONTEXT ( 3 ) GLOBAL_UNCERTAINTY_ASSIGNED_CONTEXT ( ( #106 ) ) GLOBAL_UNIT_ASSIGNED_CONTEXT ( ( #10007, #7278, #3775 ) ) REPRESENTATION_CONTEXT ( 'NONE', 'WORKASPACE' ) );
#4601 = EDGE_LOOP ( 'NONE', ( #3688, #5117, #7925, #3441 ) ) ;
#4602 = CARTESIAN_POINT ( 'NONE',  ( 2.724460208820486800, 1.270282029242152600, 1.659999999999999900 ) ) ;
#4603 = CARTESIAN_POINT ( 'NONE',  ( 2.264851186699830900, 1.451720604346405500, 1.659999999999999900 ) ) ;
#4604 = VECTOR ( 'NONE', #2133, 1000.000000000000000 ) ;
#4605 = CARTESIAN_POINT ( 'NONE',  ( 2.363911461379003300, 1.250299028280348100, 1.649999999999999900 ) ) ;
#4606 = ORIENTED_EDGE ( 'NONE', *, *, #8388, .F. ) ;
#4607 = UNCERTAINTY_MEASURE_WITH_UNIT (LENGTH_MEASURE( 1.000000000000000100E-005 ), #1355, 'distance_accuracy_value', 'NONE');
#4608 = LINE ( 'NONE', #11234, #4064 ) ;
#4609 = CARTESIAN_POINT ( 'NONE',  ( 2.337355880454870000, 1.224892912013173100, 1.649999999999999900 ) ) ;
#4610 = EDGE_LOOP ( 'NONE', ( #2371, #1486, #8842, #4838, #808, #3703, #6640 ) ) ;
#4611 = PLANE ( 'NONE',  #1369 ) ;
#4612 = EDGE_CURVE ( 'NONE', #8897, #1426, #3105, .T. ) ;
#4613 = EDGE_CURVE ( 'NONE', #1614, #10510, #6025, .T. ) ;
#4614 = MECHANICAL_DESIGN_GEOMETRIC_PRESENTATION_REPRESENTATION (  '', ( #1367 ), #9384 ) ;
#4615 = CARTESIAN_POINT ( 'NONE',  ( 2.640284027777977500, 1.268985197321233400, 1.649999999999999900 ) ) ;
#4616 = AXIS2_PLACEMENT_3D ( 'NONE', #4105, #2422, #8533 ) ;
#4617 = DIRECTION ( 'NONE',  ( 1.000000000000000000, -0.0000000000000000000, -0.0000000000000000000 ) ) ;
#4618 = EDGE_LOOP ( 'NONE', ( #6361, #6023, #4764, #8537 ) ) ;
#4619 = CARTESIAN_POINT ( 'NONE',  ( 1.925510731083255300, 1.228220309520728200, 1.659999999999999900 ) ) ;
#4620 = ORIENTED_EDGE ( 'NONE', *, *, #10728, .T. ) ;
#4621 = PRESENTATION_STYLE_ASSIGNMENT (( #5872 ) ) ;
#4622 = ORIENTED_EDGE ( 'NONE', *, *, #2244, .F. ) ;
#4623 = ORIENTED_EDGE ( 'NONE', *, *, #1221, .T. ) ;
#4624 = ORIENTED_EDGE ( 'NONE', *, *, #7136, .F. ) ;
#4625 = CARTESIAN_POINT ( 'NONE',  ( -3.349999999999999200, -0.7000000000000000700, 0.0000000000000000000 ) ) ;
#4626 = CARTESIAN_POINT ( 'NONE',  ( 2.508537694004203900, 1.405034655196515800, 1.649999999999999900 ) ) ;
#4627 = CARTESIAN_POINT ( 'NONE',  ( 1.686957033260347600, 1.440541320226799100, 1.649999999999999900 ) ) ;
#4628 = CARTESIAN_POINT ( 'NONE',  ( 1.923871211592327800, 1.177394454778384600, 1.649999999999999900 ) ) ;
#4629 = ORIENTED_EDGE ( 'NONE', *, *, #802, .T. ) ;
#4630 = VERTEX_POINT ( 'NONE', #2001 ) ;
#4631 =( NAMED_UNIT ( * ) PLANE_ANGLE_UNIT ( ) SI_UNIT ( $, .RADIAN. ) );
#4632 = EDGE_CURVE ( 'NONE', #8970, #74, #10482, .T. ) ;
#4633 = CARTESIAN_POINT ( 'NONE',  ( 2.580069763818158000, 1.453194276983599700, 1.649999999999999900 ) ) ;
#4634 = ADVANCED_FACE ( 'NONE', ( #2971 ), #10970, .F. ) ;
#4635 = DIRECTION ( 'NONE',  ( 1.000000000000000000, 0.0000000000000000000, -0.0000000000000000000 ) ) ;
#4636 = SURFACE_STYLE_USAGE ( .BOTH. , #5385 ) ;
#4637 = AXIS2_PLACEMENT_3D ( 'NONE', #10946, #5786, #7537 ) ;
#4638 = CARTESIAN_POINT ( 'NONE',  ( 2.445199244052944200, 1.462743675673420200, 1.659999999999999900 ) ) ;
#4639 =( NAMED_UNIT ( * ) PLANE_ANGLE_UNIT ( ) SI_UNIT ( $, .RADIAN. ) );
#4640 = VERTEX_POINT ( 'NONE', #2040 ) ;
#4641 = VECTOR ( 'NONE', #8396, 1000.000000000000000 ) ;
#4642 = DIRECTION ( 'NONE',  ( -0.0000000000000000000, -0.0000000000000000000, 1.000000000000000000 ) ) ;
#4643 = ORIENTED_EDGE ( 'NONE', *, *, #3744, .F. ) ;
#4644 = EDGE_CURVE ( 'NONE', #10539, #10373, #6110, .T. ) ;
#4645 = CARTESIAN_POINT ( 'NONE',  ( -3.235798399904419800, 1.787317624603199400, -0.6476694583933099200 ) ) ;
#4646 = ORIENTED_EDGE ( 'NONE', *, *, #418, .F. ) ;
#4647 = CARTESIAN_POINT ( 'NONE',  ( -2.975150518713303600, 0.0000000000000000000, -1.649999999999999900 ) ) ;
#4648 = LINE ( 'NONE', #7673, #7703 ) ;
#4649 = ORIENTED_EDGE ( 'NONE', *, *, #6013, .F. ) ;
#4650 = CARTESIAN_POINT ( 'NONE',  ( 2.702502486524593900, 1.209330928962951200, 1.659999999999999900 ) ) ;
#4651 = CARTESIAN_POINT ( 'NONE',  ( 2.727938076245265200, 1.271873595690193900, 1.649999999999999900 ) ) ;
#4652 = CARTESIAN_POINT ( 'NONE',  ( 2.606419030573703800, 1.177794334525313200, 1.659999999999999900 ) ) ;
#4653 = DIRECTION ( 'NONE',  ( 1.000000000000000000, 0.0000000000000000000, 0.0000000000000000000 ) ) ;
#4654 = EDGE_CURVE ( 'NONE', #6100, #10930, #3233, .T. ) ;
#4655 = CARTESIAN_POINT ( 'NONE',  ( 2.227714636239762000, 1.242930665093599200, 1.649999999999999900 ) ) ;
#4656 = ORIENTED_EDGE ( 'NONE', *, *, #7151, .T. ) ;
#4657 = EDGE_CURVE ( 'NONE', #6003, #9097, #2704, .T. ) ;
#4658 = SURFACE_STYLE_USAGE ( .BOTH. , #2104 ) ;
#4659 = EDGE_LOOP ( 'NONE', ( #7162, #9072, #913, #8944, #10500, #551, #10598, #7358, #8283, #8973, #9589, #5877, #2349, #967, #3023, #311, #2056, #10427, #3080, #8854, #10359, #7065, #10755, #7697, #10066, #7561, #3961, #8832, #6516, #3283, #5035, #5219, #9796 ) ) ;
#4660 = DIRECTION ( 'NONE',  ( 0.0000000000000000000, -0.0000000000000000000, -1.000000000000000000 ) ) ;
#4661 =( LENGTH_UNIT ( ) NAMED_UNIT ( * ) SI_UNIT ( .MILLI., .METRE. ) );
#4662 = ORIENTED_EDGE ( 'NONE', *, *, #9942, .T. ) ;
#4663 = CARTESIAN_POINT ( 'NONE',  ( 2.436784573293434800, 1.194292099699647800, 1.659999999999999900 ) ) ;
#4664 = CARTESIAN_POINT ( 'NONE',  ( -3.950000000000000200, -0.6999999999999999600, -1.579999999999999800 ) ) ;
#4665 = CARTESIAN_POINT ( 'NONE',  ( 2.583547631242149900, 1.454785843431639600, 1.649999999999999900 ) ) ;
#4666 = DIRECTION ( 'NONE',  ( -0.9345104387417441100, -0.3559357243698827400, 0.0000000000000000000 ) ) ;
#4667 = CARTESIAN_POINT ( 'NONE',  ( 2.046837018447667900, 1.214284206217046700, 1.659999999999999900 ) ) ;
#4668 = ORIENTED_EDGE ( 'NONE', *, *, #5567, .F. ) ;
#4669 = VECTOR ( 'NONE', #9985, 1000.000000000000200 ) ;
#4670 = DIRECTION ( 'NONE',  ( -1.000000000000000000, -0.0000000000000000000, -0.0000000000000000000 ) ) ;
#4671 = EDGE_CURVE ( 'NONE', #4025, #8486, #3376, .T. ) ;
#4672 = EDGE_CURVE ( 'NONE', #7351, #3789, #2580, .T. ) ;
#4673 = VECTOR ( 'NONE', #87, 1000.000000000000000 ) ;
#4674 = DIRECTION ( 'NONE',  ( 0.0000000000000000000, -1.000000000000000000, 0.0000000000000000000 ) ) ;
#4675 = AXIS2_PLACEMENT_3D ( 'NONE', #8975, #8827, #5312 ) ;
#4676 = ORIENTED_EDGE ( 'NONE', *, *, #3234, .F. ) ;
#4677 = VECTOR ( 'NONE', #8272, 1000.000000000000000 ) ;
#4678 = FACE_OUTER_BOUND ( 'NONE', #10882, .T. ) ;
#4679 = AXIS2_PLACEMENT_3D ( 'NONE', #24, #9536, #8556 ) ;
#4680 = CARTESIAN_POINT ( 'NONE',  ( 2.186481275847953500, 1.242930665093599200, 1.659999999999999900 ) ) ;
#4681 = DIRECTION ( 'NONE',  ( -1.000000000000000000, -0.0000000000000000000, -0.0000000000000000000 ) ) ;
#4682 = ADVANCED_FACE ( 'NONE', ( #10209 ), #9762, .T. ) ;
#4683 = CARTESIAN_POINT ( 'NONE',  ( 2.648713435263156100, 1.261734727945336600, 1.649999999999999900 ) ) ;
#4684 = VECTOR ( 'NONE', #4197, 1000.000000000000000 ) ;
#4685 = DIRECTION ( 'NONE',  ( 1.000000000000000000, -0.0000000000000000000, -0.0000000000000000000 ) ) ;
#4686 = LINE ( 'NONE', #6232, #378 ) ;
#4687 = CARTESIAN_POINT ( 'NONE',  ( 2.461940165212449700, 1.373851742191424300, 1.649999999999999900 ) ) ;
#4688 = EDGE_CURVE ( 'NONE', #2093, #10055, #789, .T. ) ;
#4689 = B_SPLINE_SURFACE_WITH_KNOTS ( 'NONE', 3, 1, ( 
 ( #3024, #2126 ),
 ( #426, #4761 ),
 ( #9927, #467 ),
 ( #6541, #2868 ) ),
 .UNSPECIFIED., .F., .F., .F.,
 ( 4, 4 ),
 ( 2, 2 ),
 ( 11.00000000000000000, 12.00000000000000000 ),
 ( 0.0000000000000000000, 1.000000000000000000 ),
 .UNSPECIFIED. ) ;
#4690 = EDGE_CURVE ( 'NONE', #2689, #10754, #8606, .T. ) ;
#4691 = DIRECTION ( 'NONE',  ( 1.000000000000000000, -0.0000000000000000000, -0.0000000000000000000 ) ) ;
#4692 = LINE ( 'NONE', #5020, #2411 ) ;
#4693 =( NAMED_UNIT ( * ) SI_UNIT ( $, .STERADIAN. ) SOLID_ANGLE_UNIT ( ) );
#4694 = DIRECTION ( 'NONE',  ( 0.0000000000000000000, 0.0000000000000000000, 1.000000000000000000 ) ) ;
#4695 = AXIS2_PLACEMENT_3D ( 'NONE', #1340, #10790, #5534 ) ;
#4696 = ORIENTED_EDGE ( 'NONE', *, *, #8102, .F. ) ;
#4697 = LINE ( 'NONE', #4044, #771 ) ;
#4698 = CIRCLE ( 'NONE', #10944, 0.1000000000000000500 ) ;
#4699 = VECTOR ( 'NONE', #1703, 1000.000000000000100 ) ;
#4700 = EDGE_LOOP ( 'NONE', ( #5438, #619, #4168, #8577 ) ) ;
#4701 = CARTESIAN_POINT ( 'NONE',  ( 2.707218238964867100, 1.222358195076769900, 1.659999999999999900 ) ) ;
#4702 = VERTEX_POINT ( 'NONE', #9134 ) ;
#4703 = DIRECTION ( 'NONE',  ( 1.000000000000000000, 0.0000000000000000000, -0.0000000000000000000 ) ) ;
#4704 = CARTESIAN_POINT ( 'NONE',  ( 2.726700191229772600, 1.278357755293995100, 1.659999999999999900 ) ) ;
#4705 = CARTESIAN_POINT ( 'NONE',  ( 2.651189205294141300, 1.277827233145169700, 1.659999999999999900 ) ) ;
#4706 = CARTESIAN_POINT ( 'NONE',  ( 2.589589689055269900, 1.279831427931971400, 1.659999999999999900 ) ) ;
#4707 = EDGE_CURVE ( 'NONE', #2816, #3302, #262, .T. ) ;
#4708 = CARTESIAN_POINT ( 'NONE',  ( 2.396302785946871100, 1.260143161497294400, 1.659999999999999900 ) ) ;
#4709 = EDGE_CURVE ( 'NONE', #4019, #4271, #2568, .T. ) ;
#4710 = PRESENTATION_STYLE_ASSIGNMENT (( #10852 ) ) ;
#4711 = B_SPLINE_CURVE_WITH_KNOTS ( 'NONE', 3,
 ( #10411, #3365, #5195, #9493 ),
 .UNSPECIFIED., .F., .F.,
 ( 4, 4 ),
 ( 8.000000000000000000, 9.000000000000000000 ),
 .UNSPECIFIED. ) ;
#4712 = VERTEX_POINT ( 'NONE', #10806 ) ;
#4713 = B_SPLINE_CURVE_WITH_KNOTS ( 'NONE', 3,
 ( #2785, #3615, #7154, #6262 ),
 .UNSPECIFIED., .F., .F.,
 ( 4, 4 ),
 ( 5.000000000000000000, 6.000000000000000000 ),
 .UNSPECIFIED. ) ;
#4714 = EDGE_LOOP ( 'NONE', ( #6415, #7317, #10635, #1529 ) ) ;
#4715 = AXIS2_PLACEMENT_3D ( 'NONE', #158, #6343, #10655 ) ;
#4716 = VERTEX_POINT ( 'NONE', #3019 ) ;
#4717 = SURFACE_STYLE_USAGE ( .BOTH. , #3888 ) ;
#4718 = CARTESIAN_POINT ( 'NONE',  ( 1.900097803712475600, 1.202807382149946300, 1.649999999999999900 ) ) ;
#4719 = VECTOR ( 'NONE', #5265, 1000.000000000000000 ) ;
#4720 = LINE ( 'NONE', #553, #2435 ) ;
#4721 = ORIENTED_EDGE ( 'NONE', *, *, #1800, .T. ) ;
#4722 = ORIENTED_EDGE ( 'NONE', *, *, #9883, .T. ) ;
#4723 = VECTOR ( 'NONE', #3289, 1000.000000000000000 ) ;
#4724 = CARTESIAN_POINT ( 'NONE',  ( 2.361406217895695400, 1.425842912835049800, 1.649999999999999900 ) ) ;
#4725 = DIRECTION ( 'NONE',  ( 0.0000000000000000000, -0.0000000000000000000, -1.000000000000000000 ) ) ;
#4726 = VECTOR ( 'NONE', #2902, 1000.000000000000000 ) ;
#4727 = VECTOR ( 'NONE', #9170, 1000.000000000000000 ) ;
#4728 = DIRECTION ( 'NONE',  ( -0.1710878697460360700, 0.1710878697460360700, -0.9702875252478139200 ) ) ;
#4729 = ORIENTED_EDGE ( 'NONE', *, *, #83, .T. ) ;
#4730 = B_SPLINE_SURFACE_WITH_KNOTS ( 'NONE', 3, 1, ( 
 ( #6630, #11047 ),
 ( #7529, #3146 ),
 ( #10173, #1385 ),
 ( #9307, #440 ) ),
 .UNSPECIFIED., .F., .F., .F.,
 ( 4, 4 ),
 ( 2, 2 ),
 ( 3.000000000000000000, 4.000000000000000000 ),
 ( 0.0000000000000000000, 1.000000000000000000 ),
 .UNSPECIFIED. ) ;
#4731 = AXIS2_PLACEMENT_3D ( 'NONE', #9360, #4994, #8576 ) ;
#4732 = FACE_BOUND ( 'NONE', #6710, .T. ) ;
#4733 = ORIENTED_EDGE ( 'NONE', *, *, #9381, .F. ) ;
#4734 = CARTESIAN_POINT ( 'NONE',  ( 2.298775130810321300, 1.190526866111214900, 1.649999999999999900 ) ) ;
#4735 =( NAMED_UNIT ( * ) SI_UNIT ( $, .STERADIAN. ) SOLID_ANGLE_UNIT ( ) );
#4736 = ORIENTED_EDGE ( 'NONE', *, *, #1428, .F. ) ;
#4737 = PRESENTATION_STYLE_ASSIGNMENT (( #3569 ) ) ;
#4738 = B_SPLINE_CURVE_WITH_KNOTS ( 'NONE', 3,
 ( #1156, #10835, #8238, #8977 ),
 .UNSPECIFIED., .F., .F.,
 ( 4, 4 ),
 ( 7.000000000000000000, 8.000000000000000000 ),
 .UNSPECIFIED. ) ;
#4739 =( NAMED_UNIT ( * ) PLANE_ANGLE_UNIT ( ) SI_UNIT ( $, .RADIAN. ) );
#4740 = LINE ( 'NONE', #8587, #9673 ) ;
#4741 = CARTESIAN_POINT ( 'NONE',  ( 2.462618054624836600, 1.462743675673420200, 1.659999999999999900 ) ) ;
#4742 = ORIENTED_EDGE ( 'NONE', *, *, #802, .F. ) ;
#4743 = ADVANCED_FACE ( 'NONE', ( #2824 ), #9055, .T. ) ;
#4744 = CARTESIAN_POINT ( 'NONE',  ( 1.925510731083255300, 1.228220309520728200, 1.659999999999999900 ) ) ;
#4745 = EDGE_CURVE ( 'NONE', #8639, #4753, #5826, .T. ) ;
#4746 = CARTESIAN_POINT ( 'NONE',  ( 2.422268897815973400, 1.162998661246394100, 1.649999999999999900 ) ) ;
#4747 = ORIENTED_EDGE ( 'NONE', *, *, #6172, .T. ) ;
#4748 = DIRECTION ( 'NONE',  ( -0.0000000000000000000, -0.0000000000000000000, -1.000000000000000000 ) ) ;
#4749 = CARTESIAN_POINT ( 'NONE',  ( 2.547030023289847300, 1.229726558263511300, 1.659999999999999900 ) ) ;
#4750 = PLANE ( 'NONE',  #7570 ) ;
#4751 = PRESENTATION_LAYER_ASSIGNMENT (  '', '', ( #8312 ) ) ;
#4752 = UNCERTAINTY_MEASURE_WITH_UNIT (LENGTH_MEASURE( 1.000000000000000100E-005 ), #8948, 'distance_accuracy_value', 'NONE');
#4753 = VERTEX_POINT ( 'NONE', #9094 ) ;
#4754 = DIRECTION ( 'NONE',  ( 0.0000000000000000000, 1.000000000000000000, 0.0000000000000000000 ) ) ;
#4755 = CARTESIAN_POINT ( 'NONE',  ( 1.900097803712475600, 1.202807382149946300, 1.649999999999999900 ) ) ;
#4756 = ORIENTED_EDGE ( 'NONE', *, *, #9006, .F. ) ;
#4757 = ADVANCED_FACE ( 'NONE', ( #6939 ), #7447, .F. ) ;
#4758 = CARTESIAN_POINT ( 'NONE',  ( 2.552924713839388500, 1.190939494449978700, 1.659999999999999900 ) ) ;
#4759 = EDGE_LOOP ( 'NONE', ( #5192, #874, #6728, #2826 ) ) ;
#4760 = ORIENTED_EDGE ( 'NONE', *, *, #2457, .T. ) ;
#4761 = CARTESIAN_POINT ( 'NONE',  ( 2.293587803127043600, 1.250299028280348100, 1.649999999999999900 ) ) ;
#4762 = CARTESIAN_POINT ( 'NONE',  ( 3.650000000000000400, -0.6999999999999999600, -1.879999999999999700 ) ) ;
#4763 = VECTOR ( 'NONE', #10912, 1000.000000000000000 ) ;
#4764 = ORIENTED_EDGE ( 'NONE', *, *, #2004, .F. ) ;
#4765 = DIRECTION ( 'NONE',  ( 0.0000000000000000000, -0.0000000000000000000, 1.000000000000000000 ) ) ;
#4766 = EDGE_CURVE ( 'NONE', #4963, #11098, #10601, .T. ) ;
#4767 = ORIENTED_EDGE ( 'NONE', *, *, #4907, .F. ) ;
#4768 = EDGE_CURVE ( 'NONE', #74, #3191, #3913, .T. ) ;
#4769 = PRESENTATION_LAYER_ASSIGNMENT (  '', '', ( #4388 ) ) ;
#4770 = CARTESIAN_POINT ( 'NONE',  ( 2.508537694004202100, 1.433800745076832400, 1.659999999999999900 ) ) ;
#4771 = AXIS2_PLACEMENT_3D ( 'NONE', #10735, #10814, #4765 ) ;
#4772 = DIRECTION ( 'NONE',  ( 0.0000000000000000000, 0.1736481776669307200, -0.9848077530122080200 ) ) ;
#4773 = CARTESIAN_POINT ( 'NONE',  ( -1.499999999999999800, 1.399999999999999900, -1.780000000000000500 ) ) ;
#4774 = FILL_AREA_STYLE ('',( #3826 ) ) ;
#4775 = ORIENTED_EDGE ( 'NONE', *, *, #10106, .T. ) ;
#4776 =( NAMED_UNIT ( * ) PLANE_ANGLE_UNIT ( ) SI_UNIT ( $, .RADIAN. ) );
#4777 = SURFACE_STYLE_USAGE ( .BOTH. , #7405 ) ;
#4778 = EDGE_LOOP ( 'NONE', ( #5443, #10353, #1088, #11083 ) ) ;
#4779 = FILL_AREA_STYLE_COLOUR ( '', #4389 ) ;
#4780 = EDGE_CURVE ( 'NONE', #6607, #6163, #5965, .T. ) ;
#4781 = CARTESIAN_POINT ( 'NONE',  ( 2.401843795063092600, 1.139419899049751500, 1.649999999999999900 ) ) ;
#4782 = ORIENTED_EDGE ( 'NONE', *, *, #753, .T. ) ;
#4783 = FACE_OUTER_BOUND ( 'NONE', #654, .T. ) ;
#4784 = CARTESIAN_POINT ( 'NONE',  ( 1.588584339304816200, 1.218383067487831500, 1.659999999999999900 ) ) ;
#4785 = ORIENTED_EDGE ( 'NONE', *, *, #7069, .T. ) ;
#4786 = AXIS2_PLACEMENT_3D ( 'NONE', #545, #1331, #3938 ) ;
#4787 = CARTESIAN_POINT ( 'NONE',  ( 2.750514741048120100, 1.209330928962951200, 1.649999999999999900 ) ) ;
#4788 = CARTESIAN_POINT ( 'NONE',  ( 2.583547631242149900, 1.454785843431639600, 1.659999999999999900 ) ) ;
#4789 = CARTESIAN_POINT ( 'NONE',  ( 2.315015003273321900, 1.374618051962732500, 1.659999999999999900 ) ) ;
#4790 = VERTEX_POINT ( 'NONE', #4633 ) ;
#4791 = B_SPLINE_SURFACE_WITH_KNOTS ( 'NONE', 3, 1, ( 
 ( #4377, #10512 ),
 ( #6897, #1783 ),
 ( #7902, #5150 ),
 ( #4266, #2665 ),
 ( #6079, #8767 ),
 ( #86, #8801 ),
 ( #9571, #3555 ) ),
 .UNSPECIFIED., .F., .F., .F.,
 ( 4, 3, 4 ),
 ( 2, 2 ),
 ( 2.000000000000000000, 3.000000000000000000, 4.000000000000000000 ),
 ( 0.0000000000000000000, 1.000000000000000000 ),
 .UNSPECIFIED. ) ;
#4792 = B_SPLINE_CURVE_WITH_KNOTS ( 'NONE', 3,
 ( #2466, #2500, #10349, #7783 ),
 .UNSPECIFIED., .F., .F.,
 ( 4, 4 ),
 ( 11.00000000000000000, 12.00000000000000000 ),
 .UNSPECIFIED. ) ;
#4793 = CARTESIAN_POINT ( 'NONE',  ( 2.617884203691399800, 1.360706582266757900, 1.649999999999999900 ) ) ;
#4794 = B_SPLINE_CURVE_WITH_KNOTS ( 'NONE', 3,
 ( #3652, #7122, #10465, #114 ),
 .UNSPECIFIED., .F., .F.,
 ( 4, 4 ),
 ( 3.000000000000000000, 4.000000000000000000 ),
 .UNSPECIFIED. ) ;
#4795 = CARTESIAN_POINT ( 'NONE',  ( 2.026342712093334600, 1.291342779347270700, 1.659999999999999900 ) ) ;
#4796 = LINE ( 'NONE', #8092, #605 ) ;
#4797 = ORIENTED_EDGE ( 'NONE', *, *, #4124, .T. ) ;
#4798 = DIRECTION ( 'NONE',  ( -0.0000000000000000000, -1.000000000000000000, -0.0000000000000000000 ) ) ;
#4799 = CARTESIAN_POINT ( 'NONE',  ( 2.368273532385547100, 1.187638467742258500, 1.659999999999999900 ) ) ;
#4800 = EDGE_LOOP ( 'NONE', ( #1818, #5683, #9290, #2069 ) ) ;
#4801 = CARTESIAN_POINT ( 'NONE',  ( 1.705811788852312300, 1.438901777282389800, 1.649999999999999900 ) ) ;
#4802 = ADVANCED_FACE ( 'NONE', ( #4577 ), #7331, .F. ) ;
#4803 = PRESENTATION_LAYER_ASSIGNMENT (  '', '', ( #4215 ) ) ;
#4804 = VECTOR ( 'NONE', #556, 1000.000000000000000 ) ;
#4805 =( LENGTH_UNIT ( ) NAMED_UNIT ( * ) SI_UNIT ( .MILLI., .METRE. ) );
#4806 = SURFACE_SIDE_STYLE ('',( #7344 ) ) ;
#4807 = CARTESIAN_POINT ( 'NONE',  ( 2.396302785946871500, 1.260143161497294400, 1.649999999999999900 ) ) ;
#4808 = ORIENTED_EDGE ( 'NONE', *, *, #20, .F. ) ;
#4809 = ADVANCED_FACE ( 'NONE', ( #4171 ), #3642, .T. ) ;
#4810 = CARTESIAN_POINT ( 'NONE',  ( 1.605799583223415500, 1.309377806465408000, 1.659999999999999900 ) ) ;
#4811 = SURFACE_STYLE_FILL_AREA ( #2524 ) ;
#4812 = ORIENTED_EDGE ( 'NONE', *, *, #9226, .T. ) ;
#4813 = EDGE_CURVE ( 'NONE', #10515, #3098, #2303, .T. ) ;
#4814 =( NAMED_UNIT ( * ) PLANE_ANGLE_UNIT ( ) SI_UNIT ( $, .RADIAN. ) );
#4815 = VECTOR ( 'NONE', #6250, 1000.000000000000000 ) ;
#4816 = STYLED_ITEM ( 'NONE', ( #6896 ), #1234 ) ;
#4817 = B_SPLINE_CURVE_WITH_KNOTS ( 'NONE', 3,
 ( #3299, #11096, #9385, #9349 ),
 .UNSPECIFIED., .F., .F.,
 ( 4, 4 ),
 ( 22.00000000000000000, 23.00000000000000000 ),
 .UNSPECIFIED. ) ;
#4818 = CARTESIAN_POINT ( 'NONE',  ( -3.650000000000000400, 0.6999999999999999600, -0.2999999999999999900 ) ) ;
#4819 = STYLED_ITEM ( 'NONE', ( #3542 ), #9241 ) ;
#4820 = FACE_OUTER_BOUND ( 'NONE', #7492, .T. ) ;
#4821 = VECTOR ( 'NONE', #8768, 1000.000000000000000 ) ;
#4822 = SURFACE_SIDE_STYLE ('',( #9398 ) ) ;
#4823 = CARTESIAN_POINT ( 'NONE',  ( 2.405911131542119600, 1.476006729408933600, 1.659999999999999900 ) ) ;
#4824 = FILL_AREA_STYLE_COLOUR ( '', #10453 ) ;
#4825 = ORIENTED_EDGE ( 'NONE', *, *, #1634, .F. ) ;
#4826 = CYLINDRICAL_SURFACE ( 'NONE', #324, 0.1000000000000000500 ) ;
#4827 = EDGE_CURVE ( 'NONE', #3510, #10050, #212, .T. ) ;
#4828 = EDGE_CURVE ( 'NONE', #3302, #525, #6236, .T. ) ;
#4829 = LINE ( 'NONE', #6444, #1854 ) ;
#4830 = AXIS2_PLACEMENT_3D ( 'NONE', #1864, #9714, #2743 ) ;
#4831 =( GEOMETRIC_REPRESENTATION_CONTEXT ( 3 ) GLOBAL_UNCERTAINTY_ASSIGNED_CONTEXT ( ( #4842 ) ) GLOBAL_UNIT_ASSIGNED_CONTEXT ( ( #160, #8094, #8843 ) ) REPRESENTATION_CONTEXT ( 'NONE', 'WORKASPACE' ) );
#4832 = EDGE_LOOP ( 'NONE', ( #6653, #9166, #10548, #10321 ) ) ;
#4833 = CIRCLE ( 'NONE', #8422, 0.1000000000000000500 ) ;
#4834 = PRESENTATION_STYLE_ASSIGNMENT (( #2503 ) ) ;
#4835 = CARTESIAN_POINT ( 'NONE',  ( 2.273103753468738400, 1.262029462473246700, 1.659999999999999900 ) ) ;
#4836 = FACE_OUTER_BOUND ( 'NONE', #8192, .T. ) ;
#4837 = DIRECTION ( 'NONE',  ( -0.9303007377811920400, 0.3667976789509033700, 0.0000000000000000000 ) ) ;
#4838 = ORIENTED_EDGE ( 'NONE', *, *, #7336, .F. ) ;
#4839 = DIRECTION ( 'NONE',  ( -0.0000000000000000000, 1.000000000000000000, -0.0000000000000000000 ) ) ;
#4840 = CARTESIAN_POINT ( 'NONE',  ( 2.353418912201599200, 1.229667611358087600, 1.649999999999999900 ) ) ;
#4841 = DIRECTION ( 'NONE',  ( 0.0000000000000000000, -1.000000000000000000, 0.0000000000000000000 ) ) ;
#4842 = UNCERTAINTY_MEASURE_WITH_UNIT (LENGTH_MEASURE( 1.000000000000000100E-005 ), #160, 'distance_accuracy_value', 'NONE');
#4843 = CARTESIAN_POINT ( 'NONE',  ( 2.651189205294141300, 1.193945786629788500, 1.649999999999999900 ) ) ;
#4844 = ORIENTED_EDGE ( 'NONE', *, *, #53, .T. ) ;
#4845 = EDGE_CURVE ( 'NONE', #4373, #3390, #3628, .T. ) ;
#4846 = FACE_OUTER_BOUND ( 'NONE', #7894, .T. ) ;
#4847 = VERTEX_POINT ( 'NONE', #2146 ) ;
#4848 = CARTESIAN_POINT ( 'NONE',  ( 2.348143164159788700, 1.235915983340185800, 1.659999999999999900 ) ) ;
#4849 = ORIENTED_EDGE ( 'NONE', *, *, #5618, .F. ) ;
#4850 = CARTESIAN_POINT ( 'NONE',  ( 2.552924713839388500, 1.190939494449978700, 1.659999999999999900 ) ) ;
#4851 = ORIENTED_EDGE ( 'NONE', *, *, #11258, .F. ) ;
#4852 = DIRECTION ( 'NONE',  ( -1.000000000000000000, -0.0000000000000000000, -0.0000000000000000000 ) ) ;
#4853 = CARTESIAN_POINT ( 'NONE',  ( 2.026342712093334600, 1.291342779347270700, 1.659999999999999900 ) ) ;
#4854 = VECTOR ( 'NONE', #8119, 1000.000000000000000 ) ;
#4855 = CARTESIAN_POINT ( 'NONE',  ( 1.923871211592327800, 1.177394454778384600, 1.659999999999999900 ) ) ;
#4856 = CARTESIAN_POINT ( 'NONE',  ( 1.703352478344286200, 1.391355031883523100, 1.659999999999999900 ) ) ;
#4857 = PRESENTATION_STYLE_ASSIGNMENT (( #8411 ) ) ;
#4858 = ADVANCED_FACE ( 'NONE', ( #6660 ), #5462, .F. ) ;
#4859 = ORIENTED_EDGE ( 'NONE', *, *, #3820, .F. ) ;
#4860 = CARTESIAN_POINT ( 'NONE',  ( 2.263642775137050500, 1.259494745536832600, 1.649999999999999900 ) ) ;
#4861 = ORIENTED_EDGE ( 'NONE', *, *, #1184, .F. ) ;
#4862 = CARTESIAN_POINT ( 'NONE',  ( 2.171597182211291200, 1.476006729408933600, 1.659999999999999900 ) ) ;
#4863 = CARTESIAN_POINT ( 'NONE',  ( 3.349999999999999200, 0.6999999999999999600, -0.2000000000000000100 ) ) ;
#4864 = DIRECTION ( 'NONE',  ( 0.0000000000000000000, 0.0000000000000000000, 1.000000000000000000 ) ) ;
#4865 = CARTESIAN_POINT ( 'NONE',  ( 2.480685281158760100, 1.476006729408933600, 1.659999999999999900 ) ) ;
#4866 = LINE ( 'NONE', #301, #4727 ) ;
#4867 = ORIENTED_EDGE ( 'NONE', *, *, #763, .F. ) ;
#4868 = EDGE_CURVE ( 'NONE', #2149, #4630, #3453, .T. ) ;
#4869 = B_SPLINE_CURVE_WITH_KNOTS ( 'NONE', 3,
 ( #1806, #6966, #4289, #11286 ),
 .UNSPECIFIED., .F., .F.,
 ( 4, 4 ),
 ( 17.00000000000000000, 18.00000000000000000 ),
 .UNSPECIFIED. ) ;
#4870 = ADVANCED_FACE ( 'NONE', ( #9521 ), #8934, .F. ) ;
#4871 = VECTOR ( 'NONE', #10603, 1000.000000000000000 ) ;
#4872 = PRESENTATION_STYLE_ASSIGNMENT (( #7325 ) ) ;
#4873 = CARTESIAN_POINT ( 'NONE',  ( 2.256539673025503400, 1.224185549147294400, 1.649999999999999900 ) ) ;
#4874 = STYLED_ITEM ( 'NONE', ( #2687 ), #5309 ) ;
#4875 = EDGE_LOOP ( 'NONE', ( #10206, #3632, #10511, #3990 ) ) ;
#4876 = CARTESIAN_POINT ( 'NONE',  ( 2.283625776098854800, 1.187697414647680600, 1.659999999999999900 ) ) ;
#4877 = FILL_AREA_STYLE_COLOUR ( '', #1933 ) ;
#4878 = CARTESIAN_POINT ( 'NONE',  ( 2.283832090268234100, 1.262029462473246700, 1.659999999999999900 ) ) ;
#4879 = EDGE_LOOP ( 'NONE', ( #10623, #5190, #9962, #7725 ) ) ;
#4880 = CARTESIAN_POINT ( 'NONE',  ( 2.264055403475419700, 1.384167450652555600, 1.659999999999999900 ) ) ;
#4881 = CARTESIAN_POINT ( 'NONE',  ( 2.349616836797373300, 1.245229594407525100, 1.659999999999999900 ) ) ;
#4882 = FACE_OUTER_BOUND ( 'NONE', #9690, .T. ) ;
#4883 = CARTESIAN_POINT ( 'NONE',  ( 2.450000000000000200, 0.6999999999999999600, -1.879999999999999900 ) ) ;
#4884 =( NAMED_UNIT ( * ) PLANE_ANGLE_UNIT ( ) SI_UNIT ( $, .RADIAN. ) );
#4885 = VERTEX_POINT ( 'NONE', #1232 ) ;
#4886 = EDGE_CURVE ( 'NONE', #10631, #4993, #10884, .T. ) ;
#4887 = B_SPLINE_CURVE_WITH_KNOTS ( 'NONE', 3,
 ( #3689, #2857, #8042, #9803 ),
 .UNSPECIFIED., .F., .F.,
 ( 4, 4 ),
 ( 5.000000000000000000, 6.000000000000000000 ),
 .UNSPECIFIED. ) ;
#4888 = PLANE ( 'NONE',  #6751 ) ;
#4889 = EDGE_CURVE ( 'NONE', #10888, #2452, #1611, .T. ) ;
#4890 = ORIENTED_EDGE ( 'NONE', *, *, #9741, .T. ) ;
#4891 = AXIS2_PLACEMENT_3D ( 'NONE', #1299, #10857, #393 ) ;
#4892 = ORIENTED_EDGE ( 'NONE', *, *, #9946, .F. ) ;
#4893 = PLANE ( 'NONE',  #7841 ) ;
#4894 = CARTESIAN_POINT ( 'NONE',  ( 2.383953409246230200, 1.213810893780741000, 1.659999999999999900 ) ) ;
#4895 = DIRECTION ( 'NONE',  ( -0.0000000000000000000, -0.0000000000000000000, -1.000000000000000000 ) ) ;
#4896 = CARTESIAN_POINT ( 'NONE',  ( -3.650000000000000400, -0.6999999999999999600, -0.2999999999999999900 ) ) ;
#4897 = ORIENTED_EDGE ( 'NONE', *, *, #1951, .T. ) ;
#4898 = ORIENTED_EDGE ( 'NONE', *, *, #7900, .T. ) ;
#4899 = B_SPLINE_CURVE_WITH_KNOTS ( 'NONE', 3,
 ( #769, #5086, #1648, #7769 ),
 .UNSPECIFIED., .F., .F.,
 ( 4, 4 ),
 ( 12.00000000000000000, 13.00000000000000000 ),
 .UNSPECIFIED. ) ;
#4900 = PLANE ( 'NONE',  #5529 ) ;
#4901 = LINE ( 'NONE', #1237, #9430 ) ;
#4902 = DIRECTION ( 'NONE',  ( -0.0000000000000000000, -1.000000000000000000, -0.0000000000000000000 ) ) ;
#4903 = EDGE_LOOP ( 'NONE', ( #124, #8051, #2711, #9019 ) ) ;
#4904 = SURFACE_SIDE_STYLE ('',( #7436 ) ) ;
#4905 = ORIENTED_EDGE ( 'NONE', *, *, #2630, .T. ) ;
#4906 = EDGE_CURVE ( 'NONE', #1546, #330, #5391, .T. ) ;
#4907 = EDGE_CURVE ( 'NONE', #1343, #11057, #7495, .T. ) ;
#4908 =( LENGTH_UNIT ( ) NAMED_UNIT ( * ) SI_UNIT ( .MILLI., .METRE. ) );
#4909 = STYLED_ITEM ( 'NONE', ( #6244 ), #1915 ) ;
#4910 = CARTESIAN_POINT ( 'NONE',  ( 2.365326187110767800, 1.224480283674417500, 1.659999999999999900 ) ) ;
#4911 =( GEOMETRIC_REPRESENTATION_CONTEXT ( 3 ) GLOBAL_UNCERTAINTY_ASSIGNED_CONTEXT ( ( #932 ) ) GLOBAL_UNIT_ASSIGNED_CONTEXT ( ( #9800, #10676, #5430 ) ) REPRESENTATION_CONTEXT ( 'NONE', 'WORKASPACE' ) );
#4912 = VERTEX_POINT ( 'NONE', #10711 ) ;
#4913 = ORIENTED_EDGE ( 'NONE', *, *, #3662, .T. ) ;
#4914 = FACE_OUTER_BOUND ( 'NONE', #9968, .T. ) ;
#4915 = CARTESIAN_POINT ( 'NONE',  ( 2.251912340944150600, 1.374500158151882500, 1.649999999999999900 ) ) ;
#4916 = CARTESIAN_POINT ( 'NONE',  ( 2.372724023750227800, 1.204556229618042500, 1.659999999999999900 ) ) ;
#4917 = CARTESIAN_POINT ( 'NONE',  ( 2.356926253078302800, 1.187638467742258500, 1.649999999999999900 ) ) ;
#4918 = DIRECTION ( 'NONE',  ( -1.000000000000000000, 0.0000000000000000000, 0.0000000000000000000 ) ) ;
#4919 = ORIENTED_EDGE ( 'NONE', *, *, #9381, .T. ) ;
#4920 = EDGE_CURVE ( 'NONE', #9470, #2160, #6920, .T. ) ;
#4921 = EDGE_CURVE ( 'NONE', #5918, #7915, #2020, .T. ) ;
#4922 = ADVANCED_FACE ( 'NONE', ( #1348 ), #3402, .F. ) ;
#4923 = CARTESIAN_POINT ( 'NONE',  ( 1.840254435411058200, 1.506942875942947700, 1.649999999999999900 ) ) ;
#4924 = CARTESIAN_POINT ( 'NONE',  ( 2.550301576544853300, 1.293094481667485400, 1.659999999999999900 ) ) ;
#4925 = EDGE_LOOP ( 'NONE', ( #4349, #3132, #2888, #580 ) ) ;
#4926 = ORIENTED_EDGE ( 'NONE', *, *, #9333, .T. ) ;
#4927 = ADVANCED_FACE ( 'NONE', ( #4441 ), #4393, .F. ) ;
#4928 = CARTESIAN_POINT ( 'NONE',  ( 2.323444410758892100, 1.473236224850823900, 1.649999999999999900 ) ) ;
#4929 = CARTESIAN_POINT ( 'NONE',  ( 2.505796662898819500, 1.190939494449978700, 1.649999999999999900 ) ) ;
#4930 = DIRECTION ( 'NONE',  ( -0.0000000000000000000, -0.0000000000000000000, -1.000000000000000000 ) ) ;
#4931 = EDGE_LOOP ( 'NONE', ( #9367, #7820, #4002, #11152 ) ) ;
#4932 = CARTESIAN_POINT ( 'NONE',  ( 2.405911131542119600, 1.476006729408933600, 1.649999999999999900 ) ) ;
#4933 = EDGE_CURVE ( 'NONE', #3390, #3817, #8044, .T. ) ;
#4934 = LINE ( 'NONE', #3742, #7845 ) ;
#4935 = DIRECTION ( 'NONE',  ( 0.9848077530122080200, 0.0000000000000000000, -0.1736481776669305500 ) ) ;
#4936 = CARTESIAN_POINT ( 'NONE',  ( 2.305082449697847500, 1.372024388120897300, 1.659999999999999900 ) ) ;
#4937 = VERTEX_POINT ( 'NONE', #2525 ) ;
#4938 = ORIENTED_EDGE ( 'NONE', *, *, #2871, .T. ) ;
#4939 = VECTOR ( 'NONE', #6995, 1000.000000000000000 ) ;
#4940 = ORIENTED_EDGE ( 'NONE', *, *, #3880, .F. ) ;
#4941 = LINE ( 'NONE', #1352, #4394 ) ;
#4942 = CARTESIAN_POINT ( 'NONE',  ( 2.504440884072465700, 1.393834743153228800, 1.649999999999999900 ) ) ;
#4943 = ORIENTED_EDGE ( 'NONE', *, *, #5401, .F. ) ;
#4944 = LINE ( 'NONE', #4655, #3998 ) ;
#4945 = MECHANICAL_DESIGN_GEOMETRIC_PRESENTATION_REPRESENTATION (  '', ( #6736 ), #7916 ) ;
#4946 = CARTESIAN_POINT ( 'NONE',  ( 1.770573793805698000, 1.495466064579933800, 1.649999999999999900 ) ) ;
#4947 = LINE ( 'NONE', #10770, #2267 ) ;
#4948 = CARTESIAN_POINT ( 'NONE',  ( 2.186481275847953500, 1.373851742191424300, 1.659999999999999900 ) ) ;
#4949 = DIRECTION ( 'NONE',  ( 1.000000000000000000, 0.0000000000000000000, 0.0000000000000000000 ) ) ;
#4950 = COLOUR_RGB ( '',0.6666666666666666300, 0.6666666666666666300, 0.6666666666666666300 ) ;
#4951 = ORIENTED_EDGE ( 'NONE', *, *, #5130, .T. ) ;
#4952 = LINE ( 'NONE', #9453, #4003 ) ;
#4953 = B_SPLINE_CURVE_WITH_KNOTS ( 'NONE', 3,
 ( #2822, #1922, #9016, #6407 ),
 .UNSPECIFIED., .F., .F.,
 ( 4, 4 ),
 ( 16.00000000000000000, 17.00000000000000000 ),
 .UNSPECIFIED. ) ;
#4954 = VECTOR ( 'NONE', #2531, 1000.000000000000000 ) ;
#4955 =( LENGTH_UNIT ( ) NAMED_UNIT ( * ) SI_UNIT ( .MILLI., .METRE. ) );
#4956 = UNCERTAINTY_MEASURE_WITH_UNIT (LENGTH_MEASURE( 1.000000000000000100E-005 ), #10087, 'distance_accuracy_value', 'NONE');
#4957 = CARTESIAN_POINT ( 'NONE',  ( 2.349204208458616400, 1.233381266403778900, 1.659999999999999900 ) ) ;
#4958 = CARTESIAN_POINT ( 'NONE',  ( 1.731224731859008800, 1.379058448070370500, 1.649999999999999900 ) ) ;
#4959 = CARTESIAN_POINT ( 'NONE',  ( 2.401843795063092600, 1.139419899049751500, 1.659999999999999900 ) ) ;
#4960 = EDGE_CURVE ( 'NONE', #4373, #3036, #3349, .T. ) ;
#4961 = VECTOR ( 'NONE', #5039, 1000.000000000000000 ) ;
#4962 =( LENGTH_UNIT ( ) NAMED_UNIT ( * ) SI_UNIT ( .MILLI., .METRE. ) );
#4963 = VERTEX_POINT ( 'NONE', #8636 ) ;
#4964 = PRESENTATION_STYLE_ASSIGNMENT (( #3734 ) ) ;
#4965 = FACE_OUTER_BOUND ( 'NONE', #8039, .T. ) ;
#4966 = VECTOR ( 'NONE', #5523, 1000.000000000000000 ) ;
#4967 =( GEOMETRIC_REPRESENTATION_CONTEXT ( 3 ) GLOBAL_UNCERTAINTY_ASSIGNED_CONTEXT ( ( #9388 ) ) GLOBAL_UNIT_ASSIGNED_CONTEXT ( ( #3101, #11043, #7440 ) ) REPRESENTATION_CONTEXT ( 'NONE', 'WORKASPACE' ) );
#4968 = CARTESIAN_POINT ( 'NONE',  ( 2.361406217895683400, 1.373851742191424300, 1.659999999999999900 ) ) ;
#4969 = DIRECTION ( 'NONE',  ( 1.000000000000000000, 4.196089704209765800E-014, -0.0000000000000000000 ) ) ;
#4970 =( NAMED_UNIT ( * ) PLANE_ANGLE_UNIT ( ) SI_UNIT ( $, .RADIAN. ) );
#4971 = PRESENTATION_STYLE_ASSIGNMENT (( #10841 ) ) ;
#4972 = FILL_AREA_STYLE_COLOUR ( '', #2310 ) ;
#4973 = CARTESIAN_POINT ( 'NONE',  ( 1.756637674866097700, 1.288063724729499300, 1.649999999999999900 ) ) ;
#4974 = EDGE_LOOP ( 'NONE', ( #1096, #3368, #244, #3395 ) ) ;
#4975 = LINE ( 'NONE', #8370, #11009 ) ;
#4976 = CIRCLE ( 'NONE', #10505, 0.1000000000000000500 ) ;
#4977 = FACE_OUTER_BOUND ( 'NONE', #4778, .T. ) ;
#4978 = ADVANCED_FACE ( 'NONE', ( #4032 ), #922, .F. ) ;
#4979 = EDGE_LOOP ( 'NONE', ( #5803, #4113, #6537, #8962 ) ) ;
#4980 = EDGE_CURVE ( 'NONE', #8970, #3448, #540, .T. ) ;
#4981 = EDGE_CURVE ( 'NONE', #5869, #5454, #3764, .T. ) ;
#4982 = DIRECTION ( 'NONE',  ( 1.000000000000000000, -2.168404344971012800E-015, 2.168404344971012800E-015 ) ) ;
#4983 = EDGE_LOOP ( 'NONE', ( #9298, #5296, #6979, #8375 ) ) ;
#4984 = AXIS2_PLACEMENT_3D ( 'NONE', #614, #3174, #5769 ) ;
#4985 = EDGE_LOOP ( 'NONE', ( #2332, #3930, #4436, #142 ) ) ;
#4986 =( GEOMETRIC_REPRESENTATION_CONTEXT ( 3 ) GLOBAL_UNCERTAINTY_ASSIGNED_CONTEXT ( ( #1319 ) ) GLOBAL_UNIT_ASSIGNED_CONTEXT ( ( #5593, #2114, #8237 ) ) REPRESENTATION_CONTEXT ( 'NONE', 'WORKASPACE' ) );
#4987 = FILL_AREA_STYLE ('',( #4877 ) ) ;
#4988 = DIRECTION ( 'NONE',  ( 1.000000000000000000, 0.0000000000000000000, -0.0000000000000000000 ) ) ;
#4989 = DIRECTION ( 'NONE',  ( 1.000000000000000000, 0.0000000000000000000, 0.0000000000000000000 ) ) ;
#4990 = VECTOR ( 'NONE', #1867, 1000.000000000000000 ) ;
#4991 = COLOUR_RGB ( '',0.2980392156862745100, 0.2980392156862745100, 0.2980392156862745100 ) ;
#4992 = FACE_OUTER_BOUND ( 'NONE', #8353, .T. ) ;
#4993 = VERTEX_POINT ( 'NONE', #3450 ) ;
#4994 = DIRECTION ( 'NONE',  ( -0.0000000000000000000, 1.000000000000000000, -0.0000000000000000000 ) ) ;
#4995 = ORIENTED_EDGE ( 'NONE', *, *, #10955, .T. ) ;
#4996 = PLANE ( 'NONE',  #1515 ) ;
#4997 = TOROIDAL_SURFACE ( 'NONE', #708, 0.2000000000000000100, 0.1000000000000000100 ) ;
#4998 = EDGE_LOOP ( 'NONE', ( #5069, #3507, #3011, #6136 ) ) ;
#4999 = DIRECTION ( 'NONE',  ( -1.000000000000000000, 0.0000000000000000000, 0.0000000000000000000 ) ) ;
#5000 = EDGE_CURVE ( 'NONE', #5577, #8734, #1483, .T. ) ;
#5001 = CIRCLE ( 'NONE', #5357, 0.2999999999999999300 ) ;
#5002 = ORIENTED_EDGE ( 'NONE', *, *, #3479, .T. ) ;
#5003 = ORIENTED_EDGE ( 'NONE', *, *, #8224, .T. ) ;
#5004 = CARTESIAN_POINT ( 'NONE',  ( 2.230986189494375900, 1.279831427931967400, 1.659999999999999900 ) ) ;
#5005 = SURFACE_STYLE_USAGE ( .BOTH. , #10247 ) ;
#5006 = AXIS2_PLACEMENT_3D ( 'NONE', #7478, #1489, #2249 ) ;
#5007 = CARTESIAN_POINT ( 'NONE',  ( 2.042738157176878100, 1.384796813196567600, 1.659999999999999900 ) ) ;
#5008 = COLOUR_RGB ( '',0.2980392156862745100, 0.2980392156862745100, 0.2980392156862745100 ) ;
#5009 = LINE ( 'NONE', #3014, #9935 ) ;
#5010 = CARTESIAN_POINT ( 'NONE',  ( 1.731224731859008800, 1.379058448070370500, 1.649999999999999900 ) ) ;
#5011 = ORIENTED_EDGE ( 'NONE', *, *, #1512, .F. ) ;
#5012 = ADVANCED_FACE ( 'NONE', ( #5687 ), #3519, .T. ) ;
#5013 = CARTESIAN_POINT ( 'NONE',  ( 2.408534268836274100, 1.360706582266761400, 1.659999999999999900 ) ) ;
#5014 = VECTOR ( 'NONE', #10934, 1000.000000000000000 ) ;
#5015 = CARTESIAN_POINT ( 'NONE',  ( 1.949284138963108600, 1.412669066711683000, 1.659999999999999900 ) ) ;
#5016 = ORIENTED_EDGE ( 'NONE', *, *, #3217, .T. ) ;
#5017 = LINE ( 'NONE', #7324, #944 ) ;
#5018 = LINE ( 'NONE', #3473, #1510 ) ;
#5019 = EDGE_LOOP ( 'NONE', ( #9257, #10555, #10438, #7772 ) ) ;
#5020 = CARTESIAN_POINT ( 'NONE',  ( 2.293676223485176200, 1.372024388120897300, 1.659999999999999900 ) ) ;
#5021 =( GEOMETRIC_REPRESENTATION_CONTEXT ( 3 ) GLOBAL_UNCERTAINTY_ASSIGNED_CONTEXT ( ( #5954 ) ) GLOBAL_UNIT_ASSIGNED_CONTEXT ( ( #2390, #1408, #7621 ) ) REPRESENTATION_CONTEXT ( 'NONE', 'WORKASPACE' ) );
#5022 = ORIENTED_EDGE ( 'NONE', *, *, #7006, .F. ) ;
#5023 = ORIENTED_EDGE ( 'NONE', *, *, #2748, .F. ) ;
#5024 = VERTEX_POINT ( 'NONE', #8779 ) ;
#5025 = DIRECTION ( 'NONE',  ( 0.0000000000000000000, -0.0000000000000000000, 1.000000000000000000 ) ) ;
#5026 = CARTESIAN_POINT ( 'NONE',  ( 2.291524661434815300, 1.358761334385384800, 1.659999999999999900 ) ) ;
#5027 = CARTESIAN_POINT ( 'NONE',  ( 3.350000000000001000, -0.6999999999999999600, 0.0000000000000000000 ) ) ;
#5028 = EDGE_CURVE ( 'NONE', #5055, #8178, #11148, .T. ) ;
#5029 = CARTESIAN_POINT ( 'NONE',  ( 1.962400482521522200, 1.355285008919082900, 1.659999999999999900 ) ) ;
#5030 = ORIENTED_EDGE ( 'NONE', *, *, #8726, .T. ) ;
#5031 = VERTEX_POINT ( 'NONE', #6094 ) ;
#5032 = EDGE_CURVE ( 'NONE', #6543, #5170, #1870, .T. ) ;
#5033 = AXIS2_PLACEMENT_3D ( 'NONE', #3295, #10218, #10143 ) ;
#5034 = ADVANCED_FACE ( 'NONE', ( #9111 ), #1831, .T. ) ;
#5035 = ORIENTED_EDGE ( 'NONE', *, *, #3169, .T. ) ;
#5036 = CARTESIAN_POINT ( 'NONE',  ( 2.356926253078302800, 1.187638467742258500, 1.659999999999999900 ) ) ;
#5037 = CARTESIAN_POINT ( 'NONE',  ( 2.550301576544853300, 1.279831427931971400, 1.659999999999999900 ) ) ;
#5038 = CARTESIAN_POINT ( 'NONE',  ( 2.418997344561360400, 1.155217669721673200, 1.659999999999999900 ) ) ;
#5039 = DIRECTION ( 'NONE',  ( 0.0000000000000000000, -1.000000000000000000, 0.0000000000000000000 ) ) ;
#5040 = CARTESIAN_POINT ( 'NONE',  ( 1.928789801336942900, 1.227400549775460300, 1.649999999999999900 ) ) ;
#5041 = CARTESIAN_POINT ( 'NONE',  ( 2.264880660152540900, 1.472293074363239900, 1.659999999999999900 ) ) ;
#5042 = VERTEX_POINT ( 'NONE', #3527 ) ;
#5043 = FILL_AREA_STYLE_COLOUR ( '', #2907 ) ;
#5044 = EDGE_CURVE ( 'NONE', #132, #281, #5528, .T. ) ;
#5045 = EDGE_LOOP ( 'NONE', ( #3041, #8908, #8959, #7944 ) ) ;
#5046 = EDGE_CURVE ( 'NONE', #4753, #2570, #5675, .T. ) ;
#5047 = FILL_AREA_STYLE_COLOUR ( '', #819 ) ;
#5048 =( NAMED_UNIT ( * ) PLANE_ANGLE_UNIT ( ) SI_UNIT ( $, .RADIAN. ) );
#5049 = AXIS2_PLACEMENT_3D ( 'NONE', #9827, #4541, #10702 ) ;
#5050 = CARTESIAN_POINT ( 'NONE',  ( 1.778771531983193600, 1.277406691679501700, 1.649999999999999900 ) ) ;
#5051 = PLANE ( 'NONE',  #8212 ) ;
#5052 = STYLED_ITEM ( 'NONE', ( #7914 ), #10494 ) ;
#5053 = EDGE_LOOP ( 'NONE', ( #5863, #7337, #6678, #4226 ) ) ;
#5054 = CARTESIAN_POINT ( 'NONE',  ( 1.930429352099704200, 1.227400549775460300, 1.659999999999999900 ) ) ;
#5055 = VERTEX_POINT ( 'NONE', #8024 ) ;
#5056 = DIRECTION ( 'NONE',  ( 1.000000000000000000, -0.0000000000000000000, -0.0000000000000000000 ) ) ;
#5057 = COLOUR_RGB ( '',0.2980392156862745100, 0.2980392156862745100, 0.2980392156862745100 ) ;
#5058 = VERTEX_POINT ( 'NONE', #2844 ) ;
#5059 =( NAMED_UNIT ( * ) SI_UNIT ( $, .STERADIAN. ) SOLID_ANGLE_UNIT ( ) );
#5060 = ADVANCED_FACE ( 'NONE', ( #10325 ), #6221, .T. ) ;
#5061 = ORIENTED_EDGE ( 'NONE', *, *, #4473, .F. ) ;
#5062 = EDGE_CURVE ( 'NONE', #9301, #11142, #9919, .T. ) ;
#5063 = CARTESIAN_POINT ( 'NONE',  ( 2.606124296045790900, 1.392243176705187900, 1.659999999999999900 ) ) ;
#5064 = LINE ( 'NONE', #2010, #2765 ) ;
#5065 = CARTESIAN_POINT ( 'NONE',  ( 1.967319103537973800, 1.227400549775460300, 1.659999999999999900 ) ) ;
#5066 = CARTESIAN_POINT ( 'NONE',  ( 2.582309746226657300, 1.461270003036230700, 1.649999999999999900 ) ) ;
#5067 = ORIENTED_EDGE ( 'NONE', *, *, #5285, .F. ) ;
#5068 = CARTESIAN_POINT ( 'NONE',  ( 2.445199244052944200, 1.462743675673420200, 1.649999999999999900 ) ) ;
#5069 = ORIENTED_EDGE ( 'NONE', *, *, #8245, .T. ) ;
#5070 = CARTESIAN_POINT ( 'NONE',  ( 2.352534708619046000, 1.247233789194329900, 1.659999999999999900 ) ) ;
#5071 = CARTESIAN_POINT ( 'NONE',  ( 2.428605690156604900, 1.177971175241589600, 1.649999999999999900 ) ) ;
#5072 =( NAMED_UNIT ( * ) SI_UNIT ( $, .STERADIAN. ) SOLID_ANGLE_UNIT ( ) );
#5073 = FACE_OUTER_BOUND ( 'NONE', #8109, .T. ) ;
#5074 = SURFACE_STYLE_USAGE ( .BOTH. , #7797 ) ;
#5075 = VECTOR ( 'NONE', #10255, 1000.000000000000000 ) ;
#5076 = ORIENTED_EDGE ( 'NONE', *, *, #2939, .F. ) ;
#5077 = DIRECTION ( 'NONE',  ( -7.051575668943863800E-014, 1.000000000000000000, -0.0000000000000000000 ) ) ;
#5078 = EDGE_CURVE ( 'NONE', #7819, #3373, #3899, .T. ) ;
#5079 = CARTESIAN_POINT ( 'NONE',  ( 2.552924713839388500, 1.190939494449978700, 1.649999999999999900 ) ) ;
#5080 = EDGE_CURVE ( 'NONE', #3964, #3261, #2155, .T. ) ;
#5081 = ORIENTED_EDGE ( 'NONE', *, *, #6207, .T. ) ;
#5082 = CARTESIAN_POINT ( 'NONE',  ( 1.881243048120115700, 1.506942875942947700, 1.649999999999999900 ) ) ;
#5083 = MECHANICAL_DESIGN_GEOMETRIC_PRESENTATION_REPRESENTATION (  '', ( #3557 ), #9776 ) ;
#5084 = FILL_AREA_STYLE ('',( #6757 ) ) ;
#5085 = LINE ( 'NONE', #5233, #7723 ) ;
#5086 = CARTESIAN_POINT ( 'NONE',  ( 2.263613301684340900, 1.246939054667203900, 1.649999999999999900 ) ) ;
#5087 = ORIENTED_EDGE ( 'NONE', *, *, #6565, .F. ) ;
#5088 = DIRECTION ( 'NONE',  ( 0.0000000000000000000, 1.000000000000000000, -0.0000000000000000000 ) ) ;
#5089 = VECTOR ( 'NONE', #9087, 1000.000000000000000 ) ;
#5090 = DIRECTION ( 'NONE',  ( -0.0000000000000000000, -0.0000000000000000000, -1.000000000000000000 ) ) ;
#5091 = ADVANCED_FACE ( 'NONE', ( #10051 ), #5956, .F. ) ;
#5092 = VECTOR ( 'NONE', #5821, 1000.000000000000000 ) ;
#5093 = DIRECTION ( 'NONE',  ( -0.9398440417738200800, -0.3416038306902454100, 0.0000000000000000000 ) ) ;
#5094 = LINE ( 'NONE', #5806, #7868 ) ;
#5095 = LINE ( 'NONE', #761, #9351 ) ;
#5096 = DIRECTION ( 'NONE',  ( -0.0000000000000000000, -0.0000000000000000000, -1.000000000000000000 ) ) ;
#5097 = VECTOR ( 'NONE', #10600, 1000.000000000000000 ) ;
#5098 = UNCERTAINTY_MEASURE_WITH_UNIT (LENGTH_MEASURE( 1.000000000000000100E-005 ), #3449, 'distance_accuracy_value', 'NONE');
#5099 = DIRECTION ( 'NONE',  ( 0.0000000000000000000, 0.0000000000000000000, -1.000000000000000000 ) ) ;
#5100 = CARTESIAN_POINT ( 'NONE',  ( 1.703352478344286200, 1.391355031883523100, 1.659999999999999900 ) ) ;
#5101 = CARTESIAN_POINT ( 'NONE',  ( -2.450000000000000200, -0.6999999999999999600, -1.879999999999999900 ) ) ;
#5102 = CARTESIAN_POINT ( 'NONE',  ( 1.628753184450253200, 1.185592177320740500, 1.659999999999999900 ) ) ;
#5103 = ORIENTED_EDGE ( 'NONE', *, *, #7667, .T. ) ;
#5104 = FACE_OUTER_BOUND ( 'NONE', #9063, .T. ) ;
#5105 = VECTOR ( 'NONE', #6125, 1000.000000000000000 ) ;
#5106 = DIRECTION ( 'NONE',  ( -0.3416038306902454100, 0.9398440417738200800, 0.0000000000000000000 ) ) ;
#5107 = EDGE_CURVE ( 'NONE', #3054, #4229, #5342, .T. ) ;
#5108 = CARTESIAN_POINT ( 'NONE',  ( 2.251912340944150600, 1.374500158151882500, 1.649999999999999900 ) ) ;
#5109 = ORIENTED_EDGE ( 'NONE', *, *, #11119, .T. ) ;
#5110 = EDGE_CURVE ( 'NONE', #9267, #4543, #1197, .T. ) ;
#5111 = CARTESIAN_POINT ( 'NONE',  ( 2.624663097823114500, 1.177794334525313200, 1.649999999999999900 ) ) ;
#5112 = LINE ( 'NONE', #6574, #10873 ) ;
#5113 = STYLED_ITEM ( 'NONE', ( #11110 ), #1664 ) ;
#5114 = CARTESIAN_POINT ( 'NONE',  ( 1.804184459354364100, 1.506942875942944800, 1.659999999999999900 ) ) ;
#5115 = CARTESIAN_POINT ( 'NONE',  ( -2.975150518713303200, 0.0000000000000000000, 1.649999999999999900 ) ) ;
#5116 = ADVANCED_FACE ( 'NONE', ( #9767 ), #8816, .T. ) ;
#5117 = ORIENTED_EDGE ( 'NONE', *, *, #38, .F. ) ;
#5118 = SURFACE_STYLE_FILL_AREA ( #7174 ) ;
#5119 = VECTOR ( 'NONE', #11040, 1000.000000000000000 ) ;
#5120 = CIRCLE ( 'NONE', #1296, 0.1000000000000000500 ) ;
#5121 = CARTESIAN_POINT ( 'NONE',  ( 1.840254435411058200, 1.506942875942947700, 1.649999999999999900 ) ) ;
#5122 = ORIENTED_EDGE ( 'NONE', *, *, #8690, .T. ) ;
#5123 = CARTESIAN_POINT ( 'NONE',  ( 2.253769168466997400, 1.460975268508318600, 1.649999999999999900 ) ) ;
#5124 = VERTEX_POINT ( 'NONE', #360 ) ;
#5125 = FILL_AREA_STYLE_COLOUR ( '', #2192 ) ;
#5126 = CARTESIAN_POINT ( 'NONE',  ( 2.402639578287098400, 1.425842912835049800, 1.659999999999999900 ) ) ;
#5127 = CARTESIAN_POINT ( 'NONE',  ( 2.303667723966078100, 1.262029462473245300, 1.659999999999999900 ) ) ;
#5128 = EDGE_CURVE ( 'NONE', #2344, #7294, #9098, .T. ) ;
#5129 = B_SPLINE_CURVE_WITH_KNOTS ( 'NONE', 3,
 ( #3052, #7388, #498, #3927 ),
 .UNSPECIFIED., .F., .F.,
 ( 4, 4 ),
 ( 5.000000000000000000, 6.000000000000000000 ),
 .UNSPECIFIED. ) ;
#5130 = EDGE_CURVE ( 'NONE', #1419, #3386, #11280, .T. ) ;
#5131 = LINE ( 'NONE', #2250, #6099 ) ;
#5132 = ORIENTED_EDGE ( 'NONE', *, *, #8742, .F. ) ;
#5133 = VERTEX_POINT ( 'NONE', #2710 ) ;
#5134 = COLOUR_RGB ( '',0.2980392156862745100, 0.2980392156862745100, 0.2980392156862745100 ) ;
#5135 = DIRECTION ( 'NONE',  ( 1.000000000000000000, 0.0000000000000000000, 0.0000000000000000000 ) ) ;
#5136 = COLOUR_RGB ( '',0.6666666666666666300, 0.6666666666666666300, 0.6666666666666666300 ) ;
#5137 = ORIENTED_EDGE ( 'NONE', *, *, #5332, .F. ) ;
#5138 =( NAMED_UNIT ( * ) PLANE_ANGLE_UNIT ( ) SI_UNIT ( $, .RADIAN. ) );
#5139 = CARTESIAN_POINT ( 'NONE',  ( 2.262080682141720500, 1.201019415288620700, 1.659999999999999900 ) ) ;
#5140 = LINE ( 'NONE', #8366, #6951 ) ;
#5141 = ORIENTED_EDGE ( 'NONE', *, *, #1513, .T. ) ;
#5142 = ORIENTED_EDGE ( 'NONE', *, *, #7949, .T. ) ;
#5143 = ORIENTED_EDGE ( 'NONE', *, *, #458, .F. ) ;
#5144 = CARTESIAN_POINT ( 'NONE',  ( 2.026342712093334600, 1.326592980022779800, 1.659999999999999900 ) ) ;
#5145 = EDGE_CURVE ( 'NONE', #9478, #748, #852, .T. ) ;
#5146 = LINE ( 'NONE', #5482, #2841 ) ;
#5147 = VERTEX_POINT ( 'NONE', #397 ) ;
#5148 = ADVANCED_FACE ( 'NONE', ( #3887 ), #8136, .F. ) ;
#5149 = CARTESIAN_POINT ( 'NONE',  ( 1.714009495758367600, 1.236418032062303100, 1.659999999999999900 ) ) ;
#5150 = CARTESIAN_POINT ( 'NONE',  ( 1.699253601437190200, 1.222481897486788400, 1.649999999999999900 ) ) ;
#5151 =( NAMED_UNIT ( * ) PLANE_ANGLE_UNIT ( ) SI_UNIT ( $, .RADIAN. ) );
#5152 = LINE ( 'NONE', #7026, #1761 ) ;
#5153 = DIRECTION ( 'NONE',  ( 0.9306703226357391200, 0.3658589216693907700, -0.0000000000000000000 ) ) ;
#5154 = ORIENTED_EDGE ( 'NONE', *, *, #10198, .F. ) ;
#5155 = PRESENTATION_STYLE_ASSIGNMENT (( #7950 ) ) ;
#5156 = CARTESIAN_POINT ( 'NONE',  ( 2.445199244052944200, 1.462743675673420200, 1.659999999999999900 ) ) ;
#5157 = ORIENTED_EDGE ( 'NONE', *, *, #10527, .T. ) ;
#5158 = CARTESIAN_POINT ( 'NONE',  ( 2.337355880454870000, 1.224892912013173100, 1.649999999999999900 ) ) ;
#5159 = ORIENTED_EDGE ( 'NONE', *, *, #5887, .F. ) ;
#5160 = FILL_AREA_STYLE_COLOUR ( '', #3258 ) ;
#5161 = DIRECTION ( 'NONE',  ( -0.0000000000000000000, -0.0000000000000000000, -1.000000000000000000 ) ) ;
#5162 = CARTESIAN_POINT ( 'NONE',  ( 2.580069763818158000, 1.453194276983599700, 1.659999999999999900 ) ) ;
#5163 = LINE ( 'NONE', #5754, #7658 ) ;
#5164 = CARTESIAN_POINT ( 'NONE',  ( 2.304316139926534800, 1.358761334385384800, 1.649999999999999900 ) ) ;
#5165 = CARTESIAN_POINT ( 'NONE',  ( 1.687776808641531200, 1.391355031883523100, 1.659999999999999900 ) ) ;
#5166 = VERTEX_POINT ( 'NONE', #6395 ) ;
#5167 = ORIENTED_EDGE ( 'NONE', *, *, #8802, .F. ) ;
#5169 = FACE_OUTER_BOUND ( 'NONE', #9926, .T. ) ;
#5168 = DIRECTION ( 'NONE',  ( 0.3559357243643165900, -0.9345104387438640800, 0.0000000000000000000 ) ) ;
#5170 = VERTEX_POINT ( 'NONE', #4625 ) ;
#5171 = ORIENTED_EDGE ( 'NONE', *, *, #9515, .T. ) ;
#5172 = ORIENTED_EDGE ( 'NONE', *, *, #5251, .F. ) ;
#5173 = DIRECTION ( 'NONE',  ( 0.0000000000000000000, -0.0000000000000000000, 1.000000000000000000 ) ) ;
#5174 = CARTESIAN_POINT ( 'NONE',  ( 2.299158285695976900, 1.211217229938904100, 1.659999999999999900 ) ) ;
#5175 = VERTEX_POINT ( 'NONE', #8222 ) ;
#5176 = ADVANCED_FACE ( 'NONE', ( #10730 ), #3418, .F. ) ;
#5177 = CARTESIAN_POINT ( 'NONE',  ( 2.487464175289687300, 1.459147914438577100, 1.649999999999999900 ) ) ;
#5178 = LINE ( 'NONE', #1918, #2352 ) ;
#5179 = EDGE_CURVE ( 'NONE', #3681, #1746, #2142, .T. ) ;
#5180 = CARTESIAN_POINT ( 'NONE',  ( 2.026342712093334600, 1.291342779347270700, 1.659999999999999900 ) ) ;
#5181 = AXIS2_PLACEMENT_3D ( 'NONE', #9354, #4067, #8568 ) ;
#5182 = AXIS2_PLACEMENT_3D ( 'NONE', #1407, #1440, #9180 ) ;
#5183 = ORIENTED_EDGE ( 'NONE', *, *, #2162, .F. ) ;
#5184 = CARTESIAN_POINT ( 'NONE',  ( 2.296122520063057900, 1.477951977290310700, 1.659999999999999900 ) ) ;
#5185 = VECTOR ( 'NONE', #3419, 1000.000000000000000 ) ;
#5186 = DIRECTION ( 'NONE',  ( 1.000000000000000000, -0.0000000000000000000, -0.0000000000000000000 ) ) ;
#5187 = DIRECTION ( 'NONE',  ( -1.000000000000000000, -0.0000000000000000000, -0.0000000000000000000 ) ) ;
#5188 = DIRECTION ( 'NONE',  ( 0.0000000000000000000, 0.0000000000000000000, 1.000000000000000000 ) ) ;
#5189 = CARTESIAN_POINT ( 'NONE',  ( 1.928789832608775300, 1.274127590153983700, 1.659999999999999900 ) ) ;
#5190 = ORIENTED_EDGE ( 'NONE', *, *, #2786, .F. ) ;
#5191 = CARTESIAN_POINT ( 'NONE',  ( -1.499999999999999800, -1.399999999999999700, -1.780000000000000500 ) ) ;
#5192 = ORIENTED_EDGE ( 'NONE', *, *, #3084, .T. ) ;
#5193 = EDGE_CURVE ( 'NONE', #1886, #3346, #10584, .T. ) ;
#5194 = EDGE_CURVE ( 'NONE', #4014, #6004, #2945, .T. ) ;
#5195 = CARTESIAN_POINT ( 'NONE',  ( 2.372340868864180100, 1.262029462473246700, 1.649999999999999900 ) ) ;
#5196 = FACE_OUTER_BOUND ( 'NONE', #6842, .T. ) ;
#5197 = CARTESIAN_POINT ( 'NONE',  ( 2.370248253719242600, 1.206619371310265500, 1.659999999999999900 ) ) ;
#5198 = CARTESIAN_POINT ( 'NONE',  ( 2.355128372460883100, 1.213987734497011800, 1.659999999999999900 ) ) ;
#5199 = ORIENTED_EDGE ( 'NONE', *, *, #4654, .F. ) ;
#5200 = CARTESIAN_POINT ( 'NONE',  ( 2.296269887327012900, 1.464512082837735600, 1.649999999999999900 ) ) ;
#5201 = LINE ( 'NONE', #3591, #3172 ) ;
#5202 = CARTESIAN_POINT ( 'NONE',  ( 2.296269887327012900, 1.464512082837735600, 1.659999999999999900 ) ) ;
#5203 = DIRECTION ( 'NONE',  ( 0.0000000000000000000, 1.000000000000000000, -0.0000000000000000000 ) ) ;
#5204 = ORIENTED_EDGE ( 'NONE', *, *, #7441, .T. ) ;
#5205 = EDGE_CURVE ( 'NONE', #302, #10738, #1474, .T. ) ;
#5206 = ORIENTED_EDGE ( 'NONE', *, *, #6921, .F. ) ;
#5207 = DIRECTION ( 'NONE',  ( 0.0000000000000000000, 0.0000000000000000000, -1.000000000000000000 ) ) ;
#5208 = SURFACE_SIDE_STYLE ('',( #2802 ) ) ;
#5209 = B_SPLINE_CURVE_WITH_KNOTS ( 'NONE', 3,
 ( #3167, #645, #538, #10997 ),
 .UNSPECIFIED., .F., .F.,
 ( 4, 4 ),
 ( 9.000000000000000000, 10.00000000000000000 ),
 .UNSPECIFIED. ) ;
#5210 = FACE_OUTER_BOUND ( 'NONE', #1799, .T. ) ;
#5211 = ORIENTED_EDGE ( 'NONE', *, *, #6666, .T. ) ;
#5212 = CIRCLE ( 'NONE', #5033, 0.1000000000000000500 ) ;
#5213 = CARTESIAN_POINT ( 'NONE',  ( 2.316252888288814500, 1.476360410842267200, 1.649999999999999900 ) ) ;
#5214 = FACE_OUTER_BOUND ( 'NONE', #1830, .T. ) ;
#5215 = CARTESIAN_POINT ( 'NONE',  ( 3.750000000000000400, -0.6999999999999999600, -0.3000000000000006600 ) ) ;
#5216 = LINE ( 'NONE', #5327, #4821 ) ;
#5217 = COLOUR_RGB ( '',0.2980392156862745100, 0.2980392156862745100, 0.2980392156862745100 ) ;
#5218 = CARTESIAN_POINT ( 'NONE',  ( 2.361406217895692700, 1.462743675673420200, 1.659999999999999900 ) ) ;
#5219 = ORIENTED_EDGE ( 'NONE', *, *, #1290, .T. ) ;
#5220 = LINE ( 'NONE', #9729, #1031 ) ;
#5221 = CARTESIAN_POINT ( 'NONE',  ( 1.654166119638992300, 1.179034005541532500, 1.659999999999999900 ) ) ;
#5222 = ADVANCED_FACE ( 'NONE', ( #8830 ), #10935, .F. ) ;
#5223 = CARTESIAN_POINT ( 'NONE',  ( 2.307145591390069600, 1.477951977290310700, 1.659999999999999900 ) ) ;
#5224 = LINE ( 'NONE', #6411, #8001 ) ;
#5225 = CARTESIAN_POINT ( 'NONE',  ( 2.370248253719242600, 1.206619371310265500, 1.649999999999999900 ) ) ;
#5226 = DIRECTION ( 'NONE',  ( -0.3385350343141227400, -0.9409537876760663000, 0.0000000000000000000 ) ) ;
#5227 = DIRECTION ( 'NONE',  ( -7.542275982507857300E-015, 0.0000000000000000000, 1.000000000000000000 ) ) ;
#5228 = VERTEX_POINT ( 'NONE', #5615 ) ;
#5229 = SURFACE_STYLE_FILL_AREA ( #9922 ) ;
#5230 = UNCERTAINTY_MEASURE_WITH_UNIT (LENGTH_MEASURE( 1.000000000000000100E-005 ), #4519, 'distance_accuracy_value', 'NONE');
#5231 = DIRECTION ( 'NONE',  ( 0.0000000000000000000, 1.000000000000000000, -0.0000000000000000000 ) ) ;
#5232 = EDGE_CURVE ( 'NONE', #10616, #9735, #5815, .T. ) ;
#5233 = CARTESIAN_POINT ( 'NONE',  ( 2.437889827771620800, 1.198131016919664400, 1.659999999999999900 ) ) ;
#5234 = DIRECTION ( 'NONE',  ( -0.0000000000000000000, -0.0000000000000000000, -1.000000000000000000 ) ) ;
#5235 = EDGE_CURVE ( 'NONE', #1082, #6747, #8438, .T. ) ;
#5236 = ORIENTED_EDGE ( 'NONE', *, *, #9600, .F. ) ;
#5237 = VECTOR ( 'NONE', #10940, 1000.000000000000000 ) ;
#5238 = FACE_OUTER_BOUND ( 'NONE', #1450, .T. ) ;
#5239 = FACE_OUTER_BOUND ( 'NONE', #6648, .T. ) ;
#5240 = AXIS2_PLACEMENT_3D ( 'NONE', #2852, #1193, #4590 ) ;
#5241 = ORIENTED_EDGE ( 'NONE', *, *, #4097, .F. ) ;
#5242 = FILL_AREA_STYLE_COLOUR ( '', #2535 ) ;
#5243 = ORIENTED_EDGE ( 'NONE', *, *, #8049, .F. ) ;
#5244 = CARTESIAN_POINT ( 'NONE',  ( 2.333259070523130400, 1.237920178126990400, 1.649999999999999900 ) ) ;
#5245 = SURFACE_STYLE_FILL_AREA ( #2960 ) ;
#5246 = PRESENTATION_STYLE_ASSIGNMENT (( #3598 ) ) ;
#5247 = FACE_OUTER_BOUND ( 'NONE', #2083, .T. ) ;
#5248 = CARTESIAN_POINT ( 'NONE',  ( 2.264055403475419700, 1.384167450652555600, 1.649999999999999900 ) ) ;
#5249 = ORIENTED_EDGE ( 'NONE', *, *, #11217, .T. ) ;
#5250 = EDGE_CURVE ( 'NONE', #9126, #3499, #3610, .T. ) ;
#5251 = EDGE_CURVE ( 'NONE', #5147, #7668, #7818, .T. ) ;
#5252 = ADVANCED_FACE ( 'NONE', ( #7061 ), #9193, .F. ) ;
#5253 = PLANE ( 'NONE',  #2593 ) ;
#5254 = VERTEX_POINT ( 'NONE', #10102 ) ;
#5255 = AXIS2_PLACEMENT_3D ( 'NONE', #6016, #8813, #6157 ) ;
#5256 = CARTESIAN_POINT ( 'NONE',  ( 0.0000000000000000000, 0.0000000000000000000, 1.649999999999999900 ) ) ;
#5257 = ORIENTED_EDGE ( 'NONE', *, *, #5929, .T. ) ;
#5258 = VECTOR ( 'NONE', #7966, 1000.000000000000000 ) ;
#5259 = PRESENTATION_STYLE_ASSIGNMENT (( #9447 ) ) ;
#5260 =( NAMED_UNIT ( * ) SI_UNIT ( $, .STERADIAN. ) SOLID_ANGLE_UNIT ( ) );
#5261 = ORIENTED_EDGE ( 'NONE', *, *, #10403, .T. ) ;
#5262 = CARTESIAN_POINT ( 'NONE',  ( 1.666462726906017500, 1.265110107867137800, 1.659999999999999900 ) ) ;
#5263 = ORIENTED_EDGE ( 'NONE', *, *, #6032, .F. ) ;
#5264 = CARTESIAN_POINT ( 'NONE',  ( -3.950000000000000200, -0.6999999999999999600, -1.579999999999999800 ) ) ;
#5265 = DIRECTION ( 'NONE',  ( -0.0000000000000000000, -1.000000000000000000, -0.0000000000000000000 ) ) ;
#5266 = LINE ( 'NONE', #8166, #4726 ) ;
#5267 = ORIENTED_EDGE ( 'NONE', *, *, #5205, .F. ) ;
#5268 = EDGE_CURVE ( 'NONE', #1866, #9784, #4975, .T. ) ;
#5269 = EDGE_CURVE ( 'NONE', #6843, #9460, #10865, .T. ) ;
#5270 = LINE ( 'NONE', #2702, #7917 ) ;
#5271 = FACE_BOUND ( 'NONE', #7429, .T. ) ;
#5272 = FILL_AREA_STYLE_COLOUR ( '', #7167 ) ;
#5273 = ORIENTED_EDGE ( 'NONE', *, *, #2228, .F. ) ;
#5274 = DIRECTION ( 'NONE',  ( 0.0000000000000000000, -1.000000000000000000, 0.0000000000000000000 ) ) ;
#5275 = CARTESIAN_POINT ( 'NONE',  ( 2.404820613790581000, 1.151386120864346300, 1.649999999999999900 ) ) ;
#5276 = LINE ( 'NONE', #9259, #9005 ) ;
#5277 = AXIS2_PLACEMENT_3D ( 'NONE', #2255, #5776, #11048 ) ;
#5278 = CARTESIAN_POINT ( 'NONE',  ( 2.462618054624836600, 1.462743675673420200, 1.659999999999999900 ) ) ;
#5279 = EDGE_LOOP ( 'NONE', ( #4165, #6381, #3136, #9256 ) ) ;
#5280 = CARTESIAN_POINT ( 'NONE',  ( 2.361406217895695400, 1.425842912835049800, 1.659999999999999900 ) ) ;
#5281 = SURFACE_SIDE_STYLE ('',( #4315 ) ) ;
#5282 = CARTESIAN_POINT ( 'NONE',  ( 1.400000000000000800, -1.600000000000000100, -1.649999999999999900 ) ) ;
#5283 = B_SPLINE_CURVE_WITH_KNOTS ( 'NONE', 3,
 ( #6506, #9110, #6352, #5575 ),
 .UNSPECIFIED., .F., .F.,
 ( 4, 4 ),
 ( 20.00000000000000000, 21.00000000000000000 ),
 .UNSPECIFIED. ) ;
#5284 = ORIENTED_EDGE ( 'NONE', *, *, #7595, .T. ) ;
#5285 = EDGE_CURVE ( 'NONE', #3789, #8612, #9368, .T. ) ;
#5286 = EDGE_LOOP ( 'NONE', ( #4465, #8932, #6587, #3292 ) ) ;
#5287 = EDGE_CURVE ( 'NONE', #457, #546, #109, .T. ) ;
#5288 = VERTEX_POINT ( 'NONE', #2334 ) ;
#5289 = DIRECTION ( 'NONE',  ( -0.0000000000000000000, 1.000000000000000000, -0.0000000000000000000 ) ) ;
#5290 = CARTESIAN_POINT ( 'NONE',  ( 1.714009495758367600, 1.172475771218660200, 1.659999999999999900 ) ) ;
#5291 = ORIENTED_EDGE ( 'NONE', *, *, #7406, .F. ) ;
#5292 = SURFACE_SIDE_STYLE ('',( #9 ) ) ;
#5293 = CARTESIAN_POINT ( 'NONE',  ( 3.058285764832760800, 1.708285764832761200, 1.078516590113280700 ) ) ;
#5294 = MECHANICAL_DESIGN_GEOMETRIC_PRESENTATION_REPRESENTATION (  '', ( #464 ), #5909 ) ;
#5295 = CARTESIAN_POINT ( 'NONE',  ( 1.763195831009000100, 1.187231696811278400, 1.659999999999999900 ) ) ;
#5296 = ORIENTED_EDGE ( 'NONE', *, *, #10279, .T. ) ;
#5297 = UNCERTAINTY_MEASURE_WITH_UNIT (LENGTH_MEASURE( 1.000000000000000100E-005 ), #2423, 'distance_accuracy_value', 'NONE');
#5298 = ORIENTED_EDGE ( 'NONE', *, *, #5000, .T. ) ;
#5299 = SPHERICAL_SURFACE ( 'NONE', #9027, 0.1000000000000000100 ) ;
#5300 = CARTESIAN_POINT ( 'NONE',  ( 2.607597968682981500, 1.293094481667487600, 1.659999999999999900 ) ) ;
#5301 = EDGE_LOOP ( 'NONE', ( #7327, #7584, #9215, #1130 ) ) ;
#5302 = VERTEX_POINT ( 'NONE', #8441 ) ;
#5303 =( LENGTH_UNIT ( ) NAMED_UNIT ( * ) SI_UNIT ( .MILLI., .METRE. ) );
#5304 = CARTESIAN_POINT ( 'NONE',  ( 2.346964226050116700, 1.175849086643933900, 1.649999999999999900 ) ) ;
#5305 = CARTESIAN_POINT ( 'NONE',  ( 2.547030023289847300, 1.229726558263511300, 1.649999999999999900 ) ) ;
#5306 = ORIENTED_EDGE ( 'NONE', *, *, #10845, .F. ) ;
#5307 = VECTOR ( 'NONE', #4798, 1000.000000000000000 ) ;
#5308 = AXIS2_PLACEMENT_3D ( 'NONE', #7435, #9148, #10010 ) ;
#5309 = ADVANCED_FACE ( 'NONE', ( #8701 ), #4893, .F. ) ;
#5310 = CARTESIAN_POINT ( 'NONE',  ( -3.349999999999999200, 1.901519224698779500, 0.0000000000000000000 ) ) ;
#5311 = SURFACE_SIDE_STYLE ('',( #714 ) ) ;
#5312 = DIRECTION ( 'NONE',  ( 1.000000000000000000, 0.0000000000000000000, 7.542275982507855800E-015 ) ) ;
#5313 = ORIENTED_EDGE ( 'NONE', *, *, #6267, .T. ) ;
#5314 = ORIENTED_EDGE ( 'NONE', *, *, #1935, .T. ) ;
#5315 = CARTESIAN_POINT ( 'NONE',  ( 2.253769168466997400, 1.460975268508318600, 1.649999999999999900 ) ) ;
#5316 = COLOUR_RGB ( '',0.2980392156862745100, 0.2980392156862745100, 0.2980392156862745100 ) ;
#5317 = CARTESIAN_POINT ( 'NONE',  ( 2.186481275847957000, 1.229726558263511300, 1.649999999999999900 ) ) ;
#5318 = FILL_AREA_STYLE ('',( #9476 ) ) ;
#5319 = EDGE_CURVE ( 'NONE', #7393, #2343, #2009, .T. ) ;
#5320 = DIRECTION ( 'NONE',  ( -0.0000000000000000000, -0.0000000000000000000, -1.000000000000000000 ) ) ;
#5321 = ORIENTED_EDGE ( 'NONE', *, *, #8790, .F. ) ;
#5322 = MECHANICAL_DESIGN_GEOMETRIC_PRESENTATION_REPRESENTATION (  '', ( #6902 ), #5932 ) ;
#5323 = PRESENTATION_LAYER_ASSIGNMENT (  '', '', ( #7872 ) ) ;
#5324 = ORIENTED_EDGE ( 'NONE', *, *, #8836, .T. ) ;
#5325 = CARTESIAN_POINT ( 'NONE',  ( 2.702502486524593900, 1.209330928962951200, 1.649999999999999900 ) ) ;
#5326 = CARTESIAN_POINT ( 'NONE',  ( 2.437978248129760900, 1.165356537466529100, 1.649999999999999900 ) ) ;
#5327 = CARTESIAN_POINT ( 'NONE',  ( 2.778720835326111200, 1.177794334525313200, 1.659999999999999900 ) ) ;
#5328 = ORIENTED_EDGE ( 'NONE', *, *, #11049, .F. ) ;
#5329 = CARTESIAN_POINT ( 'NONE',  ( 2.361406217895683400, 1.412638806004960600, 1.659999999999999900 ) ) ;
#5330 = ORIENTED_EDGE ( 'NONE', *, *, #418, .T. ) ;
#5331 = DIRECTION ( 'NONE',  ( -0.0000000000000000000, -0.0000000000000000000, -1.000000000000000000 ) ) ;
#5332 = EDGE_CURVE ( 'NONE', #4712, #10496, #3208, .T. ) ;
#5333 = EDGE_CURVE ( 'NONE', #7646, #10242, #4697, .T. ) ;
#5334 = DIRECTION ( 'NONE',  ( 0.0000000000000000000, -0.0000000000000000000, -1.000000000000000000 ) ) ;
#5335 = AXIS2_PLACEMENT_3D ( 'NONE', #9151, #3939, #1378 ) ;
#5336 = CARTESIAN_POINT ( 'NONE',  ( 2.252737597621278500, 1.417059823917321500, 1.649999999999999900 ) ) ;
#5337 = AXIS2_PLACEMENT_3D ( 'NONE', #2892, #4596, #10642 ) ;
#5338 = CARTESIAN_POINT ( 'NONE',  ( 2.388787055496564000, 1.200194158611884900, 1.649999999999999900 ) ) ;
#5339 = CARTESIAN_POINT ( 'NONE',  ( 2.365326187110767800, 1.262029462473246700, 1.659999999999999900 ) ) ;
#5340 = VERTEX_POINT ( 'NONE', #9335 ) ;
#5341 = DIRECTION ( 'NONE',  ( 1.000000000000000000, 0.0000000000000000000, 0.0000000000000000000 ) ) ;
#5342 = B_SPLINE_CURVE_WITH_KNOTS ( 'NONE', 3,
 ( #7953, #9786, #5417, #5336 ),
 .UNSPECIFIED., .F., .F.,
 ( 4, 4 ),
 ( 10.00000000000000000, 11.00000000000000000 ),
 .UNSPECIFIED. ) ;
#5343 = VERTEX_POINT ( 'NONE', #6559 ) ;
#5344 = FILL_AREA_STYLE_COLOUR ( '', #3406 ) ;
#5345 = LINE ( 'NONE', #3568, #4815 ) ;
#5346 = SURFACE_SIDE_STYLE ('',( #11166 ) ) ;
#5347 = CARTESIAN_POINT ( 'NONE',  ( 2.346522124259034800, 1.476006729408933600, 1.649999999999999900 ) ) ;
#5348 = EDGE_CURVE ( 'NONE', #5478, #9301, #8674, .T. ) ;
#5349 = FILL_AREA_STYLE ('',( #7188 ) ) ;
#5350 = CARTESIAN_POINT ( 'NONE',  ( 2.242038734274099700, 1.384992707329286900, 1.649999999999999900 ) ) ;
#5351 = LINE ( 'NONE', #7342, #6765 ) ;
#5352 = DIRECTION ( 'NONE',  ( -0.0000000000000000000, -0.0000000000000000000, -1.000000000000000000 ) ) ;
#5353 = CARTESIAN_POINT ( 'NONE',  ( 2.263642775137050500, 1.259494745536832600, 1.649999999999999900 ) ) ;
#5354 = B_SPLINE_CURVE_WITH_KNOTS ( 'NONE', 3,
 ( #5202, #3536, #3639, #37 ),
 .UNSPECIFIED., .F., .F.,
 ( 4, 4 ),
 ( 7.000000000000000000, 8.000000000000000000 ),
 .UNSPECIFIED. ) ;
#5355 = FACE_OUTER_BOUND ( 'NONE', #9334, .T. ) ;
#5356 = CARTESIAN_POINT ( 'NONE',  ( 2.355452580440715600, 1.249296930886552500, 1.659999999999999900 ) ) ;
#5357 = AXIS2_PLACEMENT_3D ( 'NONE', #8762, #825, #4407 ) ;
#5358 = CARTESIAN_POINT ( 'NONE',  ( 1.687776808641531200, 1.391355031883523100, 1.649999999999999900 ) ) ;
#5359 = CARTESIAN_POINT ( 'NONE',  ( 2.505796662898819500, 1.190939494449978700, 1.659999999999999900 ) ) ;
#5360 =( LENGTH_UNIT ( ) NAMED_UNIT ( * ) SI_UNIT ( .MILLI., .METRE. ) );
#5361 = ADVANCED_FACE ( 'NONE', ( #9891 ), #5895, .F. ) ;
#5362 = CARTESIAN_POINT ( 'NONE',  ( 2.524188097411783600, 1.419830328475432600, 1.659999999999999900 ) ) ;
#5363 = CARTESIAN_POINT ( 'NONE',  ( 1.955842310742314000, 1.355285008919082900, 1.649999999999999900 ) ) ;
#5364 = CARTESIAN_POINT ( 'NONE',  ( 2.408593215742089700, 1.139007270710988600, 1.659999999999999900 ) ) ;
#5365 = ORIENTED_EDGE ( 'NONE', *, *, #5403, .F. ) ;
#5366 = LINE ( 'NONE', #3620, #7318 ) ;
#5367 = VECTOR ( 'NONE', #5824, 1000.000000000000000 ) ;
#5368 = CARTESIAN_POINT ( 'NONE',  ( 2.668578542414895300, 1.254012683326040500, 1.649999999999999900 ) ) ;
#5369 = DIRECTION ( 'NONE',  ( 0.0000000000000000000, 0.0000000000000000000, -1.000000000000000000 ) ) ;
#5370 = MECHANICAL_DESIGN_GEOMETRIC_PRESENTATION_REPRESENTATION (  '', ( #4215 ), #4068 ) ;
#5371 = CARTESIAN_POINT ( 'NONE',  ( 2.027162503110828200, 1.192970140117051600, 1.649999999999999900 ) ) ;
#5372 = DIRECTION ( 'NONE',  ( 1.000000000000000000, 0.0000000000000000000, -0.0000000000000000000 ) ) ;
#5373 = LINE ( 'NONE', #1357, #7477 ) ;
#5374 = CARTESIAN_POINT ( 'NONE',  ( 1.651706824766879400, 1.440541320226799100, 1.649999999999999900 ) ) ;
#5375 = FILL_AREA_STYLE ('',( #10747 ) ) ;
#5376 = ORIENTED_EDGE ( 'NONE', *, *, #4520, .T. ) ;
#5377 = VECTOR ( 'NONE', #7913, 1000.000000000000000 ) ;
#5378 = LINE ( 'NONE', #5115, #782 ) ;
#5379 = COLOUR_RGB ( '',0.6666666666666666300, 0.6666666666666666300, 0.6666666666666666300 ) ;
#5380 = ORIENTED_EDGE ( 'NONE', *, *, #8658, .F. ) ;
#5381 = EDGE_LOOP ( 'NONE', ( #1079, #9450, #3237, #4127 ) ) ;
#5382 = CARTESIAN_POINT ( 'NONE',  ( 2.323444410758892100, 1.379746432740977400, 1.659999999999999900 ) ) ;
#5383 = VERTEX_POINT ( 'NONE', #5036 ) ;
#5384 = EDGE_CURVE ( 'NONE', #7668, #7408, #6847, .T. ) ;
#5385 = SURFACE_SIDE_STYLE ('',( #2625 ) ) ;
#5386 = ORIENTED_EDGE ( 'NONE', *, *, #9038, .F. ) ;
#5387 = DIRECTION ( 'NONE',  ( -1.000000000000000000, -0.0000000000000000000, -0.0000000000000000000 ) ) ;
#5388 = PRESENTATION_LAYER_ASSIGNMENT (  '', '', ( #4816 ) ) ;
#5389 = PRESENTATION_LAYER_ASSIGNMENT (  '', '', ( #1926 ) ) ;
#5390 = CARTESIAN_POINT ( 'NONE',  ( 2.402109056137896800, 1.151916643013957600, 1.659999999999999900 ) ) ;
#5391 = LINE ( 'NONE', #7264, #11018 ) ;
#5392 = LINE ( 'NONE', #1102, #3095 ) ;
#5393 = VERTEX_POINT ( 'NONE', #3063 ) ;
#5394 = CARTESIAN_POINT ( 'NONE',  ( 1.686957033260347600, 1.440541320226799100, 1.659999999999999900 ) ) ;
#5395 = CARTESIAN_POINT ( 'NONE',  ( 2.728498071846802400, 1.270282029242152600, 1.649999999999999900 ) ) ;
#5396 = ORIENTED_EDGE ( 'NONE', *, *, #5475, .F. ) ;
#5397 = ORIENTED_EDGE ( 'NONE', *, *, #4256, .T. ) ;
#5398 = CARTESIAN_POINT ( 'NONE',  ( 2.490912569261754400, 1.293094481667485400, 1.649999999999999900 ) ) ;
#5399 = CARTESIAN_POINT ( 'NONE',  ( 0.0000000000000000000, 0.0000000000000000000, 1.649999999999999900 ) ) ;
#5400 = CARTESIAN_POINT ( 'NONE',  ( 2.279882647600057800, 1.216522451433417600, 1.659999999999999900 ) ) ;
#5401 = EDGE_CURVE ( 'NONE', #5734, #4963, #2932, .T. ) ;
#5402 = VECTOR ( 'NONE', #4642, 1000.000000000000000 ) ;
#5403 = EDGE_CURVE ( 'NONE', #9842, #3412, #1038, .T. ) ;
#5404 = DIRECTION ( 'NONE',  ( -0.0000000000000000000, 1.000000000000000000, -0.0000000000000000000 ) ) ;
#5405 = ORIENTED_EDGE ( 'NONE', *, *, #8120, .T. ) ;
#5406 =( GEOMETRIC_REPRESENTATION_CONTEXT ( 3 ) GLOBAL_UNCERTAINTY_ASSIGNED_CONTEXT ( ( #6671 ) ) GLOBAL_UNIT_ASSIGNED_CONTEXT ( ( #5303, #9679, #65 ) ) REPRESENTATION_CONTEXT ( 'NONE', 'WORKASPACE' ) );
#5407 = SURFACE_STYLE_USAGE ( .BOTH. , #10659 ) ;
#5408 = ORIENTED_EDGE ( 'NONE', *, *, #2504, .T. ) ;
#5409 = SURFACE_STYLE_FILL_AREA ( #10319 ) ;
#5410 = AXIS2_PLACEMENT_3D ( 'NONE', #7214, #8103, #8070 ) ;
#5411 = CARTESIAN_POINT ( 'NONE',  ( 2.463207523680653700, 1.476006729408933600, 1.659999999999999900 ) ) ;
#5412 = CARTESIAN_POINT ( 'NONE',  ( 2.437889827771620800, 1.198131016919664400, 1.659999999999999900 ) ) ;
#5413 = CARTESIAN_POINT ( 'NONE',  ( 2.437978248129760900, 1.165356537466529100, 1.649999999999999900 ) ) ;
#5414 = EDGE_LOOP ( 'NONE', ( #9508, #2864, #784, #2166, #10748, #5724, #2562, #1732 ) ) ;
#5415 = CARTESIAN_POINT ( 'NONE',  ( 1.628753184450253200, 1.185592177320740500, 1.659999999999999900 ) ) ;
#5416 = CYLINDRICAL_SURFACE ( 'NONE', #4830, 0.1000000000000000500 ) ;
#5417 = CARTESIAN_POINT ( 'NONE',  ( 2.252737597621278500, 1.403266248032198200, 1.649999999999999900 ) ) ;
#5418 = ORIENTED_EDGE ( 'NONE', *, *, #3880, .T. ) ;
#5419 = CARTESIAN_POINT ( 'NONE',  ( 2.388787055496564000, 1.192648954708865200, 1.649999999999999900 ) ) ;
#5420 = CARTESIAN_POINT ( 'NONE',  ( 1.958301621250341900, 1.355285008919082900, 1.659999999999999900 ) ) ;
#5421 = COLOUR_RGB ( '',0.6666666666666666300, 0.6666666666666666300, 0.6666666666666666300 ) ;
#5422 = VERTEX_POINT ( 'NONE', #7680 ) ;
#5423 = CARTESIAN_POINT ( 'NONE',  ( 2.323444410758892100, 1.457674241801383900, 1.659999999999999900 ) ) ;
#5424 = EDGE_CURVE ( 'NONE', #8318, #5705, #1723, .T. ) ;
#5425 = CARTESIAN_POINT ( 'NONE',  ( -1.600000000000000300, 1.399999999999999900, -1.750000000000000000 ) ) ;
#5426 = VERTEX_POINT ( 'NONE', #3396 ) ;
#5427 = ADVANCED_FACE ( 'NONE', ( #6350 ), #3495, .T. ) ;
#5428 = CARTESIAN_POINT ( 'NONE',  ( 2.227714636239762000, 1.229726558263511300, 1.659999999999999900 ) ) ;
#5429 = B_SPLINE_CURVE_WITH_KNOTS ( 'NONE', 3,
 ( #8987, #8054, #2795, #6307 ),
 .UNSPECIFIED., .F., .F.,
 ( 4, 4 ),
 ( 4.000000000000000000, 5.000000000000000000 ),
 .UNSPECIFIED. ) ;
#5430 =( NAMED_UNIT ( * ) SI_UNIT ( $, .STERADIAN. ) SOLID_ANGLE_UNIT ( ) );
#5431 = ORIENTED_EDGE ( 'NONE', *, *, #8261, .F. ) ;
#5432 = PRESENTATION_LAYER_ASSIGNMENT (  '', '', ( #9564 ) ) ;
#5433 = CARTESIAN_POINT ( 'NONE',  ( 1.955842310742314000, 1.355285008919082900, 1.649999999999999900 ) ) ;
#5434 = EDGE_LOOP ( 'NONE', ( #3539, #6933, #2898, #9799 ) ) ;
#5435 = DIRECTION ( 'NONE',  ( -0.0000000000000000000, 1.000000000000000000, -0.0000000000000000000 ) ) ;
#5436 = DIRECTION ( 'NONE',  ( -0.0000000000000000000, -0.0000000000000000000, -1.000000000000000000 ) ) ;
#5437 = ORIENTED_EDGE ( 'NONE', *, *, #1182, .F. ) ;
#5438 = ORIENTED_EDGE ( 'NONE', *, *, #7713, .T. ) ;
#5439 = DIRECTION ( 'NONE',  ( 0.0000000000000000000, 1.000000000000000000, 0.0000000000000000000 ) ) ;
#5440 =( NAMED_UNIT ( * ) PLANE_ANGLE_UNIT ( ) SI_UNIT ( $, .RADIAN. ) );
#5441 = ORIENTED_EDGE ( 'NONE', *, *, #2087, .T. ) ;
#5442 = CARTESIAN_POINT ( 'NONE',  ( 2.380711329444329400, 1.217465601921006200, 1.659999999999999900 ) ) ;
#5443 = ORIENTED_EDGE ( 'NONE', *, *, #7123, .T. ) ;
#5444 = UNCERTAINTY_MEASURE_WITH_UNIT (LENGTH_MEASURE( 1.000000000000000100E-005 ), #361, 'distance_accuracy_value', 'NONE');
#5445 = EDGE_CURVE ( 'NONE', #3211, #4580, #6635, .T. ) ;
#5446 = CARTESIAN_POINT ( 'NONE',  ( 1.605799583223415500, 1.354465280445645000, 1.649999999999999900 ) ) ;
#5447 =( NAMED_UNIT ( * ) PLANE_ANGLE_UNIT ( ) SI_UNIT ( $, .RADIAN. ) );
#5448 = CARTESIAN_POINT ( 'NONE',  ( 1.500000000000000900, 1.500000000000000000, -1.649999999999999900 ) ) ;
#5449 = DIRECTION ( 'NONE',  ( -0.0000000000000000000, -0.0000000000000000000, -1.000000000000000000 ) ) ;
#5450 = PRESENTATION_LAYER_ASSIGNMENT (  '', '', ( #4874 ) ) ;
#5451 = CARTESIAN_POINT ( 'NONE',  ( 2.378677661204811500, 1.248294833493548200, 1.649999999999999900 ) ) ;
#5452 = CARTESIAN_POINT ( 'NONE',  ( 1.592683224029476400, 1.401192250462541100, 1.659999999999999900 ) ) ;
#5453 = CARTESIAN_POINT ( 'NONE',  ( 2.461940165212449700, 1.373851742191424300, 1.659999999999999900 ) ) ;
#5454 = VERTEX_POINT ( 'NONE', #3287 ) ;
#5455 = FILL_AREA_STYLE_COLOUR ( '', #7623 ) ;
#5456 = CARTESIAN_POINT ( 'NONE',  ( 2.408534268836274100, 1.360706582266761400, 1.659999999999999900 ) ) ;
#5457 = CARTESIAN_POINT ( 'NONE',  ( 3.058285764832759900, -1.806766540133982100, -1.095881407879973500 ) ) ;
#5458 = EDGE_CURVE ( 'NONE', #7422, #6853, #4325, .T. ) ;
#5459 = ORIENTED_EDGE ( 'NONE', *, *, #3513, .T. ) ;
#5460 = EDGE_CURVE ( 'NONE', #11243, #10965, #9760, .T. ) ;
#5461 = FILL_AREA_STYLE_COLOUR ( '', #5484 ) ;
#5462 = PLANE ( 'NONE',  #2987 ) ;
#5463 = ORIENTED_EDGE ( 'NONE', *, *, #8101, .F. ) ;
#5464 = LINE ( 'NONE', #4039, #6730 ) ;
#5465 = CARTESIAN_POINT ( 'NONE',  ( 2.186481275847953500, 1.476006729408933600, 1.659999999999999900 ) ) ;
#5466 =( LENGTH_UNIT ( ) NAMED_UNIT ( * ) SI_UNIT ( .MILLI., .METRE. ) );
#5467 = ORIENTED_EDGE ( 'NONE', *, *, #3925, .T. ) ;
#5468 = CARTESIAN_POINT ( 'NONE',  ( 2.412454238051741300, 1.260143161497294400, 1.659999999999999900 ) ) ;
#5469 = CARTESIAN_POINT ( 'NONE',  ( 2.186481275847957000, 1.190939494449978000, 1.649999999999999900 ) ) ;
#5470 = B_SPLINE_CURVE_WITH_KNOTS ( 'NONE', 3,
 ( #8026, #2809, #6355, #10632 ),
 .UNSPECIFIED., .F., .F.,
 ( 4, 4 ),
 ( 1.000000000000000000, 2.000000000000000000 ),
 .UNSPECIFIED. ) ;
#5471 = DIRECTION ( 'NONE',  ( 0.0000000000000000000, -1.000000000000000000, 0.0000000000000000000 ) ) ;
#5472 = CARTESIAN_POINT ( 'NONE',  ( 2.639606138365591500, 1.288025047794666900, 1.659999999999999900 ) ) ;
#5473 = CARTESIAN_POINT ( 'NONE',  ( 2.333170650164992000, 1.180682732894274600, 1.659999999999999900 ) ) ;
#5474 = FILL_AREA_STYLE ('',( #10683 ) ) ;
#5475 = EDGE_CURVE ( 'NONE', #1956, #4993, #2404, .T. ) ;
#5476 = LINE ( 'NONE', #3859, #3986 ) ;
#5477 = B_SPLINE_CURVE_WITH_KNOTS ( 'NONE', 3,
 ( #1674, #5038, #723, #10402 ),
 .UNSPECIFIED., .F., .F.,
 ( 4, 4 ),
 ( 5.000000000000000000, 6.000000000000000000 ),
 .UNSPECIFIED. ) ;
#5478 = VERTEX_POINT ( 'NONE', #2480 ) ;
#5479 = PRESENTATION_LAYER_ASSIGNMENT (  '', '', ( #8090 ) ) ;
#5480 = CARTESIAN_POINT ( 'NONE',  ( 2.726346509796437000, 1.278357755293995100, 1.649999999999999900 ) ) ;
#5481 = VERTEX_POINT ( 'NONE', #9446 ) ;
#5482 = CARTESIAN_POINT ( 'NONE',  ( -3.254401861300145100, -2.002882636601366800, -0.01634824454989568200 ) ) ;
#5483 = ADVANCED_FACE ( 'NONE', ( #375 ), #11115, .F. ) ;
#5484 = COLOUR_RGB ( '',0.2980392156862745100, 0.2980392156862745100, 0.2980392156862745100 ) ;
#5485 = ORIENTED_EDGE ( 'NONE', *, *, #177, .T. ) ;
#5486 = VECTOR ( 'NONE', #5752, 1000.000000000000000 ) ;
#5487 = CARTESIAN_POINT ( 'NONE',  ( 2.725167571687155700, 1.272168330217316100, 1.649999999999999900 ) ) ;
#5488 = CARTESIAN_POINT ( 'NONE',  ( 2.620978916229345300, 1.190939494449980500, 1.649999999999999900 ) ) ;
#5489 = EDGE_CURVE ( 'NONE', #10373, #8027, #7186, .T. ) ;
#5490 = EDGE_CURVE ( 'NONE', #4343, #6651, #3740, .T. ) ;
#5491 = LINE ( 'NONE', #5619, #3188 ) ;
#5492 = PRESENTATION_STYLE_ASSIGNMENT (( #9848 ) ) ;
#5493 = CARTESIAN_POINT ( 'NONE',  ( 2.606419030573703800, 1.177794334525313200, 1.649999999999999900 ) ) ;
#5494 =( NAMED_UNIT ( * ) PLANE_ANGLE_UNIT ( ) SI_UNIT ( $, .RADIAN. ) );
#5495 = DIRECTION ( 'NONE',  ( 0.0000000000000000000, -0.0000000000000000000, -1.000000000000000000 ) ) ;
#5496 = ORIENTED_EDGE ( 'NONE', *, *, #7257, .T. ) ;
#5497 = SURFACE_SIDE_STYLE ('',( #7032 ) ) ;
#5498 = VECTOR ( 'NONE', #2690, 1000.000000000000000 ) ;
#5499 = CARTESIAN_POINT ( 'NONE',  ( 2.237116667665630200, 1.398904177025259300, 1.649999999999999900 ) ) ;
#5500 = CARTESIAN_POINT ( 'NONE',  ( 3.350000000000001000, -2.000000000000000000, 0.0000000000000000000 ) ) ;
#5501 = SURFACE_STYLE_FILL_AREA ( #5349 ) ;
#5502 = CARTESIAN_POINT ( 'NONE',  ( 2.337355880454870000, 1.224892912013173100, 1.659999999999999900 ) ) ;
#5503 = CARTESIAN_POINT ( 'NONE',  ( -2.450000000000000200, 0.6999999999999999600, -1.879999999999999900 ) ) ;
#5504 = DIRECTION ( 'NONE',  ( -0.0000000000000000000, -0.0000000000000000000, -1.000000000000000000 ) ) ;
#5505 = DIRECTION ( 'NONE',  ( 1.000000000000000000, 0.0000000000000000000, 0.0000000000000000000 ) ) ;
#5506 = ORIENTED_EDGE ( 'NONE', *, *, #1147, .T. ) ;
#5507 = VECTOR ( 'NONE', #9844, 1000.000000000000000 ) ;
#5508 = EDGE_CURVE ( 'NONE', #4847, #7961, #7226, .T. ) ;
#5509 = VECTOR ( 'NONE', #11226, 1000.000000000000000 ) ;
#5510 =( LENGTH_UNIT ( ) NAMED_UNIT ( * ) SI_UNIT ( .MILLI., .METRE. ) );
#5511 = B_SPLINE_CURVE_WITH_KNOTS ( 'NONE', 3,
 ( #4317, #9424, #10374, #5123 ),
 .UNSPECIFIED., .F., .F.,
 ( 4, 4 ),
 ( 4.000000000000000000, 5.000000000000000000 ),
 .UNSPECIFIED. ) ;
#5512 = DIRECTION ( 'NONE',  ( 0.0000000000000000000, -1.000000000000000000, 0.0000000000000000000 ) ) ;
#5513 = FILL_AREA_STYLE ('',( #9964 ) ) ;
#5514 = VERTEX_POINT ( 'NONE', #10433 ) ;
#5515 = VECTOR ( 'NONE', #5774, 1000.000000000000000 ) ;
#5516 = LINE ( 'NONE', #11006, #5119 ) ;
#5517 = CARTESIAN_POINT ( 'NONE',  ( 2.726346509796437000, 1.278357755293995100, 1.659999999999999900 ) ) ;
#5518 = CARTESIAN_POINT ( 'NONE',  ( 1.925510731083255300, 1.228220309520728200, 1.659999999999999900 ) ) ;
#5519 = LINE ( 'NONE', #9706, #7613 ) ;
#5520 = ORIENTED_EDGE ( 'NONE', *, *, #129, .F. ) ;
#5521 = CARTESIAN_POINT ( 'NONE',  ( 1.605799583223415500, 1.354465280445645000, 1.649999999999999900 ) ) ;
#5522 = VERTEX_POINT ( 'NONE', #1851 ) ;
#5523 = DIRECTION ( 'NONE',  ( -0.0000000000000000000, -0.0000000000000000000, -1.000000000000000000 ) ) ;
#5524 = EDGE_LOOP ( 'NONE', ( #3559, #9370, #10461, #7176, #2738, #1021, #1211 ) ) ;
#5525 = DIRECTION ( 'NONE',  ( 0.0000000000000000000, -1.000000000000000000, 0.0000000000000000000 ) ) ;
#5526 = CARTESIAN_POINT ( 'NONE',  ( 2.355511527346536600, 1.175849086643933900, 1.649999999999999900 ) ) ;
#5527 = CARTESIAN_POINT ( 'NONE',  ( 1.666462726906017500, 1.265110107867137800, 1.659999999999999900 ) ) ;
#5528 = LINE ( 'NONE', #205, #1051 ) ;
#5529 = AXIS2_PLACEMENT_3D ( 'NONE', #11015, #8662, #10477 ) ;
#5530 = ORIENTED_EDGE ( 'NONE', *, *, #6434, .T. ) ;
#5531 =( LENGTH_UNIT ( ) NAMED_UNIT ( * ) SI_UNIT ( .MILLI., .METRE. ) );
#5532 = ORIENTED_EDGE ( 'NONE', *, *, #1670, .F. ) ;
#5533 = CARTESIAN_POINT ( 'NONE',  ( 2.496217790756276600, 1.385876910911449000, 1.659999999999999900 ) ) ;
#5534 = DIRECTION ( 'NONE',  ( 0.0000000000000000000, 0.0000000000000000000, 1.000000000000000000 ) ) ;
#5535 = LINE ( 'NONE', #8828, #929 ) ;
#5536 = CARTESIAN_POINT ( 'NONE',  ( 2.606330610214778500, 1.190939494449980500, 1.649999999999999900 ) ) ;
#5537 = ORIENTED_EDGE ( 'NONE', *, *, #3123, .F. ) ;
#5538 = CARTESIAN_POINT ( 'NONE',  ( 2.373961908765329600, 1.201962565776993200, 1.649999999999999900 ) ) ;
#5539 = CARTESIAN_POINT ( 'NONE',  ( 2.727938076245265200, 1.271873595690193900, 1.649999999999999900 ) ) ;
#5540 = FACE_OUTER_BOUND ( 'NONE', #466, .T. ) ;
#5541 = COLOUR_RGB ( '',0.2980392156862745100, 0.2980392156862745100, 0.2980392156862745100 ) ;
#5542 = ADVANCED_FACE ( 'NONE', ( #5104 ), #3984, .F. ) ;
#5543 = EDGE_LOOP ( 'NONE', ( #3391, #7269, #2885, #5405 ) ) ;
#5544 =( NAMED_UNIT ( * ) SI_UNIT ( $, .STERADIAN. ) SOLID_ANGLE_UNIT ( ) );
#5545 = ORIENTED_EDGE ( 'NONE', *, *, #5567, .T. ) ;
#5546 = EDGE_CURVE ( 'NONE', #7813, #238, #4552, .T. ) ;
#5547 = FILL_AREA_STYLE_COLOUR ( '', #11054 ) ;
#5548 = FACE_OUTER_BOUND ( 'NONE', #6978, .T. ) ;
#5549 = DIRECTION ( 'NONE',  ( -0.0000000000000000000, -0.0000000000000000000, -1.000000000000000000 ) ) ;
#5550 =( GEOMETRIC_REPRESENTATION_CONTEXT ( 3 ) GLOBAL_UNCERTAINTY_ASSIGNED_CONTEXT ( ( #5813 ) ) GLOBAL_UNIT_ASSIGNED_CONTEXT ( ( #1544, #3333, #7657 ) ) REPRESENTATION_CONTEXT ( 'NONE', 'WORKASPACE' ) );
#5551 = CARTESIAN_POINT ( 'NONE',  ( 2.412454238051741300, 1.260143161497294400, 1.659999999999999900 ) ) ;
#5552 = FACE_OUTER_BOUND ( 'NONE', #497, .T. ) ;
#5553 = FACE_OUTER_BOUND ( 'NONE', #3439, .T. ) ;
#5554 =( GEOMETRIC_REPRESENTATION_CONTEXT ( 3 ) GLOBAL_UNCERTAINTY_ASSIGNED_CONTEXT ( ( #7728 ) ) GLOBAL_UNIT_ASSIGNED_CONTEXT ( ( #4955, #3281, #11118 ) ) REPRESENTATION_CONTEXT ( 'NONE', 'WORKASPACE' ) );
#5555 = ORIENTED_EDGE ( 'NONE', *, *, #7628, .T. ) ;
#5556 = PLANE ( 'NONE',  #7601 ) ;
#5557 = FACE_OUTER_BOUND ( 'NONE', #7120, .T. ) ;
#5558 = CARTESIAN_POINT ( 'NONE',  ( 2.227714636239762000, 1.229726558263511300, 1.659999999999999900 ) ) ;
#5559 = EDGE_LOOP ( 'NONE', ( #2835, #3347, #7938, #10231 ) ) ;
#5560 = VECTOR ( 'NONE', #11073, 1000.000000000000000 ) ;
#5561 = FACE_OUTER_BOUND ( 'NONE', #2906, .T. ) ;
#5562 = CARTESIAN_POINT ( 'NONE',  ( 1.628753184450253200, 1.185592177320740500, 1.649999999999999900 ) ) ;
#5563 = CARTESIAN_POINT ( 'NONE',  ( 2.356926253078302800, 1.187638467742258500, 1.659999999999999900 ) ) ;
#5564 = ORIENTED_EDGE ( 'NONE', *, *, #208, .T. ) ;
#5565 = CARTESIAN_POINT ( 'NONE',  ( 2.634330390323782000, 1.360706582266761400, 1.659999999999999900 ) ) ;
#5566 = EDGE_CURVE ( 'NONE', #6100, #2398, #7883, .T. ) ;
#5567 = EDGE_CURVE ( 'NONE', #5481, #5702, #1081, .T. ) ;
#5568 = AXIS2_PLACEMENT_3D ( 'NONE', #1181, #9900, #10941 ) ;
#5569 = VECTOR ( 'NONE', #11209, 1000.000000000000000 ) ;
#5570 = AXIS2_PLACEMENT_3D ( 'NONE', #10579, #8988, #4527 ) ;
#5571 = PLANE ( 'NONE',  #9841 ) ;
#5572 = CARTESIAN_POINT ( 'NONE',  ( 2.333170650164992000, 1.180682732894274600, 1.659999999999999900 ) ) ;
#5573 = EDGE_LOOP ( 'NONE', ( #3942, #2236, #6208, #6935 ) ) ;
#5574 = VECTOR ( 'NONE', #5977, 1000.000000000000000 ) ;
#5575 = CARTESIAN_POINT ( 'NONE',  ( 1.841074195156718400, 1.457756540691922400, 1.649999999999999900 ) ) ;
#5576 = ORIENTED_EDGE ( 'NONE', *, *, #601, .T. ) ;
#5577 = VERTEX_POINT ( 'NONE', #9669 ) ;
#5578 = ORIENTED_EDGE ( 'NONE', *, *, #1417, .F. ) ;
#5579 = CARTESIAN_POINT ( 'NONE',  ( 2.361406217895692700, 1.462743675673420200, 1.659999999999999900 ) ) ;
#5580 = CARTESIAN_POINT ( 'NONE',  ( 3.349999999999999200, 0.6999999999999999600, 0.0000000000000000000 ) ) ;
#5581 = CARTESIAN_POINT ( 'NONE',  ( 1.716468821902309400, 1.452837904039948600, 1.659999999999999900 ) ) ;
#5582 = ORIENTED_EDGE ( 'NONE', *, *, #6172, .F. ) ;
#5583 = ORIENTED_EDGE ( 'NONE', *, *, #3296, .T. ) ;
#5584 = FILL_AREA_STYLE_COLOUR ( '', #10064 ) ;
#5585 = EDGE_CURVE ( 'NONE', #7277, #2988, #6251, .T. ) ;
#5586 = DIRECTION ( 'NONE',  ( -2.709813608826153600E-014, 1.000000000000000000, 0.0000000000000000000 ) ) ;
#5587 = ORIENTED_EDGE ( 'NONE', *, *, #9557, .F. ) ;
#5588 = ORIENTED_EDGE ( 'NONE', *, *, #10867, .T. ) ;
#5589 = CARTESIAN_POINT ( 'NONE',  ( 2.445199244052944200, 1.373851742191424300, 1.659999999999999900 ) ) ;
#5590 = DIRECTION ( 'NONE',  ( 0.0000000000000000000, -1.000000000000000000, 0.0000000000000000000 ) ) ;
#5591 = AXIS2_PLACEMENT_3D ( 'NONE', #4186, #11191, #716 ) ;
#5592 = CARTESIAN_POINT ( 'NONE',  ( 2.607597968682981500, 1.293094481667487600, 1.649999999999999900 ) ) ;
#5593 =( LENGTH_UNIT ( ) NAMED_UNIT ( * ) SI_UNIT ( .MILLI., .METRE. ) );
#5594 = CARTESIAN_POINT ( 'NONE',  ( 3.349999999999999200, -0.6999999999999999600, -0.2000000000000000100 ) ) ;
#5595 = ORIENTED_EDGE ( 'NONE', *, *, #9309, .T. ) ;
#5596 = UNCERTAINTY_MEASURE_WITH_UNIT (LENGTH_MEASURE( 1.000000000000000100E-005 ), #7204, 'distance_accuracy_value', 'NONE');
#5597 = LINE ( 'NONE', #9688, #5185 ) ;
#5598 = CARTESIAN_POINT ( 'NONE',  ( 2.299158285695976900, 1.219116115275255400, 1.659999999999999900 ) ) ;
#5599 = B_SPLINE_CURVE_WITH_KNOTS ( 'NONE', 3,
 ( #10156, #4876, #5840, #3272 ),
 .UNSPECIFIED., .F., .F.,
 ( 4, 4 ),
 ( 4.000000000000000000, 5.000000000000000000 ),
 .UNSPECIFIED. ) ;
#5600 = CARTESIAN_POINT ( 'NONE',  ( 3.650000000000000400, 0.6999999999999999600, -1.879999999999999700 ) ) ;
#5601 = VERTEX_POINT ( 'NONE', #983 ) ;
#5602 = FILL_AREA_STYLE_COLOUR ( '', #5316 ) ;
#5603 = EDGE_LOOP ( 'NONE', ( #5397, #7844, #1932, #8623 ) ) ;
#5604 = PLANE ( 'NONE',  #3240 ) ;
#5605 = ADVANCED_FACE ( 'NONE', ( #9499 ), #3918, .F. ) ;
#5606 = LINE ( 'NONE', #7550, #3288 ) ;
#5607 = MECHANICAL_DESIGN_GEOMETRIC_PRESENTATION_REPRESENTATION (  '', ( #7616 ), #10520 ) ;
#5608 = FILL_AREA_STYLE ('',( #10777 ) ) ;
#5609 = ORIENTED_EDGE ( 'NONE', *, *, #9321, .T. ) ;
#5610 = FILL_AREA_STYLE_COLOUR ( '', #7647 ) ;
#5611 =( NAMED_UNIT ( * ) SI_UNIT ( $, .STERADIAN. ) SOLID_ANGLE_UNIT ( ) );
#5612 = DIRECTION ( 'NONE',  ( 0.9848077530122080200, 0.0000000000000000000, -0.1736481776669305500 ) ) ;
#5613 = EDGE_LOOP ( 'NONE', ( #6588, #1239, #3574, #9967 ) ) ;
#5614 = ADVANCED_FACE ( 'NONE', ( #10039 ), #2632, .F. ) ;
#5615 = CARTESIAN_POINT ( 'NONE',  ( 1.741881764909005000, 1.474971757247668400, 1.659999999999999900 ) ) ;
#5616 = LINE ( 'NONE', #3483, #2099 ) ;
#5617 = CARTESIAN_POINT ( 'NONE',  ( 2.582958162187120300, 1.457438454178901600, 1.659999999999999900 ) ) ;
#5618 = EDGE_CURVE ( 'NONE', #565, #3565, #2801, .T. ) ;
#5619 = CARTESIAN_POINT ( 'NONE',  ( 2.718889726251553900, 1.293094481667487600, 1.659999999999999900 ) ) ;
#5620 = ORIENTED_EDGE ( 'NONE', *, *, #8785, .F. ) ;
#5621 = B_SPLINE_CURVE_WITH_KNOTS ( 'NONE', 3,
 ( #11023, #7504, #8384, #9249 ),
 .UNSPECIFIED., .F., .F.,
 ( 4, 4 ),
 ( 6.000000000000000000, 7.000000000000000000 ),
 .UNSPECIFIED. ) ;
#5622 = CARTESIAN_POINT ( 'NONE',  ( 2.255478628726285400, 1.240337001251763800, 1.659999999999999900 ) ) ;
#5623 = EDGE_LOOP ( 'NONE', ( #6459, #7700, #1558, #7787 ) ) ;
#5624 =( GEOMETRIC_REPRESENTATION_CONTEXT ( 3 ) GLOBAL_UNCERTAINTY_ASSIGNED_CONTEXT ( ( #10927 ) ) GLOBAL_UNIT_ASSIGNED_CONTEXT ( ( #10303, #3455, #6884 ) ) REPRESENTATION_CONTEXT ( 'NONE', 'WORKASPACE' ) );
#5625 = CARTESIAN_POINT ( 'NONE',  ( 2.273103753468738400, 1.262029462473246700, 1.659999999999999900 ) ) ;
#5626 = VECTOR ( 'NONE', #9163, 1000.000000000000000 ) ;
#5627 = DIRECTION ( 'NONE',  ( 0.0000000000000000000, 0.0000000000000000000, 1.000000000000000000 ) ) ;
#5628 = FACE_OUTER_BOUND ( 'NONE', #10518, .T. ) ;
#5629 = CARTESIAN_POINT ( 'NONE',  ( 2.558112041522270500, 1.392243176705186600, 1.649999999999999900 ) ) ;
#5630 = CARTESIAN_POINT ( 'NONE',  ( 2.233609326788925200, 1.177794334525310800, 1.659999999999999900 ) ) ;
#5631 = CARTESIAN_POINT ( 'NONE',  ( 3.349999999999999200, 0.6999999999999999600, -0.2000000000000000100 ) ) ;
#5632 = ORIENTED_EDGE ( 'NONE', *, *, #9280, .T. ) ;
#5633 = DIRECTION ( 'NONE',  ( 0.0000000000000000000, 0.0000000000000000000, 1.000000000000000000 ) ) ;
#5634 = CARTESIAN_POINT ( 'NONE',  ( -1.499999999999999100, 1.399999999999999900, -1.879999999999999900 ) ) ;
#5635 = EDGE_CURVE ( 'NONE', #10000, #8178, #3686, .T. ) ;
#5636 = EDGE_CURVE ( 'NONE', #2833, #6349, #643, .T. ) ;
#5637 = VECTOR ( 'NONE', #2718, 1000.000000000000000 ) ;
#5638 = CARTESIAN_POINT ( 'NONE',  ( 2.026342712093334600, 1.326592980022779800, 1.649999999999999900 ) ) ;
#5639 = PRESENTATION_LAYER_ASSIGNMENT (  '', '', ( #1367 ) ) ;
#5640 = ORIENTED_EDGE ( 'NONE', *, *, #9753, .F. ) ;
#5641 = COLOUR_RGB ( '',0.6666666666666666300, 0.6666666666666666300, 0.6666666666666666300 ) ;
#5642 = AXIS2_PLACEMENT_3D ( 'NONE', #5448, #3660, #7972 ) ;
#5643 = CARTESIAN_POINT ( 'NONE',  ( 1.400000000000000800, 1.399999999999999900, -1.750000000000000000 ) ) ;
#5644 = CARTESIAN_POINT ( 'NONE',  ( 2.640608235758599200, 1.202964663170001300, 1.659999999999999900 ) ) ;
#5645 = CARTESIAN_POINT ( 'NONE',  ( 2.348143164159788700, 1.239217010047907900, 1.659999999999999900 ) ) ;
#5646 = VECTOR ( 'NONE', #9572, 1000.000000000000000 ) ;
#5647 = CARTESIAN_POINT ( 'NONE',  ( 3.750000000000000400, 0.6999999999999999600, -1.579999999999999800 ) ) ;
#5648 = DIRECTION ( 'NONE',  ( -0.0000000000000000000, 1.000000000000000000, -0.0000000000000000000 ) ) ;
#5649 = VECTOR ( 'NONE', #9397, 1000.000000000000200 ) ;
#5650 = FACE_OUTER_BOUND ( 'NONE', #3844, .T. ) ;
#5651 = SURFACE_SIDE_STYLE ('',( #346 ) ) ;
#5652 = EDGE_CURVE ( 'NONE', #9563, #8771, #4833, .T. ) ;
#5653 = CARTESIAN_POINT ( 'NONE',  ( 2.402639578287098400, 1.412638806004960600, 1.659999999999999900 ) ) ;
#5654 = COLOUR_RGB ( '',0.6666666666666666300, 0.6666666666666666300, 0.6666666666666666300 ) ;
#5655 = CARTESIAN_POINT ( 'NONE',  ( 2.387166015595418000, 1.210156185640472300, 1.659999999999999900 ) ) ;
#5656 =( NAMED_UNIT ( * ) PLANE_ANGLE_UNIT ( ) SI_UNIT ( $, .RADIAN. ) );
#5657 = DIRECTION ( 'NONE',  ( -1.000000000000000000, 0.0000000000000000000, 0.0000000000000000000 ) ) ;
#5658 = AXIS2_PLACEMENT_3D ( 'NONE', #3983, #8342, #9202 ) ;
#5659 = UNCERTAINTY_MEASURE_WITH_UNIT (LENGTH_MEASURE( 1.000000000000000100E-005 ), #4059, 'distance_accuracy_value', 'NONE');
#5660 = ORIENTED_EDGE ( 'NONE', *, *, #8580, .F. ) ;
#5661 = CARTESIAN_POINT ( 'NONE',  ( 1.910754836762077500, 1.178214214523651800, 1.659999999999999900 ) ) ;
#5662 = VECTOR ( 'NONE', #1587, 1000.000000000000000 ) ;
#5663 = LINE ( 'NONE', #3558, #11139 ) ;
#5664 = CARTESIAN_POINT ( 'NONE',  ( 1.923871211592327800, 1.177394454778384600, 1.659999999999999900 ) ) ;
#5665 = ADVANCED_FACE ( 'NONE', ( #239 ), #1095, .F. ) ;
#5666 = CARTESIAN_POINT ( 'NONE',  ( 3.350000000000001000, -0.7000000000000000700, 0.0000000000000000000 ) ) ;
#5667 = CARTESIAN_POINT ( 'NONE',  ( 2.504322990260829900, 1.444646975687570600, 1.649999999999999900 ) ) ;
#5668 = CIRCLE ( 'NONE', #11052, 0.1000000000000000500 ) ;
#5669 = FILL_AREA_STYLE ('',( #9316 ) ) ;
#5670 = CARTESIAN_POINT ( 'NONE',  ( 2.584107626844474500, 1.453194276983599700, 1.649999999999999900 ) ) ;
#5671 = DIRECTION ( 'NONE',  ( 0.0000000000000000000, -1.000000000000000000, 0.0000000000000000000 ) ) ;
#5672 = EDGE_CURVE ( 'NONE', #9798, #1746, #5366, .T. ) ;
#5673 = EDGE_CURVE ( 'NONE', #3346, #5522, #4548, .T. ) ;
#5674 = EDGE_LOOP ( 'NONE', ( #11194, #7935, #1118, #4238 ) ) ;
#5675 = LINE ( 'NONE', #5305, #8839 ) ;
#5676 = B_SPLINE_CURVE_WITH_KNOTS ( 'NONE', 3,
 ( #10305, #6028, #10269, #6805 ),
 .UNSPECIFIED., .F., .F.,
 ( 4, 4 ),
 ( 5.000000000000000000, 6.000000000000000000 ),
 .UNSPECIFIED. ) ;
#5677 = CARTESIAN_POINT ( 'NONE',  ( 2.296269887327012900, 1.464512082837735600, 1.659999999999999900 ) ) ;
#5678 = ADVANCED_FACE ( 'NONE', ( #9235 ), #4492, .F. ) ;
#5679 = ORIENTED_EDGE ( 'NONE', *, *, #8052, .F. ) ;
#5680 = CARTESIAN_POINT ( 'NONE',  ( 3.650000000000000400, 0.6999999999999999600, -0.2000000000000000100 ) ) ;
#5681 = EDGE_LOOP ( 'NONE', ( #664, #1740, #2621, #1517 ) ) ;
#5682 = PRESENTATION_LAYER_ASSIGNMENT (  '', '', ( #2412 ) ) ;
#5683 = ORIENTED_EDGE ( 'NONE', *, *, #10370, .F. ) ;
#5684 =( NAMED_UNIT ( * ) SI_UNIT ( $, .STERADIAN. ) SOLID_ANGLE_UNIT ( ) );
#5685 = CARTESIAN_POINT ( 'NONE',  ( 2.355128372460883100, 1.213987734497011800, 1.659999999999999900 ) ) ;
#5686 = PLANE ( 'NONE',  #2460 ) ;
#5687 = FACE_OUTER_BOUND ( 'NONE', #4365, .T. ) ;
#5688 = VECTOR ( 'NONE', #6825, 1000.000000000000000 ) ;
#5689 = VERTEX_POINT ( 'NONE', #4525 ) ;
#5690 = VERTEX_POINT ( 'NONE', #231 ) ;
#5691 = CARTESIAN_POINT ( 'NONE',  ( 2.351296823603557000, 1.231553912334039500, 1.659999999999999900 ) ) ;
#5692 =( LENGTH_UNIT ( ) NAMED_UNIT ( * ) SI_UNIT ( .MILLI., .METRE. ) );
#5693 = LINE ( 'NONE', #610, #11285 ) ;
#5694 = FACE_OUTER_BOUND ( 'NONE', #4502, .T. ) ;
#5695 = CARTESIAN_POINT ( 'NONE',  ( 2.651189205294141300, 1.193945786629788500, 1.659999999999999900 ) ) ;
#5696 = VERTEX_POINT ( 'NONE', #3696 ) ;
#5697 = EDGE_CURVE ( 'NONE', #6651, #701, #99, .T. ) ;
#5698 = AXIS2_PLACEMENT_3D ( 'NONE', #10202, #7744, #10308 ) ;
#5699 = LINE ( 'NONE', #9697, #1748 ) ;
#5700 = EDGE_LOOP ( 'NONE', ( #2164, #7694, #672, #6797 ) ) ;
#5701 = SURFACE_STYLE_USAGE ( .BOTH. , #2293 ) ;
#5702 = VERTEX_POINT ( 'NONE', #191 ) ;
#5703 = CARTESIAN_POINT ( 'NONE',  ( 2.299158285695976900, 1.204438335807191300, 1.659999999999999900 ) ) ;
#5704 = PLANE ( 'NONE',  #1293 ) ;
#5705 = VERTEX_POINT ( 'NONE', #4566 ) ;
#5706 = DIRECTION ( 'NONE',  ( -1.000000000000000000, 0.0000000000000000000, 0.0000000000000000000 ) ) ;
#5707 = VECTOR ( 'NONE', #6679, 1000.000000000000000 ) ;
#5708 = FACE_OUTER_BOUND ( 'NONE', #4344, .T. ) ;
#5709 = CARTESIAN_POINT ( 'NONE',  ( 2.232400915226536100, 1.373851742191424300, 1.659999999999999900 ) ) ;
#5710 = ORIENTED_EDGE ( 'NONE', *, *, #6301, .F. ) ;
#5711 = EDGE_CURVE ( 'NONE', #3, #6163, #5429, .T. ) ;
#5712 = EDGE_CURVE ( 'NONE', #3294, #8318, #4011, .T. ) ;
#5713 = CARTESIAN_POINT ( 'NONE',  ( 1.731224716223094900, 1.236418032062303100, 1.649999999999999900 ) ) ;
#5714 = CARTESIAN_POINT ( 'NONE',  ( 2.077168598107121100, 1.292162570364370700, 1.649999999999999900 ) ) ;
#5715 = ORIENTED_EDGE ( 'NONE', *, *, #6014, .F. ) ;
#5716 = CARTESIAN_POINT ( 'NONE',  ( 2.584107626844474500, 1.453194276983599700, 1.659999999999999900 ) ) ;
#5717 = MECHANICAL_DESIGN_GEOMETRIC_PRESENTATION_REPRESENTATION (  '', ( #5113 ), #2232 ) ;
#5718 = DIRECTION ( 'NONE',  ( -0.1710878697460357900, -0.1710878697460358200, -0.9702875252478137000 ) ) ;
#5719 = DIRECTION ( 'NONE',  ( -1.000000000000000000, -0.0000000000000000000, 0.0000000000000000000 ) ) ;
#5720 = FACE_OUTER_BOUND ( 'NONE', #3980, .T. ) ;
#5721 = PRESENTATION_LAYER_ASSIGNMENT (  '', '', ( #496 ) ) ;
#5722 = EDGE_LOOP ( 'NONE', ( #5408, #10201, #5587, #10240 ) ) ;
#5723 = ORIENTED_EDGE ( 'NONE', *, *, #9963, .T. ) ;
#5724 = ORIENTED_EDGE ( 'NONE', *, *, #115, .T. ) ;
#5725 = CARTESIAN_POINT ( 'NONE',  ( 2.261785947614202800, 1.364007608974477900, 1.659999999999999900 ) ) ;
#5726 = ADVANCED_FACE ( 'NONE', ( #1720 ), #10687, .F. ) ;
#5727 = SURFACE_SIDE_STYLE ('',( #9142 ) ) ;
#5728 = EDGE_LOOP ( 'NONE', ( #8652, #7828, #9672, #2277, #6860, #9642 ) ) ;
#5729 = ORIENTED_EDGE ( 'NONE', *, *, #8891, .F. ) ;
#5730 = DIRECTION ( 'NONE',  ( -0.0000000000000000000, 1.000000000000000000, -0.0000000000000000000 ) ) ;
#5731 = CARTESIAN_POINT ( 'NONE',  ( 2.263642775137050500, 1.259494745536832600, 1.659999999999999900 ) ) ;
#5732 = EDGE_LOOP ( 'NONE', ( #6699, #11114, #4211, #1011, #1373, #11008, #5729, #9146 ) ) ;
#5733 = EDGE_CURVE ( 'NONE', #10252, #5383, #6330, .T. ) ;
#5734 = VERTEX_POINT ( 'NONE', #427 ) ;
#5735 = EDGE_CURVE ( 'NONE', #4702, #4580, #10719, .T. ) ;
#5736 = ADVANCED_FACE ( 'NONE', ( #8425 ), #7566, .F. ) ;
#5737 = ORIENTED_EDGE ( 'NONE', *, *, #435, .F. ) ;
#5738 = CARTESIAN_POINT ( 'NONE',  ( 3.309562411971218600, -2.000000000000000000, 1.097754699641573000E-015 ) ) ;
#5739 = PRESENTATION_LAYER_ASSIGNMENT (  '', '', ( #11220 ) ) ;
#5740 = CARTESIAN_POINT ( 'NONE',  ( 3.950000000000000200, 0.6999999999999999600, -1.579999999999999800 ) ) ;
#5741 = VERTEX_POINT ( 'NONE', #8209 ) ;
#5742 = LINE ( 'NONE', #10455, #3143 ) ;
#5743 = ADVANCED_FACE ( 'NONE', ( #6074 ), #7683, .F. ) ;
#5744 = CARTESIAN_POINT ( 'NONE',  ( 2.437005624189463800, 1.195242618550703000, 1.649999999999999900 ) ) ;
#5745 = CARTESIAN_POINT ( 'NONE',  ( 1.654166119638992300, 1.179034005541532500, 1.649999999999999900 ) ) ;
#5746 = CARTESIAN_POINT ( 'NONE',  ( 1.727945630333487700, 1.465134487852311400, 1.659999999999999900 ) ) ;
#5747 = ORIENTED_EDGE ( 'NONE', *, *, #5749, .F. ) ;
#5748 = CARTESIAN_POINT ( 'NONE',  ( 2.171597182211292100, 1.360706582266758800, 1.659999999999999900 ) ) ;
#5749 = EDGE_CURVE ( 'NONE', #3697, #3286, #10449, .T. ) ;
#5750 = DIRECTION ( 'NONE',  ( -1.000000000000000000, 0.0000000000000000000, 0.0000000000000000000 ) ) ;
#5751 = ORIENTED_EDGE ( 'NONE', *, *, #6116, .T. ) ;
#5752 = DIRECTION ( 'NONE',  ( 7.522642073638237500E-015, -1.000000000000000000, -0.0000000000000000000 ) ) ;
#5753 = DIRECTION ( 'NONE',  ( 0.0000000000000000000, 0.1736481776669307200, 0.9848077530122080200 ) ) ;
#5754 = CARTESIAN_POINT ( 'NONE',  ( 2.408534268836274100, 1.373851742191424300, 1.659999999999999900 ) ) ;
#5755 = SURFACE_SIDE_STYLE ('',( #6281 ) ) ;
#5756 = CARTESIAN_POINT ( 'NONE',  ( 2.323444410758892100, 1.379746432740977400, 1.659999999999999900 ) ) ;
#5757 = CARTESIAN_POINT ( 'NONE',  ( 2.480685281158760100, 1.476006729408933600, 1.649999999999999900 ) ) ;
#5758 = ORIENTED_EDGE ( 'NONE', *, *, #8741, .T. ) ;
#5759 = B_SPLINE_CURVE_WITH_KNOTS ( 'NONE', 3,
 ( #6049, #7839, #2600, #8706 ),
 .UNSPECIFIED., .F., .F.,
 ( 4, 4 ),
 ( 10.00000000000000000, 11.00000000000000000 ),
 .UNSPECIFIED. ) ;
#5760 = ORIENTED_EDGE ( 'NONE', *, *, #8228, .T. ) ;
#5761 = CARTESIAN_POINT ( 'NONE',  ( 2.247432376126760700, 1.215225619512504400, 1.649999999999999900 ) ) ;
#5762 = FACE_OUTER_BOUND ( 'NONE', #8325, .T. ) ;
#5763 = ORIENTED_EDGE ( 'NONE', *, *, #9366, .F. ) ;
#5764 = CARTESIAN_POINT ( 'NONE',  ( -3.352882636601366000, -1.904401861300146100, 0.01634824454989564100 ) ) ;
#5765 = CARTESIAN_POINT ( 'NONE',  ( 1.996011163706104900, 1.399552707518137100, 1.649999999999999900 ) ) ;
#5766 = PRESENTATION_LAYER_ASSIGNMENT (  '', '', ( #9074 ) ) ;
#5767 = CARTESIAN_POINT ( 'NONE',  ( 2.237116667665630200, 1.434743895564411000, 1.659999999999999900 ) ) ;
#5768 = CARTESIAN_POINT ( 'NONE',  ( 2.365326187110767800, 1.224480283674417500, 1.649999999999999900 ) ) ;
#5769 = DIRECTION ( 'NONE',  ( 0.0000000000000000000, -0.1736481776669307200, 0.9848077530122080200 ) ) ;
#5770 = ORIENTED_EDGE ( 'NONE', *, *, #7947, .F. ) ;
#5771 = PRODUCT ( 'RES-SMD_L6.7-W4.0-LS7.9', 'RES-SMD_L6.7-W4.0-LS7.9', '', ( #2491 ) ) ;
#5772 = CARTESIAN_POINT ( 'NONE',  ( 2.230986189494375900, 1.293094481667485400, 1.659999999999999900 ) ) ;
#5773 = ORIENTED_EDGE ( 'NONE', *, *, #1067, .F. ) ;
#5774 = DIRECTION ( 'NONE',  ( -0.0000000000000000000, -0.0000000000000000000, -1.000000000000000000 ) ) ;
#5775 = CARTESIAN_POINT ( 'NONE',  ( 1.626293889578141800, 1.247075112020049200, 1.649999999999999900 ) ) ;
#5776 = DIRECTION ( 'NONE',  ( -1.000000000000000000, 0.0000000000000000000, 0.0000000000000000000 ) ) ;
#5777 = VECTOR ( 'NONE', #7494, 1000.000000000000100 ) ;
#5778 = ORIENTED_EDGE ( 'NONE', *, *, #2180, .T. ) ;
#5779 = EDGE_CURVE ( 'NONE', #6940, #4380, #2756, .T. ) ;
#5780 = CARTESIAN_POINT ( 'NONE',  ( -2.975150518713303600, -1.625150518713304200, 1.550000000000000000 ) ) ;
#5781 = LINE ( 'NONE', #524, #741 ) ;
#5782 = AXIS2_PLACEMENT_3D ( 'NONE', #10258, #733, #9495 ) ;
#5783 = B_SPLINE_CURVE_WITH_KNOTS ( 'NONE', 3,
 ( #8316, #463, #6536, #10924 ),
 .UNSPECIFIED., .F., .F.,
 ( 4, 4 ),
 ( 4.000000000000000000, 5.000000000000000000 ),
 .UNSPECIFIED. ) ;
#5784 = CARTESIAN_POINT ( 'NONE',  ( 1.930429352099704200, 1.227400549775460300, 1.649999999999999900 ) ) ;
#5785 = STYLED_ITEM ( 'NONE', ( #10805 ), #8952 ) ;
#5786 = DIRECTION ( 'NONE',  ( 1.000000000000000000, -0.0000000000000000000, 7.542275982507857300E-015 ) ) ;
#5787 = ADVANCED_FACE ( 'NONE', ( #5804, #3470 ), #2990, .F. ) ;
#5788 = DIRECTION ( 'NONE',  ( 0.0000000000000000000, 1.000000000000000000, 0.0000000000000000000 ) ) ;
#5789 = CARTESIAN_POINT ( 'NONE',  ( 2.436121420606522000, 1.191470016598803200, 1.659999999999999900 ) ) ;
#5790 = COLOUR_RGB ( '',0.6666666666666666300, 0.6666666666666666300, 0.6666666666666666300 ) ;
#5791 = ORIENTED_EDGE ( 'NONE', *, *, #1936, .F. ) ;
#5792 = LINE ( 'NONE', #10981, #3458 ) ;
#5793 = COLOUR_RGB ( '',0.2980392156862745100, 0.2980392156862745100, 0.2980392156862745100 ) ;
#5794 = ADVANCED_FACE ( 'NONE', ( #3197 ), #6421, .F. ) ;
#5795 = EDGE_CURVE ( 'NONE', #5734, #6843, #889, .T. ) ;
#5796 = EDGE_CURVE ( 'NONE', #9805, #11136, #1449, .T. ) ;
#5797 = CARTESIAN_POINT ( 'NONE',  ( 2.026342712093334600, 1.291342779347270700, 1.649999999999999900 ) ) ;
#5798 = VECTOR ( 'NONE', #8121, 1000.000000000000000 ) ;
#5799 = AXIS2_PLACEMENT_3D ( 'NONE', #1713, #1828, #7910 ) ;
#5800 = LINE ( 'NONE', #4155, #4961 ) ;
#5801 = MECHANICAL_DESIGN_GEOMETRIC_PRESENTATION_REPRESENTATION (  '', ( #200 ), #9387 ) ;
#5802 = CARTESIAN_POINT ( 'NONE',  ( 2.975150518713304900, 1.625150518713304200, 1.550000000000000000 ) ) ;
#5803 = ORIENTED_EDGE ( 'NONE', *, *, #9006, .T. ) ;
#5804 = FACE_OUTER_BOUND ( 'NONE', #9845, .T. ) ;
#5805 = CARTESIAN_POINT ( 'NONE',  ( 2.651189205294141300, 1.277827233145169700, 1.659999999999999900 ) ) ;
#5806 = CARTESIAN_POINT ( 'NONE',  ( -2.450000000000000200, 0.6999999999999999600, -1.679999999999999900 ) ) ;
#5807 = CARTESIAN_POINT ( 'NONE',  ( 1.996011163706104900, 1.399552707518137100, 1.659999999999999900 ) ) ;
#5808 = CARTESIAN_POINT ( 'NONE',  ( 2.445199244052944200, 1.373851742191424300, 1.649999999999999900 ) ) ;
#5809 = FACE_OUTER_BOUND ( 'NONE', #7084, .T. ) ;
#5810 = CARTESIAN_POINT ( 'NONE',  ( 2.505796662898819500, 1.190939494449978700, 1.649999999999999900 ) ) ;
#5811 =( LENGTH_UNIT ( ) NAMED_UNIT ( * ) SI_UNIT ( .MILLI., .METRE. ) );
#5812 = DIRECTION ( 'NONE',  ( -0.0000000000000000000, -0.0000000000000000000, -1.000000000000000000 ) ) ;
#5813 = UNCERTAINTY_MEASURE_WITH_UNIT (LENGTH_MEASURE( 1.000000000000000100E-005 ), #1544, 'distance_accuracy_value', 'NONE');
#5814 = VERTEX_POINT ( 'NONE', #10773 ) ;
#5815 = LINE ( 'NONE', #10054, #3750 ) ;
#5816 = EDGE_CURVE ( 'NONE', #4082, #1857, #2790, .T. ) ;
#5817 = LINE ( 'NONE', #11237, #7330 ) ;
#5818 = VERTEX_POINT ( 'NONE', #4762 ) ;
#5819 = CARTESIAN_POINT ( 'NONE',  ( 2.256775460647202800, 1.443114356144166400, 1.649999999999999900 ) ) ;
#5820 = VERTEX_POINT ( 'NONE', #8360 ) ;
#5821 = DIRECTION ( 'NONE',  ( -0.0000000000000000000, 1.000000000000000000, -0.0000000000000000000 ) ) ;
#5822 = VECTOR ( 'NONE', #6369, 1000.000000000000200 ) ;
#5823 = PRESENTATION_LAYER_ASSIGNMENT (  '', '', ( #11089 ) ) ;
#5824 = DIRECTION ( 'NONE',  ( -0.0000000000000000000, -0.0000000000000000000, -1.000000000000000000 ) ) ;
#5825 = DIRECTION ( 'NONE',  ( -1.000000000000000000, -0.0000000000000000000, -0.0000000000000000000 ) ) ;
#5826 = LINE ( 'NONE', #459, #9264 ) ;
#5827 = FACE_OUTER_BOUND ( 'NONE', #10118, .T. ) ;
#5828 = CARTESIAN_POINT ( 'NONE',  ( 2.399279604674362500, 1.140186208821061000, 1.659999999999999900 ) ) ;
#5829 = ORIENTED_EDGE ( 'NONE', *, *, #7090, .T. ) ;
#5830 = SURFACE_STYLE_USAGE ( .BOTH. , #635 ) ;
#5831 = ORIENTED_EDGE ( 'NONE', *, *, #8470, .T. ) ;
#5832 = DIRECTION ( 'NONE',  ( 0.0000000000000000000, -0.0000000000000000000, 1.000000000000000000 ) ) ;
#5833 = CARTESIAN_POINT ( 'NONE',  ( 2.293676223485176200, 1.372024388120897300, 1.659999999999999900 ) ) ;
#5834 = EDGE_LOOP ( 'NONE', ( #3484, #2456, #3275, #6822 ) ) ;
#5835 = LINE ( 'NONE', #77, #1210 ) ;
#5836 = VECTOR ( 'NONE', #4895, 1000.000000000000000 ) ;
#5837 = DIRECTION ( 'NONE',  ( -1.000000000000000000, -0.0000000000000000000, -0.0000000000000000000 ) ) ;
#5838 = STYLED_ITEM ( 'NONE', ( #10691 ), #6431 ) ;
#5839 = EDGE_LOOP ( 'NONE', ( #4623, #9429, #4038, #10670 ) ) ;
#5840 = CARTESIAN_POINT ( 'NONE',  ( 2.288872050687554200, 1.189937397056181500, 1.659999999999999900 ) ) ;
#5841 = VECTOR ( 'NONE', #9103, 1000.000000000000000 ) ;
#5842 = CARTESIAN_POINT ( 'NONE',  ( 2.606419030573703800, 1.177794334525313200, 1.659999999999999900 ) ) ;
#5843 = CARTESIAN_POINT ( 'NONE',  ( 2.171597182211291200, 1.476006729408933600, 1.649999999999999900 ) ) ;
#5844 = VERTEX_POINT ( 'NONE', #2241 ) ;
#5845 = CARTESIAN_POINT ( 'NONE',  ( 2.384837612828778900, 1.258374754332191300, 1.659999999999999900 ) ) ;
#5846 = CARTESIAN_POINT ( 'NONE',  ( 2.262080682141720500, 1.201019415288620700, 1.649999999999999900 ) ) ;
#5847 = FACE_OUTER_BOUND ( 'NONE', #6161, .T. ) ;
#5848 = PLANE ( 'NONE',  #4786 ) ;
#5849 = SURFACE_STYLE_USAGE ( .BOTH. , #2288 ) ;
#5850 = ORIENTED_EDGE ( 'NONE', *, *, #131, .F. ) ;
#5851 = EDGE_CURVE ( 'NONE', #2680, #5340, #3190, .T. ) ;
#5852 = DIRECTION ( 'NONE',  ( 1.000000000000000000, 0.0000000000000000000, 0.0000000000000000000 ) ) ;
#5853 = EDGE_CURVE ( 'NONE', #7614, #8205, #6058, .T. ) ;
#5854 = LINE ( 'NONE', #8626, #9948 ) ;
#5855 = PRESENTATION_LAYER_ASSIGNMENT (  '', '', ( #9949 ) ) ;
#5856 = ORIENTED_EDGE ( 'NONE', *, *, #1417, .T. ) ;
#5857 = ADVANCED_FACE ( 'NONE', ( #10572 ), #2355, .F. ) ;
#5858 = CARTESIAN_POINT ( 'NONE',  ( 2.384837612828778900, 1.258374754332191300, 1.659999999999999900 ) ) ;
#5859 = CARTESIAN_POINT ( 'NONE',  ( 2.422268897815973400, 1.162998661246394100, 1.659999999999999900 ) ) ;
#5860 = CARTESIAN_POINT ( 'NONE',  ( 3.235798399904421500, 1.787317624603199400, 0.6476694583933099200 ) ) ;
#5861 = FACE_OUTER_BOUND ( 'NONE', #7259, .T. ) ;
#5862 = DIRECTION ( 'NONE',  ( 0.0000000000000000000, 0.0000000000000000000, 1.000000000000000000 ) ) ;
#5863 = ORIENTED_EDGE ( 'NONE', *, *, #1115, .T. ) ;
#5864 = CARTESIAN_POINT ( 'NONE',  ( 1.925510731083255300, 1.228220309520728200, 1.649999999999999900 ) ) ;
#5865 = VECTOR ( 'NONE', #8596, 1000.000000000000000 ) ;
#5866 = CARTESIAN_POINT ( 'NONE',  ( 2.000929784722163400, 1.179853765286806900, 1.649999999999999900 ) ) ;
#5867 = EDGE_LOOP ( 'NONE', ( #10139, #8355, #9525, #6815 ) ) ;
#5868 = CARTESIAN_POINT ( 'NONE',  ( 2.475350586211529300, 1.260143161497295800, 1.659999999999999900 ) ) ;
#5869 = VERTEX_POINT ( 'NONE', #673 ) ;
#5870 = EDGE_CURVE ( 'NONE', #2452, #5422, #3601, .T. ) ;
#5871 = EDGE_CURVE ( 'NONE', #3351, #9807, #7175, .T. ) ;
#5872 = SURFACE_STYLE_USAGE ( .BOTH. , #11021 ) ;
#5873 = MECHANICAL_DESIGN_GEOMETRIC_PRESENTATION_REPRESENTATION (  '', ( #4026 ), #7652 ) ;
#5874 = CARTESIAN_POINT ( 'NONE',  ( 2.254506004785988200, 1.182333246247737400, 1.649999999999999900 ) ) ;
#5875 = STYLED_ITEM ( 'NONE', ( #6258 ), #10432 ) ;
#5876 = ORIENTED_EDGE ( 'NONE', *, *, #7689, .T. ) ;
#5877 = ORIENTED_EDGE ( 'NONE', *, *, #9615, .T. ) ;
#5878 = VECTOR ( 'NONE', #7115, 1000.000000000000000 ) ;
#5879 = VERTEX_POINT ( 'NONE', #6734 ) ;
#5880 = VERTEX_POINT ( 'NONE', #9326 ) ;
#5881 = CARTESIAN_POINT ( 'NONE',  ( -2.975150518713303600, -1.625150518713304400, -1.550000000000000000 ) ) ;
#5882 = CARTESIAN_POINT ( 'NONE',  ( 2.975150518713304500, -1.723631294014524900, -1.567364817766693000 ) ) ;
#5883 = CARTESIAN_POINT ( 'NONE',  ( 2.762274648694514200, 1.177794334525313200, 1.659999999999999900 ) ) ;
#5884 = ORIENTED_EDGE ( 'NONE', *, *, #10200, .T. ) ;
#5885 = CARTESIAN_POINT ( 'NONE',  ( 2.617884203691399800, 1.360706582266757900, 1.659999999999999900 ) ) ;
#5886 = EDGE_CURVE ( 'NONE', #7545, #9759, #8551, .T. ) ;
#5887 = EDGE_CURVE ( 'NONE', #5844, #5302, #1887, .T. ) ;
#5888 = CARTESIAN_POINT ( 'NONE',  ( 2.262080682141720500, 1.205499380106406000, 1.659999999999999900 ) ) ;
#5889 = CARTESIAN_POINT ( 'NONE',  ( 1.654166119638992300, 1.179034005541532500, 1.659999999999999900 ) ) ;
#5890 = FILL_AREA_STYLE ('',( #4000 ) ) ;
#5891 = DIRECTION ( 'NONE',  ( -0.0000000000000000000, -1.000000000000000000, -0.0000000000000000000 ) ) ;
#5892 = AXIS2_PLACEMENT_3D ( 'NONE', #1260, #431, #3061 ) ;
#5893 = ORIENTED_EDGE ( 'NONE', *, *, #1242, .F. ) ;
#5894 = VERTEX_POINT ( 'NONE', #5843 ) ;
#5895 = PLANE ( 'NONE',  #7247 ) ;
#5896 = PLANE ( 'NONE',  #6390 ) ;
#5897 = FILL_AREA_STYLE_COLOUR ( '', #5541 ) ;
#5898 = CARTESIAN_POINT ( 'NONE',  ( 2.648713435263156100, 1.261734727945336600, 1.659999999999999900 ) ) ;
#5899 = VERTEX_POINT ( 'NONE', #4072 ) ;
#5900 = CARTESIAN_POINT ( 'NONE',  ( 2.042738157176878100, 1.384796813196567600, 1.649999999999999900 ) ) ;
#5901 = EDGE_CURVE ( 'NONE', #5024, #6270, #5094, .T. ) ;
#5902 = CARTESIAN_POINT ( 'NONE',  ( 3.349999999999999200, 1.959562411971219400, -2.981555974335136400E-015 ) ) ;
#5903 = VERTEX_POINT ( 'NONE', #10158 ) ;
#5904 = EDGE_CURVE ( 'NONE', #881, #2478, #5209, .T. ) ;
#5905 = ADVANCED_FACE ( 'NONE', ( #11125 ), #10853, .T. ) ;
#5906 = CARTESIAN_POINT ( 'NONE',  ( 2.408534268836274100, 1.360706582266761400, 1.649999999999999900 ) ) ;
#5907 =( NAMED_UNIT ( * ) SI_UNIT ( $, .STERADIAN. ) SOLID_ANGLE_UNIT ( ) );
#5908 = FACE_OUTER_BOUND ( 'NONE', #6101, .T. ) ;
#5909 =( GEOMETRIC_REPRESENTATION_CONTEXT ( 3 ) GLOBAL_UNCERTAINTY_ASSIGNED_CONTEXT ( ( #4752 ) ) GLOBAL_UNIT_ASSIGNED_CONTEXT ( ( #8948, #5447, #7198 ) ) REPRESENTATION_CONTEXT ( 'NONE', 'WORKASPACE' ) );
#5910 = CARTESIAN_POINT ( 'NONE',  ( 2.583547631242149900, 1.454785843431639600, 1.649999999999999900 ) ) ;
#5911 = CARTESIAN_POINT ( 'NONE',  ( 2.373342966257581600, 1.178030122147011500, 1.649999999999999900 ) ) ;
#5912 = ORIENTED_EDGE ( 'NONE', *, *, #1382, .T. ) ;
#5913 = ORIENTED_EDGE ( 'NONE', *, *, #6436, .F. ) ;
#5914 = ADVANCED_FACE ( 'NONE', ( #8817 ), #7662, .F. ) ;
#5915 = CARTESIAN_POINT ( 'NONE',  ( 1.705811788852312300, 1.438901777282389800, 1.659999999999999900 ) ) ;
#5916 = PLANE ( 'NONE',  #620 ) ;
#5917 = CARTESIAN_POINT ( 'NONE',  ( 2.508537694004202100, 1.419417700136674300, 1.659999999999999900 ) ) ;
#5918 = VERTEX_POINT ( 'NONE', #5883 ) ;
#5919 = ORIENTED_EDGE ( 'NONE', *, *, #3496, .T. ) ;
#5920 = CARTESIAN_POINT ( 'NONE',  ( -1.600000000000000300, -1.399999999999999700, -1.750000000000000000 ) ) ;
#5921 = VECTOR ( 'NONE', #3645, 1000.000000000000000 ) ;
#5922 = CARTESIAN_POINT ( 'NONE',  ( 2.026342712093334600, 1.291342779347270700, 1.659999999999999900 ) ) ;
#5923 = VECTOR ( 'NONE', #1149, 1000.000000000000000 ) ;
#5924 = ORIENTED_EDGE ( 'NONE', *, *, #6919, .F. ) ;
#5925 = FACE_OUTER_BOUND ( 'NONE', #4618, .T. ) ;
#5926 = LINE ( 'NONE', #3757, #1016 ) ;
#5927 = DIRECTION ( 'NONE',  ( -0.9676172723861923300, -0.2524218971878337500, 0.0000000000000000000 ) ) ;
#5928 = FACE_OUTER_BOUND ( 'NONE', #8462, .T. ) ;
#5929 = EDGE_CURVE ( 'NONE', #10217, #8359, #225, .T. ) ;
#5930 = LINE ( 'NONE', #592, #2927 ) ;
#5931 = CARTESIAN_POINT ( 'NONE',  ( 2.652928139005744900, 1.236505452395225900, 1.659999999999999900 ) ) ;
#5932 =( GEOMETRIC_REPRESENTATION_CONTEXT ( 3 ) GLOBAL_UNCERTAINTY_ASSIGNED_CONTEXT ( ( #8499 ) ) GLOBAL_UNIT_ASSIGNED_CONTEXT ( ( #2550, #3474, #11201 ) ) REPRESENTATION_CONTEXT ( 'NONE', 'WORKASPACE' ) );
#5933 = LINE ( 'NONE', #5634, #1581 ) ;
#5934 = LINE ( 'NONE', #4258, #5498 ) ;
#5935 = AXIS2_PLACEMENT_3D ( 'NONE', #1679, #6953, #4276 ) ;
#5936 = ADVANCED_FACE ( 'NONE', ( #4542 ), #7551, .T. ) ;
#5937 = CARTESIAN_POINT ( 'NONE',  ( 2.632414615895120000, 1.194947884022793400, 1.649999999999999900 ) ) ;
#5938 = SURFACE_STYLE_USAGE ( .BOTH. , #9456 ) ;
#5939 = LINE ( 'NONE', #1612, #7055 ) ;
#5940 = PLANE ( 'NONE',  #8955 ) ;
#5941 = CARTESIAN_POINT ( 'NONE',  ( 2.365326187110767800, 1.224480283674417500, 1.649999999999999900 ) ) ;
#5942 = CARTESIAN_POINT ( 'NONE',  ( 1.400000000000000800, 1.500000000000000000, 0.0000000000000000000 ) ) ;
#5943 = EDGE_LOOP ( 'NONE', ( #8487, #9822, #1058, #10729 ) ) ;
#5944 = VECTOR ( 'NONE', #10859, 1000.000000000000000 ) ;
#5945 = LINE ( 'NONE', #3221, #3074 ) ;
#5946 = EDGE_CURVE ( 'NONE', #2194, #9267, #6178, .T. ) ;
#5947 = EDGE_CURVE ( 'NONE', #8087, #398, #10703, .T. ) ;
#5948 = CARTESIAN_POINT ( 'NONE',  ( 2.574705595419001500, 1.293094481667487600, 1.649999999999999900 ) ) ;
#5949 = ORIENTED_EDGE ( 'NONE', *, *, #1291, .F. ) ;
#5950 = MECHANICAL_DESIGN_GEOMETRIC_PRESENTATION_REPRESENTATION (  '', ( #2679 ), #4986 ) ;
#5951 = CARTESIAN_POINT ( 'NONE',  ( 1.400000000000000600, 1.500000000000000000, -1.779999999999999800 ) ) ;
#5952 = CARTESIAN_POINT ( 'NONE',  ( 2.508537694004203900, 1.405034655196515800, 1.659999999999999900 ) ) ;
#5953 = CARTESIAN_POINT ( 'NONE',  ( 2.297095144003749000, 1.198838379785541500, 1.659999999999999900 ) ) ;
#5954 = UNCERTAINTY_MEASURE_WITH_UNIT (LENGTH_MEASURE( 1.000000000000000100E-005 ), #2390, 'distance_accuracy_value', 'NONE');
#5955 = VERTEX_POINT ( 'NONE', #4218 ) ;
#5956 = CYLINDRICAL_SURFACE ( 'NONE', #1974, 0.1000000000000000500 ) ;
#5957 = LINE ( 'NONE', #7231, #4293 ) ;
#5958 = ORIENTED_EDGE ( 'NONE', *, *, #6014, .T. ) ;
#5959 = EDGE_LOOP ( 'NONE', ( #10315, #3137, #7798, #3330, #1653, #6512, #9574, #7706, #3414, #7007, #9724, #8128, #6794, #8397, #9958, #9512, #10768, #4248, #3266, #1360, #1520, #10979, #3071, #1505, #965, #947, #4261, #347, #4360, #7592, #1009, #4302, #5463 ) ) ;
#5960 = SURFACE_SIDE_STYLE ('',( #6637 ) ) ;
#5961 = VERTEX_POINT ( 'NONE', #1583 ) ;
#5962 = CARTESIAN_POINT ( 'NONE',  ( 2.505796662898819500, 1.190939494449978700, 1.659999999999999900 ) ) ;
#5963 = EDGE_CURVE ( 'NONE', #1379, #5899, #10165, .T. ) ;
#5964 = ADVANCED_FACE ( 'NONE', ( #3728 ), #172, .T. ) ;
#5965 = LINE ( 'NONE', #1245, #11281 ) ;
#5966 = VECTOR ( 'NONE', #1228, 1000.000000000000000 ) ;
#5967 = EDGE_LOOP ( 'NONE', ( #4295, #3640, #8368, #6466 ) ) ;
#5968 = CARTESIAN_POINT ( 'NONE',  ( 1.930429352099704200, 1.227400549775460300, 1.659999999999999900 ) ) ;
#5969 = ORIENTED_EDGE ( 'NONE', *, *, #6672, .T. ) ;
#5970 = AXIS2_PLACEMENT_3D ( 'NONE', #7011, #8911, #7190 ) ;
#5971 = CARTESIAN_POINT ( 'NONE',  ( 2.518381827221151800, 1.450541666236338000, 1.649999999999999900 ) ) ;
#5972 = VECTOR ( 'NONE', #1154, 999.9999999999998900 ) ;
#5973 = CARTESIAN_POINT ( 'NONE',  ( 3.650000000000000400, 0.6999999999999999600, -1.679999999999999700 ) ) ;
#5974 = ORIENTED_EDGE ( 'NONE', *, *, #8985, .F. ) ;
#5975 = CARTESIAN_POINT ( 'NONE',  ( -3.950000000000000200, 0.6999999999999999600, -0.3000000000000021000 ) ) ;
#5976 = FACE_OUTER_BOUND ( 'NONE', #9639, .T. ) ;
#5977 = DIRECTION ( 'NONE',  ( -0.0000000000000000000, 1.000000000000000000, -0.0000000000000000000 ) ) ;
#5978 = VERTEX_POINT ( 'NONE', #5988 ) ;
#5979 = CARTESIAN_POINT ( 'NONE',  ( 2.778720835326111200, 1.177794334525313200, 1.659999999999999900 ) ) ;
#5980 = ORIENTED_EDGE ( 'NONE', *, *, #504, .F. ) ;
#5981 = CARTESIAN_POINT ( 'NONE',  ( 2.355511527346536600, 1.175849086643933900, 1.649999999999999900 ) ) ;
#5982 = ORIENTED_EDGE ( 'NONE', *, *, #6143, .F. ) ;
#5983 = DIRECTION ( 'NONE',  ( 1.000000000000000000, 0.0000000000000000000, 0.0000000000000000000 ) ) ;
#5984 = ORIENTED_EDGE ( 'NONE', *, *, #5460, .T. ) ;
#5985 = SURFACE_STYLE_FILL_AREA ( #7983 ) ;
#5986 = ORIENTED_EDGE ( 'NONE', *, *, #8341, .T. ) ;
#5987 = DIRECTION ( 'NONE',  ( -0.3385350343141227400, -0.9409537876760663000, 0.0000000000000000000 ) ) ;
#5988 = CARTESIAN_POINT ( 'NONE',  ( 2.574705595419003200, 1.177794334525313200, 1.649999999999999900 ) ) ;
#5989 = ORIENTED_EDGE ( 'NONE', *, *, #5887, .T. ) ;
#5990 = ADVANCED_FACE ( 'NONE', ( #4001 ), #11223, .F. ) ;
#5991 = DIRECTION ( 'NONE',  ( -1.000000000000000000, -0.0000000000000000000, -0.0000000000000000000 ) ) ;
#5992 = ORIENTED_EDGE ( 'NONE', *, *, #4981, .F. ) ;
#5993 = VERTEX_POINT ( 'NONE', #2573 ) ;
#5994 = CARTESIAN_POINT ( 'NONE',  ( 1.793527426304371500, 1.260191471214383400, 1.649999999999999900 ) ) ;
#5995 = CARTESIAN_POINT ( 'NONE',  ( 2.495893582775650500, 1.451897445062682300, 1.659999999999999900 ) ) ;
#5996 = EDGE_CURVE ( 'NONE', #9374, #4343, #2397, .T. ) ;
#5997 = LINE ( 'NONE', #1397, #1099 ) ;
#5998 = CARTESIAN_POINT ( 'NONE',  ( 2.186481275847953500, 1.476006729408933600, 1.659999999999999900 ) ) ;
#5999 = ORIENTED_EDGE ( 'NONE', *, *, #8374, .T. ) ;
#6000 = ORIENTED_EDGE ( 'NONE', *, *, #3514, .T. ) ;
#6001 = MECHANICAL_DESIGN_GEOMETRIC_PRESENTATION_REPRESENTATION (  '', ( #4816 ), #9026 ) ;
#6002 = AXIS2_PLACEMENT_3D ( 'NONE', #7470, #502, #9260 ) ;
#6003 = VERTEX_POINT ( 'NONE', #6967 ) ;
#6004 = VERTEX_POINT ( 'NONE', #11287 ) ;
#6005 = DIRECTION ( 'NONE',  ( -1.000000000000000000, -0.0000000000000000000, -0.0000000000000000000 ) ) ;
#6006 = EDGE_LOOP ( 'NONE', ( #1704, #6503, #3674, #6563 ) ) ;
#6007 = CARTESIAN_POINT ( 'NONE',  ( 2.077168598107121100, 1.292162570364370700, 1.659999999999999900 ) ) ;
#6008 = DIRECTION ( 'NONE',  ( -0.0000000000000000000, -0.0000000000000000000, -1.000000000000000000 ) ) ;
#6009 = DIRECTION ( 'NONE',  ( 0.3559357243698727000, 0.9345104387417478800, 0.0000000000000000000 ) ) ;
#6010 = DIRECTION ( 'NONE',  ( 1.000000000000000000, -0.0000000000000000000, -0.0000000000000000000 ) ) ;
#6011 = ORIENTED_EDGE ( 'NONE', *, *, #8615, .T. ) ;
#6012 = CARTESIAN_POINT ( 'NONE',  ( 2.363911461379003300, 1.250299028280348100, 1.649999999999999900 ) ) ;
#6013 = EDGE_CURVE ( 'NONE', #10515, #10430, #88, .T. ) ;
#6014 = EDGE_CURVE ( 'NONE', #8045, #2205, #6758, .T. ) ;
#6015 = DIRECTION ( 'NONE',  ( 1.807003620809173900E-016, 0.0000000000000000000, -1.000000000000000000 ) ) ;
#6016 = CARTESIAN_POINT ( 'NONE',  ( 2.975150518713304900, -1.625150518713304200, -1.550000000000000000 ) ) ;
#6017 = PRESENTATION_LAYER_ASSIGNMENT (  '', '', ( #4026 ) ) ;
#6018 = CARTESIAN_POINT ( 'NONE',  ( 2.361406217895695400, 1.425842912835049800, 1.659999999999999900 ) ) ;
#6019 = DIRECTION ( 'NONE',  ( 1.000000000000000000, -0.0000000000000000000, -0.0000000000000000000 ) ) ;
#6020 = PRESENTATION_LAYER_ASSIGNMENT (  '', '', ( #7430 ) ) ;
#6021 = ORIENTED_EDGE ( 'NONE', *, *, #4845, .T. ) ;
#6022 = CARTESIAN_POINT ( 'NONE',  ( 2.734805390735116900, 1.293094481667487600, 1.659999999999999900 ) ) ;
#6023 = ORIENTED_EDGE ( 'NONE', *, *, #10246, .F. ) ;
#6024 = ADVANCED_FACE ( 'NONE', ( #213 ), #223, .F. ) ;
#6025 = B_SPLINE_CURVE_WITH_KNOTS ( 'NONE', 3,
 ( #3722, #1884, #3691, #4602 ),
 .UNSPECIFIED., .F., .F.,
 ( 4, 4 ),
 ( 3.000000000000000000, 4.000000000000000000 ),
 .UNSPECIFIED. ) ;
#6026 = FACE_OUTER_BOUND ( 'NONE', #8575, .T. ) ;
#6027 = CARTESIAN_POINT ( 'NONE',  ( 2.352534708619046000, 1.247233789194329900, 1.659999999999999900 ) ) ;
#6028 = CARTESIAN_POINT ( 'NONE',  ( 2.316252888288814500, 1.476360410842267200, 1.649999999999999900 ) ) ;
#6029 = CARTESIAN_POINT ( 'NONE',  ( 2.292968860619297300, 1.194417361873971300, 1.659999999999999900 ) ) ;
#6030 = VERTEX_POINT ( 'NONE', #3420 ) ;
#6031 =( LENGTH_UNIT ( ) NAMED_UNIT ( * ) SI_UNIT ( .MILLI., .METRE. ) );
#6032 = EDGE_CURVE ( 'NONE', #6727, #1778, #9877, .T. ) ;
#6033 = ORIENTED_EDGE ( 'NONE', *, *, #11230, .T. ) ;
#6034 = DIRECTION ( 'NONE',  ( -0.0000000000000000000, -0.0000000000000000000, -1.000000000000000000 ) ) ;
#6035 = CARTESIAN_POINT ( 'NONE',  ( 1.695974499911667700, 1.123289498511300400, 1.659999999999999900 ) ) ;
#6036 = EDGE_LOOP ( 'NONE', ( #5142, #258, #11180 ) ) ;
#6037 =( GEOMETRIC_REPRESENTATION_CONTEXT ( 3 ) GLOBAL_UNCERTAINTY_ASSIGNED_CONTEXT ( ( #10708 ) ) GLOBAL_UNIT_ASSIGNED_CONTEXT ( ( #559, #3150, #6639 ) ) REPRESENTATION_CONTEXT ( 'NONE', 'WORKASPACE' ) );
#6038 = CARTESIAN_POINT ( 'NONE',  ( 2.342513734685435000, 1.255486355963231400, 1.659999999999999900 ) ) ;
#6039 = DIRECTION ( 'NONE',  ( 0.4630180653866988200, -0.8863488427958592400, 0.0000000000000000000 ) ) ;
#6040 =( LENGTH_UNIT ( ) NAMED_UNIT ( * ) SI_UNIT ( .MILLI., .METRE. ) );
#6041 = CARTESIAN_POINT ( 'NONE',  ( 2.508537694004202100, 1.419417700136674300, 1.659999999999999900 ) ) ;
#6042 = FACE_OUTER_BOUND ( 'NONE', #7142, .T. ) ;
#6043 = CARTESIAN_POINT ( 'NONE',  ( 2.292968860619297300, 1.194417361873971300, 1.659999999999999900 ) ) ;
#6044 = UNCERTAINTY_MEASURE_WITH_UNIT (LENGTH_MEASURE( 1.000000000000000100E-005 ), #9555, 'distance_accuracy_value', 'NONE');
#6045 = DIRECTION ( 'NONE',  ( -0.0000000000000000000, -0.0000000000000000000, -1.000000000000000000 ) ) ;
#6046 = ADVANCED_FACE ( 'NONE', ( #4529, #11113 ), #7078, .F. ) ;
#6047 = EDGE_CURVE ( 'NONE', #4201, #4885, #7309, .T. ) ;
#6048 = ORIENTED_EDGE ( 'NONE', *, *, #9037, .F. ) ;
#6049 = CARTESIAN_POINT ( 'NONE',  ( 1.732044491604669800, 1.123289498511300400, 1.659999999999999900 ) ) ;
#6050 = AXIS2_PLACEMENT_3D ( 'NONE', #6329, #407, #1990 ) ;
#6051 = CARTESIAN_POINT ( 'NONE',  ( 2.362732523269326400, 1.211158283033478200, 1.659999999999999900 ) ) ;
#6052 = ORIENTED_EDGE ( 'NONE', *, *, #10845, .T. ) ;
#6053 = CARTESIAN_POINT ( 'NONE',  ( 0.0000000000000000000, 0.0000000000000000000, 1.659999999999999900 ) ) ;
#6054 = PRESENTATION_STYLE_ASSIGNMENT (( #8935 ) ) ;
#6055 =( LENGTH_UNIT ( ) NAMED_UNIT ( * ) SI_UNIT ( .MILLI., .METRE. ) );
#6056 = LINE ( 'NONE', #10615, #4673 ) ;
#6057 = CARTESIAN_POINT ( 'NONE',  ( 2.445199244052944200, 1.373851742191424300, 1.659999999999999900 ) ) ;
#6058 = LINE ( 'NONE', #4645, #7457 ) ;
#6059 = ORIENTED_EDGE ( 'NONE', *, *, #1530, .F. ) ;
#6060 = EDGE_CURVE ( 'NONE', #5166, #9028, #8804, .T. ) ;
#6061 = PLANE ( 'NONE',  #6907 ) ;
#6062 = DIRECTION ( 'NONE',  ( 0.0000000000000000000, 0.0000000000000000000, -1.000000000000000000 ) ) ;
#6063 = FACE_OUTER_BOUND ( 'NONE', #1921, .T. ) ;
#6064 = DIRECTION ( 'NONE',  ( 0.0000000000000000000, -1.000000000000000000, 0.0000000000000000000 ) ) ;
#6065 = EDGE_CURVE ( 'NONE', #5601, #323, #5085, .T. ) ;
#6066 = AXIS2_PLACEMENT_3D ( 'NONE', #3035, #4728, #5612 ) ;
#6067 = DIRECTION ( 'NONE',  ( -0.0000000000000000000, -0.0000000000000000000, -1.000000000000000000 ) ) ;
#6068 = VECTOR ( 'NONE', #9879, 1000.000000000000000 ) ;
#6069 = DIRECTION ( 'NONE',  ( -0.0000000000000000000, -0.0000000000000000000, -1.000000000000000000 ) ) ;
#6070 = CARTESIAN_POINT ( 'NONE',  ( 2.299158285695976900, 1.190526866111214900, 1.649999999999999900 ) ) ;
#6071 = CARTESIAN_POINT ( 'NONE',  ( 2.254506004785988200, 1.182333246247737400, 1.649999999999999900 ) ) ;
#6072 = LINE ( 'NONE', #7866, #2132 ) ;
#6073 = ORIENTED_EDGE ( 'NONE', *, *, #4434, .T. ) ;
#6074 = FACE_OUTER_BOUND ( 'NONE', #8729, .T. ) ;
#6075 = LINE ( 'NONE', #4793, #9892 ) ;
#6076 = LINE ( 'NONE', #3854, #10998 ) ;
#6077 = ADVANCED_FACE ( 'NONE', ( #10020 ), #7959, .T. ) ;
#6078 = CARTESIAN_POINT ( 'NONE',  ( 2.351296823603557000, 1.231553912334039500, 1.649999999999999900 ) ) ;
#6079 = CARTESIAN_POINT ( 'NONE',  ( 1.699253601437190200, 1.186411905794178700, 1.659999999999999900 ) ) ;
#6080 = EDGE_CURVE ( 'NONE', #9878, #6349, #3863, .T. ) ;
#6081 = DIRECTION ( 'NONE',  ( -0.3658589216693907100, 0.9306703226357390100, 0.0000000000000000000 ) ) ;
#6082 = LINE ( 'NONE', #10224, #2286 ) ;
#6083 = PRESENTATION_LAYER_ASSIGNMENT (  '', '', ( #4909 ) ) ;
#6084 = CARTESIAN_POINT ( 'NONE',  ( 2.232400915226536100, 1.373851742191424300, 1.659999999999999900 ) ) ;
#6085 = PLANE ( 'NONE',  #2483 ) ;
#6086 = EDGE_LOOP ( 'NONE', ( #3010, #9510, #11088, #4257 ) ) ;
#6087 = FACE_OUTER_BOUND ( 'NONE', #4800, .T. ) ;
#6088 = DIRECTION ( 'NONE',  ( -0.0000000000000000000, -0.0000000000000000000, -1.000000000000000000 ) ) ;
#6089 = EDGE_LOOP ( 'NONE', ( #6296, #10195, #3334, #7004 ) ) ;
#6090 = FILL_AREA_STYLE ('',( #5047 ) ) ;
#6091 = VERTEX_POINT ( 'NONE', #893 ) ;
#6092 = CARTESIAN_POINT ( 'NONE',  ( 1.814021717023177400, 1.207726034437838400, 1.659999999999999900 ) ) ;
#6093 = CARTESIAN_POINT ( 'NONE',  ( -3.349999999999999200, -2.000000000000000000, 0.0000000000000000000 ) ) ;
#6094 = CARTESIAN_POINT ( 'NONE',  ( 2.506798760291815100, 1.460739480886619200, 1.659999999999999900 ) ) ;
#6095 = ORIENTED_EDGE ( 'NONE', *, *, #8280, .F. ) ;
#6096 = UNCERTAINTY_MEASURE_WITH_UNIT (LENGTH_MEASURE( 1.000000000000000100E-005 ), #6196, 'distance_accuracy_value', 'NONE');
#6097 = EDGE_CURVE ( 'NONE', #786, #10050, #6188, .T. ) ;
#6098 = EDGE_CURVE ( 'NONE', #8205, #2452, #9348, .T. ) ;
#6099 = VECTOR ( 'NONE', #5648, 1000.000000000000000 ) ;
#6100 = VERTEX_POINT ( 'NONE', #9542 ) ;
#6101 = EDGE_LOOP ( 'NONE', ( #9386, #7560, #7119, #11251 ) ) ;
#6102 = CARTESIAN_POINT ( 'NONE',  ( 2.450000000000000200, 0.6999999999999999600, -1.679999999999999900 ) ) ;
#6103 = PRESENTATION_STYLE_ASSIGNMENT (( #6811 ) ) ;
#6104 = CARTESIAN_POINT ( 'NONE',  ( 1.600000000000001000, 1.399999999999999900, -1.750000000000000000 ) ) ;
#6105 = ORIENTED_EDGE ( 'NONE', *, *, #1968, .T. ) ;
#6106 = ORIENTED_EDGE ( 'NONE', *, *, #10802, .T. ) ;
#6107 = ADVANCED_FACE ( 'NONE', ( #10295 ), #4279, .F. ) ;
#6108 = PLANE ( 'NONE',  #10490 ) ;
#6109 = CARTESIAN_POINT ( 'NONE',  ( 2.652928139005744900, 1.236505452395225900, 1.659999999999999900 ) ) ;
#6110 = LINE ( 'NONE', #4558, #8188 ) ;
#6111 = VECTOR ( 'NONE', #4852, 1000.000000000000000 ) ;
#6112 = CARTESIAN_POINT ( 'NONE',  ( 1.605799583223415500, 1.309377806465408000, 1.659999999999999900 ) ) ;
#6113 = ORIENTED_EDGE ( 'NONE', *, *, #1363, .F. ) ;
#6114 = B_SPLINE_CURVE_WITH_KNOTS ( 'NONE', 3,
 ( #11268, #844, #11240, #6012 ),
 .UNSPECIFIED., .F., .F.,
 ( 4, 4 ),
 ( 11.00000000000000000, 12.00000000000000000 ),
 .UNSPECIFIED. ) ;
#6115 = COLOUR_RGB ( '',0.2980392156862745100, 0.2980392156862745100, 0.2980392156862745100 ) ;
#6116 = EDGE_CURVE ( 'NONE', #3373, #4712, #10503, .T. ) ;
#6117 = VECTOR ( 'NONE', #1209, 1000.000000000000000 ) ;
#6118 = ORIENTED_EDGE ( 'NONE', *, *, #838, .T. ) ;
#6119 = DIRECTION ( 'NONE',  ( -0.0000000000000000000, -0.0000000000000000000, -1.000000000000000000 ) ) ;
#6120 = CARTESIAN_POINT ( 'NONE',  ( 2.186481275847957000, 1.229726558263511300, 1.659999999999999900 ) ) ;
#6121 = LINE ( 'NONE', #10048, #5014 ) ;
#6122 = FACE_OUTER_BOUND ( 'NONE', #1493, .T. ) ;
#6123 = AXIS2_PLACEMENT_3D ( 'NONE', #3668, #9778, #1856 ) ;
#6124 = ORIENTED_EDGE ( 'NONE', *, *, #915, .F. ) ;
#6125 = DIRECTION ( 'NONE',  ( 0.0000000000000000000, 0.0000000000000000000, -1.000000000000000000 ) ) ;
#6126 = CARTESIAN_POINT ( 'NONE',  ( 2.027162503110828200, 1.192970140117051600, 1.649999999999999900 ) ) ;
#6127 = CARTESIAN_POINT ( 'NONE',  ( 1.605799583223415500, 1.309377806465408000, 1.649999999999999900 ) ) ;
#6128 = ORIENTED_EDGE ( 'NONE', *, *, #71, .F. ) ;
#6129 = CARTESIAN_POINT ( 'NONE',  ( 2.262080682141720500, 1.201019415288620700, 1.649999999999999900 ) ) ;
#6130 = ORIENTED_EDGE ( 'NONE', *, *, #3643, .T. ) ;
#6131 = LINE ( 'NONE', #4386, #1519 ) ;
#6132 = ORIENTED_EDGE ( 'NONE', *, *, #6686, .T. ) ;
#6133 = ORIENTED_EDGE ( 'NONE', *, *, #719, .F. ) ;
#6134 = EDGE_LOOP ( 'NONE', ( #5506, #1101, #1781, #3690 ) ) ;
#6135 = ADVANCED_FACE ( 'NONE', ( #6892 ), #5051, .T. ) ;
#6136 = ORIENTED_EDGE ( 'NONE', *, *, #8389, .F. ) ;
#6137 = ORIENTED_EDGE ( 'NONE', *, *, #2038, .T. ) ;
#6138 = DIRECTION ( 'NONE',  ( -0.3416038306815736800, 0.9398440417769720100, 0.0000000000000000000 ) ) ;
#6139 = ORIENTED_EDGE ( 'NONE', *, *, #8322, .T. ) ;
#6140 =( LENGTH_UNIT ( ) NAMED_UNIT ( * ) SI_UNIT ( .MILLI., .METRE. ) );
#6141 = CARTESIAN_POINT ( 'NONE',  ( 1.566450490004893200, 1.242976203841510600, 1.659999999999999900 ) ) ;
#6142 = CARTESIAN_POINT ( 'NONE',  ( -3.251519224698778300, -2.000000000000000000, 0.0000000000000000000 ) ) ;
#6143 = EDGE_CURVE ( 'NONE', #308, #1546, #2257, .T. ) ;
#6144 = ORIENTED_EDGE ( 'NONE', *, *, #934, .T. ) ;
#6145 = CARTESIAN_POINT ( 'NONE',  ( 2.351296823603557000, 1.231553912334039500, 1.659999999999999900 ) ) ;
#6146 = VECTOR ( 'NONE', #5987, 1000.000000000000200 ) ;
#6147 = DIRECTION ( 'NONE',  ( 0.3658589216693907700, -0.9306703226357390100, -0.0000000000000000000 ) ) ;
#6148 = CARTESIAN_POINT ( 'NONE',  ( 2.313600277541560900, 1.230787602561944600, 1.649999999999999900 ) ) ;
#6149 = FILL_AREA_STYLE ('',( #10581 ) ) ;
#6150 = DIRECTION ( 'NONE',  ( -0.0000000000000000000, -0.0000000000000000000, -1.000000000000000000 ) ) ;
#6151 = UNCERTAINTY_MEASURE_WITH_UNIT (LENGTH_MEASURE( 1.000000000000000100E-005 ), #10444, 'distance_accuracy_value', 'NONE');
#6152 = ORIENTED_EDGE ( 'NONE', *, *, #5424, .F. ) ;
#6153 = EDGE_LOOP ( 'NONE', ( #6293, #2999, #2380, #8829 ) ) ;
#6154 = EDGE_CURVE ( 'NONE', #1778, #4484, #1306, .T. ) ;
#6155 = EDGE_CURVE ( 'NONE', #4229, #1050, #9698, .T. ) ;
#6156 = CARTESIAN_POINT ( 'NONE',  ( 2.365326187110767800, 1.175849086643933900, 1.649999999999999900 ) ) ;
#6157 = DIRECTION ( 'NONE',  ( 1.000000000000000000, 0.0000000000000000000, 0.0000000000000000000 ) ) ;
#6158 =( GEOMETRIC_REPRESENTATION_CONTEXT ( 3 ) GLOBAL_UNCERTAINTY_ASSIGNED_CONTEXT ( ( #50 ) ) GLOBAL_UNIT_ASSIGNED_CONTEXT ( ( #584, #4884, #10238 ) ) REPRESENTATION_CONTEXT ( 'NONE', 'WORKASPACE' ) );
#6159 = CARTESIAN_POINT ( 'NONE',  ( 1.814021717023177400, 1.205266723929413000, 1.659999999999999900 ) ) ;
#6160 = CARTESIAN_POINT ( 'NONE',  ( 1.814021717023177400, 1.205266723929413000, 1.649999999999999900 ) ) ;
#6161 = EDGE_LOOP ( 'NONE', ( #2509, #10779, #5984, #2034 ) ) ;
#6162 = AXIS2_PLACEMENT_3D ( 'NONE', #6573, #8310, #8349 ) ;
#6163 = VERTEX_POINT ( 'NONE', #29 ) ;
#6164 = CARTESIAN_POINT ( 'NONE',  ( 2.323444410758892100, 1.457674241801383900, 1.659999999999999900 ) ) ;
#6165 = LINE ( 'NONE', #4464, #3707 ) ;
#6166 = DIRECTION ( 'NONE',  ( 0.0000000000000000000, -1.000000000000000000, -0.0000000000000000000 ) ) ;
#6167 = DIRECTION ( 'NONE',  ( -0.0000000000000000000, -0.0000000000000000000, -1.000000000000000000 ) ) ;
#6168 = DIRECTION ( 'NONE',  ( -1.000000000000000000, 0.0000000000000000000, -0.0000000000000000000 ) ) ;
#6169 = ORIENTED_EDGE ( 'NONE', *, *, #7182, .F. ) ;
#6170 = CARTESIAN_POINT ( 'NONE',  ( 2.505796662898825300, 1.242930665093601600, 1.659999999999999900 ) ) ;
#6171 = DIRECTION ( 'NONE',  ( -0.0000000000000000000, -0.0000000000000000000, 1.000000000000000000 ) ) ;
#6172 = EDGE_CURVE ( 'NONE', #6808, #9785, #1975, .T. ) ;
#6173 = CARTESIAN_POINT ( 'NONE',  ( -2.975150518713303600, -1.625150518713304200, -1.550000000000000000 ) ) ;
#6174 = ORIENTED_EDGE ( 'NONE', *, *, #9054, .F. ) ;
#6175 = CARTESIAN_POINT ( 'NONE',  ( 2.283832090268234100, 1.262029462473246700, 1.649999999999999900 ) ) ;
#6176 = CARTESIAN_POINT ( 'NONE',  ( 2.282476311441892200, 1.250299028280348100, 1.649999999999999900 ) ) ;
#6177 = PLANE ( 'NONE',  #1010 ) ;
#6178 = B_SPLINE_CURVE_WITH_KNOTS ( 'NONE', 3,
 ( #8572, #4181, #6806, #3460 ),
 .UNSPECIFIED., .F., .F.,
 ( 4, 4 ),
 ( 3.000000000000000000, 4.000000000000000000 ),
 .UNSPECIFIED. ) ;
#6179 = LINE ( 'NONE', #3329, #6331 ) ;
#6180 = EDGE_LOOP ( 'NONE', ( #9392, #10864, #9152, #6538 ) ) ;
#6181 = VECTOR ( 'NONE', #2486, 1000.000000000000000 ) ;
#6182 = STYLED_ITEM ( 'NONE', ( #669 ), #4456 ) ;
#6183 = CARTESIAN_POINT ( 'NONE',  ( 1.746800385925452600, 1.424965650524830000, 1.659999999999999900 ) ) ;
#6184 = CARTESIAN_POINT ( 'NONE',  ( 2.652928139005744900, 1.250888497335386000, 1.659999999999999900 ) ) ;
#6185 = ORIENTED_EDGE ( 'NONE', *, *, #3925, .F. ) ;
#6186 = ADVANCED_FACE ( 'NONE', ( #3586 ), #7859, .T. ) ;
#6187 = CARTESIAN_POINT ( 'NONE',  ( 2.346522124259034800, 1.476006729408933600, 1.659999999999999900 ) ) ;
#6188 = LINE ( 'NONE', #73, #5923 ) ;
#6189 = ORIENTED_EDGE ( 'NONE', *, *, #4768, .T. ) ;
#6190 = VECTOR ( 'NONE', #956, 1000.000000000000000 ) ;
#6191 = B_SPLINE_SURFACE_WITH_KNOTS ( 'NONE', 3, 1, ( 
 ( #10959, #1364 ),
 ( #7582, #4873 ),
 ( #10991, #5761 ),
 ( #4024, #8357 ) ),
 .UNSPECIFIED., .F., .F., .F.,
 ( 4, 4 ),
 ( 2, 2 ),
 ( 9.000000000000000000, 10.00000000000000000 ),
 ( 0.0000000000000000000, 1.000000000000000000 ),
 .UNSPECIFIED. ) ;
#6192 = CARTESIAN_POINT ( 'NONE',  ( 2.435738265721259800, 1.191470016598803200, 1.659999999999999900 ) ) ;
#6193 = CARTESIAN_POINT ( 'NONE',  ( 2.508537694004202100, 1.419417700136674300, 1.649999999999999900 ) ) ;
#6194 = CARTESIAN_POINT ( 'NONE',  ( 2.299158285695976900, 1.211217229938904100, 1.649999999999999900 ) ) ;
#6195 = CARTESIAN_POINT ( 'NONE',  ( 2.430315150415886200, 1.476006729408933600, 1.659999999999999900 ) ) ;
#6196 =( LENGTH_UNIT ( ) NAMED_UNIT ( * ) SI_UNIT ( .MILLI., .METRE. ) );
#6197 = CARTESIAN_POINT ( 'NONE',  ( 2.315191843989992100, 1.462272100429235400, 1.649999999999999900 ) ) ;
#6198 = FACE_OUTER_BOUND ( 'NONE', #11020, .T. ) ;
#6199 = VECTOR ( 'NONE', #10967, 1000.000000000000000 ) ;
#6200 = CARTESIAN_POINT ( 'NONE',  ( 2.365326187110767800, 1.262029462473246700, 1.649999999999999900 ) ) ;
#6201 = SURFACE_STYLE_FILL_AREA ( #5513 ) ;
#6202 = PLANE ( 'NONE',  #10169 ) ;
#6203 = EDGE_CURVE ( 'NONE', #6280, #10085, #9066, .T. ) ;
#6204 = DIRECTION ( 'NONE',  ( 1.000000000000000000, 0.0000000000000000000, 0.0000000000000000000 ) ) ;
#6205 = CARTESIAN_POINT ( 'NONE',  ( 2.264851186699830900, 1.451720604346405500, 1.649999999999999900 ) ) ;
#6206 = CARTESIAN_POINT ( 'NONE',  ( 1.741881764909005000, 1.474971757247668400, 1.659999999999999900 ) ) ;
#6207 = EDGE_CURVE ( 'NONE', #2523, #3007, #79, .T. ) ;
#6208 = ORIENTED_EDGE ( 'NONE', *, *, #5078, .T. ) ;
#6209 = SURFACE_STYLE_FILL_AREA ( #8179 ) ;
#6210 = LINE ( 'NONE', #4260, #4282 ) ;
#6211 = CARTESIAN_POINT ( 'NONE',  ( 2.463207523680653700, 1.476006729408933600, 1.649999999999999900 ) ) ;
#6212 = COLOUR_RGB ( '',0.2980392156862745100, 0.2980392156862745100, 0.2980392156862745100 ) ;
#6213 = STYLED_ITEM ( 'NONE', ( #9468 ), #7939 ) ;
#6214 = ORIENTED_EDGE ( 'NONE', *, *, #8741, .F. ) ;
#6215 = PLANE ( 'NONE',  #46 ) ;
#6216 =( NAMED_UNIT ( * ) PLANE_ANGLE_UNIT ( ) SI_UNIT ( $, .RADIAN. ) );
#6217 =( NAMED_UNIT ( * ) PLANE_ANGLE_UNIT ( ) SI_UNIT ( $, .RADIAN. ) );
#6218 = EDGE_LOOP ( 'NONE', ( #4500, #2959, #10463, #6189 ) ) ;
#6219 = CARTESIAN_POINT ( 'NONE',  ( 2.384837612828778900, 1.244345390825370300, 1.649999999999999900 ) ) ;
#6220 = SURFACE_STYLE_FILL_AREA ( #6764 ) ;
#6221 = CYLINDRICAL_SURFACE ( 'NONE', #6875, 0.1000000000000001700 ) ;
#6222 = CYLINDRICAL_SURFACE ( 'NONE', #5892, 0.1000000000000000500 ) ;
#6223 = DIRECTION ( 'NONE',  ( 1.000000000000000000, 0.0000000000000000000, -2.168404344971008100E-015 ) ) ;
#6224 = SURFACE_STYLE_FILL_AREA ( #10339 ) ;
#6225 = VERTEX_POINT ( 'NONE', #2564 ) ;
#6226 = CARTESIAN_POINT ( 'NONE',  ( 2.247432376126760700, 1.215225619512504400, 1.649999999999999900 ) ) ;
#6227 = EDGE_CURVE ( 'NONE', #2103, #80, #6179, .T. ) ;
#6228 = EDGE_CURVE ( 'NONE', #2059, #7915, #4120, .T. ) ;
#6229 = CARTESIAN_POINT ( 'NONE',  ( 2.232400915226536100, 1.360706582266758800, 1.649999999999999900 ) ) ;
#6230 = ORIENTED_EDGE ( 'NONE', *, *, #4063, .F. ) ;
#6231 =( GEOMETRIC_REPRESENTATION_CONTEXT ( 3 ) GLOBAL_UNCERTAINTY_ASSIGNED_CONTEXT ( ( #4607 ) ) GLOBAL_UNIT_ASSIGNED_CONTEXT ( ( #1355, #3228, #6572 ) ) REPRESENTATION_CONTEXT ( 'NONE', 'WORKASPACE' ) );
#6232 = CARTESIAN_POINT ( 'NONE',  ( 2.363911461379003300, 1.250299028280348100, 1.659999999999999900 ) ) ;
#6233 = EDGE_LOOP ( 'NONE', ( #10478, #6446, #577, #3102 ) ) ;
#6234 = MECHANICAL_DESIGN_GEOMETRIC_PRESENTATION_REPRESENTATION (  '', ( #5875 ), #9966 ) ;
#6235 = PLANE ( 'NONE',  #10652 ) ;
#6236 = LINE ( 'NONE', #5500, #1881 ) ;
#6237 = LINE ( 'NONE', #4090, #2705 ) ;
#6238 = SURFACE_SIDE_STYLE ('',( #2849 ) ) ;
#6239 = ORIENTED_EDGE ( 'NONE', *, *, #5546, .T. ) ;
#6240 = ORIENTED_EDGE ( 'NONE', *, *, #7825, .T. ) ;
#6241 = CARTESIAN_POINT ( 'NONE',  ( 2.475350586211529300, 1.260143161497295800, 1.649999999999999900 ) ) ;
#6242 = CARTESIAN_POINT ( 'NONE',  ( 2.171597182211291200, 1.476006729408933600, 1.649999999999999900 ) ) ;
#6243 = LINE ( 'NONE', #3093, #2176 ) ;
#6244 = PRESENTATION_STYLE_ASSIGNMENT (( #6292 ) ) ;
#6245 = ORIENTED_EDGE ( 'NONE', *, *, #11258, .T. ) ;
#6246 = EDGE_CURVE ( 'NONE', #4963, #3036, #8274, .T. ) ;
#6247 = CARTESIAN_POINT ( 'NONE',  ( 2.342513734685435000, 1.255486355963231400, 1.649999999999999900 ) ) ;
#6248 = FACE_BOUND ( 'NONE', #8766, .T. ) ;
#6249 = ADVANCED_FACE ( 'NONE', ( #6457 ), #2029, .F. ) ;
#6250 = DIRECTION ( 'NONE',  ( -0.0000000000000000000, 1.000000000000000000, -0.0000000000000000000 ) ) ;
#6252 = ORIENTED_EDGE ( 'NONE', *, *, #2409, .F. ) ;
#6251 = B_SPLINE_CURVE_WITH_KNOTS ( 'NONE', 3,
 ( #869, #6184, #2662, #7050 ),
 .UNSPECIFIED., .F., .F.,
 ( 4, 4 ),
 ( 4.000000000000000000, 5.000000000000000000 ),
 .UNSPECIFIED. ) ;
#6253 = ORIENTED_EDGE ( 'NONE', *, *, #3067, .T. ) ;
#6254 = CARTESIAN_POINT ( 'NONE',  ( 2.975150518713304500, -1.625150518713304200, -1.550000000000000000 ) ) ;
#6255 = B_SPLINE_SURFACE_WITH_KNOTS ( 'NONE', 3, 1, ( 
 ( #480, #9233 ),
 ( #5746, #10943 ),
 ( #5581, #10022 ),
 ( #3040, #6595 ) ),
 .UNSPECIFIED., .F., .F., .F.,
 ( 4, 4 ),
 ( 2, 2 ),
 ( 3.000000000000000000, 4.000000000000000000 ),
 ( 0.0000000000000000000, 1.000000000000000000 ),
 .UNSPECIFIED. ) ;
#6256 = STYLED_ITEM ( 'NONE', ( #7738 ), #3604 ) ;
#6257 = CARTESIAN_POINT ( 'NONE',  ( 2.255478628726285400, 1.240337001251763800, 1.649999999999999900 ) ) ;
#6258 = PRESENTATION_STYLE_ASSIGNMENT (( #4494 ) ) ;
#6259 = ORIENTED_EDGE ( 'NONE', *, *, #2392, .F. ) ;
#6260 = CARTESIAN_POINT ( 'NONE',  ( 2.251912340944150600, 1.374500158151882500, 1.649999999999999900 ) ) ;
#6261 = CARTESIAN_POINT ( 'NONE',  ( 1.714009495758367600, 1.236418032062303100, 1.649999999999999900 ) ) ;
#6262 = CARTESIAN_POINT ( 'NONE',  ( 2.651189205294141300, 1.193945786629788500, 1.659999999999999900 ) ) ;
#6263 = B_SPLINE_CURVE_WITH_KNOTS ( 'NONE', 3,
 ( #2143, #482, #8303, #8340 ),
 .UNSPECIFIED., .F., .F.,
 ( 4, 4 ),
 ( 5.000000000000000000, 6.000000000000000000 ),
 .UNSPECIFIED. ) ;
#6264 = LINE ( 'NONE', #1907, #7796 ) ;
#6265 = CARTESIAN_POINT ( 'NONE',  ( 2.355452580440715600, 1.249296930886552500, 1.649999999999999900 ) ) ;
#6266 = ORIENTED_EDGE ( 'NONE', *, *, #10263, .F. ) ;
#6267 = EDGE_CURVE ( 'NONE', #3294, #5955, #2904, .T. ) ;
#6268 = EDGE_LOOP ( 'NONE', ( #7260, #3940, #167, #10897, #7817, #931, #1950, #5257, #4312, #8268, #4086, #1135 ) ) ;
#6269 = EDGE_CURVE ( 'NONE', #6887, #8352, #1829, .T. ) ;
#6270 = VERTEX_POINT ( 'NONE', #3794 ) ;
#6271 = CARTESIAN_POINT ( 'NONE',  ( -2.975150518713303600, -1.625150518713304200, 1.550000000000000000 ) ) ;
#6272 = DIRECTION ( 'NONE',  ( -1.000000000000000000, 0.0000000000000000000, -0.0000000000000000000 ) ) ;
#6273 = ORIENTED_EDGE ( 'NONE', *, *, #3682, .F. ) ;
#6274 = CARTESIAN_POINT ( 'NONE',  ( 2.726346509796437000, 1.278357755293995100, 1.659999999999999900 ) ) ;
#6275 = AXIS2_PLACEMENT_3D ( 'NONE', #1108, #9681, #5372 ) ;
#6276 = CARTESIAN_POINT ( 'NONE',  ( 3.750000000000000400, 0.6999999999999999600, -1.579999999999999800 ) ) ;
#6277 = CARTESIAN_POINT ( 'NONE',  ( 2.333259070523130400, 1.237920178126990400, 1.649999999999999900 ) ) ;
#6278 = ORIENTED_EDGE ( 'NONE', *, *, #10186, .T. ) ;
#6279 = CARTESIAN_POINT ( 'NONE',  ( 1.554153906192529600, 1.307738224431207900, 1.659999999999999900 ) ) ;
#6280 = VERTEX_POINT ( 'NONE', #3712 ) ;
#6281 = SURFACE_STYLE_FILL_AREA ( #566 ) ;
#6282 = VERTEX_POINT ( 'NONE', #2646 ) ;
#6283 = ORIENTED_EDGE ( 'NONE', *, *, #6666, .F. ) ;
#6284 = CARTESIAN_POINT ( 'NONE',  ( 1.400000000000000800, -1.500000000000000000, -1.750000000000000000 ) ) ;
#6285 = CARTESIAN_POINT ( 'NONE',  ( 2.000929784722163400, 1.179853765286806900, 1.649999999999999900 ) ) ;
#6286 = CARTESIAN_POINT ( 'NONE',  ( -2.975150518713303600, 1.625150518713304200, -1.550000000000000000 ) ) ;
#6287 = ORIENTED_EDGE ( 'NONE', *, *, #1272, .F. ) ;
#6288 = EDGE_CURVE ( 'NONE', #4543, #8352, #7155, .T. ) ;
#6289 = FACE_OUTER_BOUND ( 'NONE', #10053, .T. ) ;
#6290 = DIRECTION ( 'NONE',  ( -0.0000000000000000000, -0.0000000000000000000, -1.000000000000000000 ) ) ;
#6291 = CARTESIAN_POINT ( 'NONE',  ( 2.373961908765329600, 1.201962565776993200, 1.659999999999999900 ) ) ;
#6292 = SURFACE_STYLE_USAGE ( .BOTH. , #5346 ) ;
#6293 = ORIENTED_EDGE ( 'NONE', *, *, #986, .T. ) ;
#6294 = CARTESIAN_POINT ( 'NONE',  ( 2.336353783061466700, 1.251065338051656100, 1.649999999999999900 ) ) ;
#6295 =( LENGTH_UNIT ( ) NAMED_UNIT ( * ) SI_UNIT ( .MILLI., .METRE. ) );
#6296 = ORIENTED_EDGE ( 'NONE', *, *, #8545, .T. ) ;
#6297 = CARTESIAN_POINT ( 'NONE',  ( 2.402639578287098400, 1.412638806004960600, 1.659999999999999900 ) ) ;
#6298 = SURFACE_STYLE_FILL_AREA ( #7394 ) ;
#6299 = CARTESIAN_POINT ( 'NONE',  ( -3.750000000000000400, 0.6999999999999999600, -1.579999999999999800 ) ) ;
#6300 = CARTESIAN_POINT ( 'NONE',  ( -1.600000000000000300, 0.0000000000000000000, -1.750000000000000000 ) ) ;
#6301 = EDGE_CURVE ( 'NONE', #2431, #1465, #1015, .T. ) ;
#6302 = EDGE_CURVE ( 'NONE', #6846, #3974, #3992, .T. ) ;
#6303 = CARTESIAN_POINT ( 'NONE',  ( 3.950000000000000200, -0.6999999999999999600, -0.3000000000000021000 ) ) ;
#6304 = AXIS2_PLACEMENT_3D ( 'NONE', #6687, #3985, #8519 ) ;
#6305 = UNCERTAINTY_MEASURE_WITH_UNIT (LENGTH_MEASURE( 1.000000000000000100E-005 ), #2131, 'distance_accuracy_value', 'NONE');
#6306 = ORIENTED_EDGE ( 'NONE', *, *, #11070, .F. ) ;
#6307 = CARTESIAN_POINT ( 'NONE',  ( 2.292968860619297300, 1.194417361873971300, 1.649999999999999900 ) ) ;
#6308 = VERTEX_POINT ( 'NONE', #9044 ) ;
#6309 = CARTESIAN_POINT ( 'NONE',  ( 1.605799583223415500, 1.309377806465408000, 1.649999999999999900 ) ) ;
#6310 = ADVANCED_FACE ( 'NONE', ( #5210 ), #6746, .T. ) ;
#6311 = DIRECTION ( 'NONE',  ( 0.1710878697460358800, 0.1710878697460358800, -0.9702875252478138100 ) ) ;
#6312 = VECTOR ( 'NONE', #6709, 1000.000000000000000 ) ;
#6313 = DIRECTION ( 'NONE',  ( -0.1710878697460357900, 0.1710878697460358200, 0.9702875252478137000 ) ) ;
#6314 = ORIENTED_EDGE ( 'NONE', *, *, #7093, .T. ) ;
#6315 = DIRECTION ( 'NONE',  ( -0.0000000000000000000, -0.0000000000000000000, -1.000000000000000000 ) ) ;
#6316 = CARTESIAN_POINT ( 'NONE',  ( 1.568090034904380700, 1.376599090654987000, 1.659999999999999900 ) ) ;
#6317 = VERTEX_POINT ( 'NONE', #3526 ) ;
#6318 = CARTESIAN_POINT ( 'NONE',  ( 2.651189205294141300, 1.277827233145169700, 1.649999999999999900 ) ) ;
#6319 = EDGE_CURVE ( 'NONE', #2394, #8061, #942, .T. ) ;
#6320 = EDGE_CURVE ( 'NONE', #1533, #8542, #10651, .T. ) ;
#6321 = CARTESIAN_POINT ( 'NONE',  ( 1.951743449471527100, 1.464314716379716300, 1.659999999999999900 ) ) ;
#6322 = FACE_OUTER_BOUND ( 'NONE', #8752, .T. ) ;
#6323 = AXIS2_PLACEMENT_3D ( 'NONE', #8683, #7743, #713 ) ;
#6324 = CARTESIAN_POINT ( 'NONE',  ( 2.293086754430535600, 1.180741679799696800, 1.659999999999999900 ) ) ;
#6325 = DIRECTION ( 'NONE',  ( -0.8863488427958592400, -0.4630180653866988200, 0.0000000000000000000 ) ) ;
#6326 = CARTESIAN_POINT ( 'NONE',  ( 2.373961908765329600, 1.198779432880120500, 1.649999999999999900 ) ) ;
#6327 = EDGE_LOOP ( 'NONE', ( #6139, #8923, #5520, #8628 ) ) ;
#6328 = ORIENTED_EDGE ( 'NONE', *, *, #2504, .F. ) ;
#6329 = CARTESIAN_POINT ( 'NONE',  ( 2.233609326788925200, 1.190939494449978000, 1.659999999999999900 ) ) ;
#6330 = B_SPLINE_CURVE_WITH_KNOTS ( 'NONE', 3,
 ( #1165, #10812, #4799, #5563 ),
 .UNSPECIFIED., .F., .F.,
 ( 4, 4 ),
 ( 1.000000000000000000, 2.000000000000000000 ),
 .UNSPECIFIED. ) ;
#6331 = VECTOR ( 'NONE', #810, 1000.000000000000000 ) ;
#6332 = ORIENTED_EDGE ( 'NONE', *, *, #5652, .T. ) ;
#6333 = DIRECTION ( 'NONE',  ( 0.0000000000000000000, 0.0000000000000000000, -1.000000000000000000 ) ) ;
#6334 = DIRECTION ( 'NONE',  ( 6.505213034913023400E-015, 0.0000000000000000000, -1.000000000000000000 ) ) ;
#6335 = EDGE_CURVE ( 'NONE', #8184, #7614, #7984, .T. ) ;
#6336 = DIRECTION ( 'NONE',  ( 1.000000000000000000, -0.0000000000000000000, -0.0000000000000000000 ) ) ;
#6337 = FILL_AREA_STYLE_COLOUR ( '', #6485 ) ;
#6338 = COLOUR_RGB ( '',0.2980392156862745100, 0.2980392156862745100, 0.2980392156862745100 ) ;
#6339 = DIRECTION ( 'NONE',  ( -0.0000000000000000000, -0.0000000000000000000, -1.000000000000000000 ) ) ;
#6340 = ORIENTED_EDGE ( 'NONE', *, *, #8742, .T. ) ;
#6341 = VECTOR ( 'NONE', #6034, 1000.000000000000000 ) ;
#6342 = CARTESIAN_POINT ( 'NONE',  ( 1.654985918474443800, 1.233958752826503000, 1.649999999999999900 ) ) ;
#6343 = DIRECTION ( 'NONE',  ( 1.000000000000000000, 0.0000000000000000000, 0.0000000000000000000 ) ) ;
#6344 = CARTESIAN_POINT ( 'NONE',  ( 2.254506004785988200, 1.182333246247737400, 1.649999999999999900 ) ) ;
#6345 = FACE_OUTER_BOUND ( 'NONE', #4560, .T. ) ;
#6346 = FACE_OUTER_BOUND ( 'NONE', #6456, .T. ) ;
#6347 = B_SPLINE_SURFACE_WITH_KNOTS ( 'NONE', 3, 1, ( 
 ( #9671, #1937 ),
 ( #7903, #4495 ),
 ( #1785, #1895 ),
 ( #5362, #8059 ) ),
 .UNSPECIFIED., .F., .F., .F.,
 ( 4, 4 ),
 ( 2, 2 ),
 ( 4.000000000000000000, 5.000000000000000000 ),
 ( 0.0000000000000000000, 1.000000000000000000 ),
 .UNSPECIFIED. ) ;
#6348 = CARTESIAN_POINT ( 'NONE',  ( 2.274990054444293800, 1.358761334385384800, 1.649999999999999900 ) ) ;
#6349 = VERTEX_POINT ( 'NONE', #251 ) ;
#6350 = FACE_OUTER_BOUND ( 'NONE', #10661, .T. ) ;
#6351 = LINE ( 'NONE', #319, #2135 ) ;
#6352 = CARTESIAN_POINT ( 'NONE',  ( 1.789428549397271500, 1.457756540691922400, 1.649999999999999900 ) ) ;
#6353 = ORIENTED_EDGE ( 'NONE', *, *, #6938, .F. ) ;
#6354 = CARTESIAN_POINT ( 'NONE',  ( 2.315015003273321900, 1.374618051962732500, 1.649999999999999900 ) ) ;
#6355 = CARTESIAN_POINT ( 'NONE',  ( 2.262080682141720500, 1.205499380106406000, 1.659999999999999900 ) ) ;
#6356 = DIRECTION ( 'NONE',  ( -0.0000000000000000000, 1.000000000000000000, -0.0000000000000000000 ) ) ;
#6357 = ORIENTED_EDGE ( 'NONE', *, *, #10329, .F. ) ;
#6358 = COLOUR_RGB ( '',0.6666666666666666300, 0.6666666666666666300, 0.6666666666666666300 ) ;
#6359 = CARTESIAN_POINT ( 'NONE',  ( 2.266265912431597100, 1.191411069693372600, 1.649999999999999900 ) ) ;
#6360 = CARTESIAN_POINT ( 'NONE',  ( 2.293086754430535600, 1.180741679799696800, 1.649999999999999900 ) ) ;
#6361 = ORIENTED_EDGE ( 'NONE', *, *, #3043, .T. ) ;
#6362 = ADVANCED_FACE ( 'NONE', ( #9338 ), #10751, .F. ) ;
#6363 = ORIENTED_EDGE ( 'NONE', *, *, #5673, .T. ) ;
#6364 = CARTESIAN_POINT ( 'NONE',  ( -3.349999999999999200, -2.000000000000000000, 0.0000000000000000000 ) ) ;
#6365 = EDGE_CURVE ( 'NONE', #7764, #6552, #7027, .T. ) ;
#6366 =( NAMED_UNIT ( * ) SI_UNIT ( $, .STERADIAN. ) SOLID_ANGLE_UNIT ( ) );
#6367 = CARTESIAN_POINT ( 'NONE',  ( -1.600000000000000300, 1.399999999999999900, -1.649999999999999900 ) ) ;
#6368 = B_SPLINE_CURVE_WITH_KNOTS ( 'NONE', 3,
 ( #171, #6285, #5371, #7172 ),
 .UNSPECIFIED., .F., .F.,
 ( 4, 4 ),
 ( 33.00000000000000000, 34.00000000000000000 ),
 .UNSPECIFIED. ) ;
#6369 = DIRECTION ( 'NONE',  ( 0.1710878697460358200, 0.1710878697460357900, 0.9702875252478137000 ) ) ;
#6370 =( GEOMETRIC_REPRESENTATION_CONTEXT ( 3 ) GLOBAL_UNCERTAINTY_ASSIGNED_CONTEXT ( ( #5297 ) ) GLOBAL_UNIT_ASSIGNED_CONTEXT ( ( #2423, #3242, #5059 ) ) REPRESENTATION_CONTEXT ( 'NONE', 'WORKASPACE' ) );
#6371 = VECTOR ( 'NONE', #4670, 1000.000000000000000 ) ;
#6372 = COLOUR_RGB ( '',0.2980392156862745100, 0.2980392156862745100, 0.2980392156862745100 ) ;
#6373 = CARTESIAN_POINT ( 'NONE',  ( 1.699253617073105800, 1.439721552663572700, 1.659999999999999900 ) ) ;
#6374 = CARTESIAN_POINT ( 'NONE',  ( 1.699253617073105800, 1.439721552663572700, 1.659999999999999900 ) ) ;
#6375 = ADVANCED_FACE ( 'NONE', ( #740 ), #3837, .F. ) ;
#6376 = ORIENTED_EDGE ( 'NONE', *, *, #11049, .T. ) ;
#6377 = CARTESIAN_POINT ( 'NONE',  ( 2.383953409246230200, 1.213810893780741000, 1.659999999999999900 ) ) ;
#6378 = CIRCLE ( 'NONE', #11004, 0.1000000000000000500 ) ;
#6379 = B_SPLINE_CURVE_WITH_KNOTS ( 'NONE', 3,
 ( #5108, #1942, #6348, #3670 ),
 .UNSPECIFIED., .F., .F.,
 ( 4, 4 ),
 ( 1.000000000000000000, 2.000000000000000000 ),
 .UNSPECIFIED. ) ;
#6380 = VERTEX_POINT ( 'NONE', #8270 ) ;
#6381 = ORIENTED_EDGE ( 'NONE', *, *, #6097, .F. ) ;
#6382 = CARTESIAN_POINT ( 'NONE',  ( 2.365326187110767800, 1.262029462473246700, 1.649999999999999900 ) ) ;
#6383 = CARTESIAN_POINT ( 'NONE',  ( 2.405911131542119600, 1.476006729408933600, 1.659999999999999900 ) ) ;
#6384 = EDGE_CURVE ( 'NONE', #2581, #5170, #3578, .T. ) ;
#6385 = EDGE_CURVE ( 'NONE', #9313, #10718, #11100, .T. ) ;
#6386 = ORIENTED_EDGE ( 'NONE', *, *, #2886, .F. ) ;
#6387 = ORIENTED_EDGE ( 'NONE', *, *, #2805, .T. ) ;
#6388 = AXIS2_PLACEMENT_3D ( 'NONE', #7338, #7302, #2152 ) ;
#6389 = DIRECTION ( 'NONE',  ( -0.0000000000000000000, -0.0000000000000000000, -1.000000000000000000 ) ) ;
#6390 = AXIS2_PLACEMENT_3D ( 'NONE', #1593, #10283, #2481 ) ;
#6391 = DIRECTION ( 'NONE',  ( -0.0000000000000000000, -0.0000000000000000000, -1.000000000000000000 ) ) ;
#6392 = CARTESIAN_POINT ( 'NONE',  ( 2.640284027777977500, 1.268985197321233400, 1.659999999999999900 ) ) ;
#6393 = ORIENTED_EDGE ( 'NONE', *, *, #10784, .T. ) ;
#6394 = LINE ( 'NONE', #3525, #2843 ) ;
#6395 = CARTESIAN_POINT ( 'NONE',  ( 3.073631294014526300, -1.625150518713304200, -1.567364817766693000 ) ) ;
#6396 = ORIENTED_EDGE ( 'NONE', *, *, #8969, .T. ) ;
#6397 = DIRECTION ( 'NONE',  ( -0.0000000000000000000, 0.0000000000000000000, -1.000000000000000000 ) ) ;
#6398 = FILL_AREA_STYLE_COLOUR ( '', #140 ) ;
#6399 = DIRECTION ( 'NONE',  ( 1.000000000000000000, 0.0000000000000000000, -0.0000000000000000000 ) ) ;
#6400 = EDGE_CURVE ( 'NONE', #6317, #11204, #7087, .T. ) ;
#6401 = FACE_OUTER_BOUND ( 'NONE', #9856, .T. ) ;
#6402 = VERTEX_POINT ( 'NONE', #10866 ) ;
#6403 = DIRECTION ( 'NONE',  ( -0.3559357243698827400, 0.9345104387417441100, -0.0000000000000000000 ) ) ;
#6404 = CARTESIAN_POINT ( 'NONE',  ( 2.373961908765329600, 1.201962565776993200, 1.649999999999999900 ) ) ;
#6405 = PLANE ( 'NONE',  #1938 ) ;
#6406 = ORIENTED_EDGE ( 'NONE', *, *, #10557, .T. ) ;
#6407 = CARTESIAN_POINT ( 'NONE',  ( 1.654985918474443800, 1.233958752826503000, 1.649999999999999900 ) ) ;
#6408 = CARTESIAN_POINT ( 'NONE',  ( 2.652928139005744900, 1.236505452395225900, 1.649999999999999900 ) ) ;
#6409 = CARTESIAN_POINT ( 'NONE',  ( 2.445199244052944200, 1.373851742191424300, 1.659999999999999900 ) ) ;
#6410 = EDGE_LOOP ( 'NONE', ( #5081, #3457, #6113, #2851 ) ) ;
#6411 = CARTESIAN_POINT ( 'NONE',  ( 2.547030023289829100, 1.360706582266761400, 1.649999999999999900 ) ) ;
#6412 = ORIENTED_EDGE ( 'NONE', *, *, #1131, .F. ) ;
#6413 = B_SPLINE_CURVE_WITH_KNOTS ( 'NONE', 3,
 ( #357, #2879, #2018, #1217, #7400, #4576, #9895 ),
 .UNSPECIFIED., .F., .F.,
 ( 4, 3, 4 ),
 ( 0.0000000000000000000, 1.000000000000000000, 2.000000000000000000 ),
 .UNSPECIFIED. ) ;
#6414 = SURFACE_STYLE_USAGE ( .BOTH. , #8123 ) ;
#6415 = ORIENTED_EDGE ( 'NONE', *, *, #4170, .T. ) ;
#6416 = DIRECTION ( 'NONE',  ( -0.0000000000000000000, 1.000000000000000000, 0.0000000000000000000 ) ) ;
#6417 = CARTESIAN_POINT ( 'NONE',  ( 2.574705595419001500, 1.293094481667487600, 1.649999999999999900 ) ) ;
#6418 = ORIENTED_EDGE ( 'NONE', *, *, #10186, .F. ) ;
#6419 = VERTEX_POINT ( 'NONE', #5622 ) ;
#6420 = CARTESIAN_POINT ( 'NONE',  ( 2.346522124259034800, 1.360706582266758800, 1.649999999999999900 ) ) ;
#6421 = PLANE ( 'NONE',  #170 ) ;
#6422 = VECTOR ( 'NONE', #6167, 1000.000000000000000 ) ;
#6423 = ORIENTED_EDGE ( 'NONE', *, *, #10710, .F. ) ;
#6424 = ADVANCED_FACE ( 'NONE', ( #10285 ), #3072, .F. ) ;
#6425 =( GEOMETRIC_REPRESENTATION_CONTEXT ( 3 ) GLOBAL_UNCERTAINTY_ASSIGNED_CONTEXT ( ( #9189 ) ) GLOBAL_UNIT_ASSIGNED_CONTEXT ( ( #4252, #2498, #2620 ) ) REPRESENTATION_CONTEXT ( 'NONE', 'WORKASPACE' ) );
#6426 = CARTESIAN_POINT ( 'NONE',  ( 2.251912340944150600, 1.374500158151882500, 1.659999999999999900 ) ) ;
#6427 = CARTESIAN_POINT ( 'NONE',  ( 2.333170650164992000, 1.180682732894274600, 1.649999999999999900 ) ) ;
#6428 = DIRECTION ( 'NONE',  ( -0.0000000000000000000, -0.0000000000000000000, -1.000000000000000000 ) ) ;
#6429 = ORIENTED_EDGE ( 'NONE', *, *, #3865, .F. ) ;
#6430 = VECTOR ( 'NONE', #1661, 1000.000000000000000 ) ;
#6431 = ADVANCED_FACE ( 'NONE', ( #2385 ), #6636, .T. ) ;
#6432 = FILL_AREA_STYLE ('',( #3862 ) ) ;
#6433 = CARTESIAN_POINT ( 'NONE',  ( 2.606330610214778500, 1.190939494449980500, 1.659999999999999900 ) ) ;
#6434 = EDGE_CURVE ( 'NONE', #6225, #616, #9467, .T. ) ;
#6435 = VERTEX_POINT ( 'NONE', #7411 ) ;
#6436 = EDGE_CURVE ( 'NONE', #6808, #3909, #7434, .T. ) ;
#6437 = ORIENTED_EDGE ( 'NONE', *, *, #2733, .T. ) ;
#6438 = FACE_OUTER_BOUND ( 'NONE', #4875, .T. ) ;
#6439 = CARTESIAN_POINT ( 'NONE',  ( 1.500000000000000900, 1.399999999999999900, -1.649999999999999900 ) ) ;
#6440 = CARTESIAN_POINT ( 'NONE',  ( 2.495893582775650500, 1.451897445062682300, 1.649999999999999900 ) ) ;
#6441 = ORIENTED_EDGE ( 'NONE', *, *, #1363, .T. ) ;
#6442 = CARTESIAN_POINT ( 'NONE',  ( 2.361406217895692700, 1.462743675673420200, 1.659999999999999900 ) ) ;
#6443 = CARTESIAN_POINT ( 'NONE',  ( 2.582958162187120300, 1.457438454178901600, 1.649999999999999900 ) ) ;
#6444 = CARTESIAN_POINT ( 'NONE',  ( 2.346522124259034800, 1.476006729408933600, 1.659999999999999900 ) ) ;
#6445 = UNCERTAINTY_MEASURE_WITH_UNIT (LENGTH_MEASURE( 1.000000000000000100E-005 ), #6040, 'distance_accuracy_value', 'NONE');
#6446 = ORIENTED_EDGE ( 'NONE', *, *, #10938, .F. ) ;
#6447 = CARTESIAN_POINT ( 'NONE',  ( 2.353418912201599200, 1.229667611358087600, 1.649999999999999900 ) ) ;
#6448 = CARTESIAN_POINT ( 'NONE',  ( 2.264851186699830900, 1.451720604346405500, 1.649999999999999900 ) ) ;
#6449 = EDGE_CURVE ( 'NONE', #10234, #1054, #6263, .T. ) ;
#6450 = DIRECTION ( 'NONE',  ( 0.0000000000000000000, -0.0000000000000000000, -1.000000000000000000 ) ) ;
#6451 = FACE_OUTER_BOUND ( 'NONE', #607, .T. ) ;
#6452 = EDGE_LOOP ( 'NONE', ( #3532, #7509, #9890, #7200 ) ) ;
#6453 = AXIS2_PLACEMENT_3D ( 'NONE', #10526, #585, #7279 ) ;
#6454 = DIRECTION ( 'NONE',  ( 1.000000000000000000, 0.0000000000000000000, 0.0000000000000000000 ) ) ;
#6455 = CARTESIAN_POINT ( 'NONE',  ( 1.911574596507741500, 1.228220309520728200, 1.659999999999999900 ) ) ;
#6456 = EDGE_LOOP ( 'NONE', ( #6393, #2048, #978, #6033 ) ) ;
#6457 = FACE_OUTER_BOUND ( 'NONE', #8085, .T. ) ;
#6458 = CARTESIAN_POINT ( 'NONE',  ( 2.674974281659774800, 1.177794334525313200, 1.659999999999999900 ) ) ;
#6459 = ORIENTED_EDGE ( 'NONE', *, *, #3297, .T. ) ;
#6460 = LINE ( 'NONE', #5666, #8531 ) ;
#6461 = CARTESIAN_POINT ( 'NONE',  ( 1.841074195156718400, 1.457756540691922400, 1.649999999999999900 ) ) ;
#6462 = CARTESIAN_POINT ( 'NONE',  ( 2.361406217895683400, 1.373851742191424300, 1.659999999999999900 ) ) ;
#6463 = CARTESIAN_POINT ( 'NONE',  ( 2.412454238051741300, 1.260143161497294400, 1.649999999999999900 ) ) ;
#6464 = EDGE_CURVE ( 'NONE', #1678, #3852, #487, .T. ) ;
#6465 = EDGE_CURVE ( 'NONE', #9785, #3390, #7354, .T. ) ;
#6466 = ORIENTED_EDGE ( 'NONE', *, *, #6065, .T. ) ;
#6467 = LINE ( 'NONE', #7407, #85 ) ;
#6468 = VECTOR ( 'NONE', #10565, 1000.000000000000000 ) ;
#6469 = CARTESIAN_POINT ( 'NONE',  ( 2.298775130810321300, 1.190526866111214900, 1.659999999999999900 ) ) ;
#6470 = CARTESIAN_POINT ( 'NONE',  ( 2.282476311441892200, 1.250299028280348100, 1.649999999999999900 ) ) ;
#6471 = VECTOR ( 'NONE', #3570, 1000.000000000000000 ) ;
#6472 = EDGE_LOOP ( 'NONE', ( #4629, #3571, #2560, #354, #5485, #3675, #2708, #652, #5204, #2771, #5760, #1912, #7112, #10492, #1875, #736, #4722, #8358, #8926, #2780, #7205 ) ) ;
#6473 = SURFACE_STYLE_FILL_AREA ( #8516 ) ;
#6474 = DIRECTION ( 'NONE',  ( -1.000000000000000000, 0.0000000000000000000, 0.0000000000000000000 ) ) ;
#6475 = SURFACE_SIDE_STYLE ('',( #7212 ) ) ;
#6476 = CARTESIAN_POINT ( 'NONE',  ( 2.384837612828778900, 1.258374754332191300, 1.649999999999999900 ) ) ;
#6477 = ADVANCED_FACE ( 'NONE', ( #5073 ), #7752, .F. ) ;
#6478 = CARTESIAN_POINT ( 'NONE',  ( 2.171597182211292100, 1.360706582266758800, 1.649999999999999900 ) ) ;
#6479 = CARTESIAN_POINT ( 'NONE',  ( 2.418997344561360400, 1.155217669721673200, 1.649999999999999900 ) ) ;
#6480 = CARTESIAN_POINT ( 'NONE',  ( -3.349999999999999200, 1.723631294014524900, -1.567364817766693000 ) ) ;
#6481 = CARTESIAN_POINT ( 'NONE',  ( 2.077168598107121100, 1.292162570364370700, 1.659999999999999900 ) ) ;
#6482 = VECTOR ( 'NONE', #10088, 1000.000000000000000 ) ;
#6483 = DIRECTION ( 'NONE',  ( 0.3667976789509033200, 0.9303007377811919300, -0.0000000000000000000 ) ) ;
#6484 = EDGE_CURVE ( 'NONE', #8225, #1683, #5945, .T. ) ;
#6485 = COLOUR_RGB ( '',0.2980392156862745100, 0.2980392156862745100, 0.2980392156862745100 ) ;
#6486 = DIRECTION ( 'NONE',  ( 0.0000000000000000000, 0.0000000000000000000, -1.000000000000000000 ) ) ;
#6487 = VECTOR ( 'NONE', #4839, 1000.000000000000000 ) ;
#6488 = EDGE_CURVE ( 'NONE', #3817, #6808, #9101, .T. ) ;
#6489 = B_SPLINE_CURVE_WITH_KNOTS ( 'NONE', 3,
 ( #4746, #6479, #1273, #10069 ),
 .UNSPECIFIED., .F., .F.,
 ( 4, 4 ),
 ( 5.000000000000000000, 6.000000000000000000 ),
 .UNSPECIFIED. ) ;
#6490 = CARTESIAN_POINT ( 'NONE',  ( 2.273545855259814000, 1.175849086643933900, 1.649999999999999900 ) ) ;
#6491 = ADVANCED_FACE ( 'NONE', ( #3482 ), #67, .F. ) ;
#6492 = CARTESIAN_POINT ( 'NONE',  ( 2.264055403475419700, 1.384167450652555600, 1.659999999999999900 ) ) ;
#6493 =( NAMED_UNIT ( * ) SI_UNIT ( $, .STERADIAN. ) SOLID_ANGLE_UNIT ( ) );
#6494 = LINE ( 'NONE', #1248, #10860 ) ;
#6495 = ORIENTED_EDGE ( 'NONE', *, *, #5232, .F. ) ;
#6496 = VECTOR ( 'NONE', #1140, 1000.000000000000200 ) ;
#6497 = VECTOR ( 'NONE', #2541, 1000.000000000000000 ) ;
#6498 = DIRECTION ( 'NONE',  ( -0.3897582650654536400, -0.9209172030172786400, -0.0000000000000000000 ) ) ;
#6499 = CARTESIAN_POINT ( 'NONE',  ( 2.370248253719242600, 1.206619371310265500, 1.659999999999999900 ) ) ;
#6500 = ORIENTED_EDGE ( 'NONE', *, *, #10418, .F. ) ;
#6501 = DIRECTION ( 'NONE',  ( -0.0000000000000000000, 1.000000000000000000, -0.0000000000000000000 ) ) ;
#6502 = CARTESIAN_POINT ( 'NONE',  ( 2.298775130810321300, 1.190526866111214900, 1.659999999999999900 ) ) ;
#6503 = ORIENTED_EDGE ( 'NONE', *, *, #7462, .F. ) ;
#6504 = FILL_AREA_STYLE ('',( #5610 ) ) ;
#6505 = CARTESIAN_POINT ( 'NONE',  ( 2.547030023289847300, 1.229726558263511300, 1.659999999999999900 ) ) ;
#6506 = CARTESIAN_POINT ( 'NONE',  ( 1.731224731859008800, 1.379058448070370500, 1.649999999999999900 ) ) ;
#6507 = SURFACE_STYLE_FILL_AREA ( #6739 ) ;
#6508 = CIRCLE ( 'NONE', #924, 0.1000000000000000500 ) ;
#6509 = AXIS2_PLACEMENT_3D ( 'NONE', #9474, #10273, #5025 ) ;
#6510 = ORIENTED_EDGE ( 'NONE', *, *, #6626, .T. ) ;
#6511 = CARTESIAN_POINT ( 'NONE',  ( 2.252737597621278500, 1.417059823917321500, 1.649999999999999900 ) ) ;
#6512 = ORIENTED_EDGE ( 'NONE', *, *, #3514, .F. ) ;
#6513 = CARTESIAN_POINT ( 'NONE',  ( 2.388787055496564000, 1.200194158611884900, 1.659999999999999900 ) ) ;
#6514 = CARTESIAN_POINT ( 'NONE',  ( -3.349999999999999200, -2.000000000000000000, 0.0000000000000000000 ) ) ;
#6515 =( NAMED_UNIT ( * ) SI_UNIT ( $, .STERADIAN. ) SOLID_ANGLE_UNIT ( ) );
#6516 = ORIENTED_EDGE ( 'NONE', *, *, #2957, .T. ) ;
#6517 = UNCERTAINTY_MEASURE_WITH_UNIT (LENGTH_MEASURE( 1.000000000000000100E-005 ), #6656, 'distance_accuracy_value', 'NONE');
#6518 = B_SPLINE_CURVE_WITH_KNOTS ( 'NONE', 3,
 ( #700, #2522, #6759, #10376 ),
 .UNSPECIFIED., .F., .F.,
 ( 4, 4 ),
 ( 9.000000000000000000, 10.00000000000000000 ),
 .UNSPECIFIED. ) ;
#6519 = FILL_AREA_STYLE ('',( #2224 ) ) ;
#6520 = SURFACE_STYLE_FILL_AREA ( #9872 ) ;
#6521 = CYLINDRICAL_SURFACE ( 'NONE', #707, 0.1000000000000001700 ) ;
#6522 = ORIENTED_EDGE ( 'NONE', *, *, #2021, .F. ) ;
#6523 = DIRECTION ( 'NONE',  ( 0.0000000000000000000, 0.0000000000000000000, 1.000000000000000000 ) ) ;
#6524 = ORIENTED_EDGE ( 'NONE', *, *, #6302, .T. ) ;
#6525 = EDGE_CURVE ( 'NONE', #546, #1546, #4422, .T. ) ;
#6526 = DIRECTION ( 'NONE',  ( 0.0000000000000000000, 1.000000000000000000, -0.0000000000000000000 ) ) ;
#6527 = CARTESIAN_POINT ( 'NONE',  ( 2.728498071846802400, 1.270282029242152600, 1.659999999999999900 ) ) ;
#6528 = CARTESIAN_POINT ( 'NONE',  ( 2.026342712093334600, 1.291342779347270700, 1.649999999999999900 ) ) ;
#6529 = VECTOR ( 'NONE', #1085, 1000.000000000000000 ) ;
#6530 = MECHANICAL_DESIGN_GEOMETRIC_PRESENTATION_REPRESENTATION (  '', ( #8312 ), #7126 ) ;
#6531 = VERTEX_POINT ( 'NONE', #4932 ) ;
#6532 = CARTESIAN_POINT ( 'NONE',  ( 2.264055403475419700, 1.384167450652555600, 1.659999999999999900 ) ) ;
#6533 = CARTESIAN_POINT ( 'NONE',  ( 2.524188097411783600, 1.419830328475432600, 1.649999999999999900 ) ) ;
#6534 = SURFACE_STYLE_FILL_AREA ( #6504 ) ;
#6535 = FACE_OUTER_BOUND ( 'NONE', #4879, .T. ) ;
#6536 = CARTESIAN_POINT ( 'NONE',  ( 2.524188097411783600, 1.401969416111281700, 1.649999999999999900 ) ) ;
#6537 = ORIENTED_EDGE ( 'NONE', *, *, #9722, .F. ) ;
#6538 = ORIENTED_EDGE ( 'NONE', *, *, #1462, .T. ) ;
#6539 = LINE ( 'NONE', #11103, #3793 ) ;
#6540 = FACE_OUTER_BOUND ( 'NONE', #5839, .T. ) ;
#6541 = CARTESIAN_POINT ( 'NONE',  ( 2.299158285695976900, 1.230139186602273700, 1.659999999999999900 ) ) ;
#6542 = DIRECTION ( 'NONE',  ( -1.000000000000000000, 0.0000000000000000000, 0.0000000000000000000 ) ) ;
#6543 = VERTEX_POINT ( 'NONE', #6790 ) ;
#6544 = DIRECTION ( 'NONE',  ( 0.0000000000000000000, -0.9848077530122075800, -0.1736481776669330200 ) ) ;
#6545 = EDGE_CURVE ( 'NONE', #2768, #9824, #222, .T. ) ;
#6546 = EDGE_CURVE ( 'NONE', #3909, #4340, #10868, .T. ) ;
#6547 = ADVANCED_FACE ( 'NONE', ( #2144 ), #312, .F. ) ;
#6548 = PRESENTATION_LAYER_ASSIGNMENT (  '', '', ( #11156 ) ) ;
#6549 = CARTESIAN_POINT ( 'NONE',  ( 2.274754266822200900, 1.226720266083703300, 1.649999999999999900 ) ) ;
#6550 =( LENGTH_UNIT ( ) NAMED_UNIT ( * ) SI_UNIT ( .MILLI., .METRE. ) );
#6551 = CARTESIAN_POINT ( 'NONE',  ( 2.230986189494375900, 1.279831427931967400, 1.649999999999999900 ) ) ;
#6552 = VERTEX_POINT ( 'NONE', #10248 ) ;
#6553 = VECTOR ( 'NONE', #1030, 1000.000000000000000 ) ;
#6554 = CARTESIAN_POINT ( 'NONE',  ( 2.662772272223479700, 1.267629418494891100, 1.649999999999999900 ) ) ;
#6555 = VERTEX_POINT ( 'NONE', #8484 ) ;
#6556 = ORIENTED_EDGE ( 'NONE', *, *, #9963, .F. ) ;
#6557 = VERTEX_POINT ( 'NONE', #2405 ) ;
#6558 = ADVANCED_FACE ( 'NONE', ( #385 ), #658, .F. ) ;
#6559 = CARTESIAN_POINT ( 'NONE',  ( 2.552924713839388500, 1.177794334525312100, 1.649999999999999900 ) ) ;
#6560 = DIRECTION ( 'NONE',  ( 0.0000000000000000000, 0.0000000000000000000, -1.000000000000000000 ) ) ;
#6561 = DIRECTION ( 'NONE',  ( 0.0000000000000000000, 0.0000000000000000000, -1.000000000000000000 ) ) ;
#6562 = VERTEX_POINT ( 'NONE', #6750 ) ;
#6563 = ORIENTED_EDGE ( 'NONE', *, *, #4434, .F. ) ;
#6564 =( LENGTH_UNIT ( ) NAMED_UNIT ( * ) SI_UNIT ( .MILLI., .METRE. ) );
#6565 = EDGE_CURVE ( 'NONE', #11160, #9785, #10192, .T. ) ;
#6566 = VECTOR ( 'NONE', #11213, 1000.000000000000000 ) ;
#6567 = DIRECTION ( 'NONE',  ( 0.0000000000000000000, -1.000000000000000000, 0.0000000000000000000 ) ) ;
#6568 = ORIENTED_EDGE ( 'NONE', *, *, #5490, .T. ) ;
#6569 = VERTEX_POINT ( 'NONE', #7643 ) ;
#6570 = SURFACE_SIDE_STYLE ('',( #1402 ) ) ;
#6571 = STYLED_ITEM ( 'NONE', ( #7774 ), #4682 ) ;
#6572 =( NAMED_UNIT ( * ) SI_UNIT ( $, .STERADIAN. ) SOLID_ANGLE_UNIT ( ) );
#6573 = CARTESIAN_POINT ( 'NONE',  ( 3.350000000000001000, -2.000000000000000000, 0.0000000000000000000 ) ) ;
#6574 = CARTESIAN_POINT ( 'NONE',  ( -3.314734603858306100, -2.000000000000000000, -0.2000000000000000100 ) ) ;
#6575 = ORIENTED_EDGE ( 'NONE', *, *, #646, .T. ) ;
#6576 = B_SPLINE_SURFACE_WITH_KNOTS ( 'NONE', 3, 1, ( 
 ( #9213, #4915 ),
 ( #5725, #10081 ),
 ( #1404, #6652 ),
 ( #604, #3127 ) ),
 .UNSPECIFIED., .F., .F., .F.,
 ( 4, 4 ),
 ( 2, 2 ),
 ( 1.000000000000000000, 2.000000000000000000 ),
 ( 0.0000000000000000000, 1.000000000000000000 ),
 .UNSPECIFIED. ) ;
#6577 = LINE ( 'NONE', #9505, #6721 ) ;
#6578 = B_SPLINE_CURVE_WITH_KNOTS ( 'NONE', 3,
 ( #3004, #10861, #5617, #1984 ),
 .UNSPECIFIED., .F., .F.,
 ( 4, 4 ),
 ( 1.000000000000000000, 2.000000000000000000 ),
 .UNSPECIFIED. ) ;
#6579 = ORIENTED_EDGE ( 'NONE', *, *, #5996, .F. ) ;
#6580 = DIRECTION ( 'NONE',  ( -1.000000000000000000, 0.0000000000000000000, 0.0000000000000000000 ) ) ;
#6581 = ORIENTED_EDGE ( 'NONE', *, *, #8760, .F. ) ;
#6582 = LINE ( 'NONE', #9843, #1412 ) ;
#6583 = AXIS2_PLACEMENT_3D ( 'NONE', #468, #9181, #6542 ) ;
#6584 = CARTESIAN_POINT ( 'NONE',  ( 1.881243048120115700, 1.506942875942947700, 1.659999999999999900 ) ) ;
#6585 =( NAMED_UNIT ( * ) PLANE_ANGLE_UNIT ( ) SI_UNIT ( $, .RADIAN. ) );
#6586 = CARTESIAN_POINT ( 'NONE',  ( 2.436121420606522000, 1.191470016598803200, 1.649999999999999900 ) ) ;
#6587 = ORIENTED_EDGE ( 'NONE', *, *, #8985, .T. ) ;
#6588 = ORIENTED_EDGE ( 'NONE', *, *, #8374, .F. ) ;
#6589 =( LENGTH_UNIT ( ) NAMED_UNIT ( * ) SI_UNIT ( .MILLI., .METRE. ) );
#6590 = VECTOR ( 'NONE', #4005, 1000.000000000000000 ) ;
#6591 = CARTESIAN_POINT ( 'NONE',  ( 2.000929784722163400, 1.229859860283883300, 1.649999999999999900 ) ) ;
#6592 = CARTESIAN_POINT ( 'NONE',  ( 2.293676223485176200, 1.372024388120897300, 1.659999999999999900 ) ) ;
#6593 = ADVANCED_FACE ( 'NONE', ( #773 ), #4900, .F. ) ;
#6594 = EDGE_CURVE ( 'NONE', #10738, #4014, #9761, .T. ) ;
#6595 = CARTESIAN_POINT ( 'NONE',  ( 1.705811788852312300, 1.438901777282389800, 1.649999999999999900 ) ) ;
#6596 = VERTEX_POINT ( 'NONE', #1676 ) ;
#6597 = B_SPLINE_CURVE_WITH_KNOTS ( 'NONE', 3,
 ( #2935, #5472, #10837, #9132 ),
 .UNSPECIFIED., .F., .F.,
 ( 4, 4 ),
 ( 2.000000000000000000, 3.000000000000000000 ),
 .UNSPECIFIED. ) ;
#6598 = CARTESIAN_POINT ( 'NONE',  ( 1.900097803712475600, 1.189691038591534500, 1.659999999999999900 ) ) ;
#6599 = EDGE_LOOP ( 'NONE', ( #867, #8758, #7897, #9718 ) ) ;
#6600 = DIRECTION ( 'NONE',  ( -0.0000000000000000000, 1.000000000000000000, -0.0000000000000000000 ) ) ;
#6601 = ADVANCED_FACE ( 'NONE', ( #10042 ), #6904, .F. ) ;
#6602 = CARTESIAN_POINT ( 'NONE',  ( 2.255478628726285400, 1.254366364759375500, 1.649999999999999900 ) ) ;
#6603 = CARTESIAN_POINT ( 'NONE',  ( 2.356926253078302800, 1.187638467742258500, 1.649999999999999900 ) ) ;
#6604 = VECTOR ( 'NONE', #2345, 1000.000000000000000 ) ;
#6605 = SURFACE_STYLE_USAGE ( .BOTH. , #7339 ) ;
#6606 = CARTESIAN_POINT ( 'NONE',  ( -3.650000000000000400, 0.6999999999999999600, -1.579999999999999800 ) ) ;
#6607 = VERTEX_POINT ( 'NONE', #6043 ) ;
#6608 = ADVANCED_FACE ( 'NONE', ( #4150 ), #4234, .F. ) ;
#6609 = EDGE_CURVE ( 'NONE', #7253, #6923, #1327, .T. ) ;
#6610 = EDGE_CURVE ( 'NONE', #6816, #5175, #3612, .T. ) ;
#6611 = STYLED_ITEM ( 'NONE', ( #10107 ), #2211 ) ;
#6612 = VECTOR ( 'NONE', #11275, 1000.000000000000000 ) ;
#6613 = VERTEX_POINT ( 'NONE', #2594 ) ;
#6614 = FACE_OUTER_BOUND ( 'NONE', #11196, .T. ) ;
#6615 = AXIS2_PLACEMENT_3D ( 'NONE', #5881, #1405, #10128 ) ;
#6616 = SURFACE_SIDE_STYLE ('',( #512 ) ) ;
#6617 = CARTESIAN_POINT ( 'NONE',  ( 2.264851186699830900, 1.451720604346405500, 1.659999999999999900 ) ) ;
#6618 = LINE ( 'NONE', #10706, #2118 ) ;
#6619 = VECTOR ( 'NONE', #10545, 1000.000000000000000 ) ;
#6620 =( NAMED_UNIT ( * ) SI_UNIT ( $, .STERADIAN. ) SOLID_ANGLE_UNIT ( ) );
#6621 = VECTOR ( 'NONE', #4030, 1000.000000000000000 ) ;
#6622 = ORIENTED_EDGE ( 'NONE', *, *, #7665, .F. ) ;
#6623 = FACE_OUTER_BOUND ( 'NONE', #4985, .T. ) ;
#6624 = LINE ( 'NONE', #11190, #1162 ) ;
#6625 = DIRECTION ( 'NONE',  ( 0.0000000000000000000, 1.000000000000000000, 0.0000000000000000000 ) ) ;
#6626 = EDGE_CURVE ( 'NONE', #701, #5288, #2418, .T. ) ;
#6627 = B_SPLINE_SURFACE_WITH_KNOTS ( 'NONE', 3, 1, ( 
 ( #7465, #3086 ),
 ( #8390, #10152 ),
 ( #574, #5638 ),
 ( #4795, #5797 ) ),
 .UNSPECIFIED., .F., .F., .F.,
 ( 4, 4 ),
 ( 2, 2 ),
 ( 23.00000000000000000, 24.00000000000000000 ),
 ( 0.0000000000000000000, 1.000000000000000000 ),
 .UNSPECIFIED. ) ;
#6628 =( NAMED_UNIT ( * ) PLANE_ANGLE_UNIT ( ) SI_UNIT ( $, .RADIAN. ) );
#6629 = VECTOR ( 'NONE', #1004, 1000.000000000000000 ) ;
#6630 = CARTESIAN_POINT ( 'NONE',  ( 2.266265912431597100, 1.191411069693372600, 1.659999999999999900 ) ) ;
#6631 = DIRECTION ( 'NONE',  ( -0.1710878697460358200, -0.1710878697460357900, 0.9702875252478137000 ) ) ;
#6632 = CARTESIAN_POINT ( 'NONE',  ( 2.584107626844474500, 1.453194276983599700, 1.649999999999999900 ) ) ;
#6633 = MECHANICAL_DESIGN_GEOMETRIC_PRESENTATION_REPRESENTATION (  '', ( #3468 ), #4479 ) ;
#6634 = VERTEX_POINT ( 'NONE', #4347 ) ;
#6635 = LINE ( 'NONE', #11233, #4281 ) ;
#6636 = PLANE ( 'NONE',  #8860 ) ;
#6637 = SURFACE_STYLE_FILL_AREA ( #826 ) ;
#6638 = LINE ( 'NONE', #2052, #11128 ) ;
#6639 =( NAMED_UNIT ( * ) SI_UNIT ( $, .STERADIAN. ) SOLID_ANGLE_UNIT ( ) );
#6640 = ORIENTED_EDGE ( 'NONE', *, *, #8403, .F. ) ;
#6641 = DIRECTION ( 'NONE',  ( 0.1736481776669307200, -0.0000000000000000000, 0.9848077530122080200 ) ) ;
#6642 = ORIENTED_EDGE ( 'NONE', *, *, #9535, .T. ) ;
#6643 = CARTESIAN_POINT ( 'NONE',  ( -3.349999999999999200, 2.000000000000000000, 0.0000000000000000000 ) ) ;
#6644 = FACE_OUTER_BOUND ( 'NONE', #1270, .T. ) ;
#6645 = DIRECTION ( 'NONE',  ( -0.3416038306815736800, 0.9398440417769720100, 0.0000000000000000000 ) ) ;
#6646 = SURFACE_STYLE_USAGE ( .BOTH. , #5755 ) ;
#6647 = EDGE_CURVE ( 'NONE', #6613, #1476, #653, .T. ) ;
#6648 = EDGE_LOOP ( 'NONE', ( #9304, #9318, #6753, #7106 ) ) ;
#6649 = PRESENTATION_STYLE_ASSIGNMENT (( #5849 ) ) ;
#6650 = B_SPLINE_CURVE_WITH_KNOTS ( 'NONE', 3,
 ( #9357, #10232, #856, #7848 ),
 .UNSPECIFIED., .F., .F.,
 ( 4, 4 ),
 ( 3.000000000000000000, 4.000000000000000000 ),
 .UNSPECIFIED. ) ;
#6651 = VERTEX_POINT ( 'NONE', #7020 ) ;
#6652 = CARTESIAN_POINT ( 'NONE',  ( 2.274990054444293800, 1.358761334385384800, 1.649999999999999900 ) ) ;
#6653 = ORIENTED_EDGE ( 'NONE', *, *, #9575, .T. ) ;
#6654 = MECHANICAL_DESIGN_GEOMETRIC_PRESENTATION_REPRESENTATION (  '', ( #4874 ), #3929 ) ;
#6655 = PRESENTATION_STYLE_ASSIGNMENT (( #10787 ) ) ;
#6656 =( LENGTH_UNIT ( ) NAMED_UNIT ( * ) SI_UNIT ( .MILLI., .METRE. ) );
#6657 = CARTESIAN_POINT ( 'NONE',  ( 1.793527426304371500, 1.260191471214383400, 1.649999999999999900 ) ) ;
#6658 = FILL_AREA_STYLE ('',( #8428 ) ) ;
#6659 = DIRECTION ( 'NONE',  ( -0.0000000000000000000, -0.0000000000000000000, -1.000000000000000000 ) ) ;
#6660 = FACE_OUTER_BOUND ( 'NONE', #5700, .T. ) ;
#6661 = LINE ( 'NONE', #2482, #1068 ) ;
#6662 = ADVANCED_FACE ( 'NONE', ( #5239 ), #4057, .F. ) ;
#6663 = ORIENTED_EDGE ( 'NONE', *, *, #2761, .F. ) ;
#6664 = DIRECTION ( 'NONE',  ( -0.0000000000000000000, -0.0000000000000000000, -1.000000000000000000 ) ) ;
#6665 = DIRECTION ( 'NONE',  ( 0.0000000000000000000, 0.0000000000000000000, -1.000000000000000000 ) ) ;
#6666 = EDGE_CURVE ( 'NONE', #3286, #10110, #5817, .T. ) ;
#6667 = SURFACE_STYLE_FILL_AREA ( #11146 ) ;
#6668 = VECTOR ( 'NONE', #3802, 1000.000000000000000 ) ;
#6669 = DIRECTION ( 'NONE',  ( 0.0000000000000000000, 0.0000000000000000000, 1.000000000000000000 ) ) ;
#6670 = EDGE_LOOP ( 'NONE', ( #2997, #10792, #4859, #4323 ) ) ;
#6671 = UNCERTAINTY_MEASURE_WITH_UNIT (LENGTH_MEASURE( 1.000000000000000100E-005 ), #5303, 'distance_accuracy_value', 'NONE');
#6672 = EDGE_CURVE ( 'NONE', #594, #1218, #2803, .T. ) ;
#6673 = ADVANCED_FACE ( 'NONE', ( #4977 ), #344, .F. ) ;
#6674 = CIRCLE ( 'NONE', #10874, 0.1000000000000001700 ) ;
#6675 = LINE ( 'NONE', #4196, #8851 ) ;
#6676 = VERTEX_POINT ( 'NONE', #6945 ) ;
#6677 = B_SPLINE_CURVE_WITH_KNOTS ( 'NONE', 3,
 ( #8880, #7054, #8803, #2014 ),
 .UNSPECIFIED., .F., .F.,
 ( 4, 4 ),
 ( 1.000000000000000000, 2.000000000000000000 ),
 .UNSPECIFIED. ) ;
#6678 = ORIENTED_EDGE ( 'NONE', *, *, #9535, .F. ) ;
#6679 = DIRECTION ( 'NONE',  ( -0.0000000000000000000, 1.000000000000000000, -0.0000000000000000000 ) ) ;
#6680 = CARTESIAN_POINT ( 'NONE',  ( 2.480272652820000500, 1.360706582266761400, 1.649999999999999900 ) ) ;
#6681 = CARTESIAN_POINT ( 'NONE',  ( 2.077168598107121100, 1.292162570364370700, 1.649999999999999900 ) ) ;
#6682 = CARTESIAN_POINT ( 'NONE',  ( 1.703352478344286200, 1.391355031883523100, 1.649999999999999900 ) ) ;
#6683 = ORIENTED_EDGE ( 'NONE', *, *, #6610, .T. ) ;
#6684 = EDGE_CURVE ( 'NONE', #6965, #8027, #10733, .T. ) ;
#6685 = LINE ( 'NONE', #4650, #1893 ) ;
#6686 = EDGE_CURVE ( 'NONE', #74, #8478, #3209, .T. ) ;
#6687 = CARTESIAN_POINT ( 'NONE',  ( 2.232400915226536100, 1.360706582266758800, 1.659999999999999900 ) ) ;
#6688 = CARTESIAN_POINT ( 'NONE',  ( 2.046837018447667900, 1.214284206217046700, 1.659999999999999900 ) ) ;
#6689 = ORIENTED_EDGE ( 'NONE', *, *, #11271, .T. ) ;
#6690 = AXIS2_PLACEMENT_3D ( 'NONE', #7293, #6561, #6474 ) ;
#6691 = DIRECTION ( 'NONE',  ( 0.0000000000000000000, 1.000000000000000000, 0.0000000000000000000 ) ) ;
#6692 = AXIS2_PLACEMENT_3D ( 'NONE', #8346, #5627, #2150 ) ;
#6693 = VECTOR ( 'NONE', #7163, 1000.000000000000000 ) ;
#6694 = ORIENTED_EDGE ( 'NONE', *, *, #488, .T. ) ;
#6695 = CARTESIAN_POINT ( 'NONE',  ( -2.975150518713303600, -1.625150518713304200, -1.550000000000000000 ) ) ;
#6696 = PRESENTATION_STYLE_ASSIGNMENT (( #1681 ) ) ;
#6697 = CARTESIAN_POINT ( 'NONE',  ( 2.745916882420268200, 1.222358195076769900, 1.649999999999999900 ) ) ;
#6698 = ORIENTED_EDGE ( 'NONE', *, *, #7261, .T. ) ;
#6699 = ORIENTED_EDGE ( 'NONE', *, *, #3085, .F. ) ;
#6700 = ORIENTED_EDGE ( 'NONE', *, *, #9402, .T. ) ;
#6701 = CARTESIAN_POINT ( 'NONE',  ( 1.971417996080594400, 1.446279724442785200, 1.649999999999999900 ) ) ;
#6702 = EDGE_CURVE ( 'NONE', #10085, #11243, #7893, .T. ) ;
#6703 = ORIENTED_EDGE ( 'NONE', *, *, #4813, .F. ) ;
#6704 = EDGE_CURVE ( 'NONE', #5042, #6402, #5519, .T. ) ;
#6705 = ORIENTED_EDGE ( 'NONE', *, *, #3234, .T. ) ;
#6706 = CARTESIAN_POINT ( 'NONE',  ( 1.741881764909005000, 1.474971757247668400, 1.649999999999999900 ) ) ;
#6707 = CARTESIAN_POINT ( 'NONE',  ( 2.351296823603557000, 1.231553912334039500, 1.649999999999999900 ) ) ;
#6708 = FILL_AREA_STYLE_COLOUR ( '', #1730 ) ;
#6709 = DIRECTION ( 'NONE',  ( -0.0000000000000000000, -0.0000000000000000000, -1.000000000000000000 ) ) ;
#6710 = EDGE_LOOP ( 'NONE', ( #7482, #4668 ) ) ;
#6711 = ORIENTED_EDGE ( 'NONE', *, *, #5673, .F. ) ;
#6712 = LINE ( 'NONE', #215, #4351 ) ;
#6713 = CARTESIAN_POINT ( 'NONE',  ( 0.0000000000000000000, 1.500000000000000000, 0.0000000000000000000 ) ) ;
#6714 = CARTESIAN_POINT ( 'NONE',  ( 2.294984107950865900, 1.245259067860730000, 1.659999999999999900 ) ) ;
#6715 = DIRECTION ( 'NONE',  ( 0.0000000000000000000, 1.000000000000000000, 0.0000000000000000000 ) ) ;
#6716 = CARTESIAN_POINT ( 'NONE',  ( 2.077168598107121100, 1.292162570364370700, 1.659999999999999900 ) ) ;
#6717 = EDGE_CURVE ( 'NONE', #10242, #7351, #1189, .T. ) ;
#6718 = CARTESIAN_POINT ( 'NONE',  ( 1.731224731859008800, 1.379058448070370500, 1.659999999999999900 ) ) ;
#6719 = ORIENTED_EDGE ( 'NONE', *, *, #7481, .F. ) ;
#6720 = ADVANCED_FACE ( 'NONE', ( #523 ), #7101, .F. ) ;
#6721 = VECTOR ( 'NONE', #7661, 1000.000000000000100 ) ;
#6722 = DIRECTION ( 'NONE',  ( 0.0000000000000000000, 2.168404344971007700E-015, 1.000000000000000000 ) ) ;
#6723 = DIRECTION ( 'NONE',  ( 1.000000000000000000, 0.0000000000000000000, 0.0000000000000000000 ) ) ;
#6724 = MECHANICAL_DESIGN_GEOMETRIC_PRESENTATION_REPRESENTATION (  '', ( #2636 ), #9285 ) ;
#6725 = SURFACE_STYLE_USAGE ( .BOTH. , #4822 ) ;
#6726 = CARTESIAN_POINT ( 'NONE',  ( 2.365326187110767800, 1.175849086643933900, 1.649999999999999900 ) ) ;
#6727 = VERTEX_POINT ( 'NONE', #8805 ) ;
#6728 = ORIENTED_EDGE ( 'NONE', *, *, #6484, .F. ) ;
#6729 = ADVANCED_FACE ( 'NONE', ( #6087 ), #48, .F. ) ;
#6730 = VECTOR ( 'NONE', #6669, 1000.000000000000000 ) ;
#6731 = ORIENTED_EDGE ( 'NONE', *, *, #10167, .F. ) ;
#6732 = CARTESIAN_POINT ( 'NONE',  ( 2.530583836658234300, 1.360706582266761400, 1.659999999999999900 ) ) ;
#6733 = CARTESIAN_POINT ( 'NONE',  ( 2.230986189494375900, 1.293094481667485400, 1.659999999999999900 ) ) ;
#6734 = CARTESIAN_POINT ( 'NONE',  ( 1.400000000000000600, 1.399999999999999900, -1.879999999999999900 ) ) ;
#6735 = ORIENTED_EDGE ( 'NONE', *, *, #1764, .T. ) ;
#6736 = STYLED_ITEM ( 'NONE', ( #4857 ), #6477 ) ;
#6737 = DIRECTION ( 'NONE',  ( 1.000000000000000000, -0.0000000000000000000, -0.0000000000000000000 ) ) ;
#6738 = DIRECTION ( 'NONE',  ( -1.000000000000000000, 0.0000000000000000000, 1.807003620809173900E-016 ) ) ;
#6739 = FILL_AREA_STYLE ('',( #6708 ) ) ;
#6740 = ORIENTED_EDGE ( 'NONE', *, *, #2716, .F. ) ;
#6741 = FILL_AREA_STYLE ('',( #788 ) ) ;
#6742 = ORIENTED_EDGE ( 'NONE', *, *, #2406, .T. ) ;
#6743 = CARTESIAN_POINT ( 'NONE',  ( 1.731224716223094900, 1.236418032062303100, 1.649999999999999900 ) ) ;
#6744 = CARTESIAN_POINT ( 'NONE',  ( 2.373961908765329600, 1.198779432880120500, 1.659999999999999900 ) ) ;
#6745 = DIRECTION ( 'NONE',  ( 1.000000000000000000, 0.0000000000000000000, 0.0000000000000000000 ) ) ;
#6746 = CYLINDRICAL_SURFACE ( 'NONE', #7171, 0.1000000000000000500 ) ;
#6747 = VERTEX_POINT ( 'NONE', #4418 ) ;
#6748 = EDGE_CURVE ( 'NONE', #7118, #1619, #2948, .T. ) ;
#6749 = PRESENTATION_STYLE_ASSIGNMENT (( #10949 ) ) ;
#6750 = CARTESIAN_POINT ( 'NONE',  ( -3.950000000000000200, 0.6999999999999999600, -1.579999999999999800 ) ) ;
#6751 = AXIS2_PLACEMENT_3D ( 'NONE', #7480, #2329, #11007 ) ;
#6752 = CARTESIAN_POINT ( 'NONE',  ( 2.027162503110828200, 1.192970140117051600, 1.659999999999999900 ) ) ;
#6753 = ORIENTED_EDGE ( 'NONE', *, *, #7257, .F. ) ;
#6754 = FILL_AREA_STYLE ('',( #5043 ) ) ;
#6755 = CYLINDRICAL_SURFACE ( 'NONE', #8873, 0.1000000000000000500 ) ;
#6756 = CARTESIAN_POINT ( 'NONE',  ( 2.292968860619297300, 1.194417361873971300, 1.649999999999999900 ) ) ;
#6757 = FILL_AREA_STYLE_COLOUR ( '', #3129 ) ;
#6758 = LINE ( 'NONE', #9471, #10978 ) ;
#6759 = CARTESIAN_POINT ( 'NONE',  ( 2.247432376126760700, 1.215225619512504400, 1.659999999999999900 ) ) ;
#6760 = ORIENTED_EDGE ( 'NONE', *, *, #6246, .T. ) ;
#6761 = LINE ( 'NONE', #4968, #10439 ) ;
#6762 = EDGE_CURVE ( 'NONE', #5147, #7806, #9637, .T. ) ;
#6763 = EDGE_CURVE ( 'NONE', #8542, #3, #1964, .T. ) ;
#6764 = FILL_AREA_STYLE ('',( #8640 ) ) ;
#6765 = VECTOR ( 'NONE', #6336, 1000.000000000000000 ) ;
#6766 =( GEOMETRIC_REPRESENTATION_CONTEXT ( 3 ) GLOBAL_UNCERTAINTY_ASSIGNED_CONTEXT ( ( #3421 ) ) GLOBAL_UNIT_ASSIGNED_CONTEXT ( ( #321, #1063, #8066 ) ) REPRESENTATION_CONTEXT ( 'NONE', 'WORKASPACE' ) );
#6767 =( GEOMETRIC_REPRESENTATION_CONTEXT ( 3 ) GLOBAL_UNCERTAINTY_ASSIGNED_CONTEXT ( ( #6044 ) ) GLOBAL_UNIT_ASSIGNED_CONTEXT ( ( #9555, #11225, #10272 ) ) REPRESENTATION_CONTEXT ( 'NONE', 'WORKASPACE' ) );
#6768 = CARTESIAN_POINT ( 'NONE',  ( 2.373961908765329600, 1.198779432880120500, 1.659999999999999900 ) ) ;
#6769 = VECTOR ( 'NONE', #3851, 1000.000000000000000 ) ;
#6770 = SURFACE_STYLE_FILL_AREA ( #6519 ) ;
#6771 = CARTESIAN_POINT ( 'NONE',  ( -3.750000000000000400, 0.6999999999999999600, -1.579999999999999800 ) ) ;
#6772 = CYLINDRICAL_SURFACE ( 'NONE', #1834, 0.1000000000000001700 ) ;
#6773 = FILL_AREA_STYLE ('',( #675 ) ) ;
#6774 = CARTESIAN_POINT ( 'NONE',  ( 1.804184459354364100, 1.506942875942944800, 1.649999999999999900 ) ) ;
#6775 = LINE ( 'NONE', #9699, #9228 ) ;
#6776 = CARTESIAN_POINT ( 'NONE',  ( 3.950000000000000200, 0.6999999999999999600, -1.579999999999999800 ) ) ;
#6777 = CARTESIAN_POINT ( 'NONE',  ( 3.650000000000000400, 0.6999999999999999600, -0.2999999999999999900 ) ) ;
#6778 = CARTESIAN_POINT ( 'NONE',  ( 2.266265912431597100, 1.191411069693372600, 1.649999999999999900 ) ) ;
#6779 = EDGE_LOOP ( 'NONE', ( #10332, #7969, #4861, #5103 ) ) ;
#6780 = EDGE_CURVE ( 'NONE', #10718, #7031, #5663, .T. ) ;
#6781 = VECTOR ( 'NONE', #4187, 1000.000000000000000 ) ;
#6782 = VECTOR ( 'NONE', #10547, 1000.000000000000000 ) ;
#6783 = ADVANCED_FACE ( 'NONE', ( #1591 ), #990, .F. ) ;
#6784 = ORIENTED_EDGE ( 'NONE', *, *, #11169, .F. ) ;
#6785 = CARTESIAN_POINT ( 'NONE',  ( 1.763195831009000100, 1.204446901640480000, 1.659999999999999900 ) ) ;
#6786 = CARTESIAN_POINT ( 'NONE',  ( 1.605799583223415500, 1.309377806465408000, 1.649999999999999900 ) ) ;
#6787 = SURFACE_STYLE_USAGE ( .BOTH. , #4267 ) ;
#6788 = CARTESIAN_POINT ( 'NONE',  ( -1.399999999999999900, 1.399999999999999900, -1.750000000000000000 ) ) ;
#6789 = ORIENTED_EDGE ( 'NONE', *, *, #4766, .T. ) ;
#6790 = CARTESIAN_POINT ( 'NONE',  ( -3.349999999999999200, 0.6999999999999999600, 0.0000000000000000000 ) ) ;
#6791 = CARTESIAN_POINT ( 'NONE',  ( 2.431022513281774400, 1.147790359629502700, 1.659999999999999900 ) ) ;
#6792 = VECTOR ( 'NONE', #245, 1000.000000000000000 ) ;
#6793 = CARTESIAN_POINT ( 'NONE',  ( 2.640608235758599200, 1.202964663170001300, 1.649999999999999900 ) ) ;
#6794 = ORIENTED_EDGE ( 'NONE', *, *, #8244, .F. ) ;
#6795 =( LENGTH_UNIT ( ) NAMED_UNIT ( * ) SI_UNIT ( .MILLI., .METRE. ) );
#6796 = ORIENTED_EDGE ( 'NONE', *, *, #2105, .F. ) ;
#6797 = ORIENTED_EDGE ( 'NONE', *, *, #4521, .T. ) ;
#6798 = VECTOR ( 'NONE', #8670, 1000.000000000000000 ) ;
#6799 = CARTESIAN_POINT ( 'NONE',  ( 3.650000000000000400, 0.6999999999999999600, -0.2999999999999999900 ) ) ;
#6800 = ORIENTED_EDGE ( 'NONE', *, *, #7224, .F. ) ;
#6801 = AXIS2_PLACEMENT_3D ( 'NONE', #9261, #4106, #2321 ) ;
#6802 = EDGE_LOOP ( 'NONE', ( #7666, #5773, #8796, #2951 ) ) ;
#6803 = CARTESIAN_POINT ( 'NONE',  ( 2.356926253078302800, 1.187638467742258500, 1.649999999999999900 ) ) ;
#6804 = VECTOR ( 'NONE', #8429, 1000.000000000000000 ) ;
#6805 = CARTESIAN_POINT ( 'NONE',  ( 2.296122520063057900, 1.477951977290310700, 1.649999999999999900 ) ) ;
#6806 = CARTESIAN_POINT ( 'NONE',  ( 2.237116667665630200, 1.434743895564411000, 1.659999999999999900 ) ) ;
#6807 = LINE ( 'NONE', #9051, #5972 ) ;
#6808 = VERTEX_POINT ( 'NONE', #7941 ) ;
#6809 = UNCERTAINTY_MEASURE_WITH_UNIT (LENGTH_MEASURE( 1.000000000000000100E-005 ), #6589, 'distance_accuracy_value', 'NONE');
#6810 = ADVANCED_FACE ( 'NONE', ( #10575 ), #3798, .F. ) ;
#6811 = SURFACE_STYLE_USAGE ( .BOTH. , #11105 ) ;
#6812 = CARTESIAN_POINT ( 'NONE',  ( 1.718928148046644700, 1.386436395231552800, 1.659999999999999900 ) ) ;
#6813 = VECTOR ( 'NONE', #4685, 1000.000000000000000 ) ;
#6814 = CARTESIAN_POINT ( 'NONE',  ( 2.374521904367652000, 1.221061363155847300, 1.649999999999999900 ) ) ;
#6815 = ORIENTED_EDGE ( 'NONE', *, *, #10198, .T. ) ;
#6816 = VERTEX_POINT ( 'NONE', #9850 ) ;
#6817 = EDGE_CURVE ( 'NONE', #49, #1914, #7, .T. ) ;
#6818 = B_SPLINE_CURVE_WITH_KNOTS ( 'NONE', 3,
 ( #2036, #8083, #7150, #9867 ),
 .UNSPECIFIED., .F., .F.,
 ( 4, 4 ),
 ( 1.000000000000000000, 2.000000000000000000 ),
 .UNSPECIFIED. ) ;
#6819 =( GEOMETRIC_REPRESENTATION_CONTEXT ( 3 ) GLOBAL_UNCERTAINTY_ASSIGNED_CONTEXT ( ( #2273 ) ) GLOBAL_UNIT_ASSIGNED_CONTEXT ( ( #7577, #10952, #11062 ) ) REPRESENTATION_CONTEXT ( 'NONE', 'WORKASPACE' ) );
#6820 = VECTOR ( 'NONE', #7598, 1000.000000000000000 ) ;
#6821 = MECHANICAL_DESIGN_GEOMETRIC_PRESENTATION_REPRESENTATION (  '', ( #6213 ), #6888 ) ;
#6822 = ORIENTED_EDGE ( 'NONE', *, *, #10746, .F. ) ;
#6823 = CARTESIAN_POINT ( 'NONE',  ( 2.380711329444329400, 1.217465601921006200, 1.659999999999999900 ) ) ;
#6824 = CARTESIAN_POINT ( 'NONE',  ( 2.230986189494375900, 1.279831427931967400, 1.659999999999999900 ) ) ;
#6825 = DIRECTION ( 'NONE',  ( -0.0000000000000000000, -0.0000000000000000000, -1.000000000000000000 ) ) ;
#6826 = PRESENTATION_STYLE_ASSIGNMENT (( #8744 ) ) ;
#6827 = EDGE_LOOP ( 'NONE', ( #3269, #5167, #4292, #2147 ) ) ;
#6828 = CARTESIAN_POINT ( 'NONE',  ( 1.996011163706104900, 1.399552707518137100, 1.659999999999999900 ) ) ;
#6829 = LINE ( 'NONE', #9678, #9809 ) ;
#6830 = DIRECTION ( 'NONE',  ( -1.000000000000000000, -0.0000000000000000000, -0.0000000000000000000 ) ) ;
#6831 = ORIENTED_EDGE ( 'NONE', *, *, #9003, .T. ) ;
#6832 = ORIENTED_EDGE ( 'NONE', *, *, #70, .F. ) ;
#6833 = ORIENTED_EDGE ( 'NONE', *, *, #3981, .T. ) ;
#6834 = EDGE_CURVE ( 'NONE', #8072, #5690, #4686, .T. ) ;
#6835 = EDGE_CURVE ( 'NONE', #6317, #8215, #6351, .T. ) ;
#6836 = CARTESIAN_POINT ( 'NONE',  ( 2.450000000000000200, -0.6999999999999999600, -1.679999999999999900 ) ) ;
#6837 = CARTESIAN_POINT ( 'NONE',  ( 2.607008499627946600, 1.279831427931971400, 1.649999999999999900 ) ) ;
#6838 = MECHANICAL_DESIGN_GEOMETRIC_PRESENTATION_REPRESENTATION (  '', ( #6611 ), #197 ) ;
#6839 = CARTESIAN_POINT ( 'NONE',  ( 2.379502917881548100, 1.182392193153162000, 1.659999999999999900 ) ) ;
#6840 = DIRECTION ( 'NONE',  ( 0.3493954794972899400, -0.9369753459439895700, -0.0000000000000000000 ) ) ;
#6841 = PRESENTATION_LAYER_ASSIGNMENT (  '', '', ( #1940 ) ) ;
#6842 = EDGE_LOOP ( 'NONE', ( #9862, #4382, #1638, #3923 ) ) ;
#6843 = VERTEX_POINT ( 'NONE', #8095 ) ;
#6844 = VECTOR ( 'NONE', #9912, 1000.000000000000000 ) ;
#6845 = ADVANCED_FACE ( 'NONE', ( #1849 ), #2016, .T. ) ;
#6846 = VERTEX_POINT ( 'NONE', #6458 ) ;
#6847 = B_SPLINE_CURVE_WITH_KNOTS ( 'NONE', 3,
 ( #1633, #11084, #2401, #5070 ),
 .UNSPECIFIED., .F., .F.,
 ( 4, 4 ),
 ( 12.00000000000000000, 13.00000000000000000 ),
 .UNSPECIFIED. ) ;
#6848 = ORIENTED_EDGE ( 'NONE', *, *, #3103, .F. ) ;
#6849 = CARTESIAN_POINT ( 'NONE',  ( 1.731224731859008800, 1.379058448070370500, 1.649999999999999900 ) ) ;
#6850 = CARTESIAN_POINT ( 'NONE',  ( 1.568090034904380700, 1.376599090654987000, 1.649999999999999900 ) ) ;
#6851 = CARTESIAN_POINT ( 'NONE',  ( 2.668578542414895300, 1.236918080733201600, 1.649999999999999900 ) ) ;
#6852 = CARTESIAN_POINT ( 'NONE',  ( 3.650000000000000400, 0.6999999999999999600, -1.579999999999999800 ) ) ;
#6853 = VERTEX_POINT ( 'NONE', #7282 ) ;
#6854 = PLANE ( 'NONE',  #6323 ) ;
#6855 = EDGE_CURVE ( 'NONE', #8458, #3915, #6638, .T. ) ;
#6856 = FACE_OUTER_BOUND ( 'NONE', #10509, .T. ) ;
#6857 = CARTESIAN_POINT ( 'NONE',  ( 2.262080682141720500, 1.201019415288620700, 1.659999999999999900 ) ) ;
#6858 = DIRECTION ( 'NONE',  ( 0.0000000000000000000, 1.000000000000000000, 0.0000000000000000000 ) ) ;
#6859 = ORIENTED_EDGE ( 'NONE', *, *, #6449, .T. ) ;
#6860 = ORIENTED_EDGE ( 'NONE', *, *, #9120, .T. ) ;
#6861 = CARTESIAN_POINT ( 'NONE',  ( 1.731224716223094900, 1.172475771218660200, 1.659999999999999900 ) ) ;
#6862 = VECTOR ( 'NONE', #3815, 1000.000000000000000 ) ;
#6863 = SURFACE_SIDE_STYLE ('',( #5409 ) ) ;
#6864 = CARTESIAN_POINT ( 'NONE',  ( 2.299158285695976900, 1.190526866111214900, 1.649999999999999900 ) ) ;
#6865 = CARTESIAN_POINT ( 'NONE',  ( 2.726346509796437000, 1.278357755293995100, 1.659999999999999900 ) ) ;
#6866 = DIRECTION ( 'NONE',  ( -1.000000000000000000, 0.0000000000000000000, 0.0000000000000000000 ) ) ;
#6867 = EDGE_CURVE ( 'NONE', #2816, #5166, #3471, .T. ) ;
#6868 = CARTESIAN_POINT ( 'NONE',  ( -3.650000000000000400, 0.6999999999999999600, -1.579999999999999800 ) ) ;
#6869 = ADVANCED_FACE ( 'NONE', ( #9092 ), #6772, .T. ) ;
#6870 = ORIENTED_EDGE ( 'NONE', *, *, #8821, .T. ) ;
#6871 = EDGE_CURVE ( 'NONE', #4568, #6004, #10856, .T. ) ;
#6872 = CARTESIAN_POINT ( 'NONE',  ( 1.996011163706104900, 1.399552707518137100, 1.649999999999999900 ) ) ;
#6873 =( NAMED_UNIT ( * ) SI_UNIT ( $, .STERADIAN. ) SOLID_ANGLE_UNIT ( ) );
#6874 = LINE ( 'NONE', #1453, #6590 ) ;
#6875 = AXIS2_PLACEMENT_3D ( 'NONE', #4539, #3564, #8963 ) ;
#6876 = FILL_AREA_STYLE ('',( #9426 ) ) ;
#6877 = CARTESIAN_POINT ( 'NONE',  ( 2.437889827771620800, 1.198131016919664400, 1.649999999999999900 ) ) ;
#6878 = DIRECTION ( 'NONE',  ( 0.9409537876760664100, -0.3385350343141228000, 0.0000000000000000000 ) ) ;
#6879 = DIRECTION ( 'NONE',  ( -0.0000000000000000000, -0.0000000000000000000, -1.000000000000000000 ) ) ;
#6880 = VERTEX_POINT ( 'NONE', #282 ) ;
#6881 = UNCERTAINTY_MEASURE_WITH_UNIT (LENGTH_MEASURE( 1.000000000000000100E-005 ), #8949, 'distance_accuracy_value', 'NONE');
#6882 = ORIENTED_EDGE ( 'NONE', *, *, #6484, .T. ) ;
#6883 = CARTESIAN_POINT ( 'NONE',  ( 2.186481275847953500, 1.242930665093599200, 1.659999999999999900 ) ) ;
#6884 =( NAMED_UNIT ( * ) SI_UNIT ( $, .STERADIAN. ) SOLID_ANGLE_UNIT ( ) );
#6885 = DIRECTION ( 'NONE',  ( 0.0000000000000000000, 0.0000000000000000000, -1.000000000000000000 ) ) ;
#6886 = EDGE_CURVE ( 'NONE', #11267, #578, #4555, .T. ) ;
#6887 = VERTEX_POINT ( 'NONE', #6426 ) ;
#6888 =( GEOMETRIC_REPRESENTATION_CONTEXT ( 3 ) GLOBAL_UNCERTAINTY_ASSIGNED_CONTEXT ( ( #1629 ) ) GLOBAL_UNIT_ASSIGNED_CONTEXT ( ( #4128, #730, #596 ) ) REPRESENTATION_CONTEXT ( 'NONE', 'WORKASPACE' ) );
#6889 = CARTESIAN_POINT ( 'NONE',  ( 2.303667723966078100, 1.262029462473245300, 1.649999999999999900 ) ) ;
#6890 = CARTESIAN_POINT ( 'NONE',  ( 2.026342712093334600, 1.257732113798211600, 1.659999999999999900 ) ) ;
#6891 = DIRECTION ( 'NONE',  ( -0.1710878697460358800, -0.1710878697460358800, 0.9702875252478138100 ) ) ;
#6892 = FACE_OUTER_BOUND ( 'NONE', #8332, .T. ) ;
#6893 = EDGE_LOOP ( 'NONE', ( #8620, #10148, #11059, #2818 ) ) ;
#6894 = DIRECTION ( 'NONE',  ( 0.0000000000000000000, -1.000000000000000000, 0.0000000000000000000 ) ) ;
#6895 = ADVANCED_FACE ( 'NONE', ( #4414 ), #8956, .F. ) ;
#6896 = PRESENTATION_STYLE_ASSIGNMENT (( #8967 ) ) ;
#6897 = CARTESIAN_POINT ( 'NONE',  ( 1.714009495758367600, 1.236418032062303100, 1.659999999999999900 ) ) ;
#6898 = DIRECTION ( 'NONE',  ( 0.0000000000000000000, -0.0000000000000000000, -1.000000000000000000 ) ) ;
#6899 = EDGE_CURVE ( 'NONE', #7915, #3422, #6076, .T. ) ;
#6900 = SURFACE_STYLE_FILL_AREA ( #3736 ) ;
#6901 = CARTESIAN_POINT ( 'NONE',  ( 2.414075277952889100, 1.151386120864346300, 1.659999999999999900 ) ) ;
#6902 = STYLED_ITEM ( 'NONE', ( #8815 ), #1632 ) ;
#6903 = PRESENTATION_STYLE_ASSIGNMENT (( #2424 ) ) ;
#6904 = PLANE ( 'NONE',  #10235 ) ;
#6905 = VERTEX_POINT ( 'NONE', #3822 ) ;
#6906 = LINE ( 'NONE', #5189, #7038 ) ;
#6907 = AXIS2_PLACEMENT_3D ( 'NONE', #8824, #5203, #39 ) ;
#6908 = CARTESIAN_POINT ( 'NONE',  ( 2.313600277541560900, 1.177794334525312100, 1.659999999999999900 ) ) ;
#6909 = CARTESIAN_POINT ( 'NONE',  ( 2.402639578287098400, 1.412638806004960600, 1.649999999999999900 ) ) ;
#6910 = CARTESIAN_POINT ( 'NONE',  ( 2.460378072217121100, 1.260143161497296000, 1.649999999999999900 ) ) ;
#6911 = VECTOR ( 'NONE', #7305, 1000.000000000000000 ) ;
#6912 = SURFACE_SIDE_STYLE ('',( #6976 ) ) ;
#6913 = DIRECTION ( 'NONE',  ( -4.336808689942015400E-015, 0.0000000000000000000, -1.000000000000000000 ) ) ;
#6914 = CARTESIAN_POINT ( 'NONE',  ( 2.734805390735116900, 1.293094481667487600, 1.659999999999999900 ) ) ;
#6915 = DIRECTION ( 'NONE',  ( 0.0000000000000000000, 0.0000000000000000000, 1.000000000000000000 ) ) ;
#6916 = ORIENTED_EDGE ( 'NONE', *, *, #3762, .T. ) ;
#6917 = FACE_OUTER_BOUND ( 'NONE', #3307, .T. ) ;
#6918 =( LENGTH_UNIT ( ) NAMED_UNIT ( * ) SI_UNIT ( .MILLI., .METRE. ) );
#6919 = EDGE_CURVE ( 'NONE', #10057, #10373, #1999, .T. ) ;
#6920 = B_SPLINE_CURVE_WITH_KNOTS ( 'NONE', 3,
 ( #98, #811, #1757, #7771 ),
 .UNSPECIFIED., .F., .F.,
 ( 4, 4 ),
 ( 4.000000000000000000, 5.000000000000000000 ),
 .UNSPECIFIED. ) ;
#6921 = EDGE_CURVE ( 'NONE', #7961, #1886, #9764, .T. ) ;
#6922 = CARTESIAN_POINT ( 'NONE',  ( 2.352534708619046000, 1.247233789194329900, 1.649999999999999900 ) ) ;
#6923 = VERTEX_POINT ( 'NONE', #10849 ) ;
#6924 = MECHANICAL_DESIGN_GEOMETRIC_PRESENTATION_REPRESENTATION (  '', ( #11220 ), #6767 ) ;
#6925 = DIRECTION ( 'NONE',  ( -1.000000000000000000, 0.0000000000000000000, 0.0000000000000000000 ) ) ;
#6926 = DIRECTION ( 'NONE',  ( -1.000000000000000000, 0.0000000000000000000, 0.0000000000000000000 ) ) ;
#6927 = CARTESIAN_POINT ( 'NONE',  ( -3.950000000000000200, 0.6999999999999999600, -0.3000000000000021000 ) ) ;
#6928 = ADVANCED_FACE ( 'NONE', ( #4836 ), #81, .F. ) ;
#6929 = CARTESIAN_POINT ( 'NONE',  ( -3.950000000000000200, 0.6999999999999999600, -1.579999999999999800 ) ) ;
#6930 = ORIENTED_EDGE ( 'NONE', *, *, #3043, .F. ) ;
#6931 = LINE ( 'NONE', #8433, #4565 ) ;
#6932 = VECTOR ( 'NONE', #5234, 1000.000000000000000 ) ;
#6933 = ORIENTED_EDGE ( 'NONE', *, *, #2312, .F. ) ;
#6934 = CARTESIAN_POINT ( 'NONE',  ( 2.303667723966078100, 1.262029462473245300, 1.659999999999999900 ) ) ;
#6935 = ORIENTED_EDGE ( 'NONE', *, *, #9740, .T. ) ;
#6936 = CARTESIAN_POINT ( 'NONE',  ( 2.299158285695977400, 1.230139186602273900, 1.649999999999999900 ) ) ;
#6937 = ORIENTED_EDGE ( 'NONE', *, *, #8907, .F. ) ;
#6938 = EDGE_CURVE ( 'NONE', #3007, #1419, #1175, .T. ) ;
#6939 = FACE_OUTER_BOUND ( 'NONE', #6410, .T. ) ;
#6940 = VERTEX_POINT ( 'NONE', #1375 ) ;
#6941 = CARTESIAN_POINT ( 'NONE',  ( 2.490912569261754400, 1.293094481667485400, 1.649999999999999900 ) ) ;
#6942 = FILL_AREA_STYLE ('',( #7795 ) ) ;
#6943 = CARTESIAN_POINT ( 'NONE',  ( 2.418997344561360400, 1.155217669721673200, 1.659999999999999900 ) ) ;
#6944 = AXIS2_PLACEMENT_3D ( 'NONE', #3576, #2655, #4370 ) ;
#6945 = CARTESIAN_POINT ( 'NONE',  ( 2.506798760291815100, 1.460739480886619200, 1.649999999999999900 ) ) ;
#6946 = LINE ( 'NONE', #10197, #8455 ) ;
#6947 = VECTOR ( 'NONE', #2193, 1000.000000000000000 ) ;
#6948 = DIRECTION ( 'NONE',  ( -0.0000000000000000000, -1.000000000000000000, -0.0000000000000000000 ) ) ;
#6949 = VERTEX_POINT ( 'NONE', #10162 ) ;
#6950 = CARTESIAN_POINT ( 'NONE',  ( 2.333170650164992000, 1.195596299983251200, 1.659999999999999900 ) ) ;
#6951 = VECTOR ( 'NONE', #6664, 1000.000000000000000 ) ;
#6952 = FACE_OUTER_BOUND ( 'NONE', #5559, .T. ) ;
#6953 = DIRECTION ( 'NONE',  ( 1.000000000000000000, 0.0000000000000000000, 0.0000000000000000000 ) ) ;
#6954 = CARTESIAN_POINT ( 'NONE',  ( 2.651189205294141300, 1.277827233145169700, 1.649999999999999900 ) ) ;
#6955 = ORIENTED_EDGE ( 'NONE', *, *, #4644, .F. ) ;
#6956 = CARTESIAN_POINT ( 'NONE',  ( 2.367772483688650500, 1.208682513002493000, 1.659999999999999900 ) ) ;
#6957 = DIRECTION ( 'NONE',  ( 0.0000000000000000000, 0.0000000000000000000, -1.000000000000000000 ) ) ;
#6958 = CARTESIAN_POINT ( 'NONE',  ( -1.399999999999999700, 1.399999999999999900, -1.779999999999999800 ) ) ;
#6959 = LINE ( 'NONE', #1142, #7361 ) ;
#6960 =( NAMED_UNIT ( * ) PLANE_ANGLE_UNIT ( ) SI_UNIT ( $, .RADIAN. ) );
#6961 = ORIENTED_EDGE ( 'NONE', *, *, #4080, .T. ) ;
#6962 = ADVANCED_FACE ( 'NONE', ( #8819 ), #3823, .F. ) ;
#6963 = AXIS2_PLACEMENT_3D ( 'NONE', #9744, #125, #2767 ) ;
#6964 = CARTESIAN_POINT ( 'NONE',  ( 1.592683224029476400, 1.401192250462541100, 1.649999999999999900 ) ) ;
#6965 = VERTEX_POINT ( 'NONE', #8401 ) ;
#6966 = CARTESIAN_POINT ( 'NONE',  ( 2.385692342958226000, 1.186695317254674600, 1.659999999999999900 ) ) ;
#6967 = CARTESIAN_POINT ( 'NONE',  ( 2.975150518713304500, -1.625150518713304400, 1.649999999999999900 ) ) ;
#6968 = LINE ( 'NONE', #7025, #294 ) ;
#6969 = DIRECTION ( 'NONE',  ( -0.3315284183504325100, -0.9434452330824829600, 0.0000000000000000000 ) ) ;
#6970 = VECTOR ( 'NONE', #6147, 1000.000000000000200 ) ;
#6971 = EDGE_LOOP ( 'NONE', ( #415, #793, #10009, #6174 ) ) ;
#6972 = CARTESIAN_POINT ( 'NONE',  ( 2.313600277541560900, 1.230787602561944600, 1.649999999999999900 ) ) ;
#6973 = CARTESIAN_POINT ( 'NONE',  ( 3.073631294014526300, -1.625150518713304200, 1.567364817766693000 ) ) ;
#6974 = CARTESIAN_POINT ( 'NONE',  ( 1.654166119638992300, 1.179034005541532500, 1.649999999999999900 ) ) ;
#6975 = EDGE_CURVE ( 'NONE', #11098, #1409, #4140, .T. ) ;
#6976 = SURFACE_STYLE_FILL_AREA ( #5084 ) ;
#6977 = ORIENTED_EDGE ( 'NONE', *, *, #10499, .F. ) ;
#6978 = EDGE_LOOP ( 'NONE', ( #9179, #7542, #6988, #2485 ) ) ;
#6979 = ORIENTED_EDGE ( 'NONE', *, *, #7462, .T. ) ;
#6980 = ORIENTED_EDGE ( 'NONE', *, *, #9263, .F. ) ;
#6981 = CARTESIAN_POINT ( 'NONE',  ( 3.950000000000000200, 0.6999999999999999600, -1.579999999999999800 ) ) ;
#6982 = ORIENTED_EDGE ( 'NONE', *, *, #4403, .T. ) ;
#6983 = DIRECTION ( 'NONE',  ( 0.0000000000000000000, -1.000000000000000000, 0.0000000000000000000 ) ) ;
#6984 = CARTESIAN_POINT ( 'NONE',  ( 2.524188097411783600, 1.436924931067490500, 1.649999999999999900 ) ) ;
#6985 = CARTESIAN_POINT ( 'NONE',  ( 2.046837018447667900, 1.214284206217046700, 1.649999999999999900 ) ) ;
#6986 = EDGE_LOOP ( 'NONE', ( #8190, #3839, #6287, #8614 ) ) ;
#6987 = ADVANCED_FACE ( 'NONE', ( #3741 ), #7640, .F. ) ;
#6988 = ORIENTED_EDGE ( 'NONE', *, *, #2716, .T. ) ;
#6989 = EDGE_CURVE ( 'NONE', #5343, #3739, #10182, .T. ) ;
#6990 = EDGE_CURVE ( 'NONE', #2816, #10085, #8226, .T. ) ;
#6991 = CARTESIAN_POINT ( 'NONE',  ( 2.379502917881548100, 1.182392193153162000, 1.649999999999999900 ) ) ;
#6992 = CARTESIAN_POINT ( 'NONE',  ( 1.732044507240587200, 1.288063724729499300, 1.659999999999999900 ) ) ;
#6993 = PRESENTATION_LAYER_ASSIGNMENT (  '', '', ( #10546 ) ) ;
#6994 = CARTESIAN_POINT ( 'NONE',  ( 2.580777126684044500, 1.455080577959553000, 1.659999999999999900 ) ) ;
#6995 = DIRECTION ( 'NONE',  ( 7.542275982507857300E-015, -0.0000000000000000000, -1.000000000000000000 ) ) ;
#6996 = CARTESIAN_POINT ( 'NONE',  ( 2.337355880454870000, 1.224892912013173100, 1.649999999999999900 ) ) ;
#6997 = B_SPLINE_SURFACE_WITH_KNOTS ( 'NONE', 3, 1, ( 
 ( #1735, #10311 ),
 ( #2628, #8724 ),
 ( #11192, #3466 ),
 ( #10276, #7746 ) ),
 .UNSPECIFIED., .F., .F., .F.,
 ( 4, 4 ),
 ( 2, 2 ),
 ( 8.000000000000000000, 9.000000000000000000 ),
 ( 0.0000000000000000000, 1.000000000000000000 ),
 .UNSPECIFIED. ) ;
#6998 = VERTEX_POINT ( 'NONE', #7521 ) ;
#6999 = CARTESIAN_POINT ( 'NONE',  ( 2.306143493996669800, 1.464512082837735600, 1.659999999999999900 ) ) ;
#7000 = LINE ( 'NONE', #10120, #6566 ) ;
#7001 = CARTESIAN_POINT ( 'NONE',  ( 2.668578542414895300, 1.236918080733201600, 1.649999999999999900 ) ) ;
#7002 = SURFACE_STYLE_USAGE ( .BOTH. , #5311 ) ;
#7003 = CARTESIAN_POINT ( 'NONE',  ( 0.0000000000000000000, 0.0000000000000000000, 1.659999999999999500 ) ) ;
#7004 = ORIENTED_EDGE ( 'NONE', *, *, #8320, .T. ) ;
#7005 = DIRECTION ( 'NONE',  ( -0.9434452330824829600, 0.3315284183504325100, 0.0000000000000000000 ) ) ;
#7006 = EDGE_CURVE ( 'NONE', #2205, #3108, #7884, .T. ) ;
#7007 = ORIENTED_EDGE ( 'NONE', *, *, #1044, .F. ) ;
#7008 = CARTESIAN_POINT ( 'NONE',  ( -3.650000000000000400, 0.6999999999999999600, -5.421010862427522200E-017 ) ) ;
#7009 = LINE ( 'NONE', #10313, #8921 ) ;
#7010 = DIRECTION ( 'NONE',  ( 1.000000000000000000, 0.0000000000000000000, 0.0000000000000000000 ) ) ;
#7011 = CARTESIAN_POINT ( 'NONE',  ( 2.589589689055269900, 1.190939494449980500, 1.659999999999999900 ) ) ;
#7012 = CARTESIAN_POINT ( 'NONE',  ( 2.547030023289847300, 1.242930665093601600, 1.659999999999999900 ) ) ;
#7013 = B_SPLINE_CURVE_WITH_KNOTS ( 'NONE', 3,
 ( #1603, #7720, #5937, #6793 ),
 .UNSPECIFIED., .F., .F.,
 ( 4, 4 ),
 ( 2.000000000000000000, 3.000000000000000000 ),
 .UNSPECIFIED. ) ;
#7014 = VERTEX_POINT ( 'NONE', #5808 ) ;
#7015 = MECHANICAL_DESIGN_GEOMETRIC_PRESENTATION_REPRESENTATION (  '', ( #11089 ), #8194 ) ;
#7016 = CARTESIAN_POINT ( 'NONE',  ( 2.348703159762112000, 1.259848426970168600, 1.659999999999999900 ) ) ;
#7017 = ADVANCED_FACE ( 'NONE', ( #3877 ), #3031, .F. ) ;
#7018 = CARTESIAN_POINT ( 'NONE',  ( 2.277119511405173700, 1.375067522116989900, 1.659999999999999900 ) ) ;
#7019 = LINE ( 'NONE', #10551, #10145 ) ;
#7020 = CARTESIAN_POINT ( 'NONE',  ( 3.950000000000000200, -0.6999999999999999600, -1.579999999999999800 ) ) ;
#7021 = ORIENTED_EDGE ( 'NONE', *, *, #6871, .T. ) ;
#7022 = CARTESIAN_POINT ( 'NONE',  ( 2.230986189494375900, 1.279831427931967400, 1.659999999999999900 ) ) ;
#7023 = UNCERTAINTY_MEASURE_WITH_UNIT (LENGTH_MEASURE( 1.000000000000000100E-005 ), #152, 'distance_accuracy_value', 'NONE');
#7024 = ORIENTED_EDGE ( 'NONE', *, *, #4521, .F. ) ;
#7025 = CARTESIAN_POINT ( 'NONE',  ( 2.405911131542119600, 1.462743675673420200, 1.659999999999999900 ) ) ;
#7026 = CARTESIAN_POINT ( 'NONE',  ( 2.313600277541560900, 1.230787602561944600, 1.659999999999999900 ) ) ;
#7027 = LINE ( 'NONE', #5423, #7712 ) ;
#7028 = ORIENTED_EDGE ( 'NONE', *, *, #2105, .T. ) ;
#7029 = CARTESIAN_POINT ( 'NONE',  ( 2.333170650164992000, 1.180682732894274600, 1.659999999999999900 ) ) ;
#7030 = CARTESIAN_POINT ( 'NONE',  ( 2.346021075562139100, 1.217642442637280500, 1.659999999999999900 ) ) ;
#7031 = VERTEX_POINT ( 'NONE', #5994 ) ;
#7032 = SURFACE_STYLE_FILL_AREA ( #5375 ) ;
#7033 = LINE ( 'NONE', #9802, #5921 ) ;
#7034 = CARTESIAN_POINT ( 'NONE',  ( 2.651189205294141300, 1.193945786629788500, 1.649999999999999900 ) ) ;
#7035 = VECTOR ( 'NONE', #1839, 1000.000000000000000 ) ;
#7036 = ORIENTED_EDGE ( 'NONE', *, *, #9722, .T. ) ;
#7037 = EDGE_CURVE ( 'NONE', #8456, #11267, #1584, .T. ) ;
#7038 = VECTOR ( 'NONE', #18, 1000.000000000000100 ) ;
#7039 = CARTESIAN_POINT ( 'NONE',  ( 2.506798760291815100, 1.376858034371234000, 1.659999999999999900 ) ) ;
#7040 = CARTESIAN_POINT ( 'NONE',  ( 2.495893582775650500, 1.451897445062682300, 1.659999999999999900 ) ) ;
#7041 = EDGE_CURVE ( 'NONE', #5166, #1257, #1463, .T. ) ;
#7042 = SURFACE_STYLE_USAGE ( .BOTH. , #1924 ) ;
#7043 = AXIS2_PLACEMENT_3D ( 'NONE', #9168, #7453, #8345 ) ;
#7044 =( NAMED_UNIT ( * ) SI_UNIT ( $, .STERADIAN. ) SOLID_ANGLE_UNIT ( ) );
#7045 = CARTESIAN_POINT ( 'NONE',  ( 2.734805390735116900, 1.293094481667487600, 1.649999999999999900 ) ) ;
#7046 = DIRECTION ( 'NONE',  ( -0.0000000000000000000, -1.000000000000000000, 0.0000000000000000000 ) ) ;
#7047 = LINE ( 'NONE', #4306, #4684 ) ;
#7048 = CARTESIAN_POINT ( 'NONE',  ( 2.352534708619046000, 1.247233789194329900, 1.659999999999999900 ) ) ;
#7049 = CYLINDRICAL_SURFACE ( 'NONE', #4050, 0.1000000000000000500 ) ;
#7050 = CARTESIAN_POINT ( 'NONE',  ( 2.640284027777977500, 1.268985197321233400, 1.659999999999999900 ) ) ;
#7051 = DIRECTION ( 'NONE',  ( -0.0000000000000000000, -0.0000000000000000000, -1.000000000000000000 ) ) ;
#7052 = EDGE_CURVE ( 'NONE', #2141, #132, #8960, .T. ) ;
#7053 = EDGE_CURVE ( 'NONE', #2258, #10410, #241, .T. ) ;
#7054 = CARTESIAN_POINT ( 'NONE',  ( 2.727938076245265200, 1.271873595690193900, 1.659999999999999900 ) ) ;
#7055 = VECTOR ( 'NONE', #7696, 1000.000000000000000 ) ;
#7056 = AXIS2_PLACEMENT_3D ( 'NONE', #3156, #8491, #4935 ) ;
#7057 = DIRECTION ( 'NONE',  ( 0.9209172030172786400, -0.3897582650654536400, 0.0000000000000000000 ) ) ;
#7058 = MECHANICAL_DESIGN_GEOMETRIC_PRESENTATION_REPRESENTATION (  '', ( #10694 ), #3667 ) ;
#7059 = PLANE ( 'NONE',  #444 ) ;
#7060 = VERTEX_POINT ( 'NONE', #5063 ) ;
#7061 = FACE_OUTER_BOUND ( 'NONE', #4460, .T. ) ;
#7062 = LINE ( 'NONE', #9442, #6781 ) ;
#7063 = VECTOR ( 'NONE', #4530, 1000.000000000000000 ) ;
#7064 = CARTESIAN_POINT ( 'NONE',  ( 2.378825028468378700, 1.260850524363176500, 1.659999999999999900 ) ) ;
#7065 = ORIENTED_EDGE ( 'NONE', *, *, #9821, .T. ) ;
#7066 = ORIENTED_EDGE ( 'NONE', *, *, #9401, .T. ) ;
#7067 = CARTESIAN_POINT ( 'NONE',  ( 1.814021717023177400, 1.210185344946257200, 1.659999999999999900 ) ) ;
#7068 =( NAMED_UNIT ( * ) PLANE_ANGLE_UNIT ( ) SI_UNIT ( $, .RADIAN. ) );
#7069 = EDGE_CURVE ( 'NONE', #5734, #1409, #9238, .T. ) ;
#7070 = EDGE_CURVE ( 'NONE', #4271, #5288, #9894, .T. ) ;
#7071 = VECTOR ( 'NONE', #10095, 1000.000000000000000 ) ;
#7072 = CARTESIAN_POINT ( 'NONE',  ( 2.323444410758892100, 1.457674241801383900, 1.649999999999999900 ) ) ;
#7073 = FACE_OUTER_BOUND ( 'NONE', #2468, .T. ) ;
#7074 = ORIENTED_EDGE ( 'NONE', *, *, #4473, .T. ) ;
#7075 = ADVANCED_FACE ( 'NONE', ( #100 ), #4442, .T. ) ;
#7076 = VERTEX_POINT ( 'NONE', #715 ) ;
#7077 = PLANE ( 'NONE',  #3501 ) ;
#7078 = PLANE ( 'NONE',  #1545 ) ;
#7079 = ORIENTED_EDGE ( 'NONE', *, *, #5853, .F. ) ;
#7080 = STYLED_ITEM ( 'NONE', ( #9509 ), #3096 ) ;
#7081 = CARTESIAN_POINT ( 'NONE',  ( 2.728498071846802400, 1.270282029242152600, 1.659999999999999900 ) ) ;
#7082 = CARTESIAN_POINT ( 'NONE',  ( 2.487464175289687300, 1.459147914438577100, 1.659999999999999900 ) ) ;
#7083 = DIRECTION ( 'NONE',  ( -0.0000000000000000000, 1.000000000000000000, -0.0000000000000000000 ) ) ;
#7084 = EDGE_LOOP ( 'NONE', ( #11045, #4649, #10804, #11231 ) ) ;
#7085 = FILL_AREA_STYLE_COLOUR ( '', #2279 ) ;
#7086 = VERTEX_POINT ( 'NONE', #648 ) ;
#7087 = B_SPLINE_CURVE_WITH_KNOTS ( 'NONE', 3,
 ( #9947, #6598, #3911, #406 ),
 .UNSPECIFIED., .F., .F.,
 ( 4, 4 ),
 ( 28.00000000000000000, 29.00000000000000000 ),
 .UNSPECIFIED. ) ;
#7088 = CARTESIAN_POINT ( 'NONE',  ( 2.186481275847953500, 1.476006729408933600, 1.649999999999999900 ) ) ;
#7089 = COLOUR_RGB ( '',0.6666666666666666300, 0.6666666666666666300, 0.6666666666666666300 ) ;
#7090 = EDGE_CURVE ( 'NONE', #2746, #238, #8155, .T. ) ;
#7091 = VECTOR ( 'NONE', #2128, 1000.000000000000000 ) ;
#7092 = ORIENTED_EDGE ( 'NONE', *, *, #4536, .T. ) ;
#7093 = EDGE_CURVE ( 'NONE', #8087, #7216, #2681, .T. ) ;
#7094 = CARTESIAN_POINT ( 'NONE',  ( 2.272956386204780400, 1.460267905642432800, 1.659999999999999900 ) ) ;
#7095 = CARTESIAN_POINT ( 'NONE',  ( 2.307145591390069600, 1.477951977290310700, 1.659999999999999900 ) ) ;
#7096 = CARTESIAN_POINT ( 'NONE',  ( 2.171597182211292900, 1.177794334525310800, 1.659999999999999900 ) ) ;
#7097 = VECTOR ( 'NONE', #10011, 1000.000000000000000 ) ;
#7098 = LINE ( 'NONE', #5457, #9670 ) ;
#7099 =( NAMED_UNIT ( * ) SI_UNIT ( $, .STERADIAN. ) SOLID_ANGLE_UNIT ( ) );
#7100 = VERTEX_POINT ( 'NONE', #2501 ) ;
#7101 = PLANE ( 'NONE',  #9649 ) ;
#7102 = EDGE_LOOP ( 'NONE', ( #1811, #11168, #5829, #10932, #9605, #832 ) ) ;
#7103 = COLOUR_RGB ( '',0.2980392156862745100, 0.2980392156862745100, 0.2980392156862745100 ) ;
#7104 = CARTESIAN_POINT ( 'NONE',  ( 1.731224716223094900, 1.236418032062303100, 1.659999999999999900 ) ) ;
#7105 = CARTESIAN_POINT ( 'NONE',  ( 2.668578542414895300, 1.236918080733201600, 1.649999999999999900 ) ) ;
#7106 = ORIENTED_EDGE ( 'NONE', *, *, #5235, .T. ) ;
#7107 = DIRECTION ( 'NONE',  ( -1.000000000000000000, 0.0000000000000000000, -0.0000000000000000000 ) ) ;
#7108 = CARTESIAN_POINT ( 'NONE',  ( 2.264055403475419700, 1.384167450652555600, 1.649999999999999900 ) ) ;
#7109 = LINE ( 'NONE', #6195, #9149 ) ;
#7110 = ORIENTED_EDGE ( 'NONE', *, *, #8306, .F. ) ;
#7111 = CARTESIAN_POINT ( 'NONE',  ( 1.814021717023177400, 1.160179249949178800, 1.649999999999999900 ) ) ;
#7112 = ORIENTED_EDGE ( 'NONE', *, *, #6921, .T. ) ;
#7113 = EDGE_LOOP ( 'NONE', ( #1380, #10692, #4330, #6253 ) ) ;
#7114 = ORIENTED_EDGE ( 'NONE', *, *, #3028, .F. ) ;
#7115 = DIRECTION ( 'NONE',  ( -0.0000000000000000000, 1.000000000000000000, -0.0000000000000000000 ) ) ;
#7116 = ORIENTED_EDGE ( 'NONE', *, *, #10185, .T. ) ;
#7117 = DIRECTION ( 'NONE',  ( 1.000000000000000000, 2.256792622091522700E-014, -0.0000000000000000000 ) ) ;
#7118 = VERTEX_POINT ( 'NONE', #4111 ) ;
#7119 = ORIENTED_EDGE ( 'NONE', *, *, #10532, .T. ) ;
#7120 = EDGE_LOOP ( 'NONE', ( #8251, #2185, #5206, #8982 ) ) ;
#7121 = CARTESIAN_POINT ( 'NONE',  ( 1.714009495758367600, 1.172475771218660200, 1.649999999999999900 ) ) ;
#7122 = CARTESIAN_POINT ( 'NONE',  ( 2.648831329074791800, 1.210922495411777400, 1.649999999999999900 ) ) ;
#7123 = EDGE_CURVE ( 'NONE', #202, #5820, #7967, .T. ) ;
#7124 = DIRECTION ( 'NONE',  ( -0.0000000000000000000, -0.0000000000000000000, -1.000000000000000000 ) ) ;
#7125 = AXIS2_PLACEMENT_3D ( 'NONE', #1229, #6399, #2848 ) ;
#7126 =( GEOMETRIC_REPRESENTATION_CONTEXT ( 3 ) GLOBAL_UNCERTAINTY_ASSIGNED_CONTEXT ( ( #10564 ) ) GLOBAL_UNIT_ASSIGNED_CONTEXT ( ( #878, #10519, #5260 ) ) REPRESENTATION_CONTEXT ( 'NONE', 'WORKASPACE' ) );
#7127 = ORIENTED_EDGE ( 'NONE', *, *, #2671, .F. ) ;
#7128 = CARTESIAN_POINT ( 'NONE',  ( 2.550301576544853300, 1.293094481667485400, 1.659999999999999900 ) ) ;
#7129 = CARTESIAN_POINT ( 'NONE',  ( 2.333259070523130400, 1.237920178126990400, 1.649999999999999900 ) ) ;
#7130 = CARTESIAN_POINT ( 'NONE',  ( 2.691420468292159200, 1.177794334525313200, 1.649999999999999900 ) ) ;
#7131 = ADVANCED_FACE ( 'NONE', ( #4273 ), #8503, .F. ) ;
#7132 = CARTESIAN_POINT ( 'NONE',  ( 2.293086754430535600, 1.180741679799696800, 1.659999999999999900 ) ) ;
#7133 = ORIENTED_EDGE ( 'NONE', *, *, #7949, .F. ) ;
#7134 = CARTESIAN_POINT ( 'NONE',  ( 1.732044507240587200, 1.288063724729499300, 1.659999999999999900 ) ) ;
#7135 = EDGE_LOOP ( 'NONE', ( #1565, #10827, #10068, #5986, #8035, #10947, #4656, #5249, #6882, #6387, #11035, #5778 ) ) ;
#7136 = EDGE_CURVE ( 'NONE', #6282, #5869, #228, .T. ) ;
#7137 = EDGE_CURVE ( 'NONE', #5577, #920, #1014, .T. ) ;
#7138 = VECTOR ( 'NONE', #230, 1000.000000000000100 ) ;
#7139 = CARTESIAN_POINT ( 'NONE',  ( 2.581956064794108200, 1.461270003036230700, 1.659999999999999900 ) ) ;
#7140 = STYLED_ITEM ( 'NONE', ( #6649 ), #3104 ) ;
#7141 = DIRECTION ( 'NONE',  ( 1.000000000000000000, 0.0000000000000000000, 0.0000000000000000000 ) ) ;
#7142 = EDGE_LOOP ( 'NONE', ( #1394, #806, #149, #821 ) ) ;
#7143 = MECHANICAL_DESIGN_GEOMETRIC_PRESENTATION_REPRESENTATION (  '', ( #7954 ), #7735 ) ;
#7144 = ORIENTED_EDGE ( 'NONE', *, *, #7137, .F. ) ;
#7145 = LINE ( 'NONE', #2362, #9457 ) ;
#7146 = CARTESIAN_POINT ( 'NONE',  ( 2.265558549565717800, 1.175849086643933900, 1.659999999999999900 ) ) ;
#7147 = B_SPLINE_CURVE_WITH_KNOTS ( 'NONE', 3,
 ( #2553, #2514, #9490, #10407 ),
 .UNSPECIFIED., .F., .F.,
 ( 4, 4 ),
 ( 5.000000000000000000, 6.000000000000000000 ),
 .UNSPECIFIED. ) ;
#7148 = VERTEX_POINT ( 'NONE', #10351 ) ;
#7149 = CARTESIAN_POINT ( 'NONE',  ( 2.640284027777977500, 1.268985197321233400, 1.649999999999999900 ) ) ;
#7150 = CARTESIAN_POINT ( 'NONE',  ( 2.262080682141720500, 1.205499380106406000, 1.649999999999999900 ) ) ;
#7151 = EDGE_CURVE ( 'NONE', #4014, #1126, #6624, .T. ) ;
#7152 = VERTEX_POINT ( 'NONE', #3203 ) ;
#7153 = CARTESIAN_POINT ( 'NONE',  ( 3.350000000000001000, 1.901519224698779500, 0.0000000000000000000 ) ) ;
#7154 = CARTESIAN_POINT ( 'NONE',  ( 2.639606138365591500, 1.183158502924475600, 1.659999999999999900 ) ) ;
#7155 = B_SPLINE_CURVE_WITH_KNOTS ( 'NONE', 3,
 ( #1797, #5499, #10671, #921 ),
 .UNSPECIFIED., .F., .F.,
 ( 4, 4 ),
 ( 2.000000000000000000, 3.000000000000000000 ),
 .UNSPECIFIED. ) ;
#7156 = VECTOR ( 'NONE', #3114, 1000.000000000000000 ) ;
#7157 =( GEOMETRIC_REPRESENTATION_CONTEXT ( 3 ) GLOBAL_UNCERTAINTY_ASSIGNED_CONTEXT ( ( #1911 ) ) GLOBAL_UNIT_ASSIGNED_CONTEXT ( ( #5510, #6216, #2755 ) ) REPRESENTATION_CONTEXT ( 'NONE', 'WORKASPACE' ) );
#7158 = ORIENTED_EDGE ( 'NONE', *, *, #5268, .F. ) ;
#7159 = UNCERTAINTY_MEASURE_WITH_UNIT (LENGTH_MEASURE( 1.000000000000000100E-005 ), #9621, 'distance_accuracy_value', 'NONE');
#7160 = CARTESIAN_POINT ( 'NONE',  ( 2.282476311441892200, 1.250299028280348100, 1.649999999999999900 ) ) ;
#7161 = CARTESIAN_POINT ( 'NONE',  ( 2.408593215742089700, 1.139007270710988600, 1.649999999999999900 ) ) ;
#7162 = ORIENTED_EDGE ( 'NONE', *, *, #7929, .T. ) ;
#7163 = DIRECTION ( 'NONE',  ( 1.000000000000000000, -0.0000000000000000000, -0.0000000000000000000 ) ) ;
#7164 = CARTESIAN_POINT ( 'NONE',  ( 1.923871211592327800, 1.177394454778384600, 1.649999999999999900 ) ) ;
#7165 = CARTESIAN_POINT ( 'NONE',  ( 2.402639578287098400, 1.412638806004960600, 1.659999999999999900 ) ) ;
#7166 = EDGE_LOOP ( 'NONE', ( #7524, #6977, #11002, #1383 ) ) ;
#7167 = COLOUR_RGB ( '',0.6666666666666666300, 0.6666666666666666300, 0.6666666666666666300 ) ;
#7168 = CARTESIAN_POINT ( 'NONE',  ( 2.333259070523128200, 1.245229594407525100, 1.649999999999999900 ) ) ;
#7169 = CARTESIAN_POINT ( 'NONE',  ( 2.505796662898825300, 1.279831427931971400, 1.659999999999999900 ) ) ;
#7170 = PLANE ( 'NONE',  #5410 ) ;
#7171 = AXIS2_PLACEMENT_3D ( 'NONE', #8778, #296, #2067 ) ;
#7172 = CARTESIAN_POINT ( 'NONE',  ( 2.046837018447667900, 1.214284206217046700, 1.649999999999999900 ) ) ;
#7173 = CIRCLE ( 'NONE', #56, 0.1000000000000000500 ) ;
#7174 = FILL_AREA_STYLE ('',( #3706 ) ) ;
#7175 = CIRCLE ( 'NONE', #6801, 0.1000000000000000500 ) ;
#7176 = ORIENTED_EDGE ( 'NONE', *, *, #6143, .T. ) ;
#7177 = CARTESIAN_POINT ( 'NONE',  ( 2.346522124259034800, 1.360706582266758800, 1.659999999999999900 ) ) ;
#7178 = PRESENTATION_STYLE_ASSIGNMENT (( #742 ) ) ;
#7179 = ADVANCED_FACE ( 'NONE', ( #6063 ), #4826, .T. ) ;
#7180 = LINE ( 'NONE', #2076, #6911 ) ;
#7181 = CARTESIAN_POINT ( 'NONE',  ( 2.388787055496564000, 1.205617273917257500, 1.649999999999999900 ) ) ;
#7182 = EDGE_CURVE ( 'NONE', #9546, #2039, #8834, .T. ) ;
#7183 = CARTESIAN_POINT ( 'NONE',  ( 2.370248253719242600, 1.206619371310265500, 1.649999999999999900 ) ) ;
#7184 =( NAMED_UNIT ( * ) SI_UNIT ( $, .STERADIAN. ) SOLID_ANGLE_UNIT ( ) );
#7185 = ORIENTED_EDGE ( 'NONE', *, *, #10279, .F. ) ;
#7186 = LINE ( 'NONE', #2695, #2278 ) ;
#7187 = FACE_OUTER_BOUND ( 'NONE', #7964, .T. ) ;
#7188 = FILL_AREA_STYLE_COLOUR ( '', #4406 ) ;
#7189 = AXIS2_PLACEMENT_3D ( 'NONE', #3248, #10278, #7631 ) ;
#7190 = DIRECTION ( 'NONE',  ( 0.0000000000000000000, -0.0000000000000000000, 1.000000000000000000 ) ) ;
#7191 = CARTESIAN_POINT ( 'NONE',  ( -3.309562411971218600, -2.000000000000000000, -1.016439536705160300E-017 ) ) ;
#7192 = CARTESIAN_POINT ( 'NONE',  ( 2.363911461379003300, 1.250299028280348100, 1.649999999999999900 ) ) ;
#7193 = SPHERICAL_SURFACE ( 'NONE', #4009, 0.1000000000000000100 ) ;
#7194 = ORIENTED_EDGE ( 'NONE', *, *, #1182, .T. ) ;
#7195 = PRESENTATION_STYLE_ASSIGNMENT (( #1909 ) ) ;
#7196 = FACE_OUTER_BOUND ( 'NONE', #214, .T. ) ;
#7197 = DIRECTION ( 'NONE',  ( 2.256792622091522000E-014, -1.000000000000000000, -0.0000000000000000000 ) ) ;
#7198 =( NAMED_UNIT ( * ) SI_UNIT ( $, .STERADIAN. ) SOLID_ANGLE_UNIT ( ) );
#7199 = VECTOR ( 'NONE', #5435, 1000.000000000000000 ) ;
#7200 = ORIENTED_EDGE ( 'NONE', *, *, #10246, .T. ) ;
#7201 = CARTESIAN_POINT ( 'NONE',  ( 2.247432376126760700, 1.199840477179337200, 1.649999999999999900 ) ) ;
#7202 = EDGE_CURVE ( 'NONE', #833, #7678, #4545, .T. ) ;
#7203 = EDGE_CURVE ( 'NONE', #443, #3485, #3323, .T. ) ;
#7204 =( LENGTH_UNIT ( ) NAMED_UNIT ( * ) SI_UNIT ( .MILLI., .METRE. ) );
#7205 = ORIENTED_EDGE ( 'NONE', *, *, #4671, .T. ) ;
#7206 = DIRECTION ( 'NONE',  ( 0.0000000000000000000, -1.000000000000000000, 0.0000000000000000000 ) ) ;
#7207 = ORIENTED_EDGE ( 'NONE', *, *, #146, .T. ) ;
#7208 = MECHANICAL_DESIGN_GEOMETRIC_PRESENTATION_REPRESENTATION (  '', ( #7430 ), #8015 ) ;
#7209 = CARTESIAN_POINT ( 'NONE',  ( 2.371721926356827200, 1.250299028280348100, 1.649999999999999900 ) ) ;
#7210 = CARTESIAN_POINT ( 'NONE',  ( 2.728498071846802400, 1.270282029242152600, 1.649999999999999900 ) ) ;
#7211 = CARTESIAN_POINT ( 'NONE',  ( 1.900097803712475600, 1.202807382149946300, 1.649999999999999900 ) ) ;
#7212 = SURFACE_STYLE_FILL_AREA ( #521 ) ;
#7213 = LINE ( 'NONE', #7169, #9266 ) ;
#7214 = CARTESIAN_POINT ( 'NONE',  ( 2.384837612828778900, 1.258374754332191300, 1.659999999999999900 ) ) ;
#7215 = EDGE_LOOP ( 'NONE', ( #2350, #5496, #32, #9993, #6011, #5564, #5919 ) ) ;
#7216 = VERTEX_POINT ( 'NONE', #7008 ) ;
#7217 = SURFACE_SIDE_STYLE ('',( #8028 ) ) ;
#7218 = CARTESIAN_POINT ( 'NONE',  ( 3.750000000000000400, 0.6999999999999999600, -1.579999999999999800 ) ) ;
#7219 = FILL_AREA_STYLE_COLOUR ( '', #11182 ) ;
#7220 = B_SPLINE_SURFACE_WITH_KNOTS ( 'NONE', 3, 1, ( 
 ( #9342, #1537 ),
 ( #4093, #5866 ),
 ( #6752, #6126 ),
 ( #4311, #6985 ) ),
 .UNSPECIFIED., .F., .F., .F.,
 ( 4, 4 ),
 ( 2, 2 ),
 ( 33.00000000000000000, 34.00000000000000000 ),
 ( 0.0000000000000000000, 1.000000000000000000 ),
 .UNSPECIFIED. ) ;
#7221 = CARTESIAN_POINT ( 'NONE',  ( 2.778720835326111200, 1.177794334525313200, 1.659999999999999900 ) ) ;
#7222 = VERTEX_POINT ( 'NONE', #7926 ) ;
#7223 = CARTESIAN_POINT ( 'NONE',  ( 2.372724023750227800, 1.204556229618042500, 1.649999999999999900 ) ) ;
#7224 = EDGE_CURVE ( 'NONE', #8225, #6531, #5934, .T. ) ;
#7225 = FACE_BOUND ( 'NONE', #2338, .T. ) ;
#7227 = ORIENTED_EDGE ( 'NONE', *, *, #5489, .T. ) ;
#7226 = B_SPLINE_CURVE_WITH_KNOTS ( 'NONE', 3,
 ( #948, #905, #7016, #6038 ),
 .UNSPECIFIED., .F., .F.,
 ( 4, 4 ),
 ( 7.000000000000000000, 8.000000000000000000 ),
 .UNSPECIFIED. ) ;
#7228 = DIRECTION ( 'NONE',  ( -0.0000000000000000000, -1.000000000000000000, -0.0000000000000000000 ) ) ;
#7229 = FACE_OUTER_BOUND ( 'NONE', #1148, .T. ) ;
#7230 = AXIS2_PLACEMENT_3D ( 'NONE', #1312, #4902, #1464 ) ;
#7231 = CARTESIAN_POINT ( 'NONE',  ( -3.349999999999999200, 0.6999999999999999600, 0.0000000000000000000 ) ) ;
#7232 = LINE ( 'NONE', #11036, #2585 ) ;
#7233 = CARTESIAN_POINT ( 'NONE',  ( 2.077168598107121100, 1.263470541468073600, 1.659999999999999900 ) ) ;
#7234 = VERTEX_POINT ( 'NONE', #8761 ) ;
#7235 = CARTESIAN_POINT ( 'NONE',  ( 1.731224716223094900, 1.172475771218660200, 1.649999999999999900 ) ) ;
#7236 = CARTESIAN_POINT ( 'NONE',  ( -3.750000000000000400, -0.6999999999999999600, -1.579999999999999800 ) ) ;
#7237 = VECTOR ( 'NONE', #4617, 1000.000000000000000 ) ;
#7238 = PLANE ( 'NONE',  #117 ) ;
#7239 = VERTEX_POINT ( 'NONE', #8684 ) ;
#7240 = FACE_OUTER_BOUND ( 'NONE', #2758, .T. ) ;
#7241 = EDGE_CURVE ( 'NONE', #238, #9842, #2669, .T. ) ;
#7242 = ORIENTED_EDGE ( 'NONE', *, *, #5946, .F. ) ;
#7243 = DIRECTION ( 'NONE',  ( -1.000000000000000000, 7.646963822077118900E-016, 4.336808689942016900E-015 ) ) ;
#7244 = EDGE_LOOP ( 'NONE', ( #9996, #1663, #2599 ) ) ;
#7245 = CARTESIAN_POINT ( 'NONE',  ( 2.589589689055269900, 1.190939494449980500, 1.659999999999999900 ) ) ;
#7246 = ADVANCED_FACE ( 'NONE', ( #2919 ), #8010, .F. ) ;
#7247 = AXIS2_PLACEMENT_3D ( 'NONE', #10243, #5927, #10399 ) ;
#7248 = CARTESIAN_POINT ( 'NONE',  ( 2.293086754430535600, 1.180741679799696800, 1.649999999999999900 ) ) ;
#7249 = EDGE_LOOP ( 'NONE', ( #6406, #7497, #2438, #2972 ) ) ;
#7250 = CARTESIAN_POINT ( 'NONE',  ( 1.554153906192529600, 1.342988425105930500, 1.649999999999999900 ) ) ;
#7251 = ORIENTED_EDGE ( 'NONE', *, *, #9614, .T. ) ;
#7252 = VECTOR ( 'NONE', #1540, 1000.000000000000000 ) ;
#7253 = VERTEX_POINT ( 'NONE', #1 ) ;
#7254 = ORIENTED_EDGE ( 'NONE', *, *, #11130, .T. ) ;
#7255 = PLANE ( 'NONE',  #8957 ) ;
#7256 = FILL_AREA_STYLE ('',( #7219 ) ) ;
#7257 = EDGE_CURVE ( 'NONE', #1082, #5031, #1090, .T. ) ;
#7258 = DIRECTION ( 'NONE',  ( 0.0000000000000000000, 1.000000000000000000, -0.0000000000000000000 ) ) ;
#7259 = EDGE_LOOP ( 'NONE', ( #9210, #3993, #5710, #5002 ) ) ;
#7260 = ORIENTED_EDGE ( 'NONE', *, *, #3799, .T. ) ;
#7261 = EDGE_CURVE ( 'NONE', #10738, #4568, #1320, .T. ) ;
#7262 = CARTESIAN_POINT ( 'NONE',  ( -3.349999999999999200, -0.6999999999999999600, 0.0000000000000000000 ) ) ;
#7263 = FACE_OUTER_BOUND ( 'NONE', #10203, .T. ) ;
#7264 = CARTESIAN_POINT ( 'NONE',  ( 2.589589689055269900, 1.279831427931971400, 1.649999999999999900 ) ) ;
#7265 = DIRECTION ( 'NONE',  ( 0.0000000000000000000, 0.0000000000000000000, 1.000000000000000000 ) ) ;
#7266 = FILL_AREA_STYLE ('',( #5344 ) ) ;
#7267 = CARTESIAN_POINT ( 'NONE',  ( 2.342513734685435000, 1.255486355963231400, 1.649999999999999900 ) ) ;
#7268 = DIRECTION ( 'NONE',  ( -0.0000000000000000000, -0.0000000000000000000, -1.000000000000000000 ) ) ;
#7269 = ORIENTED_EDGE ( 'NONE', *, *, #6647, .F. ) ;
#7270 = LINE ( 'NONE', #710, #854 ) ;
#7271 = EDGE_CURVE ( 'NONE', #7234, #9133, #7741, .T. ) ;
#7272 = CARTESIAN_POINT ( 'NONE',  ( -2.450000000000000200, -0.6999999999999999600, -1.679999999999999900 ) ) ;
#7273 = MECHANICAL_DESIGN_GEOMETRIC_PRESENTATION_REPRESENTATION (  '', ( #4909 ), #2318 ) ;
#7274 = B_SPLINE_SURFACE_WITH_KNOTS ( 'NONE', 3, 1, ( 
 ( #9441, #9362 ),
 ( #9513, #2396 ),
 ( #750, #2470 ),
 ( #10237, #1622 ) ),
 .UNSPECIFIED., .F., .F., .F.,
 ( 4, 4 ),
 ( 2, 2 ),
 ( 10.00000000000000000, 11.00000000000000000 ),
 ( 0.0000000000000000000, 1.000000000000000000 ),
 .UNSPECIFIED. ) ;
#7275 = B_SPLINE_CURVE_WITH_KNOTS ( 'NONE', 3,
 ( #7210, #4651, #4533, #3738 ),
 .UNSPECIFIED., .F., .F.,
 ( 4, 4 ),
 ( 1.000000000000000000, 2.000000000000000000 ),
 .UNSPECIFIED. ) ;
#7276 = MECHANICAL_DESIGN_GEOMETRIC_PRESENTATION_REPRESENTATION (  '', ( #2007 ), #4911 ) ;
#7277 = VERTEX_POINT ( 'NONE', #6109 ) ;
#7278 =( NAMED_UNIT ( * ) PLANE_ANGLE_UNIT ( ) SI_UNIT ( $, .RADIAN. ) );
#7279 = DIRECTION ( 'NONE',  ( 0.9848077530122080200, 0.0000000000000000000, -0.1736481776669305500 ) ) ;
#7280 = ORIENTED_EDGE ( 'NONE', *, *, #2611, .T. ) ;
#7281 = DIRECTION ( 'NONE',  ( 0.0000000000000000000, 0.0000000000000000000, 1.000000000000000000 ) ) ;
#7282 = CARTESIAN_POINT ( 'NONE',  ( 2.365326187110767800, 1.224480283674417500, 1.659999999999999900 ) ) ;
#7283 = ORIENTED_EDGE ( 'NONE', *, *, #6097, .T. ) ;
#7284 = CARTESIAN_POINT ( 'NONE',  ( 2.323444410758892100, 1.379746432740977400, 1.659999999999999900 ) ) ;
#7285 = CARTESIAN_POINT ( 'NONE',  ( 2.368273532385547100, 1.187638467742258500, 1.649999999999999900 ) ) ;
#7286 = CARTESIAN_POINT ( 'NONE',  ( 2.496217790756276600, 1.385876910911449000, 1.649999999999999900 ) ) ;
#7287 = EDGE_CURVE ( 'NONE', #1288, #5343, #3193, .T. ) ;
#7288 = EDGE_CURVE ( 'NONE', #5042, #1338, #10571, .T. ) ;
#7289 =( NAMED_UNIT ( * ) SI_UNIT ( $, .STERADIAN. ) SOLID_ANGLE_UNIT ( ) );
#7290 = VECTOR ( 'NONE', #6428, 1000.000000000000000 ) ;
#7291 = CARTESIAN_POINT ( 'NONE',  ( 2.504440884072465700, 1.393834743153228800, 1.649999999999999900 ) ) ;
#7292 = CARTESIAN_POINT ( 'NONE',  ( 2.348143164159788700, 1.239217010047907900, 1.659999999999999900 ) ) ;
#7293 = CARTESIAN_POINT ( 'NONE',  ( 1.400000000000000800, -1.399999999999999700, -1.750000000000000000 ) ) ;
#7294 = VERTEX_POINT ( 'NONE', #7153 ) ;
#7295 = EDGE_LOOP ( 'NONE', ( #9978, #2648, #4447, #408 ) ) ;
#7296 = DIRECTION ( 'NONE',  ( 1.000000000000000000, -0.0000000000000000000, -0.0000000000000000000 ) ) ;
#7297 = ADVANCED_FACE ( 'NONE', ( #7871 ), #8211, .F. ) ;
#7298 = PRESENTATION_STYLE_ASSIGNMENT (( #4658 ) ) ;
#7299 = ORIENTED_EDGE ( 'NONE', *, *, #8146, .F. ) ;
#7300 = CARTESIAN_POINT ( 'NONE',  ( 2.368273532385547100, 1.187638467742258500, 1.649999999999999900 ) ) ;
#7301 = CYLINDRICAL_SURFACE ( 'NONE', #7043, 0.1000000000000000500 ) ;
#7302 = DIRECTION ( 'NONE',  ( -1.000000000000000000, 0.0000000000000000000, 0.0000000000000000000 ) ) ;
#7303 = CARTESIAN_POINT ( 'NONE',  ( 2.726700191229772600, 1.278357755293995100, 1.659999999999999900 ) ) ;
#7304 = EDGE_CURVE ( 'NONE', #10510, #7813, #7593, .T. ) ;
#7305 = DIRECTION ( 'NONE',  ( 1.000000000000000000, 0.0000000000000000000, 0.0000000000000000000 ) ) ;
#7306 = UNCERTAINTY_MEASURE_WITH_UNIT (LENGTH_MEASURE( 1.000000000000000100E-005 ), #5531, 'distance_accuracy_value', 'NONE');
#7307 = PRESENTATION_STYLE_ASSIGNMENT (( #326 ) ) ;
#7308 = B_SPLINE_CURVE_WITH_KNOTS ( 'NONE', 3,
 ( #526, #3047, #7300, #6603 ),
 .UNSPECIFIED., .F., .F.,
 ( 4, 4 ),
 ( 1.000000000000000000, 2.000000000000000000 ),
 .UNSPECIFIED. ) ;
#7309 = LINE ( 'NONE', #8825, #6471 ) ;
#7310 = EDGE_LOOP ( 'NONE', ( #6021, #9908, #7977, #9332 ) ) ;
#7311 = B_SPLINE_SURFACE_WITH_KNOTS ( 'NONE', 3, 1, ( 
 ( #2736, #10695 ),
 ( #283, #1028 ),
 ( #9746, #7168 ),
 ( #4498, #6277 ) ),
 .UNSPECIFIED., .F., .F., .F.,
 ( 4, 4 ),
 ( 2, 2 ),
 ( 6.000000000000000000, 7.000000000000000000 ),
 ( 0.0000000000000000000, 1.000000000000000000 ),
 .UNSPECIFIED. ) ;
#7312 = LINE ( 'NONE', #2263, #891 ) ;
#7313 = FILL_AREA_STYLE ('',( #8395 ) ) ;
#7314 = CARTESIAN_POINT ( 'NONE',  ( 2.385692342958226000, 1.186695317254674600, 1.649999999999999900 ) ) ;
#7315 = CARTESIAN_POINT ( 'NONE',  ( 2.247432376126760700, 1.199840477179337200, 1.659999999999999900 ) ) ;
#7316 = CARTESIAN_POINT ( 'NONE',  ( 2.652928139005744900, 1.250888497335386000, 1.649999999999999900 ) ) ;
#7317 = ORIENTED_EDGE ( 'NONE', *, *, #8420, .F. ) ;
#7318 = VECTOR ( 'NONE', #1020, 1000.000000000000000 ) ;
#7319 = VECTOR ( 'NONE', #9885, 1000.000000000000000 ) ;
#7320 = CARTESIAN_POINT ( 'NONE',  ( 2.632414615895120000, 1.194947884022793400, 1.649999999999999900 ) ) ;
#7321 = PRESENTATION_LAYER_ASSIGNMENT (  '', '', ( #6736 ) ) ;
#7322 =( LENGTH_UNIT ( ) NAMED_UNIT ( * ) SI_UNIT ( .MILLI., .METRE. ) );
#7323 = VECTOR ( 'NONE', #187, 1000.000000000000000 ) ;
#7324 = CARTESIAN_POINT ( 'NONE',  ( -3.254401861300145100, 2.002882636601366800, -0.01634824454989568200 ) ) ;
#7325 = SURFACE_STYLE_USAGE ( .BOTH. , #10058 ) ;
#7326 = PLANE ( 'NONE',  #9808 ) ;
#7327 = ORIENTED_EDGE ( 'NONE', *, *, #900, .T. ) ;
#7328 = VECTOR ( 'NONE', #9938, 1000.000000000000000 ) ;
#7329 = FILL_AREA_STYLE ('',( #5461 ) ) ;
#7330 = VECTOR ( 'NONE', #11266, 1000.000000000000000 ) ;
#7331 = PLANE ( 'NONE',  #2047 ) ;
#7332 = VERTEX_POINT ( 'NONE', #6175 ) ;
#7333 = VERTEX_POINT ( 'NONE', #3651 ) ;
#7334 = CARTESIAN_POINT ( 'NONE',  ( 2.277288983758615000, 1.187697414647680600, 1.659999999999999900 ) ) ;
#7335 = ORIENTED_EDGE ( 'NONE', *, *, #11215, .F. ) ;
#7336 = EDGE_CURVE ( 'NONE', #578, #5978, #8682, .T. ) ;
#7337 = ORIENTED_EDGE ( 'NONE', *, *, #1018, .F. ) ;
#7338 = CARTESIAN_POINT ( 'NONE',  ( 2.552924713839388500, 1.190939494449978700, 1.659999999999999900 ) ) ;
#7339 = SURFACE_SIDE_STYLE ('',( #8574 ) ) ;
#7340 = PRESENTATION_LAYER_ASSIGNMENT (  '', '', ( #2075 ) ) ;
#7341 = CARTESIAN_POINT ( 'NONE',  ( 2.279882647600057800, 1.216522451433417600, 1.649999999999999900 ) ) ;
#7342 = CARTESIAN_POINT ( 'NONE',  ( 2.691420468292159200, 1.177794334525313200, 1.659999999999999900 ) ) ;
#7343 = AXIS2_PLACEMENT_3D ( 'NONE', #7594, #6625, #10936 ) ;
#7344 = SURFACE_STYLE_FILL_AREA ( #9976 ) ;
#7345 = FACE_OUTER_BOUND ( 'NONE', #8933, .T. ) ;
#7346 = CARTESIAN_POINT ( 'NONE',  ( 2.271600607378438900, 1.376091724599924700, 1.659999999999999900 ) ) ;
#7347 = CARTESIAN_POINT ( 'NONE',  ( 2.778720835326110400, 1.177794334525313200, 1.649999999999999900 ) ) ;
#7348 = ORIENTED_EDGE ( 'NONE', *, *, #1709, .T. ) ;
#7349 = CARTESIAN_POINT ( 'NONE',  ( 2.574499281249226900, 1.476006729408936700, 1.659999999999999900 ) ) ;
#7350 = ORIENTED_EDGE ( 'NONE', *, *, #2071, .T. ) ;
#7351 = VERTEX_POINT ( 'NONE', #6297 ) ;
#7352 = CARTESIAN_POINT ( 'NONE',  ( 2.724460208820486800, 1.270282029242152600, 1.659999999999999900 ) ) ;
#7353 = EDGE_CURVE ( 'NONE', #8078, #5734, #4004, .T. ) ;
#7354 = LINE ( 'NONE', #1391, #1066 ) ;
#7355 = EDGE_CURVE ( 'NONE', #10055, #2842, #5220, .T. ) ;
#7356 = VECTOR ( 'NONE', #9527, 1000.000000000000000 ) ;
#7357 = ADVANCED_FACE ( 'NONE', ( #8006 ), #532, .F. ) ;
#7358 = ORIENTED_EDGE ( 'NONE', *, *, #268, .T. ) ;
#7359 = VERTEX_POINT ( 'NONE', #1012 ) ;
#7360 = SURFACE_STYLE_USAGE ( .BOTH. , #1976 ) ;
#7361 = VECTOR ( 'NONE', #9115, 1000.000000000000100 ) ;
#7362 = AXIS2_PLACEMENT_3D ( 'NONE', #6929, #4989, #5099 ) ;
#7363 = LINE ( 'NONE', #5468, #6529 ) ;
#7364 = ORIENTED_EDGE ( 'NONE', *, *, #6871, .F. ) ;
#7365 = ADVANCED_FACE ( 'NONE', ( #365, #639 ), #6215, .T. ) ;
#7366 = LINE ( 'NONE', #2094, #419 ) ;
#7367 = COLOUR_RGB ( '',0.2980392156862745100, 0.2980392156862745100, 0.2980392156862745100 ) ;
#7368 = DIRECTION ( 'NONE',  ( 0.0000000000000000000, 0.0000000000000000000, -1.000000000000000000 ) ) ;
#7369 = ORIENTED_EDGE ( 'NONE', *, *, #6780, .T. ) ;
#7370 = CARTESIAN_POINT ( 'NONE',  ( 2.284657346944964900, 1.175849086643933900, 1.659999999999999900 ) ) ;
#7371 = CARTESIAN_POINT ( 'NONE',  ( 2.046837018447667900, 1.214284206217046700, 1.659999999999999900 ) ) ;
#7372 = DIRECTION ( 'NONE',  ( -1.000000000000000000, -0.0000000000000000000, -0.0000000000000000000 ) ) ;
#7373 = UNCERTAINTY_MEASURE_WITH_UNIT (LENGTH_MEASURE( 1.000000000000000100E-005 ), #9242, 'distance_accuracy_value', 'NONE');
#7374 = EDGE_CURVE ( 'NONE', #5741, #10234, #7898, .T. ) ;
#7375 = ORIENTED_EDGE ( 'NONE', *, *, #287, .F. ) ;
#7376 = SURFACE_SIDE_STYLE ('',( #3451 ) ) ;
#7377 = COLOUR_RGB ( '',0.6666666666666666300, 0.6666666666666666300, 0.6666666666666666300 ) ;
#7378 = CARTESIAN_POINT ( 'NONE',  ( 2.508537694004202100, 1.433800745076832400, 1.649999999999999900 ) ) ;
#7379 = AXIS2_PLACEMENT_3D ( 'NONE', #1297, #5525, #2175 ) ;
#7380 = DIRECTION ( 'NONE',  ( -1.000000000000000000, 0.0000000000000000000, -1.807003620809173900E-016 ) ) ;
#7381 = ORIENTED_EDGE ( 'NONE', *, *, #1513, .F. ) ;
#7382 = CARTESIAN_POINT ( 'NONE',  ( 2.333170650164992000, 1.180682732894274600, 1.659999999999999900 ) ) ;
#7383 = DIRECTION ( 'NONE',  ( -1.000000000000000000, 0.0000000000000000000, -0.0000000000000000000 ) ) ;
#7384 = COLOUR_RGB ( '',0.6666666666666666300, 0.6666666666666666300, 0.6666666666666666300 ) ;
#7385 = EDGE_LOOP ( 'NONE', ( #10100, #6955, #4892, #6870 ) ) ;
#7386 = CARTESIAN_POINT ( 'NONE',  ( 2.304316139926534800, 1.358761334385384800, 1.649999999999999900 ) ) ;
#7387 = B_SPLINE_CURVE_WITH_KNOTS ( 'NONE', 3,
 ( #10244, #7754, #1535, #6786 ),
 .UNSPECIFIED., .F., .F.,
 ( 4, 4 ),
 ( 17.00000000000000000, 18.00000000000000000 ),
 .UNSPECIFIED. ) ;
#7388 = CARTESIAN_POINT ( 'NONE',  ( 2.480272652820000500, 1.360706582266761400, 1.659999999999999900 ) ) ;
#7389 = ORIENTED_EDGE ( 'NONE', *, *, #4403, .F. ) ;
#7390 = B_SPLINE_CURVE_WITH_KNOTS ( 'NONE', 3,
 ( #4619, #9779, #1979, #9889 ),
 .UNSPECIFIED., .F., .F.,
 ( 4, 4 ),
 ( 27.00000000000000000, 28.00000000000000000 ),
 .UNSPECIFIED. ) ;
#7391 = SURFACE_SIDE_STYLE ('',( #6201 ) ) ;
#7392 = ORIENTED_EDGE ( 'NONE', *, *, #9942, .F. ) ;
#7393 = VERTEX_POINT ( 'NONE', #4216 ) ;
#7394 = FILL_AREA_STYLE ('',( #5602 ) ) ;
#7395 = DIRECTION ( 'NONE',  ( -1.000000000000000000, 0.0000000000000000000, -0.0000000000000000000 ) ) ;
#7396 = ORIENTED_EDGE ( 'NONE', *, *, #987, .F. ) ;
#7397 = ORIENTED_EDGE ( 'NONE', *, *, #8168, .T. ) ;
#7398 = STYLED_ITEM ( 'NONE', ( #7992 ), #6186 ) ;
#7399 = FILL_AREA_STYLE_COLOUR ( '', #8702 ) ;
#7400 = CARTESIAN_POINT ( 'NONE',  ( 1.763195831009000100, 1.222481897486788400, 1.649999999999999900 ) ) ;
#7401 = ORIENTED_EDGE ( 'NONE', *, *, #5235, .F. ) ;
#7402 = PRESENTATION_STYLE_ASSIGNMENT (( #7002 ) ) ;
#7403 = CARTESIAN_POINT ( 'NONE',  ( 2.252737597621278500, 1.417059823917321500, 1.659999999999999900 ) ) ;
#7404 = DIRECTION ( 'NONE',  ( 1.000000000000000000, 4.196089704209765800E-014, -0.0000000000000000000 ) ) ;
#7405 = SURFACE_SIDE_STYLE ('',( #3928 ) ) ;
#7406 = EDGE_CURVE ( 'NONE', #9140, #2344, #894, .T. ) ;
#7407 = CARTESIAN_POINT ( 'NONE',  ( 1.925510731083255300, 1.228220309520728200, 1.659999999999999900 ) ) ;
#7408 = VERTEX_POINT ( 'NONE', #6027 ) ;
#7409 = EDGE_CURVE ( 'NONE', #10793, #2343, #3616, .T. ) ;
#7410 = B_SPLINE_CURVE_WITH_KNOTS ( 'NONE', 3,
 ( #1755, #846, #5304, #3487 ),
 .UNSPECIFIED., .F., .F.,
 ( 4, 4 ),
 ( 19.00000000000000000, 20.00000000000000000 ),
 .UNSPECIFIED. ) ;
#7411 = CARTESIAN_POINT ( 'NONE',  ( -3.251519224698778300, 2.000000000000000000, 0.0000000000000000000 ) ) ;
#7412 = DIRECTION ( 'NONE',  ( -0.0000000000000000000, -0.0000000000000000000, -1.000000000000000000 ) ) ;
#7413 = ORIENTED_EDGE ( 'NONE', *, *, #7580, .F. ) ;
#7414 = ADVANCED_FACE ( 'NONE', ( #9752 ), #5916, .T. ) ;
#7415 = FILL_AREA_STYLE ('',( #10910 ) ) ;
#7416 = CARTESIAN_POINT ( 'NONE',  ( 2.450000000000000200, -0.6999999999999999600, -1.679999999999999900 ) ) ;
#7417 = ORIENTED_EDGE ( 'NONE', *, *, #193, .F. ) ;
#7418 = CARTESIAN_POINT ( 'NONE',  ( 2.450000000000000200, 0.6999999999999999600, -1.679999999999999900 ) ) ;
#7419 = FILL_AREA_STYLE_COLOUR ( '', #5379 ) ;
#7420 = DIRECTION ( 'NONE',  ( 0.0000000000000000000, 0.0000000000000000000, 1.000000000000000000 ) ) ;
#7421 = CARTESIAN_POINT ( 'NONE',  ( 2.253769168466997400, 1.460975268508318600, 1.649999999999999900 ) ) ;
#7422 = VERTEX_POINT ( 'NONE', #11221 ) ;
#7423 = DIRECTION ( 'NONE',  ( -0.0000000000000000000, -1.000000000000000000, -0.0000000000000000000 ) ) ;
#7424 = ADVANCED_FACE ( 'NONE', ( #10707 ), #548, .F. ) ;
#7425 = EDGE_CURVE ( 'NONE', #2194, #2610, #1706, .T. ) ;
#7426 = EDGE_CURVE ( 'NONE', #2160, #11224, #1815, .T. ) ;
#7427 = FACE_OUTER_BOUND ( 'NONE', #2008, .T. ) ;
#7428 =( GEOMETRIC_REPRESENTATION_CONTEXT ( 3 ) GLOBAL_UNCERTAINTY_ASSIGNED_CONTEXT ( ( #1219 ) ) GLOBAL_UNIT_ASSIGNED_CONTEXT ( ( #3829, #7445, #4693 ) ) REPRESENTATION_CONTEXT ( 'NONE', 'WORKASPACE' ) );
#7429 = EDGE_LOOP ( 'NONE', ( #8404, #2605, #5992, #720, #8788, #2901, #10783 ) ) ;
#7430 = STYLED_ITEM ( 'NONE', ( #2838 ), #9982 ) ;
#7431 = CARTESIAN_POINT ( 'NONE',  ( 2.725786514194117800, 1.274879887870000900, 1.649999999999999900 ) ) ;
#7432 = VERTEX_POINT ( 'NONE', #1687 ) ;
#7433 = CARTESIAN_POINT ( 'NONE',  ( 2.299158285695976900, 1.211217229938904100, 1.659999999999999900 ) ) ;
#7434 = CIRCLE ( 'NONE', #2779, 0.1000000000000000500 ) ;
#7435 = CARTESIAN_POINT ( 'NONE',  ( 2.408534268836274100, 1.373851742191424300, 1.659999999999999900 ) ) ;
#7436 = SURFACE_STYLE_FILL_AREA ( #6754 ) ;
#7437 = CARTESIAN_POINT ( 'NONE',  ( 2.358075717735266300, 1.227309735137952500, 1.659999999999999900 ) ) ;
#7438 = EDGE_LOOP ( 'NONE', ( #4485, #6332, #8649 ) ) ;
#7439 = CARTESIAN_POINT ( 'NONE',  ( 2.346964226050116700, 1.175849086643933900, 1.649999999999999900 ) ) ;
#7440 =( NAMED_UNIT ( * ) SI_UNIT ( $, .STERADIAN. ) SOLID_ANGLE_UNIT ( ) );
#7441 = EDGE_CURVE ( 'NONE', #8072, #2179, #866, .T. ) ;
#7442 = EDGE_LOOP ( 'NONE', ( #1437, #4767, #4742, #4367 ) ) ;
#7443 = CARTESIAN_POINT ( 'NONE',  ( 2.299158285695976900, 1.177794334525312100, 1.659999999999999900 ) ) ;
#7444 = CARTESIAN_POINT ( 'NONE',  ( 2.436416155133648500, 1.193002636142202600, 1.649999999999999900 ) ) ;
#7445 =( NAMED_UNIT ( * ) PLANE_ANGLE_UNIT ( ) SI_UNIT ( $, .RADIAN. ) );
#7446 = ORIENTED_EDGE ( 'NONE', *, *, #8168, .F. ) ;
#7447 = B_SPLINE_SURFACE_WITH_KNOTS ( 'NONE', 3, 1, ( 
 ( #8242, #2982 ),
 ( #1280, #7386 ),
 ( #2157, #8284 ),
 ( #10002, #342 ) ),
 .UNSPECIFIED., .F., .F., .F.,
 ( 4, 4 ),
 ( 2, 2 ),
 ( 0.0000000000000000000, 1.000000000000000000 ),
 ( 0.0000000000000000000, 1.000000000000000000 ),
 .UNSPECIFIED. ) ;
#7448 = FACE_OUTER_BOUND ( 'NONE', #7215, .T. ) ;
#7449 = MECHANICAL_DESIGN_GEOMETRIC_PRESENTATION_REPRESENTATION (  '', ( #1738 ), #1153 ) ;
#7450 = DIRECTION ( 'NONE',  ( -0.9848077530122080200, 0.0000000000000000000, 0.1736481776669307200 ) ) ;
#7451 = CARTESIAN_POINT ( 'NONE',  ( 2.186481275847953500, 1.279831427931967400, 1.659999999999999900 ) ) ;
#7452 = FACE_OUTER_BOUND ( 'NONE', #7534, .T. ) ;
#7453 = DIRECTION ( 'NONE',  ( -1.000000000000000000, 0.0000000000000000000, 0.0000000000000000000 ) ) ;
#7454 = PLANE ( 'NONE',  #6692 ) ;
#7455 = CARTESIAN_POINT ( 'NONE',  ( 2.046837018447667900, 1.214284206217046700, 1.649999999999999900 ) ) ;
#7456 = DIRECTION ( 'NONE',  ( -0.0000000000000000000, -0.0000000000000000000, -1.000000000000000000 ) ) ;
#7457 = VECTOR ( 'NONE', #7586, 1000.000000000000200 ) ;
#7458 = CARTESIAN_POINT ( 'NONE',  ( 2.581956064794108200, 1.461270003036230700, 1.659999999999999900 ) ) ;
#7459 = EDGE_CURVE ( 'NONE', #7819, #7014, #8419, .T. ) ;
#7460 = FACE_OUTER_BOUND ( 'NONE', #4074, .T. ) ;
#7461 = DIRECTION ( 'NONE',  ( 0.0000000000000000000, 0.0000000000000000000, -1.000000000000000000 ) ) ;
#7462 = EDGE_CURVE ( 'NONE', #8771, #3361, #1452, .T. ) ;
#7463 = B_SPLINE_CURVE_WITH_KNOTS ( 'NONE', 3,
 ( #8496, #7549, #608, #7619 ),
 .UNSPECIFIED., .F., .F.,
 ( 4, 4 ),
 ( 20.00000000000000000, 21.00000000000000000 ),
 .UNSPECIFIED. ) ;
#7464 = CARTESIAN_POINT ( 'NONE',  ( 2.524188097411783600, 1.436924931067490500, 1.649999999999999900 ) ) ;
#7465 = CARTESIAN_POINT ( 'NONE',  ( 1.962400482521522200, 1.355285008919082900, 1.659999999999999900 ) ) ;
#7466 = FACE_OUTER_BOUND ( 'NONE', #4903, .T. ) ;
#7467 = ORIENTED_EDGE ( 'NONE', *, *, #3012, .F. ) ;
#7468 = VECTOR ( 'NONE', #10541, 1000.000000000000000 ) ;
#7469 = LINE ( 'NONE', #6070, #6497 ) ;
#7470 = CARTESIAN_POINT ( 'NONE',  ( 2.975150518713304500, 0.0000000000000000000, 1.550000000000000000 ) ) ;
#7471 = CARTESIAN_POINT ( 'NONE',  ( 1.925510731083255300, 1.228220309520728200, 1.649999999999999900 ) ) ;
#7472 = VECTOR ( 'NONE', #5077, 1000.000000000000000 ) ;
#7473 = DIRECTION ( 'NONE',  ( -0.3667976789509033200, -0.9303007377811919300, 0.0000000000000000000 ) ) ;
#7474 = ADVANCED_FACE ( 'NONE', ( #10440 ), #11245, .T. ) ;
#7475 = ORIENTED_EDGE ( 'NONE', *, *, #5636, .T. ) ;
#7476 = CARTESIAN_POINT ( 'NONE',  ( 3.349999999999999600, -1.959562411971219400, 1.097754699641573000E-015 ) ) ;
#7477 = VECTOR ( 'NONE', #10147, 1000.000000000000000 ) ;
#7478 = CARTESIAN_POINT ( 'NONE',  ( 3.650000000000000400, -0.6999999999999999600, -0.2999999999999999900 ) ) ;
#7479 = CARTESIAN_POINT ( 'NONE',  ( 2.254506004785988200, 1.182333246247737400, 1.659999999999999900 ) ) ;
#7480 = CARTESIAN_POINT ( 'NONE',  ( 2.171597182211292900, 1.293094481667485400, 1.659999999999999900 ) ) ;
#7481 = EDGE_CURVE ( 'NONE', #7100, #3948, #4487, .T. ) ;
#7482 = ORIENTED_EDGE ( 'NONE', *, *, #4041, .F. ) ;
#7483 = LINE ( 'NONE', #4079, #2556 ) ;
#7484 = FACE_OUTER_BOUND ( 'NONE', #155, .T. ) ;
#7485 = AXIS2_PLACEMENT_3D ( 'NONE', #9492, #22, #10480 ) ;
#7486 = ORIENTED_EDGE ( 'NONE', *, *, #1443, .T. ) ;
#7487 = CARTESIAN_POINT ( 'NONE',  ( 2.264851186699830900, 1.451720604346405500, 1.649999999999999900 ) ) ;
#7488 = VERTEX_POINT ( 'NONE', #176 ) ;
#7489 = B_SPLINE_CURVE_WITH_KNOTS ( 'NONE', 3,
 ( #10658, #10513, #8130, #6344 ),
 .UNSPECIFIED., .F., .F.,
 ( 4, 4 ),
 ( 8.000000000000000000, 9.000000000000000000 ),
 .UNSPECIFIED. ) ;
#7490 = PLANE ( 'NONE',  #3238 ) ;
#7491 = CARTESIAN_POINT ( 'NONE',  ( 2.505796662898819500, 1.229726558263511300, 1.659999999999999900 ) ) ;
#7492 = EDGE_LOOP ( 'NONE', ( #8905, #5199, #890, #8806 ) ) ;
#7493 = B_SPLINE_CURVE_WITH_KNOTS ( 'NONE', 3,
 ( #6528, #3078, #9250, #10917 ),
 .UNSPECIFIED., .F., .F.,
 ( 4, 4 ),
 ( 24.00000000000000000, 25.00000000000000000 ),
 .UNSPECIFIED. ) ;
#7494 = DIRECTION ( 'NONE',  ( -0.5048830486499507100, 0.8631877589412000300, 0.0000000000000000000 ) ) ;
#7495 = LINE ( 'NONE', #10696, #8712 ) ;
#7496 = LINE ( 'NONE', #7479, #8448 ) ;
#7497 = ORIENTED_EDGE ( 'NONE', *, *, #7750, .T. ) ;
#7498 = CARTESIAN_POINT ( 'NONE',  ( 2.351296823603557000, 1.231553912334039500, 1.649999999999999900 ) ) ;
#7499 = ORIENTED_EDGE ( 'NONE', *, *, #11271, .F. ) ;
#7500 = EDGE_CURVE ( 'NONE', #6380, #9050, #2692, .T. ) ;
#7501 = CARTESIAN_POINT ( 'NONE',  ( -1.399999999999999700, -1.500000000000000000, -1.779999999999999800 ) ) ;
#7502 = DIRECTION ( 'NONE',  ( -0.0000000000000000000, -0.0000000000000000000, -1.000000000000000000 ) ) ;
#7503 = STYLED_ITEM ( 'NONE', ( #5492 ), #1769 ) ;
#7504 = CARTESIAN_POINT ( 'NONE',  ( 1.568090034904380700, 1.376599090654987000, 1.659999999999999900 ) ) ;
#7505 = SURFACE_STYLE_FILL_AREA ( #6773 ) ;
#7506 = DIRECTION ( 'NONE',  ( -1.000000000000000000, 0.0000000000000000000, 0.0000000000000000000 ) ) ;
#7507 = VECTOR ( 'NONE', #2113, 1000.000000000000000 ) ;
#7508 = MECHANICAL_DESIGN_GEOMETRIC_PRESENTATION_REPRESENTATION (  '', ( #496 ), #8874 ) ;
#7509 = ORIENTED_EDGE ( 'NONE', *, *, #8821, .F. ) ;
#7510 = LINE ( 'NONE', #5101, #4042 ) ;
#7511 = ORIENTED_EDGE ( 'NONE', *, *, #3661, .F. ) ;
#7512 = ORIENTED_EDGE ( 'NONE', *, *, #853, .F. ) ;
#7513 = EDGE_LOOP ( 'NONE', ( #5284, #1204, #8773, #8069, #8852, #4844 ) ) ;
#7514 = LINE ( 'NONE', #7315, #4051 ) ;
#7515 = CARTESIAN_POINT ( 'NONE',  ( 2.333170650164992000, 1.195596299983251200, 1.649999999999999900 ) ) ;
#7516 = CARTESIAN_POINT ( 'NONE',  ( 1.814021717023177400, 1.205266723929413000, 1.659999999999999900 ) ) ;
#7517 = EDGE_LOOP ( 'NONE', ( #2980, #4034, #6719, #2890 ) ) ;
#7518 = CARTESIAN_POINT ( 'NONE',  ( 2.365326187110767800, 1.262029462473246700, 1.649999999999999900 ) ) ;
#7519 = EDGE_CURVE ( 'NONE', #5170, #7636, #3311, .T. ) ;
#7520 = EDGE_CURVE ( 'NONE', #9667, #4471, #1978, .T. ) ;
#7521 = CARTESIAN_POINT ( 'NONE',  ( 2.581956064794108200, 1.461270003036230700, 1.649999999999999900 ) ) ;
#7522 = FACE_OUTER_BOUND ( 'NONE', #11041, .T. ) ;
#7523 = DIRECTION ( 'NONE',  ( 0.0000000000000000000, 0.0000000000000000000, -1.000000000000000000 ) ) ;
#7524 = ORIENTED_EDGE ( 'NONE', *, *, #10431, .T. ) ;
#7525 = CARTESIAN_POINT ( 'NONE',  ( 2.437889827771620800, 1.198131016919664400, 1.659999999999999900 ) ) ;
#7526 = UNCERTAINTY_MEASURE_WITH_UNIT (LENGTH_MEASURE( 1.000000000000000100E-005 ), #8521, 'distance_accuracy_value', 'NONE');
#7527 = ORIENTED_EDGE ( 'NONE', *, *, #3956, .T. ) ;
#7528 = ORIENTED_EDGE ( 'NONE', *, *, #5250, .F. ) ;
#7529 = CARTESIAN_POINT ( 'NONE',  ( 2.269036416989710600, 1.188935299663173200, 1.659999999999999900 ) ) ;
#7530 = CARTESIAN_POINT ( 'NONE',  ( 1.705811788852312300, 1.438901777282389800, 1.649999999999999900 ) ) ;
#7531 = SURFACE_STYLE_FILL_AREA ( #6876 ) ;
#7532 = PLANE ( 'NONE',  #9451 ) ;
#7533 = ORIENTED_EDGE ( 'NONE', *, *, #5107, .T. ) ;
#7534 = EDGE_LOOP ( 'NONE', ( #5723, #7066, #6245, #9923, #6694, #6137, #2931 ) ) ;
#7535 = CARTESIAN_POINT ( 'NONE',  ( 1.910754836762077500, 1.178214214523651800, 1.649999999999999900 ) ) ;
#7536 = EDGE_CURVE ( 'NONE', #1719, #8970, #11117, .T. ) ;
#7537 = DIRECTION ( 'NONE',  ( 7.542275982507857300E-015, 0.0000000000000000000, -1.000000000000000000 ) ) ;
#7538 = ORIENTED_EDGE ( 'NONE', *, *, #1003, .T. ) ;
#7539 = EDGE_LOOP ( 'NONE', ( #9694, #10825, #5109, #8198 ) ) ;
#7540 = ADVANCED_FACE ( 'NONE', ( #4262 ), #6202, .T. ) ;
#7541 = CARTESIAN_POINT ( 'NONE',  ( 2.323444410758892100, 1.457674241801383900, 1.659999999999999900 ) ) ;
#7542 = ORIENTED_EDGE ( 'NONE', *, *, #2872, .F. ) ;
#7543 = DIRECTION ( 'NONE',  ( 1.000000000000000000, 0.0000000000000000000, 0.0000000000000000000 ) ) ;
#7544 = SURFACE_STYLE_USAGE ( .BOTH. , #8311 ) ;
#7545 = VERTEX_POINT ( 'NONE', #1805 ) ;
#7546 = LINE ( 'NONE', #969, #5878 ) ;
#7547 = B_SPLINE_CURVE_WITH_KNOTS ( 'NONE', 3,
 ( #1034, #3644, #4512, #9992 ),
 .UNSPECIFIED., .F., .F.,
 ( 4, 4 ),
 ( 15.00000000000000000, 16.00000000000000000 ),
 .UNSPECIFIED. ) ;
#7548 = ADVANCED_FACE ( 'NONE', ( #4678 ), #7077, .F. ) ;
#7549 = CARTESIAN_POINT ( 'NONE',  ( 1.746800385925452600, 1.424965650524830000, 1.659999999999999900 ) ) ;
#7550 = CARTESIAN_POINT ( 'NONE',  ( 2.388787055496564000, 1.200194158611884900, 1.659999999999999900 ) ) ;
#7551 = PLANE ( 'NONE',  #10666 ) ;
#7552 = VERTEX_POINT ( 'NONE', #928 ) ;
#7553 = FACE_OUTER_BOUND ( 'NONE', #4601, .T. ) ;
#7554 = PRESENTATION_LAYER_ASSIGNMENT (  '', '', ( #3416 ) ) ;
#7555 = CARTESIAN_POINT ( 'NONE',  ( 2.348143164159788700, 1.242518036754840500, 1.659999999999999900 ) ) ;
#7556 =( NAMED_UNIT ( * ) SI_UNIT ( $, .STERADIAN. ) SOLID_ANGLE_UNIT ( ) );
#7557 = DIRECTION ( 'NONE',  ( 0.0000000000000000000, -0.0000000000000000000, -1.000000000000000000 ) ) ;
#7558 = B_SPLINE_CURVE_WITH_KNOTS ( 'NONE', 3,
 ( #2073, #9206, #10029, #3121 ),
 .UNSPECIFIED., .F., .F.,
 ( 4, 4 ),
 ( 16.00000000000000000, 17.00000000000000000 ),
 .UNSPECIFIED. ) ;
#7559 = CARTESIAN_POINT ( 'NONE',  ( 2.436121420606522000, 1.191470016598803200, 1.659999999999999900 ) ) ;
#7560 = ORIENTED_EDGE ( 'NONE', *, *, #4023, .F. ) ;
#7561 = ORIENTED_EDGE ( 'NONE', *, *, #4384, .T. ) ;
#7562 = DIRECTION ( 'NONE',  ( -0.0000000000000000000, -0.0000000000000000000, -1.000000000000000000 ) ) ;
#7563 = FACE_OUTER_BOUND ( 'NONE', #674, .T. ) ;
#7564 = FILL_AREA_STYLE_COLOUR ( '', #6115 ) ;
#7565 = DIRECTION ( 'NONE',  ( -1.000000000000000000, 0.0000000000000000000, -0.0000000000000000000 ) ) ;
#7566 = B_SPLINE_SURFACE_WITH_KNOTS ( 'NONE', 3, 1, ( 
 ( #1372, #3889 ),
 ( #349, #7314 ),
 ( #2169, #9928 ),
 ( #2084, #9969 ) ),
 .UNSPECIFIED., .F., .F., .F.,
 ( 4, 4 ),
 ( 2, 2 ),
 ( 17.00000000000000000, 18.00000000000000000 ),
 ( 0.0000000000000000000, 1.000000000000000000 ),
 .UNSPECIFIED. ) ;
#7567 = EDGE_CURVE ( 'NONE', #3182, #2523, #9479, .T. ) ;
#7568 = DIRECTION ( 'NONE',  ( -0.0000000000000000000, 1.000000000000000000, -0.0000000000000000000 ) ) ;
#7569 = ORIENTED_EDGE ( 'NONE', *, *, #6449, .F. ) ;
#7570 = AXIS2_PLACEMENT_3D ( 'NONE', #2860, #1243, #340 ) ;
#7571 = B_SPLINE_CURVE_WITH_KNOTS ( 'NONE', 3,
 ( #499, #1514, #10342, #8527 ),
 .UNSPECIFIED., .F., .F.,
 ( 4, 4 ),
 ( 4.000000000000000000, 5.000000000000000000 ),
 .UNSPECIFIED. ) ;
#7572 = CARTESIAN_POINT ( 'NONE',  ( 2.506798760291815100, 1.376858034371234000, 1.659999999999999900 ) ) ;
#7573 = AXIS2_PLACEMENT_3D ( 'NONE', #7620, #6580, #11253 ) ;
#7574 = CARTESIAN_POINT ( 'NONE',  ( 2.186481275847957000, 1.229726558263511300, 1.659999999999999900 ) ) ;
#7575 = CARTESIAN_POINT ( 'NONE',  ( 1.969778445317833100, 1.177394454778384600, 1.649999999999999900 ) ) ;
#7576 = LINE ( 'NONE', #3442, #10968 ) ;
#7577 =( LENGTH_UNIT ( ) NAMED_UNIT ( * ) SI_UNIT ( .MILLI., .METRE. ) );
#7578 = VERTEX_POINT ( 'NONE', #6102 ) ;
#7579 = ORIENTED_EDGE ( 'NONE', *, *, #2296, .T. ) ;
#7580 = EDGE_CURVE ( 'NONE', #10409, #8045, #153, .T. ) ;
#7581 = EDGE_CURVE ( 'NONE', #6225, #7764, #5354, .T. ) ;
#7582 = CARTESIAN_POINT ( 'NONE',  ( 2.256539673025503400, 1.224185549147294400, 1.659999999999999900 ) ) ;
#7583 = PRESENTATION_LAYER_ASSIGNMENT (  '', '', ( #6611 ) ) ;
#7584 = ORIENTED_EDGE ( 'NONE', *, *, #193, .T. ) ;
#7585 = CARTESIAN_POINT ( 'NONE',  ( 1.793527426304371500, 1.260191471214383400, 1.659999999999999900 ) ) ;
#7586 = DIRECTION ( 'NONE',  ( 0.1710878697460358200, -0.1710878697460357900, -0.9702875252478137000 ) ) ;
#7587 = VECTOR ( 'NONE', #8300, 1000.000000000000000 ) ;
#7588 = CARTESIAN_POINT ( 'NONE',  ( 2.263377514062249000, 1.208977247530403300, 1.649999999999999900 ) ) ;
#7589 = VECTOR ( 'NONE', #1098, 1000.000000000000000 ) ;
#7590 = CARTESIAN_POINT ( 'NONE',  ( 2.495215693362482500, 1.470937295536899600, 1.649999999999999900 ) ) ;
#7591 = CARTESIAN_POINT ( 'NONE',  ( 2.255478628726285400, 1.240337001251763800, 1.659999999999999900 ) ) ;
#7592 = ORIENTED_EDGE ( 'NONE', *, *, #10728, .F. ) ;
#7593 = LINE ( 'NONE', #1041, #8946 ) ;
#7594 = CARTESIAN_POINT ( 'NONE',  ( -3.650000000000000400, -0.6999999999999999600, -1.579999999999999800 ) ) ;
#7595 = EDGE_CURVE ( 'NONE', #6308, #8184, #5345, .T. ) ;
#7596 = ADVANCED_FACE ( 'NONE', ( #7996 ), #8784, .F. ) ;
#7597 = SPHERICAL_SURFACE ( 'NONE', #181, 0.1000000000000000100 ) ;
#7598 = DIRECTION ( 'NONE',  ( 1.000000000000000000, -0.0000000000000000000, -0.0000000000000000000 ) ) ;
#7599 = CARTESIAN_POINT ( 'NONE',  ( 2.461940165212449700, 1.373851742191424300, 1.649999999999999900 ) ) ;
#7600 = DIRECTION ( 'NONE',  ( 0.0000000000000000000, 1.000000000000000000, 0.0000000000000000000 ) ) ;
#7601 = AXIS2_PLACEMENT_3D ( 'NONE', #8243, #3846, #5334 ) ;
#7602 = ORIENTED_EDGE ( 'NONE', *, *, #6686, .F. ) ;
#7603 = CARTESIAN_POINT ( 'NONE',  ( 2.495215693362482500, 1.366070750666705600, 1.649999999999999900 ) ) ;
#7604 = VECTOR ( 'NONE', #7423, 1000.000000000000000 ) ;
#7605 = VECTOR ( 'NONE', #4143, 1000.000000000000000 ) ;
#7606 = DIRECTION ( 'NONE',  ( 0.0000000000000000000, 0.0000000000000000000, 1.000000000000000000 ) ) ;
#7607 = CARTESIAN_POINT ( 'NONE',  ( 2.399279604674362500, 1.140186208821061000, 1.649999999999999900 ) ) ;
#7608 = CARTESIAN_POINT ( 'NONE',  ( 1.814021717023177400, 1.205266723929413000, 1.649999999999999900 ) ) ;
#7609 = CARTESIAN_POINT ( 'NONE',  ( 2.077168598107121100, 1.292162570364370700, 1.659999999999999900 ) ) ;
#7610 = CARTESIAN_POINT ( 'NONE',  ( 1.732044507240587200, 1.288063724729499300, 1.649999999999999900 ) ) ;
#7611 = ORIENTED_EDGE ( 'NONE', *, *, #7730, .T. ) ;
#7612 = LINE ( 'NONE', #8541, #7751 ) ;
#7613 = VECTOR ( 'NONE', #4379, 1000.000000000000000 ) ;
#7614 = VERTEX_POINT ( 'NONE', #5310 ) ;
#7615 = ORIENTED_EDGE ( 'NONE', *, *, #249, .T. ) ;
#7616 = STYLED_ITEM ( 'NONE', ( #4132 ), #6077 ) ;
#7617 = ORIENTED_EDGE ( 'NONE', *, *, #9265, .F. ) ;
#7618 = COLOUR_RGB ( '',0.2980392156862745100, 0.2980392156862745100, 0.2980392156862745100 ) ;
#7619 = CARTESIAN_POINT ( 'NONE',  ( 1.841074195156718400, 1.457756540691922400, 1.659999999999999900 ) ) ;
#7620 = CARTESIAN_POINT ( 'NONE',  ( 0.0000000000000000000, -1.625150518713304400, 1.550000000000000000 ) ) ;
#7621 =( NAMED_UNIT ( * ) SI_UNIT ( $, .STERADIAN. ) SOLID_ANGLE_UNIT ( ) );
#7622 = CARTESIAN_POINT ( 'NONE',  ( 2.378825028468378700, 1.260850524363176500, 1.659999999999999900 ) ) ;
#7623 = COLOUR_RGB ( '',0.6666666666666666300, 0.6666666666666666300, 0.6666666666666666300 ) ;
#7624 = EDGE_LOOP ( 'NONE', ( #11212, #3624, #6105, #2586, #859, #8494, #7036, #327, #9080, #10838, #9772, #6441, #9695, #938 ) ) ;
#7625 = DIRECTION ( 'NONE',  ( -0.3385350342956439700, -0.9409537876827146500, 0.0000000000000000000 ) ) ;
#7626 = ORIENTED_EDGE ( 'NONE', *, *, #2296, .F. ) ;
#7627 = DIRECTION ( 'NONE',  ( -0.0000000000000000000, -0.0000000000000000000, -1.000000000000000000 ) ) ;
#7628 = EDGE_CURVE ( 'NONE', #3448, #3191, #91, .T. ) ;
#7630 = VERTEX_POINT ( 'NONE', #10495 ) ;
#7629 = B_SPLINE_CURVE_WITH_KNOTS ( 'NONE', 3,
 ( #7852, #9623, #4366, #6206 ),
 .UNSPECIFIED., .F., .F.,
 ( 4, 4 ),
 ( 2.000000000000000000, 3.000000000000000000 ),
 .UNSPECIFIED. ) ;
#7631 = DIRECTION ( 'NONE',  ( 0.0000000000000000000, 0.0000000000000000000, 1.000000000000000000 ) ) ;
#7632 = EDGE_CURVE ( 'NONE', #7432, #681, #9083, .T. ) ;
#7633 = AXIS2_PLACEMENT_3D ( 'NONE', #141, #888, #9617 ) ;
#7634 = VECTOR ( 'NONE', #8578, 1000.000000000000000 ) ;
#7635 = SURFACE_STYLE_FILL_AREA ( #6942 ) ;
#7636 = VERTEX_POINT ( 'NONE', #3836 ) ;
#7637 = B_SPLINE_CURVE_WITH_KNOTS ( 'NONE', 3,
 ( #10627, #10587, #1070, #4505 ),
 .UNSPECIFIED., .F., .F.,
 ( 4, 4 ),
 ( 12.00000000000000000, 13.00000000000000000 ),
 .UNSPECIFIED. ) ;
#7638 = EDGE_LOOP ( 'NONE', ( #297, #9473, #2173, #1059 ) ) ;
#7639 = CARTESIAN_POINT ( 'NONE',  ( 2.476588471227020100, 1.373851742191424300, 1.649999999999999900 ) ) ;
#7640 = B_SPLINE_SURFACE_WITH_KNOTS ( 'NONE', 3, 1, ( 
 ( #1445, #508 ),
 ( #2325, #3171 ),
 ( #6584, #8430 ),
 ( #2247, #4923 ) ),
 .UNSPECIFIED., .F., .F., .F.,
 ( 4, 4 ),
 ( 2, 2 ),
 ( 1.000000000000000000, 2.000000000000000000 ),
 ( 0.0000000000000000000, 1.000000000000000000 ),
 .UNSPECIFIED. ) ;
#7641 = CARTESIAN_POINT ( 'NONE',  ( 2.408534268836274100, 1.373851742191424300, 1.649999999999999900 ) ) ;
#7642 = LINE ( 'NONE', #9077, #9801 ) ;
#7643 = CARTESIAN_POINT ( 'NONE',  ( 1.793527426304371500, 1.260191471214383400, 1.659999999999999900 ) ) ;
#7644 = LINE ( 'NONE', #2051, #7091 ) ;
#7645 = PRESENTATION_STYLE_ASSIGNMENT (( #9915 ) ) ;
#7646 = VERTEX_POINT ( 'NONE', #9048 ) ;
#7647 = COLOUR_RGB ( '',0.2980392156862745100, 0.2980392156862745100, 0.2980392156862745100 ) ;
#7648 = EDGE_CURVE ( 'NONE', #7614, #6543, #3055, .T. ) ;
#7649 = VECTOR ( 'NONE', #3946, 1000.000000000000000 ) ;
#7650 = CARTESIAN_POINT ( 'NONE',  ( 2.262080682141720500, 1.201019415288620700, 1.659999999999999900 ) ) ;
#7651 = VERTEX_POINT ( 'NONE', #5428 ) ;
#7652 =( GEOMETRIC_REPRESENTATION_CONTEXT ( 3 ) GLOBAL_UNCERTAINTY_ASSIGNED_CONTEXT ( ( #394 ) ) GLOBAL_UNIT_ASSIGNED_CONTEXT ( ( #4908, #9247, #3987 ) ) REPRESENTATION_CONTEXT ( 'NONE', 'WORKASPACE' ) );
#7653 = DIRECTION ( 'NONE',  ( -0.0000000000000000000, -0.0000000000000000000, -1.000000000000000000 ) ) ;
#7654 = AXIS2_PLACEMENT_3D ( 'NONE', #10401, #6039, #4303 ) ;
#7655 = VERTEX_POINT ( 'NONE', #7334 ) ;
#7656 = ADVANCED_FACE ( 'NONE', ( #7448, #8671 ), #2107, .T. ) ;
#7657 =( NAMED_UNIT ( * ) SI_UNIT ( $, .STERADIAN. ) SOLID_ANGLE_UNIT ( ) );
#7658 = VECTOR ( 'NONE', #8667, 1000.000000000000000 ) ;
#7659 = CARTESIAN_POINT ( 'NONE',  ( 1.654166119638992300, 1.179034005541532500, 1.659999999999999900 ) ) ;
#7660 = ORIENTED_EDGE ( 'NONE', *, *, #5194, .T. ) ;
#7661 = DIRECTION ( 'NONE',  ( -0.9910683662997703500, -0.1333547648938887300, 0.0000000000000000000 ) ) ;
#7662 = PLANE ( 'NONE',  #25 ) ;
#7663 = UNCERTAINTY_MEASURE_WITH_UNIT (LENGTH_MEASURE( 1.000000000000000100E-005 ), #8687, 'distance_accuracy_value', 'NONE');
#7664 = DIRECTION ( 'NONE',  ( -1.000000000000000000, 0.0000000000000000000, 0.0000000000000000000 ) ) ;
#7665 = EDGE_CURVE ( 'NONE', #920, #662, #216, .T. ) ;
#7666 = ORIENTED_EDGE ( 'NONE', *, *, #2589, .T. ) ;
#7667 = EDGE_CURVE ( 'NONE', #8714, #4526, #3868, .T. ) ;
#7668 = VERTEX_POINT ( 'NONE', #257 ) ;
#7669 = CARTESIAN_POINT ( 'NONE',  ( 2.750514741048119700, 1.209330928962951200, 1.659999999999999900 ) ) ;
#7670 = AXIS2_PLACEMENT_3D ( 'NONE', #11278, #4864, #7543 ) ;
#7671 = CARTESIAN_POINT ( 'NONE',  ( 2.383953409246230200, 1.213810893780741000, 1.649999999999999900 ) ) ;
#7672 = CARTESIAN_POINT ( 'NONE',  ( -3.750000000000000400, -0.6999999999999999600, -0.3000000000000006600 ) ) ;
#7673 = CARTESIAN_POINT ( 'NONE',  ( 2.412454238051741300, 1.260143161497294400, 1.649999999999999900 ) ) ;
#7674 = VERTEX_POINT ( 'NONE', #9861 ) ;
#7675 = AXIS2_PLACEMENT_3D ( 'NONE', #10205, #6665, #1526 ) ;
#7676 = VERTEX_POINT ( 'NONE', #298 ) ;
#7677 = COLOUR_RGB ( '',0.2980392156862745100, 0.2980392156862745100, 0.2980392156862745100 ) ;
#7678 = VERTEX_POINT ( 'NONE', #3716 ) ;
#7679 = ORIENTED_EDGE ( 'NONE', *, *, #5194, .F. ) ;
#7680 = CARTESIAN_POINT ( 'NONE',  ( -3.349999999999999200, -1.901519224698779300, 0.0000000000000000000 ) ) ;
#7681 = DIRECTION ( 'NONE',  ( -0.0000000000000000000, -0.0000000000000000000, -1.000000000000000000 ) ) ;
#7682 = CARTESIAN_POINT ( 'NONE',  ( 1.592683224029476400, 1.401192250462541100, 1.659999999999999900 ) ) ;
#7683 = B_SPLINE_SURFACE_WITH_KNOTS ( 'NONE', 3, 1, ( 
 ( #5518, #7471 ),
 ( #6455, #384 ),
 ( #1326, #2947 ),
 ( #8319, #4718 ) ),
 .UNSPECIFIED., .F., .F., .F.,
 ( 4, 4 ),
 ( 2, 2 ),
 ( 27.00000000000000000, 28.00000000000000000 ),
 ( 0.0000000000000000000, 1.000000000000000000 ),
 .UNSPECIFIED. ) ;
#7684 = CARTESIAN_POINT ( 'NONE',  ( 1.400000000000000800, 1.399999999999999900, -1.649999999999999900 ) ) ;
#7685 = EDGE_CURVE ( 'NONE', #112, #5522, #2782, .T. ) ;
#7686 = CARTESIAN_POINT ( 'NONE',  ( 3.350000000000001000, 1.901519224698779500, 0.0000000000000000000 ) ) ;
#7687 = EDGE_LOOP ( 'NONE', ( #8180, #10880, #2856, #3796 ) ) ;
#7688 = ADVANCED_FACE ( 'NONE', ( #6614 ), #628, .F. ) ;
#7689 = EDGE_CURVE ( 'NONE', #7678, #6596, #5926, .T. ) ;
#7690 = CARTESIAN_POINT ( 'NONE',  ( 2.422268897815973400, 1.162998661246394100, 1.659999999999999900 ) ) ;
#7691 = CARTESIAN_POINT ( 'NONE',  ( 2.617884203691399800, 1.360706582266757900, 1.659999999999999900 ) ) ;
#7692 = AXIS2_PLACEMENT_3D ( 'NONE', #5399, #1891, #6272 ) ;
#7693 = DIRECTION ( 'NONE',  ( -0.0000000000000000000, -0.0000000000000000000, -1.000000000000000000 ) ) ;
#7694 = ORIENTED_EDGE ( 'NONE', *, *, #10643, .F. ) ;
#7695 = VERTEX_POINT ( 'NONE', #10798 ) ;
#7696 = DIRECTION ( 'NONE',  ( -0.0000000000000000000, -1.000000000000000000, -0.0000000000000000000 ) ) ;
#7697 = ORIENTED_EDGE ( 'NONE', *, *, #1272, .T. ) ;
#7698 = CARTESIAN_POINT ( 'NONE',  ( 2.668578542414895300, 1.254012683326040500, 1.659999999999999900 ) ) ;
#7699 = CARTESIAN_POINT ( 'NONE',  ( 2.299158285695976900, 1.204438335807191300, 1.659999999999999900 ) ) ;
#7700 = ORIENTED_EDGE ( 'NONE', *, *, #5080, .F. ) ;
#7701 = SURFACE_STYLE_USAGE ( .BOTH. , #10389 ) ;
#7702 = AXIS2_PLACEMENT_3D ( 'NONE', #4818, #9236, #11126 ) ;
#7703 = VECTOR ( 'NONE', #2542, 1000.000000000000200 ) ;
#7704 = CARTESIAN_POINT ( 'NONE',  ( 1.654166119638992300, 1.179034005541532500, 1.649999999999999900 ) ) ;
#7705 = CARTESIAN_POINT ( 'NONE',  ( -2.975150518713303600, 1.625150518713304200, -1.550000000000000000 ) ) ;
#7706 = ORIENTED_EDGE ( 'NONE', *, *, #1401, .F. ) ;
#7707 = ORIENTED_EDGE ( 'NONE', *, *, #7580, .T. ) ;
#7708 = ADVANCED_FACE ( 'NONE', ( #1152 ), #8113, .F. ) ;
#7709 = DIRECTION ( 'NONE',  ( -1.000000000000000000, -0.0000000000000000000, -0.0000000000000000000 ) ) ;
#7710 = CARTESIAN_POINT ( 'NONE',  ( 2.495893582775650500, 1.451897445062682300, 1.659999999999999900 ) ) ;
#7711 = EDGE_CURVE ( 'NONE', #9411, #1419, #8276, .T. ) ;
#7712 = VECTOR ( 'NONE', #1146, 1000.000000000000000 ) ;
#7713 = EDGE_CURVE ( 'NONE', #7552, #10736, #8048, .T. ) ;
#7714 = FILL_AREA_STYLE ('',( #3435 ) ) ;
#7715 = VECTOR ( 'NONE', #9797, 1000.000000000000000 ) ;
#7716 = CARTESIAN_POINT ( 'NONE',  ( 2.524188097411783600, 1.436924931067490500, 1.659999999999999900 ) ) ;
#7717 = STYLED_ITEM ( 'NONE', ( #3122 ), #9608 ) ;
#7718 = SURFACE_STYLE_USAGE ( .BOTH. , #1598 ) ;
#7719 = EDGE_LOOP ( 'NONE', ( #3635, #9710, #8074 ) ) ;
#7720 = CARTESIAN_POINT ( 'NONE',  ( 2.620978916229345300, 1.190939494449980500, 1.649999999999999900 ) ) ;
#7721 = FILL_AREA_STYLE ('',( #5160 ) ) ;
#7722 = CARTESIAN_POINT ( 'NONE',  ( 2.631854620292796800, 1.276235666696343700, 1.659999999999999900 ) ) ;
#7723 = VECTOR ( 'NONE', #3537, 1000.000000000000000 ) ;
#7724 = CARTESIAN_POINT ( 'NONE',  ( 2.297095144003749000, 1.198838379785541500, 1.649999999999999900 ) ) ;
#7725 = ORIENTED_EDGE ( 'NONE', *, *, #5886, .T. ) ;
#7726 = CARTESIAN_POINT ( 'NONE',  ( 2.508537694004202100, 1.419417700136674300, 1.659999999999999900 ) ) ;
#7727 = VECTOR ( 'NONE', #9652, 1000.000000000000000 ) ;
#7728 = UNCERTAINTY_MEASURE_WITH_UNIT (LENGTH_MEASURE( 1.000000000000000100E-005 ), #4955, 'distance_accuracy_value', 'NONE');
#7729 = FILL_AREA_STYLE_COLOUR ( '', #2881 ) ;
#7730 = EDGE_CURVE ( 'NONE', #11160, #4424, #9865, .T. ) ;
#7731 = B_SPLINE_CURVE_WITH_KNOTS ( 'NONE', 3,
 ( #4078, #9269, #11005, #8474 ),
 .UNSPECIFIED., .F., .F.,
 ( 4, 4 ),
 ( 7.000000000000000000, 8.000000000000000000 ),
 .UNSPECIFIED. ) ;
#7732 = EDGE_CURVE ( 'NONE', #9759, #10793, #1736, .T. ) ;
#7733 = CARTESIAN_POINT ( 'NONE',  ( 1.727945630333487700, 1.465134487852311400, 1.659999999999999900 ) ) ;
#7734 = VECTOR ( 'NONE', #7010, 1000.000000000000000 ) ;
#7735 =( GEOMETRIC_REPRESENTATION_CONTEXT ( 3 ) GLOBAL_UNCERTAINTY_ASSIGNED_CONTEXT ( ( #2829 ) ) GLOBAL_UNIT_ASSIGNED_CONTEXT ( ( #10417, #6960, #7815 ) ) REPRESENTATION_CONTEXT ( 'NONE', 'WORKASPACE' ) );
#7736 = FILL_AREA_STYLE ('',( #10454 ) ) ;
#7737 = SURFACE_STYLE_FILL_AREA ( #2534 ) ;
#7738 = PRESENTATION_STYLE_ASSIGNMENT (( #10023 ) ) ;
#7739 = DIRECTION ( 'NONE',  ( 0.0000000000000000000, 0.0000000000000000000, 1.000000000000000000 ) ) ;
#7740 = CARTESIAN_POINT ( 'NONE',  ( 2.299158285695976900, 1.211217229938904100, 1.659999999999999900 ) ) ;
#7741 = LINE ( 'NONE', #1692, #8142 ) ;
#7742 = ADVANCED_FACE ( 'NONE', ( #7986 ), #7301, .T. ) ;
#7743 = DIRECTION ( 'NONE',  ( 0.0000000000000000000, -1.000000000000000000, 0.0000000000000000000 ) ) ;
#7744 = DIRECTION ( 'NONE',  ( 0.0000000000000000000, 1.000000000000000000, 0.0000000000000000000 ) ) ;
#7745 = CARTESIAN_POINT ( 'NONE',  ( 1.664823160506946600, 1.146243115373657900, 1.649999999999999900 ) ) ;
#7746 = CARTESIAN_POINT ( 'NONE',  ( 2.254506004785988200, 1.182333246247737400, 1.649999999999999900 ) ) ;
#7747 = CARTESIAN_POINT ( 'NONE',  ( 1.500000000000000900, 1.500000000000000000, -1.750000000000000000 ) ) ;
#7748 = VERTEX_POINT ( 'NONE', #409 ) ;
#7749 = VECTOR ( 'NONE', #6119, 1000.000000000000000 ) ;
#7750 = EDGE_CURVE ( 'NONE', #5426, #10, #5781, .T. ) ;
#7751 = VECTOR ( 'NONE', #8475, 1000.000000000000000 ) ;
#7752 = CYLINDRICAL_SURFACE ( 'NONE', #7702, 0.09999999999999988100 ) ;
#7753 = CARTESIAN_POINT ( 'NONE',  ( 1.749259696433483200, 1.172475771218660200, 1.649999999999999900 ) ) ;
#7754 = CARTESIAN_POINT ( 'NONE',  ( 1.626293889578141800, 1.247075112020049200, 1.649999999999999900 ) ) ;
#7755 = ORIENTED_EDGE ( 'NONE', *, *, #1382, .F. ) ;
#7756 = VECTOR ( 'NONE', #7653, 1000.000000000000000 ) ;
#7757 = MECHANICAL_DESIGN_GEOMETRIC_PRESENTATION_REPRESENTATION (  '', ( #6571 ), #7157 ) ;
#7758 = UNCERTAINTY_MEASURE_WITH_UNIT (LENGTH_MEASURE( 1.000000000000000100E-005 ), #5360, 'distance_accuracy_value', 'NONE');
#7759 = CARTESIAN_POINT ( 'NONE',  ( 1.400000000000000800, 1.600000000000000100, -1.649999999999999900 ) ) ;
#7760 = ORIENTED_EDGE ( 'NONE', *, *, #11149, .T. ) ;
#7761 = COLOUR_RGB ( '',0.2980392156862745100, 0.2980392156862745100, 0.2980392156862745100 ) ;
#7762 = VECTOR ( 'NONE', #3804, 1000.000000000000000 ) ;
#7763 = CARTESIAN_POINT ( 'NONE',  ( 2.524188097411783600, 1.419830328475432600, 1.659999999999999900 ) ) ;
#7764 = VERTEX_POINT ( 'NONE', #7541 ) ;
#7765 = CARTESIAN_POINT ( 'NONE',  ( 2.580069763818158000, 1.453194276983599700, 1.659999999999999900 ) ) ;
#7766 = ORIENTED_EDGE ( 'NONE', *, *, #6288, .T. ) ;
#7767 = CARTESIAN_POINT ( 'NONE',  ( 2.550301576544853300, 1.279831427931971400, 1.659999999999999900 ) ) ;
#7768 = ORIENTED_EDGE ( 'NONE', *, *, #6684, .F. ) ;
#7769 = CARTESIAN_POINT ( 'NONE',  ( 2.282476311441892200, 1.250299028280348100, 1.649999999999999900 ) ) ;
#7770 = CARTESIAN_POINT ( 'NONE',  ( 2.252737597621278500, 1.417059823917321500, 1.649999999999999900 ) ) ;
#7771 = CARTESIAN_POINT ( 'NONE',  ( 2.668578542414895300, 1.236918080733201600, 1.659999999999999900 ) ) ;
#7772 = ORIENTED_EDGE ( 'NONE', *, *, #9533, .T. ) ;
#7773 = ADVANCED_FACE ( 'NONE', ( #9734 ), #588, .F. ) ;
#7774 = PRESENTATION_STYLE_ASSIGNMENT (( #10764 ) ) ;
#7775 = CARTESIAN_POINT ( 'NONE',  ( 2.186481275847953500, 1.279831427931967400, 1.649999999999999900 ) ) ;
#7776 = EDGE_LOOP ( 'NONE', ( #10734, #3864, #2479, #9951 ) ) ;
#7777 = STYLED_ITEM ( 'NONE', ( #4270 ), #5936 ) ;
#7778 = ORIENTED_EDGE ( 'NONE', *, *, #3297, .F. ) ;
#7779 = VECTOR ( 'NONE', #8573, 1000.000000000000000 ) ;
#7780 = CARTESIAN_POINT ( 'NONE',  ( 1.955842310742314000, 1.355285008919082900, 1.649999999999999900 ) ) ;
#7781 = DIRECTION ( 'NONE',  ( -0.0000000000000000000, -1.000000000000000000, -0.0000000000000000000 ) ) ;
#7782 = ORIENTED_EDGE ( 'NONE', *, *, #2409, .T. ) ;
#7783 = CARTESIAN_POINT ( 'NONE',  ( 2.363911461379003300, 1.250299028280348100, 1.659999999999999900 ) ) ;
#7784 = CARTESIAN_POINT ( 'NONE',  ( 2.313600277541560900, 1.230787602561944600, 1.659999999999999900 ) ) ;
#7785 = FACE_OUTER_BOUND ( 'NONE', #3781, .T. ) ;
#7786 = CARTESIAN_POINT ( 'NONE',  ( 2.251912340944150600, 1.374500158151882500, 1.659999999999999900 ) ) ;
#7787 = ORIENTED_EDGE ( 'NONE', *, *, #6080, .T. ) ;
#7788 = ORIENTED_EDGE ( 'NONE', *, *, #9863, .F. ) ;
#7789 = EDGE_CURVE ( 'NONE', #5894, #3681, #490, .T. ) ;
#7790 = FACE_OUTER_BOUND ( 'NONE', #3952, .T. ) ;
#7791 = CIRCLE ( 'NONE', #9469, 0.1000000000000000100 ) ;
#7792 = AXIS2_PLACEMENT_3D ( 'NONE', #7821, #3459, #5173 ) ;
#7793 = ORIENTED_EDGE ( 'NONE', *, *, #5635, .T. ) ;
#7794 = CARTESIAN_POINT ( 'NONE',  ( 1.955842310742314000, 1.355285008919082900, 1.659999999999999900 ) ) ;
#7795 = FILL_AREA_STYLE_COLOUR ( '', #1492 ) ;
#7796 = VECTOR ( 'NONE', #1947, 1000.000000000000000 ) ;
#7797 = SURFACE_SIDE_STYLE ('',( #10027 ) ) ;
#7798 = ORIENTED_EDGE ( 'NONE', *, *, #2406, .F. ) ;
#7799 = DIRECTION ( 'NONE',  ( 0.0000000000000000000, 0.0000000000000000000, 1.000000000000000000 ) ) ;
#7800 = LINE ( 'NONE', #10626, #6553 ) ;
#7801 = CARTESIAN_POINT ( 'NONE',  ( 2.975150518713304900, -1.625150518713304200, 1.550000000000000000 ) ) ;
#7802 = ORIENTED_EDGE ( 'NONE', *, *, #10782, .T. ) ;
#7803 = ADVANCED_FACE ( 'NONE', ( #10155 ), #452, .F. ) ;
#7804 = EDGE_LOOP ( 'NONE', ( #1877, #33, #9303 ) ) ;
#7805 = CARTESIAN_POINT ( 'NONE',  ( 2.373961908765329600, 1.198779432880120500, 1.649999999999999900 ) ) ;
#7806 = VERTEX_POINT ( 'NONE', #7498 ) ;
#7807 = EDGE_CURVE ( 'NONE', #4640, #3302, #6460, .T. ) ;
#7808 = EDGE_CURVE ( 'NONE', #6419, #10409, #8764, .T. ) ;
#7809 = CARTESIAN_POINT ( 'NONE',  ( 2.640284027777977500, 1.268985197321233400, 1.659999999999999900 ) ) ;
#7810 =( NAMED_UNIT ( * ) SI_UNIT ( $, .STERADIAN. ) SOLID_ANGLE_UNIT ( ) );
#7811 = CARTESIAN_POINT ( 'NONE',  ( 2.640608235758599200, 1.202964663170001300, 1.649999999999999900 ) ) ;
#7812 = MECHANICAL_DESIGN_GEOMETRIC_PRESENTATION_REPRESENTATION (  '', ( #2167 ), #10925 ) ;
#7813 = VERTEX_POINT ( 'NONE', #4701 ) ;
#7814 = ORIENTED_EDGE ( 'NONE', *, *, #2197, .T. ) ;
#7816 = SURFACE_STYLE_FILL_AREA ( #3226 ) ;
#7815 =( NAMED_UNIT ( * ) SI_UNIT ( $, .STERADIAN. ) SOLID_ANGLE_UNIT ( ) );
#7817 = ORIENTED_EDGE ( 'NONE', *, *, #618, .T. ) ;
#7818 = B_SPLINE_CURVE_WITH_KNOTS ( 'NONE', 3,
 ( #4087, #4957, #4848, #10170 ),
 .UNSPECIFIED., .F., .F.,
 ( 4, 4 ),
 ( 13.00000000000000000, 14.00000000000000000 ),
 .UNSPECIFIED. ) ;
#7819 = VERTEX_POINT ( 'NONE', #5589 ) ;
#7820 = ORIENTED_EDGE ( 'NONE', *, *, #53, .F. ) ;
#7821 = CARTESIAN_POINT ( 'NONE',  ( 2.707218238964867100, 1.222358195076769900, 1.659999999999999900 ) ) ;
#7822 = FILL_AREA_STYLE ('',( #8467 ) ) ;
#7823 = ORIENTED_EDGE ( 'NONE', *, *, #3375, .F. ) ;
#7824 = CARTESIAN_POINT ( 'NONE',  ( 2.186481275847953500, 1.373851742191424300, 1.649999999999999900 ) ) ;
#7825 = EDGE_CURVE ( 'NONE', #281, #31, #4941, .T. ) ;
#7826 = DIRECTION ( 'NONE',  ( -0.0000000000000000000, -0.0000000000000000000, -1.000000000000000000 ) ) ;
#7827 = AXIS2_PLACEMENT_3D ( 'NONE', #9282, #2189, #5750 ) ;
#7828 = ORIENTED_EDGE ( 'NONE', *, *, #7632, .T. ) ;
#7829 = ADVANCED_FACE ( 'NONE', ( #7862 ), #8144, .F. ) ;
#7830 = CARTESIAN_POINT ( 'NONE',  ( 1.731224716223094900, 1.172475771218660200, 1.659999999999999900 ) ) ;
#7831 = VECTOR ( 'NONE', #10157, 1000.000000000000000 ) ;
#7832 = DIRECTION ( 'NONE',  ( -0.0000000000000000000, -0.0000000000000000000, -1.000000000000000000 ) ) ;
#7833 = CARTESIAN_POINT ( 'NONE',  ( 2.414075277952889100, 1.151386120864346300, 1.649999999999999900 ) ) ;
#7834 = CARTESIAN_POINT ( 'NONE',  ( 2.171597182211292900, 1.177794334525310800, 1.659999999999999900 ) ) ;
#7835 = EDGE_LOOP ( 'NONE', ( #4148, #4995, #4531, #1091 ) ) ;
#7836 = EDGE_CURVE ( 'NONE', #7578, #9431, #1295, .T. ) ;
#7837 = CARTESIAN_POINT ( 'NONE',  ( 2.404967981054142400, 1.139007270710988600, 1.649999999999999900 ) ) ;
#7838 = EDGE_LOOP ( 'NONE', ( #5876, #1631, #2949, #7814 ) ) ;
#7839 = CARTESIAN_POINT ( 'NONE',  ( 1.777131965584517900, 1.123289498511300400, 1.659999999999999900 ) ) ;
#7840 = CIRCLE ( 'NONE', #7189, 0.2999999999999999300 ) ;
#7841 = AXIS2_PLACEMENT_3D ( 'NONE', #6713, #9227, #3212 ) ;
#7842 = CARTESIAN_POINT ( 'NONE',  ( 2.625075726161089800, 1.293094481667487600, 1.649999999999999900 ) ) ;
#7843 = DIRECTION ( 'NONE',  ( 1.000000000000000000, 0.0000000000000000000, 1.807003620809173900E-016 ) ) ;
#7844 = ORIENTED_EDGE ( 'NONE', *, *, #1341, .F. ) ;
#7845 = VECTOR ( 'NONE', #1333, 1000.000000000000000 ) ;
#7846 = CARTESIAN_POINT ( 'NONE',  ( 2.348437898687305100, 1.187638467742258500, 1.659999999999999900 ) ) ;
#7847 = EDGE_CURVE ( 'NONE', #1250, #11136, #7013, .T. ) ;
#7848 = CARTESIAN_POINT ( 'NONE',  ( 2.580069763818158000, 1.453194276983599700, 1.649999999999999900 ) ) ;
#7849 = CARTESIAN_POINT ( 'NONE',  ( 2.404820613790581000, 1.151386120864346300, 1.659999999999999900 ) ) ;
#7850 = ORIENTED_EDGE ( 'NONE', *, *, #4828, .F. ) ;
#7851 = ADVANCED_FACE ( 'NONE', ( #11102 ), #9455, .T. ) ;
#7852 = CARTESIAN_POINT ( 'NONE',  ( 1.840254435411058200, 1.506942875942947700, 1.659999999999999900 ) ) ;
#7853 = EDGE_CURVE ( 'NONE', #6569, #7031, #3184, .T. ) ;
#7854 = ORIENTED_EDGE ( 'NONE', *, *, #2977, .T. ) ;
#7855 = STYLED_ITEM ( 'NONE', ( #7178 ), #7474 ) ;
#7856 = CARTESIAN_POINT ( 'NONE',  ( 2.524188097411783600, 1.436924931067490500, 1.659999999999999900 ) ) ;
#7857 = PLANE ( 'NONE',  #5970 ) ;
#7858 = CARTESIAN_POINT ( 'NONE',  ( 2.617884203691399800, 1.360706582266757900, 1.659999999999999900 ) ) ;
#7859 = CYLINDRICAL_SURFACE ( 'NONE', #389, 0.2999999999999999300 ) ;
#7860 = VERTEX_POINT ( 'NONE', #10067 ) ;
#7861 = CARTESIAN_POINT ( 'NONE',  ( 2.259221757225081900, 1.178030122147011500, 1.649999999999999900 ) ) ;
#7862 = FACE_OUTER_BOUND ( 'NONE', #1613, .T. ) ;
#7863 = DIRECTION ( 'NONE',  ( 0.0000000000000000000, 0.0000000000000000000, 1.000000000000000000 ) ) ;
#7864 = EDGE_CURVE ( 'NONE', #5879, #9785, #5212, .T. ) ;
#7865 = FACE_OUTER_BOUND ( 'NONE', #9683, .T. ) ;
#7866 = CARTESIAN_POINT ( 'NONE',  ( 2.724460208820486800, 1.270282029242152600, 1.659999999999999900 ) ) ;
#7867 = AXIS2_PLACEMENT_3D ( 'NONE', #7491, #5706, #4694 ) ;
#7868 = VECTOR ( 'NONE', #1549, 1000.000000000000000 ) ;
#7869 = CARTESIAN_POINT ( 'NONE',  ( 1.804184459354364100, 1.506942875942944800, 1.649999999999999900 ) ) ;
#7870 = VERTEX_POINT ( 'NONE', #3325 ) ;
#7871 = FACE_OUTER_BOUND ( 'NONE', #9635, .T. ) ;
#7872 = STYLED_ITEM ( 'NONE', ( #4621 ), #9463 ) ;
#7873 = CARTESIAN_POINT ( 'NONE',  ( 2.171597182211292100, 1.360706582266758800, 1.659999999999999900 ) ) ;
#7874 = UNCERTAINTY_MEASURE_WITH_UNIT (LENGTH_MEASURE( 1.000000000000000100E-005 ), #9876, 'distance_accuracy_value', 'NONE');
#7875 = CARTESIAN_POINT ( 'NONE',  ( 2.401843795063092600, 1.139419899049751500, 1.649999999999999900 ) ) ;
#7876 = SURFACE_SIDE_STYLE ('',( #433 ) ) ;
#7877 = LINE ( 'NONE', #5594, #10171 ) ;
#7878 = CARTESIAN_POINT ( 'NONE',  ( 2.271600607378438900, 1.376091724599924700, 1.659999999999999900 ) ) ;
#7879 = PRODUCT_DEFINITION_CONTEXT ( 'detailed design', #3332, 'design' ) ;
#7880 = LINE ( 'NONE', #4346, #5646 ) ;
#7881 = SURFACE_STYLE_USAGE ( .BOTH. , #4209 ) ;
#7882 = ORIENTED_EDGE ( 'NONE', *, *, #4490, .T. ) ;
#7883 = LINE ( 'NONE', #8841, #10995 ) ;
#7884 = LINE ( 'NONE', #6549, #11261 ) ;
#7885 = EDGE_CURVE ( 'NONE', #3891, #1071, #2774, .T. ) ;
#7886 = EDGE_CURVE ( 'NONE', #10166, #2117, #10287, .T. ) ;
#7887 = CARTESIAN_POINT ( 'NONE',  ( 1.400000000000000800, 1.399999999999999900, -1.779999999999999800 ) ) ;
#7888 = FILL_AREA_STYLE ('',( #5272 ) ) ;
#7889 = CARTESIAN_POINT ( 'NONE',  ( 2.333259070523130400, 1.237920178126990400, 1.659999999999999900 ) ) ;
#7890 = CARTESIAN_POINT ( 'NONE',  ( 2.975150518713304900, -1.625150518713304200, -1.550000000000000000 ) ) ;
#7891 = CARTESIAN_POINT ( 'NONE',  ( 2.333259070523130400, 1.237920178126990400, 1.659999999999999900 ) ) ;
#7892 = ORIENTED_EDGE ( 'NONE', *, *, #6228, .T. ) ;
#7893 = LINE ( 'NONE', #1787, #911 ) ;
#7894 = EDGE_LOOP ( 'NONE', ( #4176, #7024, #10381, #1751 ) ) ;
#7895 = ORIENTED_EDGE ( 'NONE', *, *, #4341, .F. ) ;
#7896 = CARTESIAN_POINT ( 'NONE',  ( 2.299158285695976900, 1.243579081054058300, 1.649999999999999900 ) ) ;
#7897 = ORIENTED_EDGE ( 'NONE', *, *, #618, .F. ) ;
#7898 = B_SPLINE_CURVE_WITH_KNOTS ( 'NONE', 3,
 ( #7726, #4770, #1841, #5995 ),
 .UNSPECIFIED., .F., .F.,
 ( 4, 4 ),
 ( 4.000000000000000000, 5.000000000000000000 ),
 .UNSPECIFIED. ) ;
#7899 = LINE ( 'NONE', #9835, #2567 ) ;
#7900 = EDGE_CURVE ( 'NONE', #5696, #6880, #2111, .T. ) ;
#7901 = ORIENTED_EDGE ( 'NONE', *, *, #986, .F. ) ;
#7902 = CARTESIAN_POINT ( 'NONE',  ( 1.699253601437190200, 1.222481897486788400, 1.659999999999999900 ) ) ;
#7903 = CARTESIAN_POINT ( 'NONE',  ( 2.518381827221150000, 1.387645318076548500, 1.659999999999999900 ) ) ;
#7904 = ORIENTED_EDGE ( 'NONE', *, *, #3249, .T. ) ;
#7905 = VECTOR ( 'NONE', #779, 1000.000000000000000 ) ;
#7906 = EDGE_LOOP ( 'NONE', ( #3504, #2623, #449, #2097 ) ) ;
#7907 = CARTESIAN_POINT ( 'NONE',  ( 2.508537694004202100, 1.433800745076832400, 1.659999999999999900 ) ) ;
#7908 = FACE_OUTER_BOUND ( 'NONE', #5943, .T. ) ;
#7909 = PLANE ( 'NONE',  #1049 ) ;
#7910 = DIRECTION ( 'NONE',  ( 0.0000000000000000000, 0.0000000000000000000, 1.000000000000000000 ) ) ;
#7911 = ORIENTED_EDGE ( 'NONE', *, *, #688, .F. ) ;
#7912 = CARTESIAN_POINT ( 'NONE',  ( 2.370248253719242600, 1.206619371310265500, 1.649999999999999900 ) ) ;
#7913 = DIRECTION ( 'NONE',  ( -0.0000000000000000000, -0.0000000000000000000, -1.000000000000000000 ) ) ;
#7914 = PRESENTATION_STYLE_ASSIGNMENT (( #1934 ) ) ;
#7915 = VERTEX_POINT ( 'NONE', #661 ) ;
#7916 =( GEOMETRIC_REPRESENTATION_CONTEXT ( 3 ) GLOBAL_UNCERTAINTY_ASSIGNED_CONTEXT ( ( #1076 ) ) GLOBAL_UNIT_ASSIGNED_CONTEXT ( ( #8552, #3185, #10180 ) ) REPRESENTATION_CONTEXT ( 'NONE', 'WORKASPACE' ) );
#7917 = VECTOR ( 'NONE', #9150, 1000.000000000000000 ) ;
#7918 = FACE_BOUND ( 'NONE', #5959, .T. ) ;
#7919 = CARTESIAN_POINT ( 'NONE',  ( 2.299158285695976900, 1.243579081054058300, 1.659999999999999900 ) ) ;
#7920 = ORIENTED_EDGE ( 'NONE', *, *, #1290, .F. ) ;
#7921 = CARTESIAN_POINT ( 'NONE',  ( -3.349999999999999200, -2.000000000000000000, 0.0000000000000000000 ) ) ;
#7922 = PRESENTATION_STYLE_ASSIGNMENT (( #9292 ) ) ;
#7923 = DIRECTION ( 'NONE',  ( -0.0000000000000000000, 0.0000000000000000000, -1.000000000000000000 ) ) ;
#7924 = FACE_OUTER_BOUND ( 'NONE', #3544, .T. ) ;
#7925 = ORIENTED_EDGE ( 'NONE', *, *, #8472, .T. ) ;
#7926 = CARTESIAN_POINT ( 'NONE',  ( 2.323444410758892100, 1.473236224850823900, 1.659999999999999900 ) ) ;
#7927 = CARTESIAN_POINT ( 'NONE',  ( 2.313600277541560900, 1.230787602561944600, 1.649999999999999900 ) ) ;
#7928 = SURFACE_SIDE_STYLE ('',( #9906 ) ) ;
#7929 = EDGE_CURVE ( 'NONE', #11228, #5478, #8913, .T. ) ;
#7930 = LINE ( 'NONE', #3328, #2336 ) ;
#7931 = VERTEX_POINT ( 'NONE', #697 ) ;
#7932 = MECHANICAL_DESIGN_GEOMETRIC_PRESENTATION_REPRESENTATION (  '', ( #2075 ), #691 ) ;
#7933 = FACE_OUTER_BOUND ( 'NONE', #3756, .T. ) ;
#7934 = STYLED_ITEM ( 'NONE', ( #3029 ), #8699 ) ;
#7935 = ORIENTED_EDGE ( 'NONE', *, *, #10185, .F. ) ;
#7936 = VERTEX_POINT ( 'NONE', #5013 ) ;
#7937 = CARTESIAN_POINT ( 'NONE',  ( 2.707218238964867100, 1.222358195076769900, 1.659999999999999900 ) ) ;
#7938 = ORIENTED_EDGE ( 'NONE', *, *, #5871, .F. ) ;
#7939 = ADVANCED_FACE ( 'NONE', ( #5628 ), #9204, .T. ) ;
#7940 = CARTESIAN_POINT ( 'NONE',  ( 1.400000000000000600, -1.399999999999999700, -1.779999999999999800 ) ) ;
#7941 = CARTESIAN_POINT ( 'NONE',  ( 1.400000000000000800, 1.500000000000000000, -1.750000000000000000 ) ) ;
#7942 = CARTESIAN_POINT ( 'NONE',  ( 2.550301576544853300, 1.293094481667485400, 1.659999999999999900 ) ) ;
#7943 = ORIENTED_EDGE ( 'NONE', *, *, #5489, .F. ) ;
#7944 = ORIENTED_EDGE ( 'NONE', *, *, #10481, .T. ) ;
#7945 = CARTESIAN_POINT ( 'NONE',  ( 2.405911131542119600, 1.476006729408933600, 1.659999999999999900 ) ) ;
#7946 = ORIENTED_EDGE ( 'NONE', *, *, #2330, .F. ) ;
#7947 = EDGE_CURVE ( 'NONE', #2740, #8714, #4378, .T. ) ;
#7948 = ORIENTED_EDGE ( 'NONE', *, *, #704, .F. ) ;
#7949 = EDGE_CURVE ( 'NONE', #8184, #443, #10685, .T. ) ;
#7950 = SURFACE_STYLE_USAGE ( .BOTH. , #7876 ) ;
#7951 = MECHANICAL_DESIGN_GEOMETRIC_PRESENTATION_REPRESENTATION (  '', ( #7080 ), #6158 ) ;
#7952 = CARTESIAN_POINT ( 'NONE',  ( 2.362732523269326400, 1.211158283033478200, 1.649999999999999900 ) ) ;
#7953 = CARTESIAN_POINT ( 'NONE',  ( 2.264055403475419700, 1.384167450652555600, 1.649999999999999900 ) ) ;
#7954 = STYLED_ITEM ( 'NONE', ( #120 ), #11255 ) ;
#7955 = ORIENTED_EDGE ( 'NONE', *, *, #1201, .F. ) ;
#7956 = B_SPLINE_SURFACE_WITH_KNOTS ( 'NONE', 3, 1, ( 
 ( #4415, #3695 ),
 ( #1128, #9811 ),
 ( #1890, #2762 ),
 ( #1052, #7160 ) ),
 .UNSPECIFIED., .F., .F., .F.,
 ( 4, 4 ),
 ( 2, 2 ),
 ( 12.00000000000000000, 13.00000000000000000 ),
 ( 0.0000000000000000000, 1.000000000000000000 ),
 .UNSPECIFIED. ) ;
#7957 = CARTESIAN_POINT ( 'NONE',  ( 2.668578542414895300, 1.219057168369049600, 1.649999999999999900 ) ) ;
#7958 = CARTESIAN_POINT ( 'NONE',  ( 2.726700191229772600, 1.278357755293995100, 1.659999999999999900 ) ) ;
#7959 = PLANE ( 'NONE',  #2494 ) ;
#7960 = FILL_AREA_STYLE ('',( #3719 ) ) ;
#7961 = VERTEX_POINT ( 'NONE', #3262 ) ;
#7962 = PLANE ( 'NONE',  #8327 ) ;
#7963 = EDGE_CURVE ( 'NONE', #4484, #4937, #8783, .T. ) ;
#7964 = EDGE_LOOP ( 'NONE', ( #6118, #9399, #7392, #9001 ) ) ;
#7965 = CARTESIAN_POINT ( 'NONE',  ( 2.237116667665630200, 1.416175620334375400, 1.659999999999999900 ) ) ;
#7966 = DIRECTION ( 'NONE',  ( -0.0000000000000000000, -0.0000000000000000000, -1.000000000000000000 ) ) ;
#7967 = B_SPLINE_CURVE_WITH_KNOTS ( 'NONE', 3,
 ( #677, #6774, #4946, #6706 ),
 .UNSPECIFIED., .F., .F.,
 ( 4, 4 ),
 ( 2.000000000000000000, 3.000000000000000000 ),
 .UNSPECIFIED. ) ;
#7968 = ORIENTED_EDGE ( 'NONE', *, *, #8420, .T. ) ;
#7969 = ORIENTED_EDGE ( 'NONE', *, *, #3321, .F. ) ;
#7970 = CARTESIAN_POINT ( 'NONE',  ( 1.746800385925452600, 1.424965650524830000, 1.649999999999999900 ) ) ;
#7971 = CARTESIAN_POINT ( 'NONE',  ( 2.348143164159788700, 1.239217010047907900, 1.659999999999999900 ) ) ;
#7972 = DIRECTION ( 'NONE',  ( 0.0000000000000000000, 0.0000000000000000000, 1.000000000000000000 ) ) ;
#7973 = B_SPLINE_SURFACE_WITH_KNOTS ( 'NONE', 3, 1, ( 
 ( #993, #7105 ),
 ( #8927, #5368 ),
 ( #2772, #1859 ),
 ( #1064, #93 ) ),
 .UNSPECIFIED., .F., .F., .F.,
 ( 4, 4 ),
 ( 2, 2 ),
 ( 3.000000000000000000, 4.000000000000000000 ),
 ( 0.0000000000000000000, 1.000000000000000000 ),
 .UNSPECIFIED. ) ;
#7974 = DIRECTION ( 'NONE',  ( -1.000000000000000000, 2.168404344971012800E-015, 0.0000000000000000000 ) ) ;
#7975 = FACE_OUTER_BOUND ( 'NONE', #432, .T. ) ;
#7976 = CARTESIAN_POINT ( 'NONE',  ( 1.841074195156718400, 1.457756540691922400, 1.659999999999999900 ) ) ;
#7977 = ORIENTED_EDGE ( 'NONE', *, *, #7864, .F. ) ;
#7978 = CARTESIAN_POINT ( 'NONE',  ( 1.763195831009000100, 1.204446901640480000, 1.659999999999999900 ) ) ;
#7979 = ORIENTED_EDGE ( 'NONE', *, *, #2228, .T. ) ;
#7980 = CARTESIAN_POINT ( 'NONE',  ( 2.639606138365591500, 1.288025047794666900, 1.649999999999999900 ) ) ;
#7981 = CARTESIAN_POINT ( 'NONE',  ( 2.296122520063057900, 1.477951977290310700, 1.659999999999999900 ) ) ;
#7982 = MECHANICAL_DESIGN_GEOMETRIC_PRESENTATION_REPRESENTATION (  '', ( #7777 ), #1685 ) ;
#7983 = FILL_AREA_STYLE ('',( #5125 ) ) ;
#7984 = LINE ( 'NONE', #9858, #1294 ) ;
#7985 = SURFACE_STYLE_USAGE ( .BOTH. , #10588 ) ;
#7986 = FACE_OUTER_BOUND ( 'NONE', #9436, .T. ) ;
#7987 = CARTESIAN_POINT ( 'NONE',  ( 2.296269887327012900, 1.464512082837735600, 1.649999999999999900 ) ) ;
#7988 = ORIENTED_EDGE ( 'NONE', *, *, #7665, .T. ) ;
#7989 = VECTOR ( 'NONE', #4437, 1000.000000000000000 ) ;
#7990 = ADVANCED_FACE ( 'NONE', ( #7975 ), #603, .F. ) ;
#7991 =( NAMED_UNIT ( * ) SI_UNIT ( $, .STERADIAN. ) SOLID_ANGLE_UNIT ( ) );
#7992 = PRESENTATION_STYLE_ASSIGNMENT (( #7881 ) ) ;
#7993 = ORIENTED_EDGE ( 'NONE', *, *, #1817, .F. ) ;
#7994 = EDGE_CURVE ( 'NONE', #9126, #1082, #2629, .T. ) ;
#7995 = CARTESIAN_POINT ( 'NONE',  ( 2.333170650164992000, 1.180682732894274600, 1.649999999999999900 ) ) ;
#7996 = FACE_OUTER_BOUND ( 'NONE', #6779, .T. ) ;
#7997 = CARTESIAN_POINT ( 'NONE',  ( 2.251912340944150600, 1.374500158151882500, 1.659999999999999900 ) ) ;
#7998 = EDGE_CURVE ( 'NONE', #828, #3789, #9854, .T. ) ;
#7999 = CARTESIAN_POINT ( 'NONE',  ( 2.026342712093334600, 1.291342779347270700, 1.649999999999999900 ) ) ;
#8000 = CARTESIAN_POINT ( 'NONE',  ( 2.574705595419003200, 1.177794334525313200, 1.649999999999999900 ) ) ;
#8001 = VECTOR ( 'NONE', #2078, 1000.000000000000000 ) ;
#8002 = CARTESIAN_POINT ( 'NONE',  ( 2.273103753468738400, 1.262029462473246700, 1.649999999999999900 ) ) ;
#8003 = FACE_OUTER_BOUND ( 'NONE', #10524, .T. ) ;
#8004 = CARTESIAN_POINT ( 'NONE',  ( 1.814021717023177600, 1.213464446471775400, 1.649999999999999900 ) ) ;
#8005 = VECTOR ( 'NONE', #1159, 1000.000000000000000 ) ;
#8006 = FACE_OUTER_BOUND ( 'NONE', #1625, .T. ) ;
#8007 = UNCERTAINTY_MEASURE_WITH_UNIT (LENGTH_MEASURE( 1.000000000000000100E-005 ), #8681, 'distance_accuracy_value', 'NONE');
#8008 = FILL_AREA_STYLE ('',( #2831 ) ) ;
#8009 = EDGE_CURVE ( 'NONE', #11142, #202, #3467, .T. ) ;
#8010 = B_SPLINE_SURFACE_WITH_KNOTS ( 'NONE', 3, 1, ( 
 ( #7784, #6972 ),
 ( #824, #10535 ),
 ( #6934, #6889 ),
 ( #10394, #2538 ) ),
 .UNSPECIFIED., .F., .F., .F.,
 ( 4, 4 ),
 ( 2, 2 ),
 ( 1.000000000000000000, 2.000000000000000000 ),
 ( 0.0000000000000000000, 1.000000000000000000 ),
 .UNSPECIFIED. ) ;
#8011 = EDGE_CURVE ( 'NONE', #1337, #2117, #8660, .T. ) ;
#8012 = CIRCLE ( 'NONE', #9518, 0.1000000000000000500 ) ;
#8013 = MECHANICAL_DESIGN_GEOMETRIC_PRESENTATION_REPRESENTATION (  '', ( #10546 ), #6231 ) ;
#8014 = CARTESIAN_POINT ( 'NONE',  ( 1.949284138963108600, 1.412669066711683000, 1.659999999999999900 ) ) ;
#8015 =( GEOMETRIC_REPRESENTATION_CONTEXT ( 3 ) GLOBAL_UNCERTAINTY_ASSIGNED_CONTEXT ( ( #9725 ) ) GLOBAL_UNIT_ASSIGNED_CONTEXT ( ( #10701, #8223, #8266 ) ) REPRESENTATION_CONTEXT ( 'NONE', 'WORKASPACE' ) );
#8016 = CARTESIAN_POINT ( 'NONE',  ( 1.749259696433483200, 1.172475771218660200, 1.659999999999999900 ) ) ;
#8017 = CARTESIAN_POINT ( 'NONE',  ( 2.373961908765329600, 1.191352122787952200, 1.649999999999999900 ) ) ;
#8018 = ORIENTED_EDGE ( 'NONE', *, *, #1862, .T. ) ;
#8019 = LINE ( 'NONE', #1885, #1998 ) ;
#8020 = CARTESIAN_POINT ( 'NONE',  ( 2.265912230998658600, 1.211453017560604400, 1.649999999999999900 ) ) ;
#8021 = DIRECTION ( 'NONE',  ( -0.0000000000000000000, -1.000000000000000000, -0.0000000000000000000 ) ) ;
#8022 = DIRECTION ( 'NONE',  ( -0.0000000000000000000, -0.0000000000000000000, -1.000000000000000000 ) ) ;
#8023 = ORIENTED_EDGE ( 'NONE', *, *, #10168, .T. ) ;
#8024 = CARTESIAN_POINT ( 'NONE',  ( 2.437978248129760900, 1.165356537466529100, 1.659999999999999900 ) ) ;
#8025 = VECTOR ( 'NONE', #7843, 1000.000000000000000 ) ;
#8026 = CARTESIAN_POINT ( 'NONE',  ( 2.265912230998658600, 1.211453017560604400, 1.659999999999999900 ) ) ;
#8027 = VERTEX_POINT ( 'NONE', #8631 ) ;
#8028 = SURFACE_STYLE_FILL_AREA ( #10630 ) ;
#8029 = EDGE_CURVE ( 'NONE', #5522, #9141, #4336, .T. ) ;
#8030 = SURFACE_STYLE_FILL_AREA ( #5890 ) ;
#8031 = CARTESIAN_POINT ( 'NONE',  ( 2.460378072217121100, 1.260143161497295800, 1.659999999999999900 ) ) ;
#8032 = FACE_OUTER_BOUND ( 'NONE', #5045, .T. ) ;
#8033 = ORIENTED_EDGE ( 'NONE', *, *, #4613, .F. ) ;
#8034 = B_SPLINE_SURFACE_WITH_KNOTS ( 'NONE', 3, 1, ( 
 ( #5517, #5480 ),
 ( #10811, #7431 ),
 ( #348, #1252 ),
 ( #7352, #316 ) ),
 .UNSPECIFIED., .F., .F., .F.,
 ( 4, 4 ),
 ( 2, 2 ),
 ( 3.000000000000000000, 4.000000000000000000 ),
 ( 0.0000000000000000000, 1.000000000000000000 ),
 .UNSPECIFIED. ) ;
#8035 = ORIENTED_EDGE ( 'NONE', *, *, #5205, .T. ) ;
#8036 = DIRECTION ( 'NONE',  ( 0.0000000000000000000, 0.0000000000000000000, -1.000000000000000000 ) ) ;
#8037 = B_SPLINE_CURVE_WITH_KNOTS ( 'NONE', 3,
 ( #10839, #3879, #2237, #4755 ),
 .UNSPECIFIED., .F., .F.,
 ( 4, 4 ),
 ( 27.00000000000000000, 28.00000000000000000 ),
 .UNSPECIFIED. ) ;
#8038 = CARTESIAN_POINT ( 'NONE',  ( 2.370248253719242600, 1.206619371310265500, 1.659999999999999900 ) ) ;
#8039 = EDGE_LOOP ( 'NONE', ( #4785, #10355, #718, #4943 ) ) ;
#8040 = MECHANICAL_DESIGN_GEOMETRIC_PRESENTATION_REPRESENTATION (  '', ( #9564 ), #3113 ) ;
#8041 = CARTESIAN_POINT ( 'NONE',  ( 2.272956386204780400, 1.460267905642432800, 1.649999999999999900 ) ) ;
#8042 = CARTESIAN_POINT ( 'NONE',  ( 1.618096167036171800, 1.426605193470026600, 1.659999999999999900 ) ) ;
#8043 = CARTESIAN_POINT ( 'NONE',  ( 2.278998444017893600, 1.477951977290310700, 1.659999999999999900 ) ) ;
#8044 = LINE ( 'NONE', #10489, #4301 ) ;
#8045 = VERTEX_POINT ( 'NONE', #11207 ) ;
#8046 = DIRECTION ( 'NONE',  ( -0.0000000000000000000, -0.0000000000000000000, -1.000000000000000000 ) ) ;
#8047 = ORIENTED_EDGE ( 'NONE', *, *, #458, .T. ) ;
#8048 = B_SPLINE_CURVE_WITH_KNOTS ( 'NONE', 3,
 ( #1080, #7181, #1953, #4547 ),
 .UNSPECIFIED., .F., .F.,
 ( 4, 4 ),
 ( 16.00000000000000000, 17.00000000000000000 ),
 .UNSPECIFIED. ) ;
#8049 = EDGE_CURVE ( 'NONE', #4375, #5690, #6114, .T. ) ;
#8050 = VECTOR ( 'NONE', #3305, 1000.000000000000000 ) ;
#8051 = ORIENTED_EDGE ( 'NONE', *, *, #10350, .F. ) ;
#8052 = EDGE_CURVE ( 'NONE', #6402, #5254, #9627, .T. ) ;
#8053 = CARTESIAN_POINT ( 'NONE',  ( 1.731224731859008800, 1.379058448070370500, 1.649999999999999900 ) ) ;
#8054 = CARTESIAN_POINT ( 'NONE',  ( 2.283625776098854800, 1.187697414647680600, 1.649999999999999900 ) ) ;
#8055 = DIRECTION ( 'NONE',  ( 0.9848077530122080200, 0.0000000000000000000, 0.1736481776669307200 ) ) ;
#8056 = VECTOR ( 'NONE', #10395, 1000.000000000000000 ) ;
#8057 = FACE_OUTER_BOUND ( 'NONE', #3492, .T. ) ;
#8058 = ADVANCED_FACE ( 'NONE', ( #6042 ), #9532, .F. ) ;
#8059 = CARTESIAN_POINT ( 'NONE',  ( 2.524188097411783600, 1.419830328475432600, 1.649999999999999900 ) ) ;
#8060 = MECHANICAL_DESIGN_GEOMETRIC_PRESENTATION_REPRESENTATION (  '', ( #2204 ), #10961 ) ;
#8061 = VERTEX_POINT ( 'NONE', #7805 ) ;
#8062 = CARTESIAN_POINT ( 'NONE',  ( 2.272720598582691000, 1.187697414647680600, 1.649999999999999900 ) ) ;
#8063 = ORIENTED_EDGE ( 'NONE', *, *, #10782, .F. ) ;
#8064 = FACE_OUTER_BOUND ( 'NONE', #4700, .T. ) ;
#8065 = DIRECTION ( 'NONE',  ( 0.0000000000000000000, -1.000000000000000000, 0.0000000000000000000 ) ) ;
#8066 =( NAMED_UNIT ( * ) SI_UNIT ( $, .STERADIAN. ) SOLID_ANGLE_UNIT ( ) );
#8067 = LINE ( 'NONE', #1256, #6117 ) ;
#8068 = CARTESIAN_POINT ( 'NONE',  ( 3.650000000000000400, 0.6999999999999999600, -1.679999999999999700 ) ) ;
#8069 = ORIENTED_EDGE ( 'NONE', *, *, #5032, .T. ) ;
#8070 = DIRECTION ( 'NONE',  ( 0.0000000000000000000, 0.0000000000000000000, 1.000000000000000000 ) ) ;
#8071 =( LENGTH_UNIT ( ) NAMED_UNIT ( * ) SI_UNIT ( .MILLI., .METRE. ) );
#8072 = VERTEX_POINT ( 'NONE', #4275 ) ;
#8073 = CARTESIAN_POINT ( 'NONE',  ( 1.618096167036171800, 1.426605193470026600, 1.649999999999999900 ) ) ;
#8074 = ORIENTED_EDGE ( 'NONE', *, *, #3232, .F. ) ;
#8075 = EDGE_CURVE ( 'NONE', #7695, #4205, #5616, .T. ) ;
#8076 = VERTEX_POINT ( 'NONE', #6950 ) ;
#8077 = AXIS2_PLACEMENT_3D ( 'NONE', #2033, #3685, #2070 ) ;
#8078 = VERTEX_POINT ( 'NONE', #5191 ) ;
#8079 = CARTESIAN_POINT ( 'NONE',  ( -3.750000000000000400, -0.6999999999999999600, -1.579999999999999800 ) ) ;
#8080 = CARTESIAN_POINT ( 'NONE',  ( 2.405911131542119600, 1.476006729408933600, 1.649999999999999900 ) ) ;
#8081 = ORIENTED_EDGE ( 'NONE', *, *, #7836, .T. ) ;
#8082 = ORIENTED_EDGE ( 'NONE', *, *, #3500, .F. ) ;
#8083 = CARTESIAN_POINT ( 'NONE',  ( 2.263377514062249000, 1.208977247530403300, 1.649999999999999900 ) ) ;
#8084 = VERTEX_POINT ( 'NONE', #6127 ) ;
#8085 = EDGE_LOOP ( 'NONE', ( #690, #8483, #2065, #7116 ) ) ;
#8086 = CARTESIAN_POINT ( 'NONE',  ( 1.693515205039557200, 1.440541320226799100, 1.649999999999999900 ) ) ;
#8087 = VERTEX_POINT ( 'NONE', #5975 ) ;
#8088 = EDGE_CURVE ( 'NONE', #8486, #7870, #4112, .T. ) ;
#8089 =( GEOMETRIC_REPRESENTATION_CONTEXT ( 3 ) GLOBAL_UNCERTAINTY_ASSIGNED_CONTEXT ( ( #3774 ) ) GLOBAL_UNIT_ASSIGNED_CONTEXT ( ( #9159, #4814, #6515 ) ) REPRESENTATION_CONTEXT ( 'NONE', 'WORKASPACE' ) );
#8090 = STYLED_ITEM ( 'NONE', ( #8093 ), #9412 ) ;
#8091 = ORIENTED_EDGE ( 'NONE', *, *, #6246, .F. ) ;
#8092 = CARTESIAN_POINT ( 'NONE',  ( 2.430315150415888900, 1.360706582266761400, 1.659999999999999900 ) ) ;
#8093 = PRESENTATION_STYLE_ASSIGNMENT (( #9127 ) ) ;
#8094 =( NAMED_UNIT ( * ) PLANE_ANGLE_UNIT ( ) SI_UNIT ( $, .RADIAN. ) );
#8095 = CARTESIAN_POINT ( 'NONE',  ( -1.400000000000000100, -1.500000000000000000, -1.750000000000000000 ) ) ;
#8096 = DIRECTION ( 'NONE',  ( 0.0000000000000000000, -0.0000000000000000000, -1.000000000000000000 ) ) ;
#8097 = CARTESIAN_POINT ( 'NONE',  ( 2.606124296045790900, 1.392243176705187900, 1.649999999999999900 ) ) ;
#8098 = EDGE_LOOP ( 'NONE', ( #2311, #11214, #5751, #1105 ) ) ;
#8099 = DIRECTION ( 'NONE',  ( -0.0000000000000000000, -0.0000000000000000000, 1.000000000000000000 ) ) ;
#8100 = ORIENTED_EDGE ( 'NONE', *, *, #9630, .F. ) ;
#8101 = EDGE_CURVE ( 'NONE', #4630, #11142, #3547, .T. ) ;
#8102 = EDGE_CURVE ( 'NONE', #2179, #10631, #7576, .T. ) ;
#8103 = DIRECTION ( 'NONE',  ( -1.000000000000000000, 0.0000000000000000000, 0.0000000000000000000 ) ) ;
#8104 = LINE ( 'NONE', #6733, #4504 ) ;
#8105 = PRESENTATION_LAYER_ASSIGNMENT (  '', '', ( #4178 ) ) ;
#8106 = DIRECTION ( 'NONE',  ( 0.0000000000000000000, -0.0000000000000000000, 1.000000000000000000 ) ) ;
#8107 = CARTESIAN_POINT ( 'NONE',  ( -3.073631294014524500, -1.625150518713304200, -1.567364817766693000 ) ) ;
#8108 = DIRECTION ( 'NONE',  ( 0.1710878697460357100, -0.1710878697460360700, -0.9702875252478139200 ) ) ;
#8109 = EDGE_LOOP ( 'NONE', ( #4736, #11198, #6132, #8846 ) ) ;
#8110 = ORIENTED_EDGE ( 'NONE', *, *, #11082, .F. ) ;
#8111 = ADVANCED_FACE ( 'NONE', ( #8520 ), #3673, .F. ) ;
#8112 = PRESENTATION_STYLE_ASSIGNMENT (( #3206 ) ) ;
#8113 = PLANE ( 'NONE',  #5240 ) ;
#8114 = B_SPLINE_CURVE_WITH_KNOTS ( 'NONE', 3,
 ( #7671, #4145, #6814, #10310 ),
 .UNSPECIFIED., .F., .F.,
 ( 4, 4 ),
 ( 15.00000000000000000, 16.00000000000000000 ),
 .UNSPECIFIED. ) ;
#8115 = DIRECTION ( 'NONE',  ( 1.000000000000000000, -1.529392764415423400E-015, 8.673617379884032300E-015 ) ) ;
#8116 = ORIENTED_EDGE ( 'NONE', *, *, #6207, .F. ) ;
#8117 = CARTESIAN_POINT ( 'NONE',  ( 2.273545855259814000, 1.175849086643933900, 1.659999999999999900 ) ) ;
#8118 = CARTESIAN_POINT ( 'NONE',  ( 2.334614849349471800, 1.228488673248018700, 1.659999999999999900 ) ) ;
#8119 = DIRECTION ( 'NONE',  ( -0.0000000000000000000, -0.0000000000000000000, -1.000000000000000000 ) ) ;
#8120 = EDGE_CURVE ( 'NONE', #1338, #5254, #6165, .T. ) ;
#8121 = DIRECTION ( 'NONE',  ( -0.0000000000000000000, -0.0000000000000000000, -1.000000000000000000 ) ) ;
#8122 = CARTESIAN_POINT ( 'NONE',  ( 2.402639578287098400, 1.412638806004960600, 1.659999999999999900 ) ) ;
#8123 = SURFACE_SIDE_STYLE ('',( #2934 ) ) ;
#8124 = CARTESIAN_POINT ( 'NONE',  ( 2.361406217895683400, 1.412638806004960600, 1.649999999999999900 ) ) ;
#8125 = FACE_OUTER_BOUND ( 'NONE', #159, .T. ) ;
#8126 = PRESENTATION_LAYER_ASSIGNMENT (  '', '', ( #10070 ) ) ;
#8127 = CARTESIAN_POINT ( 'NONE',  ( 1.605799583223415500, 1.309377806465408000, 1.659999999999999900 ) ) ;
#8128 = ORIENTED_EDGE ( 'NONE', *, *, #1801, .F. ) ;
#8129 = DIRECTION ( 'NONE',  ( -0.0000000000000000000, -0.0000000000000000000, -1.000000000000000000 ) ) ;
#8130 = CARTESIAN_POINT ( 'NONE',  ( 2.249790252346502800, 1.186636370348465300, 1.649999999999999900 ) ) ;
#8131 = VERTEX_POINT ( 'NONE', #1944 ) ;
#8132 = DIRECTION ( 'NONE',  ( 1.000000000000000000, 2.709813608826153200E-014, -0.0000000000000000000 ) ) ;
#8133 = CARTESIAN_POINT ( 'NONE',  ( 2.606330610214778500, 1.190939494449980500, 1.659999999999999900 ) ) ;
#8134 = MECHANICAL_DESIGN_GEOMETRIC_PRESENTATION_REPRESENTATION (  '', ( #3416 ), #8713 ) ;
#8135 = VECTOR ( 'NONE', #5387, 1000.000000000000000 ) ;
#8136 = PLANE ( 'NONE',  #1025 ) ;
#8137 =( LENGTH_UNIT ( ) NAMED_UNIT ( * ) SI_UNIT ( .MILLI., .METRE. ) );
#8138 = DIRECTION ( 'NONE',  ( 0.1710878697460358200, -0.1710878697460357900, -0.9702875252478137000 ) ) ;
#8139 = COLOUR_RGB ( '',0.2980392156862745100, 0.2980392156862745100, 0.2980392156862745100 ) ;
#8140 = ORIENTED_EDGE ( 'NONE', *, *, #5062, .F. ) ;
#8141 = DIRECTION ( 'NONE',  ( 0.0000000000000000000, 0.0000000000000000000, 1.000000000000000000 ) ) ;
#8142 = VECTOR ( 'NONE', #4296, 999.9999999999998900 ) ;
#8143 = DIRECTION ( 'NONE',  ( 0.0000000000000000000, 1.000000000000000000, 0.0000000000000000000 ) ) ;
#8144 = B_SPLINE_SURFACE_WITH_KNOTS ( 'NONE', 3, 1, ( 
 ( #2305, #8273 ),
 ( #1271, #9125 ),
 ( #10871, #9991 ),
 ( #4744, #2191 ) ),
 .UNSPECIFIED., .F., .F., .F.,
 ( 4, 4 ),
 ( 2, 2 ),
 ( 26.00000000000000000, 27.00000000000000000 ),
 ( 0.0000000000000000000, 1.000000000000000000 ),
 .UNSPECIFIED. ) ;
#8145 = LINE ( 'NONE', #2000, #5798 ) ;
#8146 = EDGE_CURVE ( 'NONE', #3785, #6091, #1554, .T. ) ;
#8147 = LINE ( 'NONE', #6041, #97 ) ;
#8148 = PLANE ( 'NONE',  #768 ) ;
#8149 = CARTESIAN_POINT ( 'NONE',  ( 2.337355880454870000, 1.224892912013173100, 1.659999999999999900 ) ) ;
#8150 = AXIS2_PLACEMENT_3D ( 'NONE', #6409, #8197, #1157 ) ;
#8151 = EDGE_LOOP ( 'NONE', ( #994, #5660, #8218, #6700 ) ) ;
#8152 = VECTOR ( 'NONE', #1253, 1000.000000000000000 ) ;
#8153 = CARTESIAN_POINT ( 'NONE',  ( 2.254506004785988200, 1.182333246247737400, 1.659999999999999900 ) ) ;
#8154 = PRESENTATION_STYLE_ASSIGNMENT (( #1199 ) ) ;
#8155 = LINE ( 'NONE', #3277, #2936 ) ;
#8156 = STYLED_ITEM ( 'NONE', ( #7402 ), #9123 ) ;
#8157 = UNCERTAINTY_MEASURE_WITH_UNIT (LENGTH_MEASURE( 1.000000000000000100E-005 ), #8071, 'distance_accuracy_value', 'NONE');
#8158 = CARTESIAN_POINT ( 'NONE',  ( 3.350000000000001000, -2.000000000000000000, 0.0000000000000000000 ) ) ;
#8159 = CARTESIAN_POINT ( 'NONE',  ( 2.272956386204780400, 1.460267905642432800, 1.659999999999999900 ) ) ;
#8160 = CARTESIAN_POINT ( 'NONE',  ( 2.365326187110767800, 1.224480283674417500, 1.649999999999999900 ) ) ;
#8161 = SURFACE_STYLE_FILL_AREA ( #10190 ) ;
#8162 = EDGE_LOOP ( 'NONE', ( #963, #2421, #2962, #1226 ) ) ;
#8163 = CARTESIAN_POINT ( 'NONE',  ( 2.186481275847957000, 1.229726558263511300, 1.659999999999999900 ) ) ;
#8164 = CARTESIAN_POINT ( 'NONE',  ( 0.0000000000000000000, 0.0000000000000000000, 1.659999999999999900 ) ) ;
#8165 = ORIENTED_EDGE ( 'NONE', *, *, #6032, .T. ) ;
#8166 = CARTESIAN_POINT ( 'NONE',  ( 2.606124296045790900, 1.392243176705187900, 1.659999999999999900 ) ) ;
#8167 = EDGE_CURVE ( 'NONE', #10870, #5689, #2377, .T. ) ;
#8168 = EDGE_CURVE ( 'NONE', #10410, #5918, #7019, .T. ) ;
#8169 = ADVANCED_FACE ( 'NONE', ( #6451 ), #462, .F. ) ;
#8170 = ORIENTED_EDGE ( 'NONE', *, *, #634, .F. ) ;
#8171 = MECHANICAL_DESIGN_GEOMETRIC_PRESENTATION_REPRESENTATION (  '', ( #11156 ), #507 ) ;
#8172 = CARTESIAN_POINT ( 'NONE',  ( 2.298775130810321300, 1.190526866111214900, 1.649999999999999900 ) ) ;
#8173 = DIRECTION ( 'NONE',  ( 0.3283461648125325400, -0.9445574604294336700, 0.0000000000000000000 ) ) ;
#8174 = CARTESIAN_POINT ( 'NONE',  ( 1.554153906192529600, 1.342988425105930500, 1.659999999999999900 ) ) ;
#8175 = DIRECTION ( 'NONE',  ( -0.1710878697460357900, 0.1710878697460358200, 0.9702875252478137000 ) ) ;
#8176 = VECTOR ( 'NONE', #2840, 1000.000000000000200 ) ;
#8177 = ADVANCED_FACE ( 'NONE', ( #5908 ), #4405, .T. ) ;
#8178 = VERTEX_POINT ( 'NONE', #5413 ) ;
#8179 = FILL_AREA_STYLE ('',( #1178 ) ) ;
#8180 = ORIENTED_EDGE ( 'NONE', *, *, #3217, .F. ) ;
#8181 = CARTESIAN_POINT ( 'NONE',  ( 0.0000000000000000000, 0.0000000000000000000, 1.649999999999999900 ) ) ;
#8182 = PRESENTATION_STYLE_ASSIGNMENT (( #7701 ) ) ;
#8183 = CARTESIAN_POINT ( 'NONE',  ( 2.027162503110828200, 1.192970140117051600, 1.659999999999999900 ) ) ;
#8184 = VERTEX_POINT ( 'NONE', #1980 ) ;
#8185 = CARTESIAN_POINT ( 'NONE',  ( 1.967319103537973800, 1.227400549775460300, 1.659999999999999900 ) ) ;
#8186 = EDGE_CURVE ( 'NONE', #6091, #3917, #10421, .T. ) ;
#8187 = CARTESIAN_POINT ( 'NONE',  ( 2.076348838361461400, 1.341348874343566400, 1.649999999999999900 ) ) ;
#8188 = VECTOR ( 'NONE', #5352, 1000.000000000000000 ) ;
#8189 = CYLINDRICAL_SURFACE ( 'NONE', #4695, 0.1000000000000000500 ) ;
#8190 = ORIENTED_EDGE ( 'NONE', *, *, #352, .T. ) ;
#8191 = DIRECTION ( 'NONE',  ( -0.0000000000000000000, -0.0000000000000000000, -1.000000000000000000 ) ) ;
#8192 = EDGE_LOOP ( 'NONE', ( #10397, #5132, #10123, #8668 ) ) ;
#8193 = FACE_OUTER_BOUND ( 'NONE', #9445, .T. ) ;
#8194 =( GEOMETRIC_REPRESENTATION_CONTEXT ( 3 ) GLOBAL_UNCERTAINTY_ASSIGNED_CONTEXT ( ( #599 ) ) GLOBAL_UNIT_ASSIGNED_CONTEXT ( ( #9377, #2446, #4125 ) ) REPRESENTATION_CONTEXT ( 'NONE', 'WORKASPACE' ) );
#8195 = CARTESIAN_POINT ( 'NONE',  ( 2.379502917881548100, 1.182392193153162000, 1.649999999999999900 ) ) ;
#8196 = CARTESIAN_POINT ( 'NONE',  ( 2.249790252346502800, 1.186636370348465300, 1.659999999999999900 ) ) ;
#8197 = DIRECTION ( 'NONE',  ( 0.0000000000000000000, 1.000000000000000000, 0.0000000000000000000 ) ) ;
#8198 = ORIENTED_EDGE ( 'NONE', *, *, #7459, .T. ) ;
#8199 = CARTESIAN_POINT ( 'NONE',  ( 2.351296823603557000, 1.231553912334039500, 1.649999999999999900 ) ) ;
#8200 = DIRECTION ( 'NONE',  ( 0.9910683662997703500, 0.1333547648938887300, 0.0000000000000000000 ) ) ;
#8201 = B_SPLINE_CURVE_WITH_KNOTS ( 'NONE', 3,
 ( #10996, #10041, #9295, #7515 ),
 .UNSPECIFIED., .F., .F.,
 ( 4, 4 ),
 ( 0.0000000000000000000, 1.000000000000000000 ),
 .UNSPECIFIED. ) ;
#8202 = DIRECTION ( 'NONE',  ( 0.0000000000000000000, 0.0000000000000000000, -1.000000000000000000 ) ) ;
#8203 = LINE ( 'NONE', #5197, #2590 ) ;
#8204 = CARTESIAN_POINT ( 'NONE',  ( 2.374521904367652000, 1.221061363155847300, 1.649999999999999900 ) ) ;
#8205 = VERTEX_POINT ( 'NONE', #8810 ) ;
#8206 = VECTOR ( 'NONE', #2319, 1000.000000000000000 ) ;
#8207 = LINE ( 'NONE', #9372, #4723 ) ;
#8208 = CARTESIAN_POINT ( 'NONE',  ( 2.574499281249226900, 1.476006729408936700, 1.649999999999999900 ) ) ;
#8209 = CARTESIAN_POINT ( 'NONE',  ( 2.508537694004202100, 1.419417700136674300, 1.659999999999999900 ) ) ;
#8210 = EDGE_LOOP ( 'NONE', ( #582, #11288, #10328, #7988 ) ) ;
#8211 = B_SPLINE_SURFACE_WITH_KNOTS ( 'NONE', 3, 1, ( 
 ( #1929, #10567 ),
 ( #8043, #2784 ),
 ( #10647, #2754 ),
 ( #4517, #5315 ) ),
 .UNSPECIFIED., .F., .F., .F.,
 ( 4, 4 ),
 ( 2, 2 ),
 ( 4.000000000000000000, 5.000000000000000000 ),
 ( 0.0000000000000000000, 1.000000000000000000 ),
 .UNSPECIFIED. ) ;
#8212 = AXIS2_PLACEMENT_3D ( 'NONE', #4244, #6878, #9459 ) ;
#8213 = CARTESIAN_POINT ( 'NONE',  ( 2.430315150415886200, 1.476006729408933600, 1.659999999999999900 ) ) ;
#8214 = CARTESIAN_POINT ( 'NONE',  ( 2.725786514194117800, 1.274879887870000900, 1.649999999999999900 ) ) ;
#8215 = VERTEX_POINT ( 'NONE', #7211 ) ;
#8216 = PRESENTATION_STYLE_ASSIGNMENT (( #1750 ) ) ;
#8217 = CARTESIAN_POINT ( 'NONE',  ( 2.640608235758599200, 1.202964663170001300, 1.649999999999999900 ) ) ;
#8218 = ORIENTED_EDGE ( 'NONE', *, *, #2180, .F. ) ;
#8219 = ORIENTED_EDGE ( 'NONE', *, *, #3970, .T. ) ;
#8220 = ORIENTED_EDGE ( 'NONE', *, *, #7886, .T. ) ;
#8221 = CARTESIAN_POINT ( 'NONE',  ( 2.277288983758615000, 1.187697414647680600, 1.649999999999999900 ) ) ;
#8222 = CARTESIAN_POINT ( 'NONE',  ( 1.500000000000000900, -1.399999999999999700, -1.779999999999999800 ) ) ;
#8223 =( NAMED_UNIT ( * ) PLANE_ANGLE_UNIT ( ) SI_UNIT ( $, .RADIAN. ) );
#8224 = EDGE_CURVE ( 'NONE', #9563, #9807, #5201, .T. ) ;
#8225 = VERTEX_POINT ( 'NONE', #7945 ) ;
#8226 =( BOUNDED_CURVE ( )  B_SPLINE_CURVE ( 3, ( #3895, #7476, #5738, #611 ),
 .UNSPECIFIED., .F., .T. ) 
 B_SPLINE_CURVE_WITH_KNOTS ( ( 4, 4 ),
 ( 5.512866274278616500, 7.053504340080554200 ),
 .UNSPECIFIED. ) 
 CURVE ( )  GEOMETRIC_REPRESENTATION_ITEM ( )  RATIONAL_B_SPLINE_CURVE ( ( 1.000000000000000000, 0.8117923620232507800, 0.8117923620232507800, 1.000000000000000000 ) ) 
 REPRESENTATION_ITEM ( '' )  );
#8227 = ORIENTED_EDGE ( 'NONE', *, *, #1657, .F. ) ;
#8228 = EDGE_CURVE ( 'NONE', #1956, #4847, #4409, .T. ) ;
#8229 = PRESENTATION_LAYER_ASSIGNMENT (  '', '', ( #2923 ) ) ;
#8230 = CARTESIAN_POINT ( 'NONE',  ( 2.284657346944964900, 1.175849086643933900, 1.649999999999999900 ) ) ;
#8231 = ORIENTED_EDGE ( 'NONE', *, *, #8675, .F. ) ;
#8232 = B_SPLINE_SURFACE_WITH_KNOTS ( 'NONE', 3, 1, ( 
 ( #8133, #10698 ),
 ( #9977, #5488 ),
 ( #1261, #7320 ),
 ( #2096, #8217 ) ),
 .UNSPECIFIED., .F., .F., .F.,
 ( 4, 4 ),
 ( 2, 2 ),
 ( 2.000000000000000000, 3.000000000000000000 ),
 ( 0.0000000000000000000, 1.000000000000000000 ),
 .UNSPECIFIED. ) ;
#8233 = ADVANCED_FACE ( 'NONE', ( #612 ), #7973, .F. ) ;
#8234 = DIRECTION ( 'NONE',  ( -0.0000000000000000000, -0.0000000000000000000, -1.000000000000000000 ) ) ;
#8235 = CARTESIAN_POINT ( 'NONE',  ( 2.323444410758892100, 1.379746432740977400, 1.659999999999999900 ) ) ;
#8236 =( NAMED_UNIT ( * ) PLANE_ANGLE_UNIT ( ) SI_UNIT ( $, .RADIAN. ) );
#8237 =( NAMED_UNIT ( * ) SI_UNIT ( $, .STERADIAN. ) SOLID_ANGLE_UNIT ( ) );
#8238 = CARTESIAN_POINT ( 'NONE',  ( 1.566450490004893200, 1.242976203841510600, 1.649999999999999900 ) ) ;
#8239 = FILL_AREA_STYLE_COLOUR ( '', #3194 ) ;
#8240 = ORIENTED_EDGE ( 'NONE', *, *, #5062, .T. ) ;
#8241 = LINE ( 'NONE', #3133, #5307 ) ;
#8242 = CARTESIAN_POINT ( 'NONE',  ( 2.291524661434815300, 1.358761334385384800, 1.659999999999999900 ) ) ;
#8243 = CARTESIAN_POINT ( 'NONE',  ( 2.490912569261754400, 1.293094481667485400, 1.659999999999999900 ) ) ;
#8244 = EDGE_CURVE ( 'NONE', #662, #4205, #5283, .T. ) ;
#8245 = EDGE_CURVE ( 'NONE', #8417, #6816, #1283, .T. ) ;
#8246 = DIRECTION ( 'NONE',  ( -0.0000000000000000000, 1.000000000000000000, -0.0000000000000000000 ) ) ;
#8247 = AXIS2_PLACEMENT_3D ( 'NONE', #2884, #10590, #2745 ) ;
#8248 = ORIENTED_EDGE ( 'NONE', *, *, #968, .T. ) ;
#8249 = CARTESIAN_POINT ( 'NONE',  ( 1.654166119638992300, 1.179034005541532500, 1.649999999999999900 ) ) ;
#8250 = CARTESIAN_POINT ( 'NONE',  ( 2.367772483688650500, 1.208682513002493000, 1.659999999999999900 ) ) ;
#8251 = ORIENTED_EDGE ( 'NONE', *, *, #11070, .T. ) ;
#8252 = CARTESIAN_POINT ( 'NONE',  ( 2.975150518713304900, 1.625150518713304200, 1.550000000000000000 ) ) ;
#8253 = B_SPLINE_SURFACE_WITH_KNOTS ( 'NONE', 3, 1, ( 
 ( #5453, #4687 ),
 ( #8259, #322 ),
 ( #8295, #1176 ),
 ( #8996, #7286 ) ),
 .UNSPECIFIED., .F., .F., .F.,
 ( 4, 4 ),
 ( 2, 2 ),
 ( 2.000000000000000000, 3.000000000000000000 ),
 ( 0.0000000000000000000, 1.000000000000000000 ),
 .UNSPECIFIED. ) ;
#8254 = CARTESIAN_POINT ( 'NONE',  ( 2.361406217895692700, 1.462743675673420200, 1.649999999999999900 ) ) ;
#8255 = ORIENTED_EDGE ( 'NONE', *, *, #5796, .F. ) ;
#8256 = CARTESIAN_POINT ( 'NONE',  ( 1.731224716223094900, 1.172475771218660200, 1.649999999999999900 ) ) ;
#8257 = DIRECTION ( 'NONE',  ( -0.0000000000000000000, -0.0000000000000000000, -1.000000000000000000 ) ) ;
#8258 = UNCERTAINTY_MEASURE_WITH_UNIT (LENGTH_MEASURE( 1.000000000000000100E-005 ), #6031, 'distance_accuracy_value', 'NONE');
#8259 = CARTESIAN_POINT ( 'NONE',  ( 2.476588471227020100, 1.373851742191424300, 1.659999999999999900 ) ) ;
#8260 = ORIENTED_EDGE ( 'NONE', *, *, #4172, .F. ) ;
#8261 = EDGE_CURVE ( 'NONE', #457, #308, #3848, .T. ) ;
#8262 = EDGE_CURVE ( 'NONE', #10870, #84, #3991, .T. ) ;
#8263 = CARTESIAN_POINT ( 'NONE',  ( 1.814021717023177600, 1.213464446471775400, 1.649999999999999900 ) ) ;
#8264 = VECTOR ( 'NONE', #2374, 1000.000000000000000 ) ;
#8265 = PRODUCT_RELATED_PRODUCT_CATEGORY ( 'part', '', ( #5771 ) ) ;
#8266 =( NAMED_UNIT ( * ) SI_UNIT ( $, .STERADIAN. ) SOLID_ANGLE_UNIT ( ) );
#8267 = CARTESIAN_POINT ( 'NONE',  ( 2.547030023289847300, 1.229726558263511300, 1.659999999999999900 ) ) ;
#8268 = ORIENTED_EDGE ( 'NONE', *, *, #10420, .T. ) ;
#8269 = MECHANICAL_DESIGN_GEOMETRIC_PRESENTATION_REPRESENTATION (  '', ( #10265 ), #9409 ) ;
#8270 = CARTESIAN_POINT ( 'NONE',  ( 2.651189205294141300, 1.193945786629788500, 1.649999999999999900 ) ) ;
#8271 = EDGE_LOOP ( 'NONE', ( #5314, #2837, #5380, #7802 ) ) ;
#8272 = DIRECTION ( 'NONE',  ( -0.0000000000000000000, -1.000000000000000000, -0.0000000000000000000 ) ) ;
#8273 = CARTESIAN_POINT ( 'NONE',  ( 1.930429352099704200, 1.227400549775460300, 1.649999999999999900 ) ) ;
#8274 = LINE ( 'NONE', #8601, #4939 ) ;
#8275 = CARTESIAN_POINT ( 'NONE',  ( 1.841074195156718400, 1.457756540691922400, 1.659999999999999900 ) ) ;
#8276 = LINE ( 'NONE', #5382, #884 ) ;
#8277 = ORIENTED_EDGE ( 'NONE', *, *, #10418, .T. ) ;
#8278 = FILL_AREA_STYLE_COLOUR ( '', #5136 ) ;
#8279 = CARTESIAN_POINT ( 'NONE',  ( 2.264851186699830900, 1.451720604346405500, 1.659999999999999900 ) ) ;
#8280 = EDGE_CURVE ( 'NONE', #4156, #9417, #6413, .T. ) ;
#8281 = CARTESIAN_POINT ( 'NONE',  ( 1.605799583223415500, 1.309377806465408000, 1.659999999999999900 ) ) ;
#8282 = EDGE_CURVE ( 'NONE', #9817, #6435, #9602, .T. ) ;
#8283 = ORIENTED_EDGE ( 'NONE', *, *, #4240, .T. ) ;
#8284 = CARTESIAN_POINT ( 'NONE',  ( 2.314956056367898800, 1.361001316793882100, 1.649999999999999900 ) ) ;
#8285 = B_SPLINE_CURVE_WITH_KNOTS ( 'NONE', 3,
 ( #325, #7370, #6324, #6469 ),
 .UNSPECIFIED., .F., .F.,
 ( 4, 4 ),
 ( 6.000000000000000000, 7.000000000000000000 ),
 .UNSPECIFIED. ) ;
#8286 = CIRCLE ( 'NONE', #10769, 0.09999999999999982500 ) ;
#8287 = PLANE ( 'NONE',  #3219 ) ;
#8288 = ORIENTED_EDGE ( 'NONE', *, *, #8280, .T. ) ;
#8289 = VECTOR ( 'NONE', #6150, 1000.000000000000000 ) ;
#8290 = CARTESIAN_POINT ( 'NONE',  ( 2.547030023289847300, 1.242930665093601600, 1.659999999999999900 ) ) ;
#8291 = ADVANCED_FACE ( 'NONE', ( #4522 ), #8232, .T. ) ;
#8292 = DIRECTION ( 'NONE',  ( -0.9903286039881281600, -0.1387416884823198000, -0.0000000000000000000 ) ) ;
#8293 = SPHERICAL_SURFACE ( 'NONE', #1205, 0.1000000000000000100 ) ;
#8294 = VECTOR ( 'NONE', #9165, 1000.000000000000000 ) ;
#8295 = CARTESIAN_POINT ( 'NONE',  ( 2.488024170892792200, 1.377860131765026800, 1.659999999999999900 ) ) ;
#8296 = ADVANCED_FACE ( 'NONE', ( #9059 ), #8253, .T. ) ;
#8297 = CARTESIAN_POINT ( 'NONE',  ( -2.450000000000000200, 0.6999999999999999600, -1.879999999999999900 ) ) ;
#8298 = DIRECTION ( 'NONE',  ( -0.0000000000000000000, -0.0000000000000000000, -1.000000000000000000 ) ) ;
#8299 = PLANE ( 'NONE',  #3596 ) ;
#8300 = DIRECTION ( 'NONE',  ( -0.0000000000000000000, -0.0000000000000000000, -1.000000000000000000 ) ) ;
#8301 = B_SPLINE_CURVE_WITH_KNOTS ( 'NONE', 3,
 ( #4910, #2309, #9172, #9317 ),
 .UNSPECIFIED., .F., .F.,
 ( 4, 4 ),
 ( 14.00000000000000000, 15.00000000000000000 ),
 .UNSPECIFIED. ) ;
#8302 = ORIENTED_EDGE ( 'NONE', *, *, #367, .T. ) ;
#8303 = CARTESIAN_POINT ( 'NONE',  ( 2.476352683604536000, 1.462743675673420200, 1.659999999999999900 ) ) ;
#8304 = CARTESIAN_POINT ( 'NONE',  ( 1.687776808641531200, 1.391355031883523100, 1.659999999999999900 ) ) ;
#8305 = B_SPLINE_SURFACE_WITH_KNOTS ( 'NONE', 3, 1, ( 
 ( #8127, #9736 ),
 ( #8653, #5446 ),
 ( #3658, #8840 ),
 ( #10654, #8947 ) ),
 .UNSPECIFIED., .F., .F., .F.,
 ( 4, 4 ),
 ( 2, 2 ),
 ( 18.00000000000000000, 19.00000000000000000 ),
 ( 0.0000000000000000000, 1.000000000000000000 ),
 .UNSPECIFIED. ) ;
#8306 = EDGE_CURVE ( 'NONE', #2179, #1956, #2649, .T. ) ;
#8307 = CARTESIAN_POINT ( 'NONE',  ( 2.505796662898825300, 1.242930665093601600, 1.659999999999999900 ) ) ;
#8308 = FACE_OUTER_BOUND ( 'NONE', #7166, .T. ) ;
#8309 = DIRECTION ( 'NONE',  ( 1.000000000000000000, -0.0000000000000000000, -0.0000000000000000000 ) ) ;
#8310 = DIRECTION ( 'NONE',  ( 0.9848077530122080200, 0.0000000000000000000, -0.1736481776669307200 ) ) ;
#8311 = SURFACE_SIDE_STYLE ('',( #8161 ) ) ;
#8312 = STYLED_ITEM ( 'NONE', ( #5155 ), #9687 ) ;
#8313 = SURFACE_STYLE_FILL_AREA ( #4428 ) ;
#8314 = CARTESIAN_POINT ( 'NONE',  ( 2.518381827221151800, 1.450541666236338000, 1.649999999999999900 ) ) ;
#8315 = ORIENTED_EDGE ( 'NONE', *, *, #781, .T. ) ;
#8316 = CARTESIAN_POINT ( 'NONE',  ( 2.506798760291815100, 1.376858034371234000, 1.649999999999999900 ) ) ;
#8317 = ORIENTED_EDGE ( 'NONE', *, *, #6594, .F. ) ;
#8318 = VERTEX_POINT ( 'NONE', #2998 ) ;
#8319 = CARTESIAN_POINT ( 'NONE',  ( 1.900097803712475600, 1.202807382149946300, 1.659999999999999900 ) ) ;
#8320 = EDGE_CURVE ( 'NONE', #1619, #10369, #5476, .T. ) ;
#8321 = VECTOR ( 'NONE', #4754, 1000.000000000000000 ) ;
#8322 = EDGE_CURVE ( 'NONE', #8184, #3485, #1430, .T. ) ;
#8323 = LINE ( 'NONE', #5860, #1349 ) ;
#8324 = ORIENTED_EDGE ( 'NONE', *, *, #9905, .F. ) ;
#8325 = EDGE_LOOP ( 'NONE', ( #5157, #10593, #10115, #8885 ) ) ;
#8326 = CARTESIAN_POINT ( 'NONE',  ( 2.574705595419001500, 1.293094481667487600, 1.659999999999999900 ) ) ;
#8327 = AXIS2_PLACEMENT_3D ( 'NONE', #4333, #1770, #7923 ) ;
#8328 = CARTESIAN_POINT ( 'NONE',  ( 2.252737597621278500, 1.417059823917321500, 1.649999999999999900 ) ) ;
#8329 = SURFACE_SIDE_STYLE ('',( #3081 ) ) ;
#8330 = PRESENTATION_STYLE_ASSIGNMENT (( #8613 ) ) ;
#8331 = CARTESIAN_POINT ( 'NONE',  ( 2.662772272223479700, 1.204733070335102700, 1.659999999999999900 ) ) ;
#8332 = EDGE_LOOP ( 'NONE', ( #3116, #3713, #4589, #10324 ) ) ;
#8333 = PRESENTATION_STYLE_ASSIGNMENT (( #613 ) ) ;
#8334 = FACE_BOUND ( 'NONE', #8530, .T. ) ;
#8335 = DIRECTION ( 'NONE',  ( -0.0000000000000000000, 1.000000000000000000, -0.0000000000000000000 ) ) ;
#8336 = VERTEX_POINT ( 'NONE', #6463 ) ;
#8337 = CARTESIAN_POINT ( 'NONE',  ( 2.495893582775650500, 1.451897445062682300, 1.649999999999999900 ) ) ;
#8338 = ORIENTED_EDGE ( 'NONE', *, *, #4109, .F. ) ;
#8339 = CARTESIAN_POINT ( 'NONE',  ( -3.254401861300145100, -2.002882636601366800, 0.01634824454989568200 ) ) ;
#8340 = CARTESIAN_POINT ( 'NONE',  ( 2.462618054624836600, 1.462743675673420200, 1.659999999999999900 ) ) ;
#8341 = EDGE_CURVE ( 'NONE', #7351, #302, #4934, .T. ) ;
#8342 = DIRECTION ( 'NONE',  ( 0.0000000000000000000, 0.0000000000000000000, -1.000000000000000000 ) ) ;
#8343 = ORIENTED_EDGE ( 'NONE', *, *, #1003, .F. ) ;
#8344 = ADVANCED_FACE ( 'NONE', ( #8125 ), #3425, .T. ) ;
#8345 = DIRECTION ( 'NONE',  ( 0.0000000000000000000, 0.0000000000000000000, 1.000000000000000000 ) ) ;
#8346 = CARTESIAN_POINT ( 'NONE',  ( -1.499999999999999100, 1.500000000000000000, -1.879999999999999900 ) ) ;
#8347 = SURFACE_STYLE_USAGE ( .BOTH. , #4060 ) ;
#8348 = VERTEX_POINT ( 'NONE', #4807 ) ;
#8349 = DIRECTION ( 'NONE',  ( -0.1736481776669307200, 0.0000000000000000000, -0.9848077530122080200 ) ) ;
#8350 = CARTESIAN_POINT ( 'NONE',  ( 2.433969858556160200, 1.198248910730513400, 1.659999999999999900 ) ) ;
#8351 = FACE_OUTER_BOUND ( 'NONE', #60, .T. ) ;
#8352 = VERTEX_POINT ( 'NONE', #3062 ) ;
#8353 = EDGE_LOOP ( 'NONE', ( #5273, #2198, #2346, #743 ) ) ;
#8354 = B_SPLINE_CURVE_WITH_KNOTS ( 'NONE', 3,
 ( #11185, #817, #5952, #5917 ),
 .UNSPECIFIED., .F., .F.,
 ( 4, 4 ),
 ( 3.000000000000000000, 4.000000000000000000 ),
 .UNSPECIFIED. ) ;
#8355 = ORIENTED_EDGE ( 'NONE', *, *, #5672, .F. ) ;
#8356 = ADVANCED_FACE ( 'NONE', ( #1686 ), #4206, .F. ) ;
#8357 = CARTESIAN_POINT ( 'NONE',  ( 2.247432376126760700, 1.199840477179337200, 1.649999999999999900 ) ) ;
#8358 = ORIENTED_EDGE ( 'NONE', *, *, #5733, .T. ) ;
#8359 = VERTEX_POINT ( 'NONE', #5772 ) ;
#8360 = CARTESIAN_POINT ( 'NONE',  ( 1.741881764909005000, 1.474971757247668400, 1.649999999999999900 ) ) ;
#8361 = ORIENTED_EDGE ( 'NONE', *, *, #9836, .F. ) ;
#8362 = CARTESIAN_POINT ( 'NONE',  ( 2.372340868864180100, 1.262029462473246700, 1.649999999999999900 ) ) ;
#8363 = ORIENTED_EDGE ( 'NONE', *, *, #9333, .F. ) ;
#8364 = ORIENTED_EDGE ( 'NONE', *, *, #8950, .F. ) ;
#8365 = CARTESIAN_POINT ( 'NONE',  ( 2.349616836797373300, 1.245229594407525100, 1.649999999999999900 ) ) ;
#8366 = CARTESIAN_POINT ( 'NONE',  ( 1.654985918474443800, 1.233958752826503000, 1.659999999999999900 ) ) ;
#8367 = CARTESIAN_POINT ( 'NONE',  ( 2.668578542414895300, 1.236918080733201600, 1.649999999999999900 ) ) ;
#8368 = ORIENTED_EDGE ( 'NONE', *, *, #2393, .F. ) ;
#8369 = UNCERTAINTY_MEASURE_WITH_UNIT (LENGTH_MEASURE( 1.000000000000000100E-005 ), #235, 'distance_accuracy_value', 'NONE');
#8370 = CARTESIAN_POINT ( 'NONE',  ( 2.433969858556160200, 1.198248910730513400, 1.649999999999999900 ) ) ;
#8371 = B_SPLINE_CURVE_WITH_KNOTS ( 'NONE', 3,
 ( #442, #2221, #10980, #1425 ),
 .UNSPECIFIED., .F., .F.,
 ( 4, 4 ),
 ( 0.0000000000000000000, 1.000000000000000000 ),
 .UNSPECIFIED. ) ;
#8372 = CARTESIAN_POINT ( 'NONE',  ( 1.654985918474443800, 1.233958752826503000, 1.659999999999999900 ) ) ;
#8373 = CARTESIAN_POINT ( 'NONE',  ( 2.399279604674362500, 1.140186208821061000, 1.659999999999999900 ) ) ;
#8374 = EDGE_CURVE ( 'NONE', #7676, #3448, #10674, .T. ) ;
#8375 = ORIENTED_EDGE ( 'NONE', *, *, #1530, .T. ) ;
#8376 = AXIS2_PLACEMENT_3D ( 'NONE', #738, #10264, #4982 ) ;
#8377 = B_SPLINE_CURVE_WITH_KNOTS ( 'NONE', 3,
 ( #3548, #9597, #5144, #5180 ),
 .UNSPECIFIED., .F., .F.,
 ( 4, 4 ),
 ( 23.00000000000000000, 24.00000000000000000 ),
 .UNSPECIFIED. ) ;
#8378 = DIRECTION ( 'NONE',  ( -0.3493954794972899400, 0.9369753459439895700, 0.0000000000000000000 ) ) ;
#8379 = PRESENTATION_LAYER_ASSIGNMENT (  '', '', ( #558 ) ) ;
#8380 = ORIENTED_EDGE ( 'NONE', *, *, #8167, .T. ) ;
#8381 = LINE ( 'NONE', #5325, #7138 ) ;
#8382 = CARTESIAN_POINT ( 'NONE',  ( 2.233609326788925200, 1.190939494449978000, 1.649999999999999900 ) ) ;
#8383 = CARTESIAN_POINT ( 'NONE',  ( 1.705811788852312300, 1.438901777282389800, 1.659999999999999900 ) ) ;
#8384 = CARTESIAN_POINT ( 'NONE',  ( 1.554153906192529600, 1.342988425105930500, 1.659999999999999900 ) ) ;
#8385 = CARTESIAN_POINT ( 'NONE',  ( 2.506798760291815100, 1.460739480886619200, 1.649999999999999900 ) ) ;
#8386 = EDGE_LOOP ( 'NONE', ( #9036, #1093, #9422, #4913 ) ) ;
#8387 = EDGE_LOOP ( 'NONE', ( #7569, #9118, #9584, #10774, #10223, #8517, #4021 ) ) ;
#8388 = EDGE_CURVE ( 'NONE', #3697, #5024, #5464, .T. ) ;
#8389 = EDGE_CURVE ( 'NONE', #8417, #4340, #6874, .T. ) ;
#8390 = CARTESIAN_POINT ( 'NONE',  ( 1.997650683197032900, 1.355285008919082900, 1.659999999999999900 ) ) ;
#8391 = LINE ( 'NONE', #1628, #477 ) ;
#8392 = STYLED_ITEM ( 'NONE', ( #3937 ), #2493 ) ;
#8393 = ORIENTED_EDGE ( 'NONE', *, *, #10576, .T. ) ;
#8394 = AXIS2_PLACEMENT_3D ( 'NONE', #7218, #2964, #6397 ) ;
#8395 = FILL_AREA_STYLE_COLOUR ( '', #7103 ) ;
#8396 = DIRECTION ( 'NONE',  ( 1.000000000000000000, -0.0000000000000000000, -0.0000000000000000000 ) ) ;
#8397 = ORIENTED_EDGE ( 'NONE', *, *, #10215, .F. ) ;
#8398 = DIRECTION ( 'NONE',  ( -1.000000000000000000, -0.0000000000000000000, -0.0000000000000000000 ) ) ;
#8399 = B_SPLINE_SURFACE_WITH_KNOTS ( 'NONE', 3, 1, ( 
 ( #6513, #590 ),
 ( #9230, #8443 ),
 ( #5655, #10056 ),
 ( #4894, #2254 ) ),
 .UNSPECIFIED., .F., .F., .F.,
 ( 4, 4 ),
 ( 2, 2 ),
 ( 16.00000000000000000, 17.00000000000000000 ),
 ( 0.0000000000000000000, 1.000000000000000000 ),
 .UNSPECIFIED. ) ;
#8400 = ADVANCED_FACE ( 'NONE', ( #9322 ), #4888, .F. ) ;
#8401 = CARTESIAN_POINT ( 'NONE',  ( 2.171597182211292900, 1.177794334525310800, 1.659999999999999900 ) ) ;
#8402 = VECTOR ( 'NONE', #10585, 1000.000000000000000 ) ;
#8403 = EDGE_CURVE ( 'NONE', #9050, #10921, #9135, .T. ) ;
#8404 = ORIENTED_EDGE ( 'NONE', *, *, #554, .F. ) ;
#8405 = ADVANCED_FACE ( 'NONE', ( #10005 ), #4353, .F. ) ;
#8406 = CARTESIAN_POINT ( 'NONE',  ( 2.264851186699830900, 1.451720604346405500, 1.659999999999999900 ) ) ;
#8407 = CARTESIAN_POINT ( 'NONE',  ( 1.967319103537973800, 1.227400549775460300, 1.649999999999999900 ) ) ;
#8408 = ORIENTED_EDGE ( 'NONE', *, *, #6227, .T. ) ;
#8409 = CARTESIAN_POINT ( 'NONE',  ( 2.589589689055269900, 1.279831427931971400, 1.649999999999999900 ) ) ;
#8410 = VECTOR ( 'NONE', #8234, 1000.000000000000000 ) ;
#8411 = SURFACE_STYLE_USAGE ( .BOTH. , #6475 ) ;
#8412 = B_SPLINE_SURFACE_WITH_KNOTS ( 'NONE', 3, 1, ( 
 ( #10898, #3065 ),
 ( #9195, #1456 ),
 ( #552, #6591 ),
 ( #1423, #8407 ) ),
 .UNSPECIFIED., .F., .F., .F.,
 ( 4, 4 ),
 ( 2, 2 ),
 ( 24.00000000000000000, 25.00000000000000000 ),
 ( 0.0000000000000000000, 1.000000000000000000 ),
 .UNSPECIFIED. ) ;
#8413 = CARTESIAN_POINT ( 'NONE',  ( 2.263613301684340900, 1.246939054667203900, 1.659999999999999900 ) ) ;
#8414 = CARTESIAN_POINT ( 'NONE',  ( 2.288872050687554200, 1.189937397056181500, 1.659999999999999900 ) ) ;
#8415 = VECTOR ( 'NONE', #7781, 1000.000000000000000 ) ;
#8416 = CARTESIAN_POINT ( 'NONE',  ( 2.305082449697847500, 1.372024388120897300, 1.649999999999999900 ) ) ;
#8417 = VERTEX_POINT ( 'NONE', #617 ) ;
#8418 = FACE_OUTER_BOUND ( 'NONE', #1307, .T. ) ;
#8419 = LINE ( 'NONE', #6057, #4954 ) ;
#8420 = EDGE_CURVE ( 'NONE', #2639, #9313, #7145, .T. ) ;
#8421 = FACE_OUTER_BOUND ( 'NONE', #10892, .T. ) ;
#8422 = AXIS2_PLACEMENT_3D ( 'NONE', #275, #6223, #10578 ) ;
#8423 = CARTESIAN_POINT ( 'NONE',  ( 2.299158285695976900, 1.177794334525312100, 1.659999999999999900 ) ) ;
#8424 = ORIENTED_EDGE ( 'NONE', *, *, #3981, .F. ) ;
#8425 = FACE_OUTER_BOUND ( 'NONE', #1400, .T. ) ;
#8426 = CYLINDRICAL_SURFACE ( 'NONE', #10357, 0.1000000000000000500 ) ;
#8427 = CARTESIAN_POINT ( 'NONE',  ( 1.756637674866097700, 1.288063724729499300, 1.659999999999999900 ) ) ;
#8428 = FILL_AREA_STYLE_COLOUR ( '', #9751 ) ;
#8429 = DIRECTION ( 'NONE',  ( -0.0000000000000000000, 1.000000000000000000, -0.0000000000000000000 ) ) ;
#8430 = CARTESIAN_POINT ( 'NONE',  ( 1.881243048120115700, 1.506942875942947700, 1.649999999999999900 ) ) ;
#8431 = VECTOR ( 'NONE', #1608, 1000.000000000000000 ) ;
#8432 = PLANE ( 'NONE',  #5006 ) ;
#8433 = CARTESIAN_POINT ( 'NONE',  ( 1.972237755826254900, 1.177394454778384600, 1.659999999999999900 ) ) ;
#8434 = EDGE_CURVE ( 'NONE', #4082, #9735, #196, .T. ) ;
#8435 = B_SPLINE_CURVE_WITH_KNOTS ( 'NONE', 3,
 ( #9462, #4283, #8711, #10299 ),
 .UNSPECIFIED., .F., .F.,
 ( 4, 4 ),
 ( 5.000000000000000000, 6.000000000000000000 ),
 .UNSPECIFIED. ) ;
#8436 = EDGE_CURVE ( 'NONE', #681, #698, #4241, .T. ) ;
#8437 = ORIENTED_EDGE ( 'NONE', *, *, #3724, .F. ) ;
#8438 = LINE ( 'NONE', #9983, #1858 ) ;
#8439 = SURFACE_STYLE_FILL_AREA ( #6149 ) ;
#8440 = ORIENTED_EDGE ( 'NONE', *, *, #9104, .F. ) ;
#8441 = CARTESIAN_POINT ( 'NONE',  ( 2.255478628726285400, 1.254366364759375500, 1.659999999999999900 ) ) ;
#8442 = ORIENTED_EDGE ( 'NONE', *, *, #7070, .T. ) ;
#8443 = CARTESIAN_POINT ( 'NONE',  ( 2.388787055496564000, 1.205617273917257500, 1.649999999999999900 ) ) ;
#8444 = CARTESIAN_POINT ( 'NONE',  ( 1.695974499911667700, 1.123289498511300400, 1.649999999999999900 ) ) ;
#8445 = CARTESIAN_POINT ( 'NONE',  ( 2.186481275847953500, 1.373851742191424300, 1.659999999999999900 ) ) ;
#8446 = ORIENTED_EDGE ( 'NONE', *, *, #11270, .F. ) ;
#8447 = B_SPLINE_CURVE_WITH_KNOTS ( 'NONE', 3,
 ( #7341, #9869, #2893, #2976 ),
 .UNSPECIFIED., .F., .F.,
 ( 4, 4 ),
 ( 0.0000000000000000000, 1.000000000000000000 ),
 .UNSPECIFIED. ) ;
#8448 = VECTOR ( 'NONE', #10889, 1000.000000000000000 ) ;
#8449 = EDGE_LOOP ( 'NONE', ( #8277, #286, #10602, #6524 ) ) ;
#8450 = EDGE_CURVE ( 'NONE', #9784, #8336, #4648, .T. ) ;
#8451 = DIRECTION ( 'NONE',  ( 0.0000000000000000000, 0.9848077530122080200, -0.1736481776669307200 ) ) ;
#8452 = ORIENTED_EDGE ( 'NONE', *, *, #5901, .F. ) ;
#8453 = CARTESIAN_POINT ( 'NONE',  ( 2.077168598107121100, 1.263470541468073600, 1.649999999999999900 ) ) ;
#8454 = CARTESIAN_POINT ( 'NONE',  ( 2.315015003273321900, 1.374618051962732500, 1.649999999999999900 ) ) ;
#8455 = VECTOR ( 'NONE', #8398, 1000.000000000000000 ) ;
#8456 = VERTEX_POINT ( 'NONE', #8617 ) ;
#8457 = MECHANICAL_DESIGN_GEOMETRIC_PRESENTATION_REPRESENTATION (  '', ( #7872 ), #9606 ) ;
#8458 = VERTEX_POINT ( 'NONE', #5029 ) ;
#8459 = ADVANCED_FACE ( 'NONE', ( #9047 ), #2472, .F. ) ;
#8460 = CARTESIAN_POINT ( 'NONE',  ( 2.589589689055269900, 1.279831427931971400, 1.659999999999999900 ) ) ;
#8461 = ORIENTED_EDGE ( 'NONE', *, *, #6400, .F. ) ;
#8462 = EDGE_LOOP ( 'NONE', ( #6961, #4696, #9568, #10486 ) ) ;
#8463 = VECTOR ( 'NONE', #3746, 1000.000000000000200 ) ;
#8464 = CARTESIAN_POINT ( 'NONE',  ( 2.547030023289847300, 1.242930665093601600, 1.659999999999999900 ) ) ;
#8465 = LINE ( 'NONE', #8879, #1370 ) ;
#8466 = DIRECTION ( 'NONE',  ( -0.0000000000000000000, -0.0000000000000000000, -1.000000000000000000 ) ) ;
#8467 = FILL_AREA_STYLE_COLOUR ( '', #5790 ) ;
#8468 = ORIENTED_EDGE ( 'NONE', *, *, #3377, .T. ) ;
#8469 = CARTESIAN_POINT ( 'NONE',  ( 2.384837612828778900, 1.258374754332191300, 1.649999999999999900 ) ) ;
#8470 = EDGE_CURVE ( 'NONE', #10110, #1943, #7840, .T. ) ;
#8471 = B_SPLINE_SURFACE_WITH_KNOTS ( 'NONE', 3, 1, ( 
 ( #3118, #4015 ),
 ( #1468, #10221 ),
 ( #8414, #1507 ),
 ( #597, #6756 ) ),
 .UNSPECIFIED., .F., .F., .F.,
 ( 4, 4 ),
 ( 2, 2 ),
 ( 4.000000000000000000, 5.000000000000000000 ),
 ( 0.0000000000000000000, 1.000000000000000000 ),
 .UNSPECIFIED. ) ;
#8472 = EDGE_CURVE ( 'NONE', #2061, #1614, #9594, .T. ) ;
#8473 = DIRECTION ( 'NONE',  ( 1.000000000000000000, -0.0000000000000000000, -0.0000000000000000000 ) ) ;
#8474 = CARTESIAN_POINT ( 'NONE',  ( 1.588584339304816200, 1.218383067487831500, 1.659999999999999900 ) ) ;
#8475 = DIRECTION ( 'NONE',  ( -0.0000000000000000000, -0.0000000000000000000, -1.000000000000000000 ) ) ;
#8476 = EDGE_LOOP ( 'NONE', ( #3534, #842, #5241, #4489 ) ) ;
#8477 = LINE ( 'NONE', #7794, #2989 ) ;
#8478 = VERTEX_POINT ( 'NONE', #651 ) ;
#8479 = FILL_AREA_STYLE ('',( #3178 ) ) ;
#8480 = CARTESIAN_POINT ( 'NONE',  ( 2.702502486524593900, 1.209330928962951200, 1.659999999999999900 ) ) ;
#8481 = LINE ( 'NONE', #10333, #5569 ) ;
#8482 = CARTESIAN_POINT ( 'NONE',  ( 2.652928139005744900, 1.236505452395225900, 1.649999999999999900 ) ) ;
#8483 = ORIENTED_EDGE ( 'NONE', *, *, #11200, .F. ) ;
#8484 = CARTESIAN_POINT ( 'NONE',  ( 2.313600277541560900, 1.230787602561944600, 1.659999999999999900 ) ) ;
#8485 = EDGE_CURVE ( 'NONE', #4513, #10057, #8391, .T. ) ;
#8486 = VERTEX_POINT ( 'NONE', #3312 ) ;
#8487 = ORIENTED_EDGE ( 'NONE', *, *, #8785, .T. ) ;
#8488 = DIRECTION ( 'NONE',  ( -0.0000000000000000000, -0.0000000000000000000, -1.000000000000000000 ) ) ;
#8489 = EDGE_LOOP ( 'NONE', ( #4812, #9350, #7911, #4898 ) ) ;
#8490 = CARTESIAN_POINT ( 'NONE',  ( 2.233609326788925200, 1.190939494449978000, 1.659999999999999900 ) ) ;
#8491 = DIRECTION ( 'NONE',  ( 0.1710878697460358800, -0.1710878697460358800, 0.9702875252478138100 ) ) ;
#8492 = CARTESIAN_POINT ( 'NONE',  ( 2.355511527346536600, 1.175849086643933900, 1.659999999999999900 ) ) ;
#8493 = ORIENTED_EDGE ( 'NONE', *, *, #10750, .T. ) ;
#8494 = ORIENTED_EDGE ( 'NONE', *, *, #3028, .T. ) ;
#8495 = ORIENTED_EDGE ( 'NONE', *, *, #2823, .T. ) ;
#8496 = CARTESIAN_POINT ( 'NONE',  ( 1.731224731859008800, 1.379058448070370500, 1.659999999999999900 ) ) ;
#8497 = CARTESIAN_POINT ( 'NONE',  ( 2.227714636239762000, 1.242930665093599200, 1.659999999999999900 ) ) ;
#8498 = ORIENTED_EDGE ( 'NONE', *, *, #4960, .F. ) ;
#8499 = UNCERTAINTY_MEASURE_WITH_UNIT (LENGTH_MEASURE( 1.000000000000000100E-005 ), #2550, 'distance_accuracy_value', 'NONE');
#8500 = CARTESIAN_POINT ( 'NONE',  ( 2.372340868864180100, 1.262029462473246700, 1.659999999999999900 ) ) ;
#8501 = LINE ( 'NONE', #8571, #984 ) ;
#8502 = AXIS2_PLACEMENT_3D ( 'NONE', #11090, #2341, #10288 ) ;
#8503 = PLANE ( 'NONE',  #6509 ) ;
#8504 = B_SPLINE_SURFACE_WITH_KNOTS ( 'NONE', 3, 1, ( 
 ( #260, #1959 ),
 ( #1119, #8976 ),
 ( #3720, #9171 ),
 ( #373, #2195 ) ),
 .UNSPECIFIED., .F., .F., .F.,
 ( 4, 4 ),
 ( 2, 2 ),
 ( 2.000000000000000000, 3.000000000000000000 ),
 ( 0.0000000000000000000, 1.000000000000000000 ),
 .UNSPECIFIED. ) ;
#8505 = CARTESIAN_POINT ( 'NONE',  ( -1.399999999999999700, 1.399999999999999900, -1.879999999999999900 ) ) ;
#8506 = VERTEX_POINT ( 'NONE', #717 ) ;
#8507 = ORIENTED_EDGE ( 'NONE', *, *, #1729, .T. ) ;
#8508 = ADVANCED_FACE ( 'NONE', ( #4511 ), #3348, .F. ) ;
#8509 = PRESENTATION_STYLE_ASSIGNMENT (( #3092 ) ) ;
#8510 = CARTESIAN_POINT ( 'NONE',  ( 2.333170650164992000, 1.195596299983251200, 1.659999999999999900 ) ) ;
#8511 = EDGE_CURVE ( 'NONE', #4271, #525, #7009, .T. ) ;
#8512 = FILL_AREA_STYLE_COLOUR ( '', #9485 ) ;
#8513 = EDGE_LOOP ( 'NONE', ( #189, #5261, #2032, #3902, #10416, #6579, #4065, #3397, #5609, #4077, #2991, #6575 ) ) ;
#8514 = CARTESIAN_POINT ( 'NONE',  ( 1.400000000000000800, 1.399999999999999900, -1.779999999999999800 ) ) ;
#8515 = STYLED_ITEM ( 'NONE', ( #8112 ), #8535 ) ;
#8516 = FILL_AREA_STYLE ('',( #11129 ) ) ;
#8517 = ORIENTED_EDGE ( 'NONE', *, *, #11119, .F. ) ;
#8518 = CARTESIAN_POINT ( 'NONE',  ( 2.042738157176878100, 1.384796813196567600, 1.659999999999999900 ) ) ;
#8519 = DIRECTION ( 'NONE',  ( 0.0000000000000000000, 0.0000000000000000000, 1.000000000000000000 ) ) ;
#8520 = FACE_OUTER_BOUND ( 'NONE', #6134, .T. ) ;
#8521 =( LENGTH_UNIT ( ) NAMED_UNIT ( * ) SI_UNIT ( .MILLI., .METRE. ) );
#8522 = CARTESIAN_POINT ( 'NONE',  ( 1.793527426304371500, 1.260191471214383400, 1.649999999999999900 ) ) ;
#8523 = VERTEX_POINT ( 'NONE', #5068 ) ;
#8524 = ORIENTED_EDGE ( 'NONE', *, *, #4828, .T. ) ;
#8525 = EDGE_CURVE ( 'NONE', #6562, #1943, #2238, .T. ) ;
#8526 = EDGE_CURVE ( 'NONE', #4424, #6816, #863, .T. ) ;
#8527 = CARTESIAN_POINT ( 'NONE',  ( 2.355128372460883100, 1.213987734497011800, 1.659999999999999900 ) ) ;
#8528 = MECHANICAL_DESIGN_GEOMETRIC_PRESENTATION_REPRESENTATION (  '', ( #7140 ), #2807 ) ;
#8529 = VECTOR ( 'NONE', #10794, 1000.000000000000000 ) ;
#8530 = EDGE_LOOP ( 'NONE', ( #5306, #999, #9222, #1743, #6328, #10704 ) ) ;
#8531 = VECTOR ( 'NONE', #6641, 1000.000000000000000 ) ;
#8532 = AXIS2_PLACEMENT_3D ( 'NONE', #5630, #6526, #1356 ) ;
#8533 = DIRECTION ( 'NONE',  ( 0.5048830486499507100, -0.8631877589412001500, 0.0000000000000000000 ) ) ;
#8534 = DIRECTION ( 'NONE',  ( 0.0000000000000000000, 0.0000000000000000000, 1.000000000000000000 ) ) ;
#8535 = ADVANCED_FACE ( 'NONE', ( #9849 ), #1421, .T. ) ;
#8536 = FILL_AREA_STYLE ('',( #3339 ) ) ;
#8537 = ORIENTED_EDGE ( 'NONE', *, *, #3593, .T. ) ;
#8538 = CARTESIAN_POINT ( 'NONE',  ( 2.263377514062249000, 1.208977247530403300, 1.659999999999999900 ) ) ;
#8539 = FACE_OUTER_BOUND ( 'NONE', #4998, .T. ) ;
#8540 = CARTESIAN_POINT ( 'NONE',  ( 2.261785947614202800, 1.364007608974477900, 1.659999999999999900 ) ) ;
#8541 = CARTESIAN_POINT ( 'NONE',  ( 2.495893582775650500, 1.451897445062682300, 1.659999999999999900 ) ) ;
#8542 = VERTEX_POINT ( 'NONE', #6778 ) ;
#8543 = LINE ( 'NONE', #5221, #6190 ) ;
#8544 = SURFACE_STYLE_FILL_AREA ( #7888 ) ;
#8545 = EDGE_CURVE ( 'NONE', #10369, #11056, #3977, .T. ) ;
#8546 = CARTESIAN_POINT ( 'NONE',  ( 1.731224716223094900, 1.236418032062303100, 1.659999999999999900 ) ) ;
#8547 = LINE ( 'NONE', #6492, #10568 ) ;
#8548 = DIRECTION ( 'NONE',  ( -0.3315284183576130400, -0.9434452330799597600, 0.0000000000000000000 ) ) ;
#8549 = DIRECTION ( 'NONE',  ( 1.000000000000000000, 0.0000000000000000000, 0.0000000000000000000 ) ) ;
#8550 = MECHANICAL_DESIGN_GEOMETRIC_PRESENTATION_REPRESENTATION (  '', ( #6182 ), #4563 ) ;
#8551 = LINE ( 'NONE', #11074, #6621 ) ;
#8552 =( LENGTH_UNIT ( ) NAMED_UNIT ( * ) SI_UNIT ( .MILLI., .METRE. ) );
#8553 = LINE ( 'NONE', #2937, #3322 ) ;
#8554 = VECTOR ( 'NONE', #1169, 1000.000000000000200 ) ;
#8555 = DIRECTION ( 'NONE',  ( -0.9398440417769720100, -0.3416038306815736800, 0.0000000000000000000 ) ) ;
#8556 = DIRECTION ( 'NONE',  ( 0.0000000000000000000, 0.0000000000000000000, 1.000000000000000000 ) ) ;
#8557 = LINE ( 'NONE', #4474, #7323 ) ;
#8558 = CARTESIAN_POINT ( 'NONE',  ( 2.299158285695977400, 1.230139186602273900, 1.649999999999999900 ) ) ;
#8559 = CARTESIAN_POINT ( 'NONE',  ( 2.373342966257581600, 1.178030122147011500, 1.659999999999999900 ) ) ;
#8560 = CARTESIAN_POINT ( 'NONE',  ( 2.691420468292159200, 1.177794334525313200, 1.659999999999999900 ) ) ;
#8561 = UNCERTAINTY_MEASURE_WITH_UNIT (LENGTH_MEASURE( 1.000000000000000100E-005 ), #916, 'distance_accuracy_value', 'NONE');
#8562 = ORIENTED_EDGE ( 'NONE', *, *, #9753, .T. ) ;
#8563 = COLOUR_RGB ( '',0.2980392156862745100, 0.2980392156862745100, 0.2980392156862745100 ) ;
#8564 = CYLINDRICAL_SURFACE ( 'NONE', #2186, 0.1000000000000001700 ) ;
#8565 = VECTOR ( 'NONE', #2552, 1000.000000000000000 ) ;
#8566 = ADVANCED_FACE ( 'NONE', ( #7563 ), #2507, .F. ) ;
#8567 = ORIENTED_EDGE ( 'NONE', *, *, #3170, .F. ) ;
#8568 = DIRECTION ( 'NONE',  ( 0.0000000000000000000, 0.0000000000000000000, 1.000000000000000000 ) ) ;
#8569 = FACE_OUTER_BOUND ( 'NONE', #6089, .T. ) ;
#8570 = CARTESIAN_POINT ( 'NONE',  ( 2.651189205294141300, 1.277827233145169700, 1.659999999999999900 ) ) ;
#8571 = CARTESIAN_POINT ( 'NONE',  ( 2.265912230998658600, 1.211453017560604400, 1.659999999999999900 ) ) ;
#8572 = CARTESIAN_POINT ( 'NONE',  ( 2.253769168466997400, 1.460975268508318600, 1.659999999999999900 ) ) ;
#8573 = DIRECTION ( 'NONE',  ( -0.0000000000000000000, -0.0000000000000000000, -1.000000000000000000 ) ) ;
#8574 = SURFACE_STYLE_FILL_AREA ( #493 ) ;
#8575 = EDGE_LOOP ( 'NONE', ( #600, #3162, #3340, #9820 ) ) ;
#8576 = DIRECTION ( 'NONE',  ( 0.0000000000000000000, 0.0000000000000000000, -1.000000000000000000 ) ) ;
#8577 = ORIENTED_EDGE ( 'NONE', *, *, #8889, .T. ) ;
#8578 = DIRECTION ( 'NONE',  ( -0.0000000000000000000, 1.000000000000000000, -0.0000000000000000000 ) ) ;
#8579 = CARTESIAN_POINT ( 'NONE',  ( -3.650000000000000400, 0.6999999999999999600, -1.879999999999999700 ) ) ;
#8580 = EDGE_CURVE ( 'NONE', #3773, #6030, #1006, .T. ) ;
#8581 = ORIENTED_EDGE ( 'NONE', *, *, #10466, .T. ) ;
#8582 = AXIS2_PLACEMENT_3D ( 'NONE', #6606, #1399, #7420 ) ;
#8583 = VECTOR ( 'NONE', #11264, 1000.000000000000000 ) ;
#8584 = ORIENTED_EDGE ( 'NONE', *, *, #9209, .T. ) ;
#8585 = B_SPLINE_CURVE_WITH_KNOTS ( 'NONE', 3,
 ( #2026, #9788, #8183, #364 ),
 .UNSPECIFIED., .F., .F.,
 ( 4, 4 ),
 ( 33.00000000000000000, 34.00000000000000000 ),
 .UNSPECIFIED. ) ;
#8586 = VERTEX_POINT ( 'NONE', #5398 ) ;
#8587 = CARTESIAN_POINT ( 'NONE',  ( 1.400000000000000600, 1.500000000000000000, -1.879999999999999900 ) ) ;
#8588 = DIRECTION ( 'NONE',  ( -0.0000000000000000000, -1.000000000000000000, -0.0000000000000000000 ) ) ;
#8589 = SURFACE_STYLE_FILL_AREA ( #10875 ) ;
#8590 = ORIENTED_EDGE ( 'NONE', *, *, #249, .F. ) ;
#8591 = ADVANCED_FACE ( 'NONE', ( #5762 ), #8305, .F. ) ;
#8592 = B_SPLINE_SURFACE_WITH_KNOTS ( 'NONE', 3, 1, ( 
 ( #5533, #2846 ),
 ( #1180, #7291 ),
 ( #2024, #4626 ),
 ( #1227, #8965 ) ),
 .UNSPECIFIED., .F., .F., .F.,
 ( 4, 4 ),
 ( 2, 2 ),
 ( 3.000000000000000000, 4.000000000000000000 ),
 ( 0.0000000000000000000, 1.000000000000000000 ),
 .UNSPECIFIED. ) ;
#8593 = EDGE_CURVE ( 'NONE', #2478, #7148, #3038, .T. ) ;
#8594 = EDGE_CURVE ( 'NONE', #5031, #6676, #332, .T. ) ;
#8595 = VECTOR ( 'NONE', #3747, 1000.000000000000000 ) ;
#8596 = DIRECTION ( 'NONE',  ( 1.000000000000000000, 0.0000000000000000000, 1.807003620809173900E-016 ) ) ;
#8597 = DIRECTION ( 'NONE',  ( 0.0000000000000000000, 0.0000000000000000000, -1.000000000000000000 ) ) ;
#8598 = EDGE_LOOP ( 'NONE', ( #535, #8437, #8498, #6059 ) ) ;
#8599 = DIRECTION ( 'NONE',  ( -0.0000000000000000000, -0.0000000000000000000, -1.000000000000000000 ) ) ;
#8600 = ORIENTED_EDGE ( 'NONE', *, *, #7998, .T. ) ;
#8601 = CARTESIAN_POINT ( 'NONE',  ( -1.500000000000000900, 1.399999999999999900, -1.649999999999999900 ) ) ;
#8602 = PRESENTATION_LAYER_ASSIGNMENT (  '', '', ( #200 ) ) ;
#8603 = SURFACE_STYLE_FILL_AREA ( #192 ) ;
#8604 = CARTESIAN_POINT ( 'NONE',  ( 2.313600277541560900, 1.230787602561944600, 1.659999999999999900 ) ) ;
#8605 = ORIENTED_EDGE ( 'NONE', *, *, #4384, .F. ) ;
#8606 = B_SPLINE_CURVE_WITH_KNOTS ( 'NONE', 3,
 ( #3809, #9920, #7346, #6532 ),
 .UNSPECIFIED., .F., .F.,
 ( 4, 4 ),
 ( 11.00000000000000000, 12.00000000000000000 ),
 .UNSPECIFIED. ) ;
#8607 = VECTOR ( 'NONE', #2707, 1000.000000000000100 ) ;
#8608 = DIRECTION ( 'NONE',  ( 0.0000000000000000000, 0.0000000000000000000, -1.000000000000000000 ) ) ;
#8609 = ORIENTED_EDGE ( 'NONE', *, *, #3743, .F. ) ;
#8610 = DIRECTION ( 'NONE',  ( 1.504528414727667400E-014, -1.000000000000000000, -0.0000000000000000000 ) ) ;
#8611 = DIRECTION ( 'NONE',  ( -0.0000000000000000000, -0.0000000000000000000, -1.000000000000000000 ) ) ;
#8612 = VERTEX_POINT ( 'NONE', #4451 ) ;
#8613 = SURFACE_STYLE_USAGE ( .BOTH. , #747 ) ;
#8614 = ORIENTED_EDGE ( 'NONE', *, *, #10370, .T. ) ;
#8615 = EDGE_CURVE ( 'NONE', #8506, #6282, #4796, .T. ) ;
#8616 = ORIENTED_EDGE ( 'NONE', *, *, #1862, .F. ) ;
#8617 = CARTESIAN_POINT ( 'NONE',  ( 2.607597968682981500, 1.293094481667487600, 1.659999999999999900 ) ) ;
#8618 = ORIENTED_EDGE ( 'NONE', *, *, #8049, .T. ) ;
#8619 = PRESENTATION_LAYER_ASSIGNMENT (  '', '', ( #1957 ) ) ;
#8620 = ORIENTED_EDGE ( 'NONE', *, *, #2899, .T. ) ;
#8621 = VECTOR ( 'NONE', #11208, 1000.000000000000000 ) ;
#8622 = ADVANCED_FACE ( 'NONE', ( #5196 ), #1019, .F. ) ;
#8623 = ORIENTED_EDGE ( 'NONE', *, *, #8594, .T. ) ;
#8624 = VERTEX_POINT ( 'NONE', #6342 ) ;
#8625 = CARTESIAN_POINT ( 'NONE',  ( 1.749259696433483200, 1.172475771218660200, 1.659999999999999900 ) ) ;
#8626 = CARTESIAN_POINT ( 'NONE',  ( 1.605799583223415500, 1.309377806465408000, 1.659999999999999900 ) ) ;
#8627 = CARTESIAN_POINT ( 'NONE',  ( -3.349999999999999200, -1.625150518713304200, -1.550000000000000000 ) ) ;
#8628 = ORIENTED_EDGE ( 'NONE', *, *, #6335, .F. ) ;
#8629 = EDGE_CURVE ( 'NONE', #10965, #5961, #10412, .T. ) ;
#8630 = LINE ( 'NONE', #8080, #1531 ) ;
#8631 = CARTESIAN_POINT ( 'NONE',  ( 2.171597182211292900, 1.177794334525310800, 1.649999999999999900 ) ) ;
#8632 = SURFACE_STYLE_USAGE ( .BOTH. , #2450 ) ;
#8633 = AXIS2_PLACEMENT_3D ( 'NONE', #2030, #3222, #11238 ) ;
#8634 =( LENGTH_UNIT ( ) NAMED_UNIT ( * ) SI_UNIT ( .MILLI., .METRE. ) );
#8635 = CARTESIAN_POINT ( 'NONE',  ( 2.550301576544853300, 1.279831427931971400, 1.659999999999999900 ) ) ;
#8636 = CARTESIAN_POINT ( 'NONE',  ( -1.500000000000000200, 1.399999999999999900, -1.749999999999999300 ) ) ;
#8637 = ORIENTED_EDGE ( 'NONE', *, *, #5044, .T. ) ;
#8638 = DIRECTION ( 'NONE',  ( -0.9345104387438640800, -0.3559357243643165900, 0.0000000000000000000 ) ) ;
#8639 = VERTEX_POINT ( 'NONE', #10540 ) ;
#8640 = FILL_AREA_STYLE_COLOUR ( '', #4562 ) ;
#8641 = DIRECTION ( 'NONE',  ( 0.0000000000000000000, -1.000000000000000000, 0.0000000000000000000 ) ) ;
#8642 = CARTESIAN_POINT ( 'NONE',  ( 2.552924713839388500, 1.177794334525312100, 1.659999999999999900 ) ) ;
#8643 = CARTESIAN_POINT ( 'NONE',  ( 2.734805390735116900, 1.293094481667487600, 1.659999999999999900 ) ) ;
#8644 = ADVANCED_FACE ( 'NONE', ( #7427 ), #7956, .F. ) ;
#8645 = ORIENTED_EDGE ( 'NONE', *, *, #5735, .T. ) ;
#8646 = DIRECTION ( 'NONE',  ( -1.000000000000000000, -0.0000000000000000000, -0.0000000000000000000 ) ) ;
#8647 = EDGE_CURVE ( 'NONE', #11081, #4526, #5064, .T. ) ;
#8648 = AXIS2_PLACEMENT_3D ( 'NONE', #2410, #632, #6722 ) ;
#8649 = ORIENTED_EDGE ( 'NONE', *, *, #1710, .F. ) ;
#8650 = CARTESIAN_POINT ( 'NONE',  ( 2.524188097411783600, 1.419830328475432600, 1.659999999999999900 ) ) ;
#8651 = DIRECTION ( 'NONE',  ( 0.9848077530122080200, 0.0000000000000000000, 0.1736481776669305500 ) ) ;
#8652 = ORIENTED_EDGE ( 'NONE', *, *, #4305, .T. ) ;
#8653 = CARTESIAN_POINT ( 'NONE',  ( 1.605799583223415500, 1.354465280445645000, 1.659999999999999900 ) ) ;
#8654 = ORIENTED_EDGE ( 'NONE', *, *, #1017, .T. ) ;
#8655 = CARTESIAN_POINT ( 'NONE',  ( 1.763195831009000100, 1.222481897486788400, 1.649999999999999900 ) ) ;
#8656 = CARTESIAN_POINT ( 'NONE',  ( 2.445199244052944200, 1.462743675673420200, 1.659999999999999900 ) ) ;
#8657 = DIRECTION ( 'NONE',  ( -0.9848077530122080200, 0.0000000000000000000, 0.1736481776669304400 ) ) ;
#8658 = EDGE_CURVE ( 'NONE', #42, #6225, #2120, .T. ) ;
#8659 = CARTESIAN_POINT ( 'NONE',  ( 2.407473224537446800, 1.151386120864346300, 1.659999999999999900 ) ) ;
#8660 = LINE ( 'NONE', #4352, #1141 ) ;
#8661 = AXIS2_PLACEMENT_3D ( 'NONE', #9486, #4269, #10404 ) ;
#8662 = DIRECTION ( 'NONE',  ( 1.000000000000000000, 0.0000000000000000000, 0.0000000000000000000 ) ) ;
#8663 = AXIS2_PLACEMENT_3D ( 'NONE', #6254, #8115, #1194 ) ;
#8664 = CARTESIAN_POINT ( 'NONE',  ( 2.508537694004202100, 1.433800745076832400, 1.649999999999999900 ) ) ;
#8665 = ORIENTED_EDGE ( 'NONE', *, *, #10576, .F. ) ;
#8666 = CARTESIAN_POINT ( 'NONE',  ( 2.407473224537446800, 1.151386120864346300, 1.649999999999999900 ) ) ;
#8667 = DIRECTION ( 'NONE',  ( -0.0000000000000000000, 1.000000000000000000, -0.0000000000000000000 ) ) ;
#8668 = ORIENTED_EDGE ( 'NONE', *, *, #2554, .T. ) ;
#8669 = DIRECTION ( 'NONE',  ( 0.0000000000000000000, -1.000000000000000000, 0.0000000000000000000 ) ) ;
#8670 = DIRECTION ( 'NONE',  ( -0.0000000000000000000, -0.0000000000000000000, -1.000000000000000000 ) ) ;
#8671 = FACE_BOUND ( 'NONE', #8387, .T. ) ;
#8672 = ADVANCED_FACE ( 'NONE', ( #9720 ), #439, .F. ) ;
#8673 = EDGE_CURVE ( 'NONE', #3050, #1825, #10536, .T. ) ;
#8674 = B_SPLINE_CURVE_WITH_KNOTS ( 'NONE', 3,
 ( #11159, #3252, #1672, #4264 ),
 .UNSPECIFIED., .F., .F.,
 ( 4, 4 ),
 ( 0.0000000000000000000, 1.000000000000000000 ),
 .UNSPECIFIED. ) ;
#8675 = EDGE_CURVE ( 'NONE', #7630, #10900, #8381, .T. ) ;
#8676 =( GEOMETRIC_REPRESENTATION_CONTEXT ( 3 ) GLOBAL_UNCERTAINTY_ASSIGNED_CONTEXT ( ( #8258 ) ) GLOBAL_UNIT_ASSIGNED_CONTEXT ( ( #6031, #3276, #4220 ) ) REPRESENTATION_CONTEXT ( 'NONE', 'WORKASPACE' ) );
#8677 = CARTESIAN_POINT ( 'NONE',  ( -1.499999999999999100, -1.399999999999999700, -1.879999999999999900 ) ) ;
#8678 = ORIENTED_EDGE ( 'NONE', *, *, #6990, .F. ) ;
#8679 = VECTOR ( 'NONE', #7606, 1000.000000000000000 ) ;
#8680 = CARTESIAN_POINT ( 'NONE',  ( 2.408593215742089700, 1.139007270710988600, 1.659999999999999900 ) ) ;
#8681 =( LENGTH_UNIT ( ) NAMED_UNIT ( * ) SI_UNIT ( .MILLI., .METRE. ) );
#8682 = LINE ( 'NONE', #8000, #5097 ) ;
#8683 = CARTESIAN_POINT ( 'NONE',  ( 2.462618054624836600, 1.462743675673420200, 1.659999999999999900 ) ) ;
#8684 = CARTESIAN_POINT ( 'NONE',  ( 2.227714636239762000, 1.229726558263511300, 1.649999999999999900 ) ) ;
#8685 = B_SPLINE_SURFACE_WITH_KNOTS ( 'NONE', 3, 1, ( 
 ( #5716, #5670 ),
 ( #4788, #4665 ),
 ( #3842, #6443 ),
 ( #10876, #10800 ) ),
 .UNSPECIFIED., .F., .F., .F.,
 ( 4, 4 ),
 ( 2, 2 ),
 ( 1.000000000000000000, 2.000000000000000000 ),
 ( 0.0000000000000000000, 1.000000000000000000 ),
 .UNSPECIFIED. ) ;
#8686 = CIRCLE ( 'NONE', #8376, 0.09999999999999982500 ) ;
#8687 =( LENGTH_UNIT ( ) NAMED_UNIT ( * ) SI_UNIT ( .MILLI., .METRE. ) );
#8688 = LINE ( 'NONE', #3908, #9871 ) ;
#8689 = ORIENTED_EDGE ( 'NONE', *, *, #5749, .T. ) ;
#8690 = EDGE_CURVE ( 'NONE', #1952, #2654, #9056, .T. ) ;
#8691 = CARTESIAN_POINT ( 'NONE',  ( 2.323444410758892100, 1.473236224850823900, 1.649999999999999900 ) ) ;
#8692 = DIRECTION ( 'NONE',  ( -0.0000000000000000000, -1.000000000000000000, -0.0000000000000000000 ) ) ;
#8693 = EDGE_LOOP ( 'NONE', ( #6789, #10605, #8343, #1605 ) ) ;
#8694 = CARTESIAN_POINT ( 'NONE',  ( 1.910754836762077500, 1.178214214523651800, 1.649999999999999900 ) ) ;
#8695 = CIRCLE ( 'NONE', #8582, 0.2999999999999999300 ) ;
#8696 = CARTESIAN_POINT ( 'NONE',  ( 2.524188097411783600, 1.419830328475432600, 1.649999999999999900 ) ) ;
#8697 = CARTESIAN_POINT ( 'NONE',  ( 2.171597182211292900, 1.177794334525310800, 1.659999999999999900 ) ) ;
#8698 = UNCERTAINTY_MEASURE_WITH_UNIT (LENGTH_MEASURE( 1.000000000000000100E-005 ), #3505, 'distance_accuracy_value', 'NONE');
#8699 = ADVANCED_FACE ( 'NONE', ( #6026 ), #3153, .F. ) ;
#8700 = ORIENTED_EDGE ( 'NONE', *, *, #2071, .F. ) ;
#8701 = FACE_OUTER_BOUND ( 'NONE', #10583, .T. ) ;
#8702 = COLOUR_RGB ( '',0.2980392156862745100, 0.2980392156862745100, 0.2980392156862745100 ) ;
#8703 = LINE ( 'NONE', #4823, #7762 ) ;
#8704 = CARTESIAN_POINT ( 'NONE',  ( 1.951743449471527100, 1.464314716379716300, 1.649999999999999900 ) ) ;
#8705 = ORIENTED_EDGE ( 'NONE', *, *, #8593, .F. ) ;
#8706 = CARTESIAN_POINT ( 'NONE',  ( 1.814021717023177400, 1.205266723929413000, 1.659999999999999900 ) ) ;
#8707 = ORIENTED_EDGE ( 'NONE', *, *, #753, .F. ) ;
#8708 = DIRECTION ( 'NONE',  ( 0.0000000000000000000, 0.0000000000000000000, 1.000000000000000000 ) ) ;
#8709 = CARTESIAN_POINT ( 'NONE',  ( 2.574705595419003200, 1.177794334525313200, 1.659999999999999900 ) ) ;
#8710 = LINE ( 'NONE', #4749, #923 ) ;
#8711 = CARTESIAN_POINT ( 'NONE',  ( 2.476352683604536000, 1.462743675673420200, 1.649999999999999900 ) ) ;
#8712 = VECTOR ( 'NONE', #8022, 1000.000000000000000 ) ;
#8713 =( GEOMETRIC_REPRESENTATION_CONTEXT ( 3 ) GLOBAL_UNCERTAINTY_ASSIGNED_CONTEXT ( ( #4115 ) ) GLOBAL_UNIT_ASSIGNED_CONTEXT ( ( #6140, #3424, #7044 ) ) REPRESENTATION_CONTEXT ( 'NONE', 'WORKASPACE' ) );
#8714 = VERTEX_POINT ( 'NONE', #8163 ) ;
#8715 = VECTOR ( 'NONE', #6659, 1000.000000000000000 ) ;
#8716 = CARTESIAN_POINT ( 'NONE',  ( 2.975150518713304900, 1.723631294014525100, -1.567364817766693000 ) ) ;
#8717 = DIRECTION ( 'NONE',  ( -0.0000000000000000000, -0.0000000000000000000, -1.000000000000000000 ) ) ;
#8718 = ORIENTED_EDGE ( 'NONE', *, *, #6610, .F. ) ;
#8719 = EDGE_LOOP ( 'NONE', ( #255, #5632, #335 ) ) ;
#8720 = DIRECTION ( 'NONE',  ( -1.000000000000000000, -4.403710954424491800E-015, 0.0000000000000000000 ) ) ;
#8721 = FACE_BOUND ( 'NONE', #5732, .T. ) ;
#8722 = EDGE_LOOP ( 'NONE', ( #2366, #4175, #10228, #1185 ) ) ;
#8723 = CARTESIAN_POINT ( 'NONE',  ( 0.0000000000000000000, 0.0000000000000000000, -1.649999999999999900 ) ) ;
#8724 = CARTESIAN_POINT ( 'NONE',  ( 2.247432376126760700, 1.192472113992592200, 1.649999999999999900 ) ) ;
#8725 = ORIENTED_EDGE ( 'NONE', *, *, #7864, .T. ) ;
#8726 = EDGE_CURVE ( 'NONE', #3423, #10166, #6582, .T. ) ;
#8727 = LINE ( 'NONE', #2335, #1213 ) ;
#8728 = PRESENTATION_LAYER_ASSIGNMENT (  '', '', ( #8156 ) ) ;
#8729 = EDGE_LOOP ( 'NONE', ( #6000, #180, #1782, #9924 ) ) ;
#8730 = CARTESIAN_POINT ( 'NONE',  ( 2.186481275847953500, 1.279831427931967400, 1.659999999999999900 ) ) ;
#8731 = LINE ( 'NONE', #5329, #1506 ) ;
#8732 = FACE_OUTER_BOUND ( 'NONE', #7310, .T. ) ;
#8733 = CARTESIAN_POINT ( 'NONE',  ( 2.422268897815973400, 1.162998661246394100, 1.649999999999999900 ) ) ;
#8734 = VERTEX_POINT ( 'NONE', #5358 ) ;
#8735 = CARTESIAN_POINT ( 'NONE',  ( 1.741881764909005000, 1.474971757247668400, 1.659999999999999900 ) ) ;
#8736 = DIRECTION ( 'NONE',  ( -3.823481911038546100E-016, 1.000000000000000000, 2.168404344971005700E-015 ) ) ;
#8737 = B_SPLINE_SURFACE_WITH_KNOTS ( 'NONE', 3, 1, ( 
 ( #5845, #8469 ),
 ( #7622, #2391 ),
 ( #8500, #8362 ),
 ( #1374, #7518 ) ),
 .UNSPECIFIED., .F., .F., .F.,
 ( 4, 4 ),
 ( 2, 2 ),
 ( 8.000000000000000000, 9.000000000000000000 ),
 ( 0.0000000000000000000, 1.000000000000000000 ),
 .UNSPECIFIED. ) ;
#8738 = LINE ( 'NONE', #6941, #10772 ) ;
#8739 = CARTESIAN_POINT ( 'NONE',  ( 2.404820613790581000, 1.151386120864346300, 1.649999999999999900 ) ) ;
#8740 = EDGE_LOOP ( 'NONE', ( #1365, #1970, #3693, #5578 ) ) ;
#8741 = EDGE_CURVE ( 'NONE', #6596, #7234, #8910, .T. ) ;
#8742 = EDGE_CURVE ( 'NONE', #7408, #4375, #4231, .T. ) ;
#8743 = PLANE ( 'NONE',  #2792 ) ;
#8744 = SURFACE_STYLE_USAGE ( .BOTH. , #3595 ) ;
#8745 = CARTESIAN_POINT ( 'NONE',  ( 2.607008499627946600, 1.279831427931971400, 1.659999999999999900 ) ) ;
#8746 = CARTESIAN_POINT ( 'NONE',  ( 2.674974281659774800, 1.177794334525313200, 1.659999999999999900 ) ) ;
#8747 = CARTESIAN_POINT ( 'NONE',  ( 2.340067438107554100, 1.221297150778330600, 1.649999999999999900 ) ) ;
#8748 = MECHANICAL_DESIGN_GEOMETRIC_PRESENTATION_REPRESENTATION (  '', ( #4178 ), #9887 ) ;
#8749 = ORIENTED_EDGE ( 'NONE', *, *, #5401, .T. ) ;
#8750 = VECTOR ( 'NONE', #563, 1000.000000000000000 ) ;
#8751 = ORIENTED_EDGE ( 'NONE', *, *, #2554, .F. ) ;
#8752 = EDGE_LOOP ( 'NONE', ( #5912, #2172, #5263, #8507 ) ) ;
#8753 = ORIENTED_EDGE ( 'NONE', *, *, #10556, .F. ) ;
#8754 = CARTESIAN_POINT ( 'NONE',  ( 2.355128372460883100, 1.213987734497011800, 1.649999999999999900 ) ) ;
#8755 =( NAMED_UNIT ( * ) SI_UNIT ( $, .STERADIAN. ) SOLID_ANGLE_UNIT ( ) );
#8756 = ORIENTED_EDGE ( 'NONE', *, *, #3103, .T. ) ;
#8757 = ADVANCED_FACE ( 'NONE', ( #9184 ), #8034, .T. ) ;
#8758 = ORIENTED_EDGE ( 'NONE', *, *, #5735, .F. ) ;
#8759 = CARTESIAN_POINT ( 'NONE',  ( 2.476352683604536000, 1.462743675673420200, 1.649999999999999900 ) ) ;
#8760 = EDGE_CURVE ( 'NONE', #8045, #7086, #3415, .T. ) ;
#8761 = CARTESIAN_POINT ( 'NONE',  ( 2.574499281249226900, 1.476006729408936700, 1.649999999999999900 ) ) ;
#8762 = CARTESIAN_POINT ( 'NONE',  ( -3.650000000000000400, -0.6999999999999999600, -0.2999999999999999900 ) ) ;
#8763 = DIRECTION ( 'NONE',  ( -0.0000000000000000000, -0.0000000000000000000, -1.000000000000000000 ) ) ;
#8764 = B_SPLINE_CURVE_WITH_KNOTS ( 'NONE', 3,
 ( #3117, #8413, #485, #1313 ),
 .UNSPECIFIED., .F., .F.,
 ( 4, 4 ),
 ( 12.00000000000000000, 13.00000000000000000 ),
 .UNSPECIFIED. ) ;
#8765 = PRESENTATION_LAYER_ASSIGNMENT (  '', '', ( #1738 ) ) ;
#8766 = EDGE_LOOP ( 'NONE', ( #10178, #1577, #6353, #8116, #9813, #729, #10677, #8100, #4756, #1107, #531, #9691, #1192, #1075 ) ) ;
#8767 = CARTESIAN_POINT ( 'NONE',  ( 1.699253601437190200, 1.186411905794178700, 1.649999999999999900 ) ) ;
#8768 = DIRECTION ( 'NONE',  ( -0.0000000000000000000, -0.0000000000000000000, -1.000000000000000000 ) ) ;
#8769 = CARTESIAN_POINT ( 'NONE',  ( 2.273545855259814000, 1.175849086643933900, 1.659999999999999900 ) ) ;
#8770 = CARTESIAN_POINT ( 'NONE',  ( 2.504322990260829900, 1.444646975687570600, 1.649999999999999900 ) ) ;
#8771 = VERTEX_POINT ( 'NONE', #1286 ) ;
#8772 = CARTESIAN_POINT ( 'NONE',  ( 1.971417996080594400, 1.446279724442785200, 1.649999999999999900 ) ) ;
#8773 = ORIENTED_EDGE ( 'NONE', *, *, #7648, .T. ) ;
#8774 = CARTESIAN_POINT ( 'NONE',  ( -3.349999999999999200, 0.6999999999999999600, 0.0000000000000000000 ) ) ;
#8775 = VECTOR ( 'NONE', #1164, 1000.000000000000000 ) ;
#8776 = AXIS2_PLACEMENT_3D ( 'NONE', #9100, #3966, #7395 ) ;
#8777 = DIRECTION ( 'NONE',  ( -0.0000000000000000000, -0.0000000000000000000, -1.000000000000000000 ) ) ;
#8778 = CARTESIAN_POINT ( 'NONE',  ( -2.975150518713303600, -2.000000000000000000, -1.550000000000000000 ) ) ;
#8779 = CARTESIAN_POINT ( 'NONE',  ( -2.450000000000000200, 0.6999999999999999600, -1.679999999999999900 ) ) ;
#8780 = ORIENTED_EDGE ( 'NONE', *, *, #2088, .F. ) ;
#8781 = ORIENTED_EDGE ( 'NONE', *, *, #7847, .F. ) ;
#8782 = ADVANCED_FACE ( 'NONE', ( #4783 ), #4689, .F. ) ;
#8783 = LINE ( 'NONE', #11058, #8264 ) ;
#8784 = PLANE ( 'NONE',  #4085 ) ;
#8785 = EDGE_CURVE ( 'NONE', #11026, #3891, #9712, .T. ) ;
#8786 = PLANE ( 'NONE',  #3649 ) ;
#8787 = DIRECTION ( 'NONE',  ( -0.9848077530122080200, 0.0000000000000000000, -0.1736481776669307200 ) ) ;
#8788 = ORIENTED_EDGE ( 'NONE', *, *, #6672, .F. ) ;
#8789 = CARTESIAN_POINT ( 'NONE',  ( 2.462618054624836600, 1.462743675673420200, 1.649999999999999900 ) ) ;
#8790 = EDGE_CURVE ( 'NONE', #132, #1866, #1123, .T. ) ;
#8791 = DIRECTION ( 'NONE',  ( -0.0000000000000000000, -1.000000000000000000, -0.0000000000000000000 ) ) ;
#8792 = ORIENTED_EDGE ( 'NONE', *, *, #8029, .T. ) ;
#8793 = CARTESIAN_POINT ( 'NONE',  ( 2.263465934420779500, 1.193886839724357800, 1.659999999999999900 ) ) ;
#8794 = CARTESIAN_POINT ( 'NONE',  ( 1.588584339304816200, 1.218383067487831500, 1.649999999999999900 ) ) ;
#8795 = CARTESIAN_POINT ( 'NONE',  ( 2.046837018447667900, 1.214284206217046700, 1.649999999999999900 ) ) ;
#8796 = ORIENTED_EDGE ( 'NONE', *, *, #4690, .F. ) ;
#8797 = DIRECTION ( 'NONE',  ( -0.0000000000000000000, -0.0000000000000000000, -1.000000000000000000 ) ) ;
#8798 = CARTESIAN_POINT ( 'NONE',  ( 2.316252888288814500, 1.476360410842267200, 1.659999999999999900 ) ) ;
#8799 = ORIENTED_EDGE ( 'NONE', *, *, #6203, .F. ) ;
#8800 = FACE_OUTER_BOUND ( 'NONE', #7835, .T. ) ;
#8801 = CARTESIAN_POINT ( 'NONE',  ( 1.714009495758367600, 1.172475771218660200, 1.649999999999999900 ) ) ;
#8802 = EDGE_CURVE ( 'NONE', #2398, #3404, #10132, .T. ) ;
#8803 = CARTESIAN_POINT ( 'NONE',  ( 2.727348607189448200, 1.274526206437453200, 1.659999999999999900 ) ) ;
#8804 = CIRCLE ( 'NONE', #2353, 0.1000000000000000100 ) ;
#8805 = CARTESIAN_POINT ( 'NONE',  ( 2.778720835326111200, 1.177794334525313200, 1.659999999999999900 ) ) ;
#8806 = ORIENTED_EDGE ( 'NONE', *, *, #8802, .T. ) ;
#8807 = FACE_OUTER_BOUND ( 'NONE', #2652, .T. ) ;
#8808 = AXIS2_PLACEMENT_3D ( 'NONE', #6120, #906, #7863 ) ;
#8809 = CARTESIAN_POINT ( 'NONE',  ( 2.421237326969862400, 1.139007270710988600, 1.659999999999999900 ) ) ;
#8810 = CARTESIAN_POINT ( 'NONE',  ( -3.073631294014524500, 1.625150518713304200, -1.567364817766693000 ) ) ;
#8811 = DIRECTION ( 'NONE',  ( -0.0000000000000000000, -0.0000000000000000000, -1.000000000000000000 ) ) ;
#8812 = LINE ( 'NONE', #1880, #506 ) ;
#8813 = DIRECTION ( 'NONE',  ( 0.0000000000000000000, 1.000000000000000000, 0.0000000000000000000 ) ) ;
#8814 = CARTESIAN_POINT ( 'NONE',  ( 2.581396069191789900, 1.457792135612236500, 1.659999999999999900 ) ) ;
#8815 = PRESENTATION_STYLE_ASSIGNMENT (( #5074 ) ) ;
#8816 = PLANE ( 'NONE',  #10153 ) ;
#8817 = FACE_OUTER_BOUND ( 'NONE', #450, .T. ) ;
#8818 = VECTOR ( 'NONE', #9121, 1000.000000000000000 ) ;
#8819 = FACE_OUTER_BOUND ( 'NONE', #9931, .T. ) ;
#8820 = EDGE_CURVE ( 'NONE', #725, #876, #10807, .T. ) ;
#8821 = EDGE_CURVE ( 'NONE', #8359, #10057, #8104, .T. ) ;
#8822 = LINE ( 'NONE', #6883, #1991 ) ;
#8823 = SURFACE_STYLE_USAGE ( .BOTH. , #1836 ) ;
#8824 = CARTESIAN_POINT ( 'NONE',  ( 2.462028585570589000, 1.360706582266761400, 1.659999999999999900 ) ) ;
#8825 = CARTESIAN_POINT ( 'NONE',  ( 2.582309746226657300, 1.461270003036230700, 1.659999999999999900 ) ) ;
#8826 = MECHANICAL_DESIGN_GEOMETRIC_PRESENTATION_REPRESENTATION (  '', ( #10563 ), #1659 ) ;
#8827 = DIRECTION ( 'NONE',  ( -7.542275982507858900E-015, 0.0000000000000000000, 1.000000000000000000 ) ) ;
#8828 = CARTESIAN_POINT ( 'NONE',  ( 2.601526437417155200, 1.405270442818999500, 1.649999999999999900 ) ) ;
#8829 = ORIENTED_EDGE ( 'NONE', *, *, #11215, .T. ) ;
#8830 = FACE_OUTER_BOUND ( 'NONE', #2124, .T. ) ;
#8831 = FACE_OUTER_BOUND ( 'NONE', #8598, .T. ) ;
#8832 = ORIENTED_EDGE ( 'NONE', *, *, #5424, .T. ) ;
#8833 = SURFACE_STYLE_USAGE ( .BOTH. , #7928 ) ;
#8834 = B_SPLINE_CURVE_WITH_KNOTS ( 'NONE', 3,
 ( #5139, #1665, #8793, #1812 ),
 .UNSPECIFIED., .F., .F.,
 ( 4, 4 ),
 ( 2.000000000000000000, 3.000000000000000000 ),
 .UNSPECIFIED. ) ;
#8835 = ORIENTED_EDGE ( 'NONE', *, *, #2262, .T. ) ;
#8836 = EDGE_CURVE ( 'NONE', #11224, #10921, #11085, .T. ) ;
#8837 = UNCERTAINTY_MEASURE_WITH_UNIT (LENGTH_MEASURE( 1.000000000000000100E-005 ), #9715, 'distance_accuracy_value', 'NONE');
#8838 = EDGE_CURVE ( 'NONE', #5393, #7488, #4103, .T. ) ;
#8839 = VECTOR ( 'NONE', #3678, 1000.000000000000000 ) ;
#8840 = CARTESIAN_POINT ( 'NONE',  ( 1.642689334661685800, 1.391355031883523100, 1.649999999999999900 ) ) ;
#8841 = CARTESIAN_POINT ( 'NONE',  ( 2.562827793961756800, 1.405270442818999500, 1.659999999999999900 ) ) ;
#8842 = ORIENTED_EDGE ( 'NONE', *, *, #1221, .F. ) ;
#8843 =( NAMED_UNIT ( * ) SI_UNIT ( $, .STERADIAN. ) SOLID_ANGLE_UNIT ( ) );
#8844 = ADVANCED_FACE ( 'NONE', ( #6438 ), #2226, .T. ) ;
#8845 = CARTESIAN_POINT ( 'NONE',  ( 2.323444410758892100, 1.379746432740977400, 1.659999999999999900 ) ) ;
#8846 = ORIENTED_EDGE ( 'NONE', *, *, #9663, .T. ) ;
#8847 = CARTESIAN_POINT ( 'NONE',  ( 2.269036416989710600, 1.188935299663173200, 1.649999999999999900 ) ) ;
#8848 = ORIENTED_EDGE ( 'NONE', *, *, #974, .T. ) ;
#8849 = CARTESIAN_POINT ( 'NONE',  ( 2.268476421387386900, 1.213928787591585400, 1.649999999999999900 ) ) ;
#8850 = VECTOR ( 'NONE', #3795, 1000.000000000000000 ) ;
#8851 = VECTOR ( 'NONE', #10284, 1000.000000000000000 ) ;
#8852 = ORIENTED_EDGE ( 'NONE', *, *, #615, .T. ) ;
#8853 = DIRECTION ( 'NONE',  ( -0.0000000000000000000, -0.0000000000000000000, -1.000000000000000000 ) ) ;
#8854 = ORIENTED_EDGE ( 'NONE', *, *, #4553, .T. ) ;
#8855 = DIRECTION ( 'NONE',  ( -0.0000000000000000000, -0.0000000000000000000, -1.000000000000000000 ) ) ;
#8856 = SURFACE_STYLE_USAGE ( .BOTH. , #8895 ) ;
#8857 = FACE_OUTER_BOUND ( 'NONE', #2641, .T. ) ;
#8858 = ORIENTED_EDGE ( 'NONE', *, *, #131, .T. ) ;
#8859 = CARTESIAN_POINT ( 'NONE',  ( 2.356307310570554800, 1.262029462473246700, 1.649999999999999900 ) ) ;
#8860 = AXIS2_PLACEMENT_3D ( 'NONE', #1345, #7450, #9084 ) ;
#8861 = FACE_OUTER_BOUND ( 'NONE', #2741, .T. ) ;
#8862 = ORIENTED_EDGE ( 'NONE', *, *, #2440, .F. ) ;
#8863 = ORIENTED_EDGE ( 'NONE', *, *, #3296, .F. ) ;
#8864 = SURFACE_STYLE_USAGE ( .BOTH. , #2749 ) ;
#8865 = CARTESIAN_POINT ( 'NONE',  ( 2.430315150415888900, 1.360706582266761400, 1.659999999999999900 ) ) ;
#8866 = CARTESIAN_POINT ( 'NONE',  ( 2.462618054624836600, 1.462743675673420200, 1.659999999999999900 ) ) ;
#8867 = VERTEX_POINT ( 'NONE', #4917 ) ;
#8868 = DIRECTION ( 'NONE',  ( -0.3385350342956439700, -0.9409537876827146500, 0.0000000000000000000 ) ) ;
#8869 = CARTESIAN_POINT ( 'NONE',  ( 2.339536915957948000, 1.177499599997404300, 1.659999999999999900 ) ) ;
#8870 = DIRECTION ( 'NONE',  ( -1.000000000000000000, 0.0000000000000000000, 0.0000000000000000000 ) ) ;
#8871 = EDGE_CURVE ( 'NONE', #8867, #2066, #8201, .T. ) ;
#8872 = ORIENTED_EDGE ( 'NONE', *, *, #7287, .F. ) ;
#8873 = AXIS2_PLACEMENT_3D ( 'NONE', #8627, #9601, #10475 ) ;
#8874 =( GEOMETRIC_REPRESENTATION_CONTEXT ( 3 ) GLOBAL_UNCERTAINTY_ASSIGNED_CONTEXT ( ( #4462 ) ) GLOBAL_UNIT_ASSIGNED_CONTEXT ( ( #3264, #4970, #663 ) ) REPRESENTATION_CONTEXT ( 'NONE', 'WORKASPACE' ) );
#8875 = EDGE_LOOP ( 'NONE', ( #6705, #8890, #3141, #8581, #386, #7979 ) ) ;
#8876 = ORIENTED_EDGE ( 'NONE', *, *, #6626, .F. ) ;
#8877 = CARTESIAN_POINT ( 'NONE',  ( 3.950000000000000200, -0.6999999999999999600, -1.579999999999999800 ) ) ;
#8878 = EDGE_LOOP ( 'NONE', ( #6130, #1351, #9972, #5582 ) ) ;
#8879 = CARTESIAN_POINT ( 'NONE',  ( 2.383953409246230200, 1.213810893780741000, 1.659999999999999900 ) ) ;
#8880 = CARTESIAN_POINT ( 'NONE',  ( 2.728498071846802400, 1.270282029242152600, 1.659999999999999900 ) ) ;
#8881 = CARTESIAN_POINT ( 'NONE',  ( 1.949284138963108600, 1.412669066711683000, 1.649999999999999900 ) ) ;
#8882 = CARTESIAN_POINT ( 'NONE',  ( 2.437978248129760900, 1.165356537466529100, 1.659999999999999900 ) ) ;
#8883 = ORIENTED_EDGE ( 'NONE', *, *, #401, .T. ) ;
#8884 = DIRECTION ( 'NONE',  ( -0.0000000000000000000, -0.0000000000000000000, -1.000000000000000000 ) ) ;
#8885 = ORIENTED_EDGE ( 'NONE', *, *, #10167, .T. ) ;
#8886 = FACE_OUTER_BOUND ( 'NONE', #5867, .T. ) ;
#8887 = CARTESIAN_POINT ( 'NONE',  ( 2.384837612828778900, 1.258374754332191300, 1.659999999999999900 ) ) ;
#8888 = ORIENTED_EDGE ( 'NONE', *, *, #7037, .T. ) ;
#8889 = EDGE_CURVE ( 'NONE', #4481, #7552, #5606, .T. ) ;
#8890 = ORIENTED_EDGE ( 'NONE', *, *, #9104, .T. ) ;
#8891 = EDGE_CURVE ( 'NONE', #8968, #1409, #996, .T. ) ;
#8892 =( NAMED_UNIT ( * ) PLANE_ANGLE_UNIT ( ) SI_UNIT ( $, .RADIAN. ) );
#8893 = CARTESIAN_POINT ( 'NONE',  ( 1.654985918474443800, 1.233958752826503000, 1.649999999999999900 ) ) ;
#8894 = MECHANICAL_DESIGN_GEOMETRIC_PRESENTATION_REPRESENTATION (  '', ( #4388 ), #6766 ) ;
#8895 = SURFACE_SIDE_STYLE ('',( #10363 ) ) ;
#8896 = CARTESIAN_POINT ( 'NONE',  ( 2.975150518713304900, -1.625150518713304200, -1.649999999999999900 ) ) ;
#8897 = VERTEX_POINT ( 'NONE', #1481 ) ;
#8898 = CYLINDRICAL_SURFACE ( 'NONE', #7573, 0.1000000000000000500 ) ;
#8899 = ADVANCED_FACE ( 'NONE', ( #6856 ), #4556, .F. ) ;
#8900 = CARTESIAN_POINT ( 'NONE',  ( 2.293587803127043600, 1.250299028280348100, 1.659999999999999900 ) ) ;
#8901 = B_SPLINE_CURVE_WITH_KNOTS ( 'NONE', 3,
 ( #9212, #3962, #1322, #417 ),
 .UNSPECIFIED., .F., .F.,
 ( 4, 4 ),
 ( 0.0000000000000000000, 1.000000000000000000 ),
 .UNSPECIFIED. ) ;
#8902 = DIRECTION ( 'NONE',  ( 0.0000000000000000000, 1.000000000000000000, 0.0000000000000000000 ) ) ;
#8903 = UNCERTAINTY_MEASURE_WITH_UNIT (LENGTH_MEASURE( 1.000000000000000100E-005 ), #2512, 'distance_accuracy_value', 'NONE');
#8904 = PLANE ( 'NONE',  #4307 ) ;
#8905 = ORIENTED_EDGE ( 'NONE', *, *, #10466, .F. ) ;
#8906 = CARTESIAN_POINT ( 'NONE',  ( 2.337355880454870000, 1.224892912013173100, 1.649999999999999900 ) ) ;
#8907 = EDGE_CURVE ( 'NONE', #4580, #642, #4493, .T. ) ;
#8908 = ORIENTED_EDGE ( 'NONE', *, *, #6525, .F. ) ;
#8909 = CARTESIAN_POINT ( 'NONE',  ( 2.664227523953020400, 1.212779322934430800, 1.659999999999999900 ) ) ;
#8910 = LINE ( 'NONE', #8208, #10400 ) ;
#8911 = DIRECTION ( 'NONE',  ( 0.0000000000000000000, 1.000000000000000000, 0.0000000000000000000 ) ) ;
#8912 = CARTESIAN_POINT ( 'NONE',  ( 2.361406217895683400, 1.373851742191424300, 1.659999999999999900 ) ) ;
#8913 = B_SPLINE_CURVE_WITH_KNOTS ( 'NONE', 3,
 ( #2448, #4163, #8518, #9379 ),
 .UNSPECIFIED., .F., .F.,
 ( 4, 4 ),
 ( 35.00000000000000000, 36.00000000000000000 ),
 .UNSPECIFIED. ) ;
#8914 = CARTESIAN_POINT ( 'NONE',  ( 2.359254655845333600, 1.250299028280348100, 1.649999999999999900 ) ) ;
#8915 = ORIENTED_EDGE ( 'NONE', *, *, #10846, .F. ) ;
#8916 = CARTESIAN_POINT ( 'NONE',  ( 1.789428549397271500, 1.457756540691922400, 1.649999999999999900 ) ) ;
#8917 = DIRECTION ( 'NONE',  ( -1.000000000000000000, -0.0000000000000000000, -0.0000000000000000000 ) ) ;
#8918 = EDGE_LOOP ( 'NONE', ( #5595, #4573, #4643, #1233 ) ) ;
#8919 = CARTESIAN_POINT ( 'NONE',  ( 2.496217790756276600, 1.385876910911449000, 1.649999999999999900 ) ) ;
#8920 = DIRECTION ( 'NONE',  ( -1.000000000000000000, 0.0000000000000000000, 0.0000000000000000000 ) ) ;
#8921 = VECTOR ( 'NONE', #4999, 1000.000000000000000 ) ;
#8922 = DIRECTION ( 'NONE',  ( 0.3897582650654536400, 0.9209172030172786400, 0.0000000000000000000 ) ) ;
#8923 = ORIENTED_EDGE ( 'NONE', *, *, #9980, .F. ) ;
#8924 = CARTESIAN_POINT ( 'NONE',  ( 3.950000000000000200, 0.6999999999999999600, -0.3000000000000021000 ) ) ;
#8925 = DIRECTION ( 'NONE',  ( 7.542275982507858900E-015, 0.0000000000000000000, -1.000000000000000000 ) ) ;
#8926 = ORIENTED_EDGE ( 'NONE', *, *, #3551, .T. ) ;
#8927 = CARTESIAN_POINT ( 'NONE',  ( 2.668578542414895300, 1.254012683326040500, 1.659999999999999900 ) ) ;
#8928 = DIRECTION ( 'NONE',  ( -0.0000000000000000000, -0.0000000000000000000, -1.000000000000000000 ) ) ;
#8929 = DIRECTION ( 'NONE',  ( 0.0000000000000000000, 0.0000000000000000000, -1.000000000000000000 ) ) ;
#8930 = PLANE ( 'NONE',  #8247 ) ;
#8931 = CARTESIAN_POINT ( 'NONE',  ( 1.962400482521522200, 1.355285008919082900, 1.659999999999999900 ) ) ;
#8932 = ORIENTED_EDGE ( 'NONE', *, *, #10045, .F. ) ;
#8933 = EDGE_LOOP ( 'NONE', ( #6363, #2200, #10038, #1695 ) ) ;
#8934 = PLANE ( 'NONE',  #6050 ) ;
#8935 = SURFACE_STYLE_USAGE ( .BOTH. , #10637 ) ;
#8936 = VECTOR ( 'NONE', #8611, 1000.000000000000000 ) ;
#8937 = ORIENTED_EDGE ( 'NONE', *, *, #6717, .F. ) ;
#8938 = EDGE_CURVE ( 'NONE', #168, #5903, #175, .T. ) ;
#8939 = CARTESIAN_POINT ( 'NONE',  ( 1.951743449471527100, 1.464314716379716300, 1.659999999999999900 ) ) ;
#8940 = CARTESIAN_POINT ( 'NONE',  ( -2.450000000000000200, -0.6999999999999999600, -1.879999999999999900 ) ) ;
#8941 = AXIS2_PLACEMENT_3D ( 'NONE', #5962, #4081, #9408 ) ;
#8942 = LINE ( 'NONE', #8445, #10850 ) ;
#8943 =( LENGTH_UNIT ( ) NAMED_UNIT ( * ) SI_UNIT ( .MILLI., .METRE. ) );
#8944 = ORIENTED_EDGE ( 'NONE', *, *, #10972, .T. ) ;
#8945 = VECTOR ( 'NONE', #9634, 1000.000000000000000 ) ;
#8946 = VECTOR ( 'NONE', #8868, 1000.000000000000100 ) ;
#8947 = CARTESIAN_POINT ( 'NONE',  ( 1.687776808641531200, 1.391355031883523100, 1.649999999999999900 ) ) ;
#8948 =( LENGTH_UNIT ( ) NAMED_UNIT ( * ) SI_UNIT ( .MILLI., .METRE. ) );
#8949 =( LENGTH_UNIT ( ) NAMED_UNIT ( * ) SI_UNIT ( .MILLI., .METRE. ) );
#8950 = EDGE_CURVE ( 'NONE', #8027, #475, #10525, .T. ) ;
#8951 = EDGE_CURVE ( 'NONE', #3697, #1889, #8241, .T. ) ;
#8952 = ADVANCED_FACE ( 'NONE', ( #2217 ), #8898, .T. ) ;
#8953 =( NAMED_UNIT ( * ) SI_UNIT ( $, .STERADIAN. ) SOLID_ANGLE_UNIT ( ) );
#8954 = FACE_OUTER_BOUND ( 'NONE', #5573, .T. ) ;
#8955 = AXIS2_PLACEMENT_3D ( 'NONE', #2451, #8597, #3367 ) ;
#8956 = PLANE ( 'NONE',  #4579 ) ;
#8957 = AXIS2_PLACEMENT_3D ( 'NONE', #5580, #8106, #9002 ) ;
#8958 = CARTESIAN_POINT ( 'NONE',  ( 2.373961908765329600, 1.198779432880120500, 1.659999999999999900 ) ) ;
#8959 = ORIENTED_EDGE ( 'NONE', *, *, #70, .T. ) ;
#8960 = LINE ( 'NONE', #1487, #5509 ) ;
#8961 = CARTESIAN_POINT ( 'NONE',  ( 3.650000000000000400, -0.6999999999999999600, -1.579999999999999800 ) ) ;
#8962 = ORIENTED_EDGE ( 'NONE', *, *, #353, .T. ) ;
#8963 = DIRECTION ( 'NONE',  ( -0.9848077530122080200, 0.0000000000000000000, 0.1736481776669305500 ) ) ;
#8964 = VECTOR ( 'NONE', #4356, 1000.000000000000000 ) ;
#8965 = CARTESIAN_POINT ( 'NONE',  ( 2.508537694004202100, 1.419417700136674300, 1.649999999999999900 ) ) ;
#8966 = CARTESIAN_POINT ( 'NONE',  ( 1.814021717023177400, 1.205266723929413000, 1.649999999999999900 ) ) ;
#8967 = SURFACE_STYLE_USAGE ( .BOTH. , #9855 ) ;
#8968 = VERTEX_POINT ( 'NONE', #4138 ) ;
#8969 = EDGE_CURVE ( 'NONE', #4712, #5741, #8354, .T. ) ;
#8970 = VERTEX_POINT ( 'NONE', #6771 ) ;
#8971 = ORIENTED_EDGE ( 'NONE', *, *, #8470, .F. ) ;
#8972 = B_SPLINE_CURVE_WITH_KNOTS ( 'NONE', 3,
 ( #5922, #6890, #9404, #5065 ),
 .UNSPECIFIED., .F., .F.,
 ( 4, 4 ),
 ( 24.00000000000000000, 25.00000000000000000 ),
 .UNSPECIFIED. ) ;
#8973 = ORIENTED_EDGE ( 'NONE', *, *, #9806, .T. ) ;
#8974 = MECHANICAL_DESIGN_GEOMETRIC_PRESENTATION_REPRESENTATION (  '', ( #6256 ), #6037 ) ;
#8975 = CARTESIAN_POINT ( 'NONE',  ( -1.400000000000013200, 1.399999999999999900, -1.055918637551110200E-014 ) ) ;
#8976 = CARTESIAN_POINT ( 'NONE',  ( 2.262080682141720500, 1.197069972621228800, 1.649999999999999900 ) ) ;
#8977 = CARTESIAN_POINT ( 'NONE',  ( 1.588584339304816200, 1.218383067487831500, 1.649999999999999900 ) ) ;
#8978 = CARTESIAN_POINT ( 'NONE',  ( 2.342513734685435000, 1.255486355963231400, 1.649999999999999900 ) ) ;
#8979 = SURFACE_STYLE_FILL_AREA ( #1029 ) ;
#8980 = DIRECTION ( 'NONE',  ( -0.0000000000000000000, -0.0000000000000000000, -1.000000000000000000 ) ) ;
#8981 = CARTESIAN_POINT ( 'NONE',  ( 1.686957033260347600, 1.440541320226799100, 1.659999999999999900 ) ) ;
#8982 = ORIENTED_EDGE ( 'NONE', *, *, #10350, .T. ) ;
#8983 = CARTESIAN_POINT ( 'NONE',  ( 2.186481275847953500, 1.373851742191424300, 1.659999999999999900 ) ) ;
#8984 = ORIENTED_EDGE ( 'NONE', *, *, #4124, .F. ) ;
#8985 = EDGE_CURVE ( 'NONE', #3098, #4716, #6577, .T. ) ;
#8986 = CARTESIAN_POINT ( 'NONE',  ( 2.356307310570554800, 1.262029462473246700, 1.649999999999999900 ) ) ;
#8987 = CARTESIAN_POINT ( 'NONE',  ( 2.277288983758615000, 1.187697414647680600, 1.649999999999999900 ) ) ;
#8988 = DIRECTION ( 'NONE',  ( 0.0000000000000000000, 1.000000000000000000, 0.0000000000000000000 ) ) ;
#8989 = FACE_OUTER_BOUND ( 'NONE', #7249, .T. ) ;
#8990 = LINE ( 'NONE', #4304, #4173 ) ;
#8991 = ORIENTED_EDGE ( 'NONE', *, *, #10999, .T. ) ;
#8992 = DIRECTION ( 'NONE',  ( 0.0000000000000000000, -1.000000000000000000, 0.0000000000000000000 ) ) ;
#8993 = ORIENTED_EDGE ( 'NONE', *, *, #5458, .F. ) ;
#8994 = DIRECTION ( 'NONE',  ( 0.0000000000000000000, -0.9848077530122080200, -0.1736481776669307200 ) ) ;
#8995 = CARTESIAN_POINT ( 'NONE',  ( -1.400000000000000800, -1.399999999999999700, -1.649999999999999200 ) ) ;
#8996 = CARTESIAN_POINT ( 'NONE',  ( 2.496217790756276600, 1.385876910911449000, 1.659999999999999900 ) ) ;
#8997 = ORIENTED_EDGE ( 'NONE', *, *, #10062, .F. ) ;
#8998 = LINE ( 'NONE', #3034, #7237 ) ;
#8999 = VECTOR ( 'NONE', #26, 1000.000000000000000 ) ;
#9000 = CARTESIAN_POINT ( 'NONE',  ( 1.814021717023177400, 1.210185344946257200, 1.649999999999999900 ) ) ;
#9001 = ORIENTED_EDGE ( 'NONE', *, *, #3027, .T. ) ;
#9002 = DIRECTION ( 'NONE',  ( 1.000000000000000000, 0.0000000000000000000, -0.0000000000000000000 ) ) ;
#9003 = EDGE_CURVE ( 'NONE', #1857, #1833, #4361, .T. ) ;
#9004 = CARTESIAN_POINT ( 'NONE',  ( 2.428605690156604900, 1.177971175241589300, 1.649999999999999900 ) ) ;
#9005 = VECTOR ( 'NONE', #4069, 1000.000000000000000 ) ;
#9006 = EDGE_CURVE ( 'NONE', #10109, #5340, #5676, .T. ) ;
#9007 = LINE ( 'NONE', #7130, #6693 ) ;
#9008 = DIRECTION ( 'NONE',  ( 0.0000000000000000000, -1.000000000000000000, 0.0000000000000000000 ) ) ;
#9009 = ORIENTED_EDGE ( 'NONE', *, *, #6704, .F. ) ;
#9010 = ADVANCED_FACE ( 'NONE', ( #9838 ), #10345, .F. ) ;
#9011 = LINE ( 'NONE', #492, #689 ) ;
#9012 = CARTESIAN_POINT ( 'NONE',  ( 2.607008499627946600, 1.279831427931971400, 1.649999999999999900 ) ) ;
#9013 = ORIENTED_EDGE ( 'NONE', *, *, #4827, .F. ) ;
#9014 = CARTESIAN_POINT ( 'NONE',  ( 2.384837612828778900, 1.258374754332191300, 1.659999999999999900 ) ) ;
#9015 = EDGE_LOOP ( 'NONE', ( #5982, #5431, #800, #2225 ) ) ;
#9016 = CARTESIAN_POINT ( 'NONE',  ( 1.666462726906017500, 1.265110107867137800, 1.649999999999999900 ) ) ;
#9017 = CARTESIAN_POINT ( 'NONE',  ( -3.349999999999998300, 1.959562411971219400, -1.016439536705160600E-017 ) ) ;
#9018 =( LENGTH_UNIT ( ) NAMED_UNIT ( * ) SI_UNIT ( .MILLI., .METRE. ) );
#9019 = ORIENTED_EDGE ( 'NONE', *, *, #2886, .T. ) ;
#9020 = ORIENTED_EDGE ( 'NONE', *, *, #333, .T. ) ;
#9021 = DIRECTION ( 'NONE',  ( -1.000000000000000000, 0.0000000000000000000, 0.0000000000000000000 ) ) ;
#9022 = CARTESIAN_POINT ( 'NONE',  ( 2.283419461929862700, 1.464512082837735600, 1.659999999999999900 ) ) ;
#9023 = ORIENTED_EDGE ( 'NONE', *, *, #8120, .F. ) ;
#9024 = EDGE_CURVE ( 'NONE', #5514, #3211, #3554, .T. ) ;
#9025 = CARTESIAN_POINT ( 'NONE',  ( 2.313600277541560900, 1.230787602561944600, 1.649999999999999900 ) ) ;
#9026 =( GEOMETRIC_REPRESENTATION_CONTEXT ( 3 ) GLOBAL_UNCERTAINTY_ASSIGNED_CONTEXT ( ( #248 ) ) GLOBAL_UNIT_ASSIGNED_CONTEXT ( ( #9901, #4583, #3680 ) ) REPRESENTATION_CONTEXT ( 'NONE', 'WORKASPACE' ) );
#9027 = AXIS2_PLACEMENT_3D ( 'NONE', #9723, #8902, #2889 ) ;
#9028 = VERTEX_POINT ( 'NONE', #5882 ) ;
#9029 = ORIENTED_EDGE ( 'NONE', *, *, #4657, .T. ) ;
#9030 = CARTESIAN_POINT ( 'NONE',  ( 2.352534708619046000, 1.247233789194329900, 1.659999999999999900 ) ) ;
#9031 = DIRECTION ( 'NONE',  ( -1.000000000000000000, 0.0000000000000000000, -0.0000000000000000000 ) ) ;
#9032 = LINE ( 'NONE', #3606, #843 ) ;
#9033 = DIRECTION ( 'NONE',  ( 0.0000000000000000000, -0.0000000000000000000, -1.000000000000000000 ) ) ;
#9034 = CARTESIAN_POINT ( 'NONE',  ( 2.582309746226657300, 1.461270003036230400, 1.659999999999999500 ) ) ;
#9035 = DIRECTION ( 'NONE',  ( -0.0000000000000000000, 1.000000000000000000, -0.0000000000000000000 ) ) ;
#9036 = ORIENTED_EDGE ( 'NONE', *, *, #5697, .F. ) ;
#9037 = EDGE_CURVE ( 'NONE', #2473, #7076, #8501, .T. ) ;
#9038 = EDGE_CURVE ( 'NONE', #9592, #6100, #2079, .T. ) ;
#9039 =( NAMED_UNIT ( * ) SI_UNIT ( $, .STERADIAN. ) SOLID_ANGLE_UNIT ( ) );
#9040 = CARTESIAN_POINT ( 'NONE',  ( 2.408593215742089700, 1.139007270710988600, 1.649999999999999900 ) ) ;
#9041 = DIRECTION ( 'NONE',  ( 0.0000000000000000000, 0.9848077530122078000, -0.1736481776669308900 ) ) ;
#9042 = UNCERTAINTY_MEASURE_WITH_UNIT (LENGTH_MEASURE( 1.000000000000000100E-005 ), #9018, 'distance_accuracy_value', 'NONE');
#9043 = VERTEX_POINT ( 'NONE', #9434 ) ;
#9044 = CARTESIAN_POINT ( 'NONE',  ( -3.073631294014524500, -1.625150518713304200, 1.567364817766693000 ) ) ;
#9045 = DIRECTION ( 'NONE',  ( -1.000000000000000000, -2.709813608826153600E-014, 0.0000000000000000000 ) ) ;
#9046 = VERTEX_POINT ( 'NONE', #7780 ) ;
#9047 = FACE_OUTER_BOUND ( 'NONE', #544, .T. ) ;
#9048 = CARTESIAN_POINT ( 'NONE',  ( 2.361406217895683400, 1.373851742191424300, 1.659999999999999900 ) ) ;
#9049 = CARTESIAN_POINT ( 'NONE',  ( 2.508537694004202100, 1.419417700136674300, 1.649999999999999900 ) ) ;
#9050 = VERTEX_POINT ( 'NONE', #6851 ) ;
#9051 = CARTESIAN_POINT ( 'NONE',  ( 2.590414945732000700, 1.476006729408936700, 1.659999999999999900 ) ) ;
#9052 = CARTESIAN_POINT ( 'NONE',  ( 2.334614849349471800, 1.228488673248018700, 1.649999999999999900 ) ) ;
#9053 = CARTESIAN_POINT ( 'NONE',  ( 1.814021717023177400, 1.213464446471775200, 1.659999999999999900 ) ) ;
#9054 = EDGE_CURVE ( 'NONE', #5166, #2344, #7270, .T. ) ;
#9055 = PLANE ( 'NONE',  #10436 ) ;
#9056 = B_SPLINE_CURVE_WITH_KNOTS ( 'NONE', 3,
 ( #2207, #10883, #5562, #8249 ),
 .UNSPECIFIED., .F., .F.,
 ( 4, 4 ),
 ( 8.000000000000000000, 9.000000000000000000 ),
 .UNSPECIFIED. ) ;
#9057 = CARTESIAN_POINT ( 'NONE',  ( 2.351296823603557000, 1.231553912334039500, 1.649999999999999900 ) ) ;
#9058 = CARTESIAN_POINT ( 'NONE',  ( 2.365326187110767800, 1.175849086643933900, 1.659999999999999900 ) ) ;
#9059 = FACE_OUTER_BOUND ( 'NONE', #8098, .T. ) ;
#9060 = AXIS2_PLACEMENT_3D ( 'NONE', #6053, #848, #11244 ) ;
#9061 = ORIENTED_EDGE ( 'NONE', *, *, #2956, .F. ) ;
#9062 = CARTESIAN_POINT ( 'NONE',  ( 2.362732523269326400, 1.211158283033478200, 1.659999999999999900 ) ) ;
#9063 = EDGE_LOOP ( 'NONE', ( #7533, #4940, #1200, #4420 ) ) ;
#9064 = CARTESIAN_POINT ( 'NONE',  ( 2.268476421387386900, 1.213928787591585400, 1.659999999999999900 ) ) ;
#9065 = ADVANCED_FACE ( 'NONE', ( #11077 ), #2533, .F. ) ;
#9066 = LINE ( 'NONE', #6093, #10830 ) ;
#9067 =( NAMED_UNIT ( * ) PLANE_ANGLE_UNIT ( ) SI_UNIT ( $, .RADIAN. ) );
#9068 = ORIENTED_EDGE ( 'NONE', *, *, #2019, .F. ) ;
#9069 = CARTESIAN_POINT ( 'NONE',  ( 2.412454238051741300, 1.260143161497294400, 1.659999999999999900 ) ) ;
#9070 = CARTESIAN_POINT ( 'NONE',  ( 2.460378072217121100, 1.260143161497295800, 1.659999999999999900 ) ) ;
#9071 = CARTESIAN_POINT ( 'NONE',  ( 2.384837612828778900, 1.258374754332191300, 1.659999999999999900 ) ) ;
#9072 = ORIENTED_EDGE ( 'NONE', *, *, #5348, .T. ) ;
#9073 = VECTOR ( 'NONE', #5657, 1000.000000000000000 ) ;
#9074 = STYLED_ITEM ( 'NONE', ( #3753 ), #6783 ) ;
#9075 = LINE ( 'NONE', #6170, #8135 ) ;
#9076 = CARTESIAN_POINT ( 'NONE',  ( 2.333259070523130400, 1.237920178126990400, 1.659999999999999900 ) ) ;
#9077 = CARTESIAN_POINT ( 'NONE',  ( 2.437889827771620800, 1.198131016919664400, 1.649999999999999900 ) ) ;
#9078 = CARTESIAN_POINT ( 'NONE',  ( 2.547030023289847300, 1.229726558263511300, 1.649999999999999900 ) ) ;
#9079 = SURFACE_STYLE_FILL_AREA ( #4435 ) ;
#9080 = ORIENTED_EDGE ( 'NONE', *, *, #5946, .T. ) ;
#9081 = PRESENTATION_STYLE_ASSIGNMENT (( #7718 ) ) ;
#9082 = CARTESIAN_POINT ( 'NONE',  ( 1.967319103537973800, 1.227400549775460300, 1.649999999999999900 ) ) ;
#9083 = LINE ( 'NONE', #5465, #2260 ) ;
#9084 = DIRECTION ( 'NONE',  ( 0.1736481776669307200, 0.0000000000000000000, 0.9848077530122080200 ) ) ;
#9085 = DIRECTION ( 'NONE',  ( 0.0000000000000000000, 1.000000000000000000, 0.0000000000000000000 ) ) ;
#9086 = VECTOR ( 'NONE', #10122, 1000.000000000000000 ) ;
#9087 = DIRECTION ( 'NONE',  ( -0.0000000000000000000, -0.0000000000000000000, -1.000000000000000000 ) ) ;
#9088 = EDGE_CURVE ( 'NONE', #9301, #6634, #9211, .T. ) ;
#9089 = AXIS2_PLACEMENT_3D ( 'NONE', #6018, #1509, #3229 ) ;
#9090 = VECTOR ( 'NONE', #1129, 1000.000000000000000 ) ;
#9091 =( NAMED_UNIT ( * ) SI_UNIT ( $, .STERADIAN. ) SOLID_ANGLE_UNIT ( ) );
#9092 = FACE_OUTER_BOUND ( 'NONE', #10099, .T. ) ;
#9093 = MECHANICAL_DESIGN_GEOMETRIC_PRESENTATION_REPRESENTATION (  '', ( #7934 ), #4600 ) ;
#9094 = CARTESIAN_POINT ( 'NONE',  ( 2.505796662898819500, 1.229726558263511300, 1.649999999999999900 ) ) ;
#9095 = CARTESIAN_POINT ( 'NONE',  ( 0.0000000000000000000, 1.625150518713304400, 1.550000000000000000 ) ) ;
#9096 = FACE_OUTER_BOUND ( 'NONE', #4345, .T. ) ;
#9097 = VERTEX_POINT ( 'NONE', #9396 ) ;
#9098 = LINE ( 'NONE', #3003, #6496 ) ;
#9099 = DIRECTION ( 'NONE',  ( -1.000000000000000000, 0.0000000000000000000, 0.0000000000000000000 ) ) ;
#9100 = CARTESIAN_POINT ( 'NONE',  ( 0.0000000000000000000, 0.0000000000000000000, 1.659999999999999900 ) ) ;
#9101 = LINE ( 'NONE', #2187, #9369 ) ;
#9102 = ORIENTED_EDGE ( 'NONE', *, *, #3694, .F. ) ;
#9103 = DIRECTION ( 'NONE',  ( -0.0000000000000000000, -0.0000000000000000000, -1.000000000000000000 ) ) ;
#9104 = EDGE_CURVE ( 'NONE', #6998, #4790, #6650, .T. ) ;
#9105 = EDGE_CURVE ( 'NONE', #4340, #4424, #52, .T. ) ;
#9106 = CARTESIAN_POINT ( 'NONE',  ( 2.336353783061466700, 1.251065338051656100, 1.659999999999999900 ) ) ;
#9107 = VECTOR ( 'NONE', #10031, 1000.000000000000000 ) ;
#9108 = SURFACE_STYLE_USAGE ( .BOTH. , #473 ) ;
#9109 = DIRECTION ( 'NONE',  ( -1.000000000000000000, 0.0000000000000000000, 0.0000000000000000000 ) ) ;
#9110 = CARTESIAN_POINT ( 'NONE',  ( 1.746800385925452600, 1.424965650524830000, 1.649999999999999900 ) ) ;
#9111 = FACE_OUTER_BOUND ( 'NONE', #6472, .T. ) ;
#9112 = ORIENTED_EDGE ( 'NONE', *, *, #3592, .T. ) ;
#9113 = CARTESIAN_POINT ( 'NONE',  ( 2.305082449697847500, 1.372024388120897300, 1.649999999999999900 ) ) ;
#9114 = EDGE_LOOP ( 'NONE', ( #11075, #10680, #7114, #9154 ) ) ;
#9115 = DIRECTION ( 'NONE',  ( 0.3315284183576130400, 0.9434452330799597600, -0.0000000000000000000 ) ) ;
#9116 = FILL_AREA_STYLE ('',( #10019 ) ) ;
#9117 = DIRECTION ( 'NONE',  ( 0.3385350342956439100, 0.9409537876827146500, 0.0000000000000000000 ) ) ;
#9118 = ORIENTED_EDGE ( 'NONE', *, *, #7374, .F. ) ;
#9119 = SURFACE_STYLE_USAGE ( .BOTH. , #3951 ) ;
#9120 = EDGE_CURVE ( 'NONE', #3852, #9798, #5597, .T. ) ;
#9121 = DIRECTION ( 'NONE',  ( -0.0000000000000000000, -0.0000000000000000000, -1.000000000000000000 ) ) ;
#9122 = VECTOR ( 'NONE', #8143, 1000.000000000000000 ) ;
#9123 = ADVANCED_FACE ( 'NONE', ( #1263 ), #9174, .T. ) ;
#9124 = EDGE_LOOP ( 'NONE', ( #9851, #5076, #2294, #3126 ) ) ;
#9125 = CARTESIAN_POINT ( 'NONE',  ( 1.928789801336942900, 1.227400549775460300, 1.649999999999999900 ) ) ;
#9126 = VERTEX_POINT ( 'NONE', #7039 ) ;
#9127 = SURFACE_STYLE_USAGE ( .BOTH. , #6570 ) ;
#9128 = MECHANICAL_DESIGN_GEOMETRIC_PRESENTATION_REPRESENTATION (  '', ( #10070 ), #1315 ) ;
#9129 = SURFACE_SIDE_STYLE ('',( #8589 ) ) ;
#9130 = CARTESIAN_POINT ( 'NONE',  ( 2.652928139005744900, 1.236505452395225900, 1.659999999999999900 ) ) ;
#9131 = CARTESIAN_POINT ( 'NONE',  ( -3.309562411971217700, 2.000000000000000000, -1.016439536705160600E-017 ) ) ;
#9132 = CARTESIAN_POINT ( 'NONE',  ( 2.607597968682981500, 1.293094481667487600, 1.659999999999999900 ) ) ;
#9133 = VERTEX_POINT ( 'NONE', #2683 ) ;
#9134 = CARTESIAN_POINT ( 'NONE',  ( 2.186481275847953500, 1.242930665093599200, 1.659999999999999900 ) ) ;
#9135 = B_SPLINE_CURVE_WITH_KNOTS ( 'NONE', 3,
 ( #8367, #1415, #6554, #9188 ),
 .UNSPECIFIED., .F., .F.,
 ( 4, 4 ),
 ( 3.000000000000000000, 4.000000000000000000 ),
 .UNSPECIFIED. ) ;
#9136 = B_SPLINE_CURVE_WITH_KNOTS ( 'NONE', 3,
 ( #10537, #8002, #5353, #1013 ),
 .UNSPECIFIED., .F., .F.,
 ( 4, 4 ),
 ( 0.0000000000000000000, 1.000000000000000000 ),
 .UNSPECIFIED. ) ;
#9137 = LINE ( 'NONE', #7284, #7097 ) ;
#9138 = VECTOR ( 'NONE', #8138, 1000.000000000000200 ) ;
#9139 = CARTESIAN_POINT ( 'NONE',  ( 2.380711329444329400, 1.217465601921006200, 1.649999999999999900 ) ) ;
#9140 = VERTEX_POINT ( 'NONE', #8716 ) ;
#9141 = VERTEX_POINT ( 'NONE', #8754 ) ;
#9142 = SURFACE_STYLE_FILL_AREA ( #10268 ) ;
#9143 = FACE_OUTER_BOUND ( 'NONE', #10506, .T. ) ;
#9144 = DIRECTION ( 'NONE',  ( -0.9903286039881281600, -0.1387416884823198000, -0.0000000000000000000 ) ) ;
#9145 = CARTESIAN_POINT ( 'NONE',  ( 2.490912569261754400, 1.293094481667485400, 1.659999999999999900 ) ) ;
#9146 = ORIENTED_EDGE ( 'NONE', *, *, #1444, .T. ) ;
#9147 = DIRECTION ( 'NONE',  ( -2.109575325578735500E-013, 1.000000000000000000, 0.0000000000000000000 ) ) ;
#9148 = DIRECTION ( 'NONE',  ( -1.000000000000000000, 0.0000000000000000000, 0.0000000000000000000 ) ) ;
#9149 = VECTOR ( 'NONE', #8777, 1000.000000000000000 ) ;
#9150 = DIRECTION ( 'NONE',  ( -0.0000000000000000000, -1.000000000000000000, -0.0000000000000000000 ) ) ;
#9151 = CARTESIAN_POINT ( 'NONE',  ( 2.313600277541560900, 1.177794334525312100, 1.659999999999999900 ) ) ;
#9152 = ORIENTED_EDGE ( 'NONE', *, *, #7632, .F. ) ;
#9153 = SURFACE_STYLE_FILL_AREA ( #6090 ) ;
#9154 = ORIENTED_EDGE ( 'NONE', *, *, #6365, .T. ) ;
#9155 = ORIENTED_EDGE ( 'NONE', *, *, #6098, .F. ) ;
#9156 = CARTESIAN_POINT ( 'NONE',  ( 2.252737597621278500, 1.431560762668328900, 1.649999999999999900 ) ) ;
#9157 = CARTESIAN_POINT ( 'NONE',  ( -3.650000000000000400, -0.6999999999999999600, -1.879999999999999700 ) ) ;
#9158 = EDGE_CURVE ( 'NONE', #1886, #112, #3845, .T. ) ;
#9159 =( LENGTH_UNIT ( ) NAMED_UNIT ( * ) SI_UNIT ( .MILLI., .METRE. ) );
#9160 = ORIENTED_EDGE ( 'NONE', *, *, #2314, .F. ) ;
#9161 = ORIENTED_EDGE ( 'NONE', *, *, #8011, .F. ) ;
#9162 = B_SPLINE_CURVE_WITH_KNOTS ( 'NONE', 3,
 ( #10335, #7724, #2379, #3369 ),
 .UNSPECIFIED., .F., .F.,
 ( 4, 4 ),
 ( 5.000000000000000000, 6.000000000000000000 ),
 .UNSPECIFIED. ) ;
#9163 = DIRECTION ( 'NONE',  ( 1.000000000000000000, 0.0000000000000000000, 0.0000000000000000000 ) ) ;
#9164 = MECHANICAL_DESIGN_GEOMETRIC_PRESENTATION_REPRESENTATION (  '', ( #2720 ), #1418 ) ;
#9165 = DIRECTION ( 'NONE',  ( -0.0000000000000000000, -0.0000000000000000000, -1.000000000000000000 ) ) ;
#9166 = ORIENTED_EDGE ( 'NONE', *, *, #3592, .F. ) ;
#9167 = ORIENTED_EDGE ( 'NONE', *, *, #3832, .F. ) ;
#9168 = CARTESIAN_POINT ( 'NONE',  ( -3.349999999999999200, 1.625150518713304200, -1.550000000000000000 ) ) ;
#9169 = CARTESIAN_POINT ( 'NONE',  ( 2.408534268836274100, 1.360706582266761400, 1.659999999999999900 ) ) ;
#9170 = DIRECTION ( 'NONE',  ( 1.000000000000000000, 0.0000000000000000000, 0.0000000000000000000 ) ) ;
#9171 = CARTESIAN_POINT ( 'NONE',  ( 2.263465934420779500, 1.193886839724357800, 1.649999999999999900 ) ) ;
#9172 = CARTESIAN_POINT ( 'NONE',  ( 2.353418912201599200, 1.229667611358087600, 1.659999999999999900 ) ) ;
#9173 = ORIENTED_EDGE ( 'NONE', *, *, #7807, .F. ) ;
#9174 = SPHERICAL_SURFACE ( 'NONE', #2510, 0.1000000000000000100 ) ;
#9175 = CARTESIAN_POINT ( 'NONE',  ( 2.506798760291815100, 1.460739480886619200, 1.649999999999999900 ) ) ;
#9176 = EDGE_CURVE ( 'NONE', #5814, #1324, #595, .T. ) ;
#9177 = EDGE_CURVE ( 'NONE', #1343, #4481, #4869, .T. ) ;
#9178 = STYLED_ITEM ( 'NONE', ( #4872 ), #2575 ) ;
#9179 = ORIENTED_EDGE ( 'NONE', *, *, #6763, .F. ) ;
#9180 = DIRECTION ( 'NONE',  ( -1.000000000000000000, 0.0000000000000000000, 0.0000000000000000000 ) ) ;
#9181 = DIRECTION ( 'NONE',  ( -0.0000000000000000000, -0.0000000000000000000, 1.000000000000000000 ) ) ;
#9182 = ORIENTED_EDGE ( 'NONE', *, *, #3611, .F. ) ;
#9183 = ADVANCED_FACE ( 'NONE', ( #7553 ), #8786, .T. ) ;
#9184 = FACE_OUTER_BOUND ( 'NONE', #3623, .T. ) ;
#9185 = CARTESIAN_POINT ( 'NONE',  ( 2.348143164159788700, 1.242518036754840500, 1.649999999999999900 ) ) ;
#9186 = CARTESIAN_POINT ( 'NONE',  ( 2.480685281158760100, 1.476006729408933600, 1.649999999999999900 ) ) ;
#9187 = CARTESIAN_POINT ( 'NONE',  ( 2.299158285695976900, 1.219116115275255400, 1.659999999999999900 ) ) ;
#9188 = CARTESIAN_POINT ( 'NONE',  ( 2.651189205294141300, 1.277827233145169700, 1.649999999999999900 ) ) ;
#9189 = UNCERTAINTY_MEASURE_WITH_UNIT (LENGTH_MEASURE( 1.000000000000000100E-005 ), #4252, 'distance_accuracy_value', 'NONE');
#9190 = VERTEX_POINT ( 'NONE', #930 ) ;
#9191 = EDGE_CURVE ( 'NONE', #315, #4082, #7546, .T. ) ;
#9192 = ADVANCED_FACE ( 'NONE', ( #10795 ), #105, .T. ) ;
#9193 = PLANE ( 'NONE',  #3701 ) ;
#9194 = VECTOR ( 'NONE', #10207, 1000.000000000000000 ) ;
#9195 = CARTESIAN_POINT ( 'NONE',  ( 2.026342712093334600, 1.257732113798211600, 1.659999999999999900 ) ) ;
#9196 = DIRECTION ( 'NONE',  ( 0.0000000000000000000, -0.9848077530122080200, 0.1736481776669307200 ) ) ;
#9197 = DIRECTION ( 'NONE',  ( 0.0000000000000000000, 1.000000000000000000, 0.0000000000000000000 ) ) ;
#9198 = EDGE_LOOP ( 'NONE', ( #6052, #2686, #4210, #9112 ) ) ;
#9199 = AXIS2_PLACEMENT_3D ( 'NONE', #78, #7046, #10604 ) ;
#9200 = DIRECTION ( 'NONE',  ( -1.000000000000000000, 0.0000000000000000000, 0.0000000000000000000 ) ) ;
#9201 = ORIENTED_EDGE ( 'NONE', *, *, #3553, .F. ) ;
#9202 = DIRECTION ( 'NONE',  ( -1.000000000000000000, 0.0000000000000000000, -0.0000000000000000000 ) ) ;
#9203 = CARTESIAN_POINT ( 'NONE',  ( 3.650000000000000400, 0.6999999999999999600, -1.879999999999999700 ) ) ;
#9204 = SPHERICAL_SURFACE ( 'NONE', #10393, 0.1000000000000000100 ) ;
#9205 = CARTESIAN_POINT ( 'NONE',  ( 1.840254435411058200, 1.506942875942947700, 1.659999999999999900 ) ) ;
#9206 = CARTESIAN_POINT ( 'NONE',  ( 2.388787055496564000, 1.205617273917257500, 1.659999999999999900 ) ) ;
#9207 = CARTESIAN_POINT ( 'NONE',  ( 2.293676223485176200, 1.372024388120897300, 1.649999999999999900 ) ) ;
#9208 = CARTESIAN_POINT ( 'NONE',  ( 2.550301576544853300, 1.279831427931971400, 1.649999999999999900 ) ) ;
#9209 = EDGE_CURVE ( 'NONE', #1677, #10000, #1791, .T. ) ;
#9210 = ORIENTED_EDGE ( 'NONE', *, *, #7271, .T. ) ;
#9211 = B_SPLINE_CURVE_WITH_KNOTS ( 'NONE', 3,
 ( #744, #2497, #4217, #1548 ),
 .UNSPECIFIED., .F., .F.,
 ( 4, 4 ),
 ( 1.000000000000000000, 2.000000000000000000 ),
 .UNSPECIFIED. ) ;
#9212 = CARTESIAN_POINT ( 'NONE',  ( 2.356926253078302800, 1.187638467742258500, 1.659999999999999900 ) ) ;
#9213 = CARTESIAN_POINT ( 'NONE',  ( 2.251912340944150600, 1.374500158151882500, 1.659999999999999900 ) ) ;
#9214 = AXIS2_PLACEMENT_3D ( 'NONE', #6958, #1798, #6915 ) ;
#9215 = ORIENTED_EDGE ( 'NONE', *, *, #2787, .F. ) ;
#9216 = CARTESIAN_POINT ( 'NONE',  ( 2.186481275847953500, 1.279831427931967400, 1.649999999999999900 ) ) ;
#9217 = CARTESIAN_POINT ( 'NONE',  ( 2.296122520063057900, 1.477951977290310700, 1.659999999999999900 ) ) ;
#9218 = CARTESIAN_POINT ( 'NONE',  ( 2.475350586211529300, 1.260143161497295800, 1.659999999999999900 ) ) ;
#9219 = FACE_OUTER_BOUND ( 'NONE', #445, .T. ) ;
#9220 = CARTESIAN_POINT ( 'NONE',  ( 2.352534708619046000, 1.247233789194329900, 1.649999999999999900 ) ) ;
#9221 = CARTESIAN_POINT ( 'NONE',  ( 2.339536915957948000, 1.177499599997404300, 1.649999999999999900 ) ) ;
#9222 = ORIENTED_EDGE ( 'NONE', *, *, #5179, .F. ) ;
#9223 = LINE ( 'NONE', #5156, #8945 ) ;
#9224 = PRESENTATION_STYLE_ASSIGNMENT (( #9511 ) ) ;
#9225 = CARTESIAN_POINT ( 'NONE',  ( 2.668578542414895300, 1.219057168369049600, 1.649999999999999900 ) ) ;
#9226 = EDGE_CURVE ( 'NONE', #6880, #9565, #5742, .T. ) ;
#9227 = DIRECTION ( 'NONE',  ( 0.0000000000000000000, -1.000000000000000000, 0.0000000000000000000 ) ) ;
#9228 = VECTOR ( 'NONE', #5320, 1000.000000000000000 ) ;
#9229 = B_SPLINE_CURVE_WITH_KNOTS ( 'NONE', 3,
 ( #6205, #8041, #9954, #10028 ),
 .UNSPECIFIED., .F., .F.,
 ( 4, 4 ),
 ( 8.000000000000000000, 9.000000000000000000 ),
 .UNSPECIFIED. ) ;
#9230 = CARTESIAN_POINT ( 'NONE',  ( 2.388787055496564000, 1.205617273917257500, 1.659999999999999900 ) ) ;
#9231 = CARTESIAN_POINT ( 'NONE',  ( 2.404967981054142400, 1.139007270710988600, 1.659999999999999900 ) ) ;
#9232 = ADVANCED_FACE ( 'NONE', ( #10517 ), #6061, .F. ) ;
#9233 = CARTESIAN_POINT ( 'NONE',  ( 1.741881764909005000, 1.474971757247668400, 1.649999999999999900 ) ) ;
#9234 = ORIENTED_EDGE ( 'NONE', *, *, #10125, .F. ) ;
#9235 = FACE_OUTER_BOUND ( 'NONE', #5524, .T. ) ;
#9236 = DIRECTION ( 'NONE',  ( -0.0000000000000000000, -1.000000000000000000, -0.0000000000000000000 ) ) ;
#9237 = LINE ( 'NONE', #8912, #2545 ) ;
#9238 = CIRCLE ( 'NONE', #1032, 0.1000000000000000500 ) ;
#9239 = CARTESIAN_POINT ( 'NONE',  ( 2.232400915226536100, 1.373851742191424300, 1.659999999999999900 ) ) ;
#9240 = ORIENTED_EDGE ( 'NONE', *, *, #3186, .F. ) ;
#9241 = ADVANCED_FACE ( 'NONE', ( #6289 ), #9587, .T. ) ;
#9242 =( LENGTH_UNIT ( ) NAMED_UNIT ( * ) SI_UNIT ( .MILLI., .METRE. ) );
#9243 = ORIENTED_EDGE ( 'NONE', *, *, #3443, .F. ) ;
#9244 = EDGE_CURVE ( 'NONE', #6552, #10109, #9032, .T. ) ;
#9245 = DIRECTION ( 'NONE',  ( -0.0000000000000000000, -0.0000000000000000000, -1.000000000000000000 ) ) ;
#9246 = VECTOR ( 'NONE', #11274, 1000.000000000000000 ) ;
#9247 =( NAMED_UNIT ( * ) PLANE_ANGLE_UNIT ( ) SI_UNIT ( $, .RADIAN. ) );
#9248 = PRESENTATION_LAYER_ASSIGNMENT (  '', '', ( #7503 ) ) ;
#9249 = CARTESIAN_POINT ( 'NONE',  ( 1.554153906192529600, 1.307738224431207900, 1.659999999999999900 ) ) ;
#9250 = CARTESIAN_POINT ( 'NONE',  ( 2.000929784722163400, 1.229859860283883300, 1.649999999999999900 ) ) ;
#9251 = PRESENTATION_LAYER_ASSIGNMENT (  '', '', ( #3521 ) ) ;
#9252 = ORIENTED_EDGE ( 'NONE', *, *, #8101, .T. ) ;
#9253 = CYLINDRICAL_SURFACE ( 'NONE', #2339, 0.2999999999999998800 ) ;
#9254 = VECTOR ( 'NONE', #2231, 1000.000000000000000 ) ;
#9255 = ORIENTED_EDGE ( 'NONE', *, *, #3463, .F. ) ;
#9256 = ORIENTED_EDGE ( 'NONE', *, *, #914, .T. ) ;
#9257 = ORIENTED_EDGE ( 'NONE', *, *, #8011, .T. ) ;
#9258 = VERTEX_POINT ( 'NONE', #2819 ) ;
#9259 = CARTESIAN_POINT ( 'NONE',  ( 2.171597182211292900, 1.293094481667485400, 1.659999999999999900 ) ) ;
#9260 = DIRECTION ( 'NONE',  ( 0.0000000000000000000, 0.0000000000000000000, -1.000000000000000000 ) ) ;
#9261 = CARTESIAN_POINT ( 'NONE',  ( 1.400000000000000800, -1.600000000000000100, -1.750000000000000000 ) ) ;
#9262 = DIRECTION ( 'NONE',  ( -0.0000000000000000000, -0.0000000000000000000, -1.000000000000000000 ) ) ;
#9263 = EDGE_CURVE ( 'NONE', #7674, #6531, #8630, .T. ) ;
#9264 = VECTOR ( 'NONE', #416, 1000.000000000000000 ) ;
#9265 = EDGE_CURVE ( 'NONE', #1914, #308, #2274, .T. ) ;
#9266 = VECTOR ( 'NONE', #1901, 1000.000000000000000 ) ;
#9267 = VERTEX_POINT ( 'NONE', #10715 ) ;
#9268 = ORIENTED_EDGE ( 'NONE', *, *, #9676, .T. ) ;
#9269 = CARTESIAN_POINT ( 'NONE',  ( 1.554153906192529600, 1.274947334263333300, 1.659999999999999900 ) ) ;
#9270 = SURFACE_SIDE_STYLE ('',( #8030 ) ) ;
#9271 = COLOUR_RGB ( '',1.000000000000000000, 1.000000000000000000, 1.000000000000000000 ) ;
#9272 = DIRECTION ( 'NONE',  ( 0.0000000000000000000, 0.0000000000000000000, -1.000000000000000000 ) ) ;
#9273 = ORIENTED_EDGE ( 'NONE', *, *, #11000, .F. ) ;
#9274 = VECTOR ( 'NONE', #10501, 1000.000000000000000 ) ;
#9275 = ORIENTED_EDGE ( 'NONE', *, *, #8009, .T. ) ;
#9276 = ORIENTED_EDGE ( 'NONE', *, *, #2476, .T. ) ;
#9277 = CARTESIAN_POINT ( 'NONE',  ( 2.402639578287098400, 1.425842912835049800, 1.659999999999999900 ) ) ;
#9278 = FACE_OUTER_BOUND ( 'NONE', #183, .T. ) ;
#9279 = CARTESIAN_POINT ( 'NONE',  ( 2.495215693362482500, 1.366070750666705600, 1.659999999999999900 ) ) ;
#9280 = EDGE_CURVE ( 'NONE', #9028, #1257, #2869, .T. ) ;
#9281 = PRESENTATION_STYLE_ASSIGNMENT (( #2796 ) ) ;
#9282 = CARTESIAN_POINT ( 'NONE',  ( 1.400000000000000800, 1.399999999999999900, -1.750000000000000000 ) ) ;
#9283 = EDGE_LOOP ( 'NONE', ( #3944, #5321, #1488, #10383 ) ) ;
#9284 = DIRECTION ( 'NONE',  ( 0.0000000000000000000, 1.000000000000000000, -0.0000000000000000000 ) ) ;
#9285 =( GEOMETRIC_REPRESENTATION_CONTEXT ( 3 ) GLOBAL_UNCERTAINTY_ASSIGNED_CONTEXT ( ( #9327 ) ) GLOBAL_UNIT_ASSIGNED_CONTEXT ( ( #4805, #11039, #7556 ) ) REPRESENTATION_CONTEXT ( 'NONE', 'WORKASPACE' ) );
#9286 = ORIENTED_EDGE ( 'NONE', *, *, #2577, .F. ) ;
#9287 = CARTESIAN_POINT ( 'NONE',  ( 2.283832090268234100, 1.262029462473246700, 1.659999999999999900 ) ) ;
#9288 = CARTESIAN_POINT ( 'NONE',  ( 2.299158285695976900, 1.211217229938904100, 1.659999999999999900 ) ) ;
#9289 = VECTOR ( 'NONE', #4152, 1000.000000000000000 ) ;
#9290 = ORIENTED_EDGE ( 'NONE', *, *, #9448, .F. ) ;
#9291 = LINE ( 'NONE', #10146, #10377 ) ;
#9292 = SURFACE_STYLE_USAGE ( .BOTH. , #5727 ) ;
#9293 = ORIENTED_EDGE ( 'NONE', *, *, #6684, .T. ) ;
#9294 = ORIENTED_EDGE ( 'NONE', *, *, #1572, .T. ) ;
#9295 = CARTESIAN_POINT ( 'NONE',  ( 2.340539013351345100, 1.190291078489516400, 1.649999999999999900 ) ) ;
#9296 = PRESENTATION_STYLE_ASSIGNMENT (( #5830 ) ) ;
#9297 = VERTEX_POINT ( 'NONE', #7995 ) ;
#9298 = ORIENTED_EDGE ( 'NONE', *, *, #3531, .T. ) ;
#9299 = ADVANCED_FACE ( 'NONE', ( #7263 ), #1077, .F. ) ;
#9300 = AXIS2_PLACEMENT_3D ( 'NONE', #4404, #8720, #10462 ) ;
#9301 = VERTEX_POINT ( 'NONE', #8939 ) ;
#9302 = CARTESIAN_POINT ( 'NONE',  ( 2.333259070523128200, 1.245229594407525100, 1.659999999999999900 ) ) ;
#9303 = ORIENTED_EDGE ( 'NONE', *, *, #4889, .F. ) ;
#9304 = ORIENTED_EDGE ( 'NONE', *, *, #3533, .T. ) ;
#9305 = ADVANCED_FACE ( 'NONE', ( #4914 ), #5299, .T. ) ;
#9306 = DIRECTION ( 'NONE',  ( -0.0000000000000000000, 1.000000000000000000, -0.0000000000000000000 ) ) ;
#9307 = CARTESIAN_POINT ( 'NONE',  ( 2.277288983758615000, 1.187697414647680600, 1.659999999999999900 ) ) ;
#9308 = CARTESIAN_POINT ( 'NONE',  ( 2.296122520063057900, 1.477951977290310700, 1.659999999999999900 ) ) ;
#9309 = EDGE_CURVE ( 'NONE', #6030, #10211, #5178, .T. ) ;
#9310 = STYLED_ITEM ( 'NONE', ( #369 ), #952 ) ;
#9311 = B_SPLINE_CURVE_WITH_KNOTS ( 'NONE', 3,
 ( #9025, #3812, #3726, #1203 ),
 .UNSPECIFIED., .F., .F.,
 ( 4, 4 ),
 ( 1.000000000000000000, 2.000000000000000000 ),
 .UNSPECIFIED. ) ;
#9312 = MECHANICAL_DESIGN_GEOMETRIC_PRESENTATION_REPRESENTATION (  '', ( #8156 ), #182 ) ;
#9313 = VERTEX_POINT ( 'NONE', #178 ) ;
#9314 = DIRECTION ( 'NONE',  ( 0.3416038306815736800, -0.9398440417769720100, 0.0000000000000000000 ) ) ;
#9315 = CARTESIAN_POINT ( 'NONE',  ( 2.651189205294141300, 1.193945786629788500, 1.659999999999999900 ) ) ;
#9316 = FILL_AREA_STYLE_COLOUR ( '', #7377 ) ;
#9317 = CARTESIAN_POINT ( 'NONE',  ( 2.351296823603557000, 1.231553912334039500, 1.659999999999999900 ) ) ;
#9318 = ORIENTED_EDGE ( 'NONE', *, *, #8594, .F. ) ;
#9319 = EDGE_LOOP ( 'NONE', ( #2731, #1274, #1682, #11065 ) ) ;
#9320 = EDGE_CURVE ( 'NONE', #6569, #10870, #7547, .T. ) ;
#9321 = EDGE_CURVE ( 'NONE', #7578, #3785, #45, .T. ) ;
#9322 = FACE_OUTER_BOUND ( 'NONE', #7385, .T. ) ;
#9323 = ORIENTED_EDGE ( 'NONE', *, *, #5796, .T. ) ;
#9324 = CARTESIAN_POINT ( 'NONE',  ( -2.975150518713303600, -1.723631294014524900, -1.567364817766693000 ) ) ;
#9325 = SURFACE_SIDE_STYLE ('',( #1899 ) ) ;
#9326 = CARTESIAN_POINT ( 'NONE',  ( 2.247432376126760700, 1.199840477179337200, 1.649999999999999900 ) ) ;
#9327 = UNCERTAINTY_MEASURE_WITH_UNIT (LENGTH_MEASURE( 1.000000000000000100E-005 ), #4805, 'distance_accuracy_value', 'NONE');
#9328 = DIRECTION ( 'NONE',  ( -0.0000000000000000000, -0.0000000000000000000, -1.000000000000000000 ) ) ;
#9329 = CARTESIAN_POINT ( 'NONE',  ( 2.265912230998658600, 1.211453017560604400, 1.649999999999999900 ) ) ;
#9330 = COLOUR_RGB ( '',0.6666666666666666300, 0.6666666666666666300, 0.6666666666666666300 ) ;
#9331 = CARTESIAN_POINT ( 'NONE',  ( 2.358075717735266300, 1.227309735137952500, 1.649999999999999900 ) ) ;
#9332 = ORIENTED_EDGE ( 'NONE', *, *, #3531, .F. ) ;
#9333 = EDGE_CURVE ( 'NONE', #7216, #2581, #6712, .T. ) ;
#9334 = EDGE_LOOP ( 'NONE', ( #1267, #9009, #9537, #8220 ) ) ;
#9335 = CARTESIAN_POINT ( 'NONE',  ( 2.296122520063057900, 1.477951977290310700, 1.649999999999999900 ) ) ;
#9336 = CARTESIAN_POINT ( 'NONE',  ( 1.687776808641531200, 1.391355031883523100, 1.649999999999999900 ) ) ;
#9337 = CARTESIAN_POINT ( 'NONE',  ( 2.269036416989710600, 1.188935299663173200, 1.659999999999999900 ) ) ;
#9338 = FACE_OUTER_BOUND ( 'NONE', #6599, .T. ) ;
#9339 = ORIENTED_EDGE ( 'NONE', *, *, #5128, .F. ) ;
#9340 = AXIS2_PLACEMENT_3D ( 'NONE', #4446, #8870, #1814 ) ;
#9341 = DIRECTION ( 'NONE',  ( -1.000000000000000000, 0.0000000000000000000, 0.0000000000000000000 ) ) ;
#9342 = CARTESIAN_POINT ( 'NONE',  ( 1.972237755826254900, 1.177394454778384600, 1.659999999999999900 ) ) ;
#9343 = ORIENTED_EDGE ( 'NONE', *, *, #288, .T. ) ;
#9344 = CIRCLE ( 'NONE', #1344, 0.09999999999999997800 ) ;
#9345 = CARTESIAN_POINT ( 'NONE',  ( 2.601526437417155200, 1.405270442818999500, 1.659999999999999900 ) ) ;
#9346 = VECTOR ( 'NONE', #7124, 1000.000000000000000 ) ;
#9347 = CARTESIAN_POINT ( 'NONE',  ( 2.450000000000000200, 0.6999999999999999600, -1.879999999999999900 ) ) ;
#9348 = LINE ( 'NONE', #3060, #500 ) ;
#9349 = CARTESIAN_POINT ( 'NONE',  ( 1.962400482521522200, 1.355285008919082900, 1.649999999999999900 ) ) ;
#9350 = ORIENTED_EDGE ( 'NONE', *, *, #1784, .F. ) ;
#9351 = VECTOR ( 'NONE', #631, 1000.000000000000000 ) ;
#9352 = VECTOR ( 'NONE', #1553, 1000.000000000000000 ) ;
#9353 = ADVANCED_FACE ( 'NONE', ( #1254 ), #3838, .F. ) ;
#9354 = CARTESIAN_POINT ( 'NONE',  ( 2.361406217895683400, 1.412638806004960600, 1.659999999999999900 ) ) ;
#9355 = FACE_OUTER_BOUND ( 'NONE', #7804, .T. ) ;
#9356 = AXIS2_PLACEMENT_3D ( 'NONE', #6852, #11144, #10424 ) ;
#9357 = CARTESIAN_POINT ( 'NONE',  ( 2.581956064794108200, 1.461270003036230700, 1.649999999999999900 ) ) ;
#9358 = DIRECTION ( 'NONE',  ( 0.0000000000000000000, 0.0000000000000000000, -1.000000000000000000 ) ) ;
#9359 = CARTESIAN_POINT ( 'NONE',  ( 1.971417996080594400, 1.446279724442785200, 1.659999999999999900 ) ) ;
#9360 = CARTESIAN_POINT ( 'NONE',  ( 2.975150518713304900, -1.625150518713304200, -1.550000000000000000 ) ) ;
#9361 = FACE_OUTER_BOUND ( 'NONE', #9660, .T. ) ;
#9362 = CARTESIAN_POINT ( 'NONE',  ( 1.732044491604669800, 1.123289498511300400, 1.649999999999999900 ) ) ;
#9363 =( NAMED_UNIT ( * ) SI_UNIT ( $, .STERADIAN. ) SOLID_ANGLE_UNIT ( ) );
#9364 = EDGE_CURVE ( 'NONE', #2117, #6402, #6489, .T. ) ;
#9365 = B_SPLINE_CURVE_WITH_KNOTS ( 'NONE', 3,
 ( #7267, #6294, #4550, #303 ),
 .UNSPECIFIED., .F., .F.,
 ( 4, 4 ),
 ( 6.000000000000000000, 7.000000000000000000 ),
 .UNSPECIFIED. ) ;
#9366 = EDGE_CURVE ( 'NONE', #9640, #1952, #11066, .T. ) ;
#9367 = ORIENTED_EDGE ( 'NONE', *, *, #1819, .T. ) ;
#9368 = LINE ( 'NONE', #589, #1186 ) ;
#9369 = VECTOR ( 'NONE', #1461, 1000.000000000000000 ) ;
#9370 = ORIENTED_EDGE ( 'NONE', *, *, #6817, .T. ) ;
#9371 = CARTESIAN_POINT ( 'NONE',  ( 1.925510731083255300, 1.228220309520728200, 1.659999999999999900 ) ) ;
#9372 = CARTESIAN_POINT ( 'NONE',  ( 2.171597182211292100, 1.360706582266758800, 1.659999999999999900 ) ) ;
#9373 = CARTESIAN_POINT ( 'NONE',  ( 1.928789832608775300, 1.274127590153983700, 1.659999999999999900 ) ) ;
#9374 = VERTEX_POINT ( 'NONE', #9203 ) ;
#9375 = VECTOR ( 'NONE', #5471, 1000.000000000000000 ) ;
#9376 = DIRECTION ( 'NONE',  ( -1.000000000000000000, 0.0000000000000000000, 0.0000000000000000000 ) ) ;
#9377 =( LENGTH_UNIT ( ) NAMED_UNIT ( * ) SI_UNIT ( .MILLI., .METRE. ) );
#9378 = LINE ( 'NONE', #6551, #7071 ) ;
#9379 = CARTESIAN_POINT ( 'NONE',  ( 1.996011163706104900, 1.399552707518137100, 1.659999999999999900 ) ) ;
#9380 = EDGE_LOOP ( 'NONE', ( #9234, #1262, #10060, #5980, #9837, #7511, #3566, #5679, #10954, #9161, #6266, #6423, #10636, #7158, #8915 ) ) ;
#9381 = EDGE_CURVE ( 'NONE', #8061, #8867, #7308, .T. ) ;
#9382 = CARTESIAN_POINT ( 'NONE',  ( 2.547030023289829100, 1.360706582266761400, 1.659999999999999900 ) ) ;
#9383 = ORIENTED_EDGE ( 'NONE', *, *, #1729, .F. ) ;
#9384 =( GEOMETRIC_REPRESENTATION_CONTEXT ( 3 ) GLOBAL_UNCERTAINTY_ASSIGNED_CONTEXT ( ( #4054 ) ) GLOBAL_UNIT_ASSIGNED_CONTEXT ( ( #10833, #8236, #6366 ) ) REPRESENTATION_CONTEXT ( 'NONE', 'WORKASPACE' ) );
#9385 = CARTESIAN_POINT ( 'NONE',  ( 1.959941172013105700, 1.355285008919082900, 1.649999999999999900 ) ) ;
#9386 = ORIENTED_EDGE ( 'NONE', *, *, #115, .F. ) ;
#9387 =( GEOMETRIC_REPRESENTATION_CONTEXT ( 3 ) GLOBAL_UNCERTAINTY_ASSIGNED_CONTEXT ( ( #8903 ) ) GLOBAL_UNIT_ASSIGNED_CONTEXT ( ( #2512, #2368, #686 ) ) REPRESENTATION_CONTEXT ( 'NONE', 'WORKASPACE' ) );
#9388 = UNCERTAINTY_MEASURE_WITH_UNIT (LENGTH_MEASURE( 1.000000000000000100E-005 ), #3101, 'distance_accuracy_value', 'NONE');
#9389 = FACE_OUTER_BOUND ( 'NONE', #2340, .T. ) ;
#9390 = CARTESIAN_POINT ( 'NONE',  ( 1.716468821902309400, 1.452837904039948600, 1.659999999999999900 ) ) ;
#9391 = ORIENTED_EDGE ( 'NONE', *, *, #9883, .F. ) ;
#9392 = ORIENTED_EDGE ( 'NONE', *, *, #2853, .T. ) ;
#9393 = LINE ( 'NONE', #4850, #5707 ) ;
#9394 = DIRECTION ( 'NONE',  ( 0.0000000000000000000, 1.000000000000000000, 0.0000000000000000000 ) ) ;
#9395 = LINE ( 'NONE', #10775, #557 ) ;
#9396 = CARTESIAN_POINT ( 'NONE',  ( 2.975150518713304500, 1.625150518713304400, 1.649999999999999900 ) ) ;
#9397 = DIRECTION ( 'NONE',  ( -0.1710878697460358200, -0.1710878697460357900, 0.9702875252478137000 ) ) ;
#9398 = SURFACE_STYLE_FILL_AREA ( #10984 ) ;
#9399 = ORIENTED_EDGE ( 'NONE', *, *, #10573, .F. ) ;
#9400 = CARTESIAN_POINT ( 'NONE',  ( 2.282476311441892200, 1.250299028280348100, 1.659999999999999900 ) ) ;
#9401 = EDGE_CURVE ( 'NONE', #6557, #10135, #10956, .T. ) ;
#9402 = EDGE_CURVE ( 'NONE', #7936, #1071, #3009, .T. ) ;
#9403 = COLOUR_RGB ( '',0.6666666666666666300, 0.6666666666666666300, 0.6666666666666666300 ) ;
#9404 = CARTESIAN_POINT ( 'NONE',  ( 2.000929784722163400, 1.229859860283883300, 1.659999999999999900 ) ) ;
#9405 = PLANE ( 'NONE',  #3379 ) ;
#9406 = ORIENTED_EDGE ( 'NONE', *, *, #7070, .F. ) ;
#9407 = FACE_OUTER_BOUND ( 'NONE', #638, .T. ) ;
#9408 = DIRECTION ( 'NONE',  ( 0.0000000000000000000, -0.0000000000000000000, -1.000000000000000000 ) ) ;
#9409 =( GEOMETRIC_REPRESENTATION_CONTEXT ( 3 ) GLOBAL_UNCERTAINTY_ASSIGNED_CONTEXT ( ( #10508 ) ) GLOBAL_UNIT_ASSIGNED_CONTEXT ( ( #1701, #10320, #5072 ) ) REPRESENTATION_CONTEXT ( 'NONE', 'WORKASPACE' ) );
#9410 = VECTOR ( 'NONE', #1497, 1000.000000000000000 ) ;
#9411 = VERTEX_POINT ( 'NONE', #8235 ) ;
#9412 = ADVANCED_FACE ( 'NONE', ( #10392 ), #7454, .F. ) ;
#9413 = CARTESIAN_POINT ( 'NONE',  ( 2.361406217895683400, 1.412638806004960600, 1.659999999999999900 ) ) ;
#9414 = CARTESIAN_POINT ( 'NONE',  ( 2.606419030573703800, 1.177794334525313200, 1.649999999999999900 ) ) ;
#9415 = FACE_OUTER_BOUND ( 'NONE', #7102, .T. ) ;
#9416 = FILL_AREA_STYLE ('',( #8512 ) ) ;
#9417 = VERTEX_POINT ( 'NONE', #5713 ) ;
#9418 = EDGE_CURVE ( 'NONE', #9546, #1533, #3672, .T. ) ;
#9419 = CARTESIAN_POINT ( 'NONE',  ( 1.718928148046644700, 1.386436395231552800, 1.659999999999999900 ) ) ;
#9420 = ORIENTED_EDGE ( 'NONE', *, *, #4098, .F. ) ;
#9421 = EDGE_CURVE ( 'NONE', #9798, #3650, #3393, .T. ) ;
#9422 = ORIENTED_EDGE ( 'NONE', *, *, #4291, .T. ) ;
#9423 = ORIENTED_EDGE ( 'NONE', *, *, #5110, .F. ) ;
#9424 = CARTESIAN_POINT ( 'NONE',  ( 2.278998444017893600, 1.477951977290310700, 1.649999999999999900 ) ) ;
#9425 = AXIS2_PLACEMENT_3D ( 'NONE', #8709, #10523, #2678 ) ;
#9426 = FILL_AREA_STYLE_COLOUR ( '', #9816 ) ;
#9427 = CARTESIAN_POINT ( 'NONE',  ( 3.650000000000000400, 0.6999999999999999600, -1.579999999999999800 ) ) ;
#9428 = ORIENTED_EDGE ( 'NONE', *, *, #1572, .F. ) ;
#9429 = ORIENTED_EDGE ( 'NONE', *, *, #1163, .F. ) ;
#9430 = VECTOR ( 'NONE', #1429, 1000.000000000000000 ) ;
#9431 = VERTEX_POINT ( 'NONE', #7416 ) ;
#9432 = ORIENTED_EDGE ( 'NONE', *, *, #2759, .T. ) ;
#9433 = SURFACE_SIDE_STYLE ('',( #6220 ) ) ;
#9434 = CARTESIAN_POINT ( 'NONE',  ( 2.450000000000000200, -0.6999999999999999600, -1.879999999999999900 ) ) ;
#9435 = CARTESIAN_POINT ( 'NONE',  ( 2.299158285695976900, 1.211217229938904100, 1.649999999999999900 ) ) ;
#9436 = EDGE_LOOP ( 'NONE', ( #469, #4107, #267, #9068 ) ) ;
#9437 = ADVANCED_FACE ( 'NONE', ( #1652 ), #3076, .T. ) ;
#9438 = CARTESIAN_POINT ( 'NONE',  ( 2.435738265721259800, 1.191470016598803200, 1.649999999999999900 ) ) ;
#9439 = AXIS2_PLACEMENT_3D ( 'NONE', #8514, #3257, #9376 ) ;
#9440 = CARTESIAN_POINT ( 'NONE',  ( 1.731224731859008800, 1.379058448070370500, 1.659999999999999900 ) ) ;
#9441 = CARTESIAN_POINT ( 'NONE',  ( 1.732044491604669800, 1.123289498511300400, 1.659999999999999900 ) ) ;
#9442 = CARTESIAN_POINT ( 'NONE',  ( 2.399279604674362500, 1.140186208821061000, 1.659999999999999900 ) ) ;
#9443 = CARTESIAN_POINT ( 'NONE',  ( -2.975150518713303600, 1.625150518713304200, 1.550000000000000000 ) ) ;
#9444 = ORIENTED_EDGE ( 'NONE', *, *, #11016, .T. ) ;
#9445 = EDGE_LOOP ( 'NONE', ( #7850, #1381, #9406, #1651 ) ) ;
#9446 = CARTESIAN_POINT ( 'NONE',  ( 1.731224716223094900, 1.236418032062303100, 1.659999999999999900 ) ) ;
#9447 = SURFACE_STYLE_USAGE ( .BOTH. , #3317 ) ;
#9448 = EDGE_CURVE ( 'NONE', #7695, #300, #530, .T. ) ;
#9449 = CARTESIAN_POINT ( 'NONE',  ( 0.0000000000000000000, 1.600000000000000100, -1.649999999999999900 ) ) ;
#9450 = ORIENTED_EDGE ( 'NONE', *, *, #10750, .F. ) ;
#9451 = AXIS2_PLACEMENT_3D ( 'NONE', #2259, #9197, #3947 ) ;
#9452 = AXIS2_PLACEMENT_3D ( 'NONE', #4663, #2110, #4703 ) ;
#9453 = CARTESIAN_POINT ( 'NONE',  ( -1.500000000000000900, -1.500000000000000000, -1.750000000000000000 ) ) ;
#9454 = ORIENTED_EDGE ( 'NONE', *, *, #3355, .T. ) ;
#9455 = PLANE ( 'NONE',  #4439 ) ;
#9456 = SURFACE_SIDE_STYLE ('',( #9153 ) ) ;
#9457 = VECTOR ( 'NONE', #2289, 1000.000000000000000 ) ;
#9458 = DIRECTION ( 'NONE',  ( 1.000000000000000000, 2.709813608826153200E-014, -0.0000000000000000000 ) ) ;
#9459 = DIRECTION ( 'NONE',  ( 0.3385350343141227400, 0.9409537876760663000, 0.0000000000000000000 ) ) ;
#9460 = VERTEX_POINT ( 'NONE', #7501 ) ;
#9461 = ORIENTED_EDGE ( 'NONE', *, *, #6488, .T. ) ;
#9462 = CARTESIAN_POINT ( 'NONE',  ( 2.495893582775650500, 1.451897445062682300, 1.649999999999999900 ) ) ;
#9463 = ADVANCED_FACE ( 'NONE', ( #5169 ), #1314, .T. ) ;
#9464 = EDGE_CURVE ( 'NONE', #475, #4297, #4483, .T. ) ;
#9465 = B_SPLINE_CURVE_WITH_KNOTS ( 'NONE', 3,
 ( #6176, #4298, #7896, #6936 ),
 .UNSPECIFIED., .F., .F.,
 ( 4, 4 ),
 ( 11.00000000000000000, 12.00000000000000000 ),
 .UNSPECIFIED. ) ;
#9466 = EDGE_CURVE ( 'NONE', #5478, #4630, #4901, .T. ) ;
#9467 = LINE ( 'NONE', #2223, #7156 ) ;
#9468 = PRESENTATION_STYLE_ASSIGNMENT (( #11170 ) ) ;
#9469 = AXIS2_PLACEMENT_3D ( 'NONE', #8252, #2992, #6544 ) ;
#9470 = VERTEX_POINT ( 'NONE', #9315 ) ;
#9471 = CARTESIAN_POINT ( 'NONE',  ( 2.299158285695976900, 1.230139186602273700, 1.659999999999999900 ) ) ;
#9472 = CARTESIAN_POINT ( 'NONE',  ( 1.732044507240587200, 1.288063724729499300, 1.659999999999999900 ) ) ;
#9473 = ORIENTED_EDGE ( 'NONE', *, *, #1879, .F. ) ;
#9474 = CARTESIAN_POINT ( 'NONE',  ( 1.969778445317833100, 1.177394454778384600, 1.659999999999999900 ) ) ;
#9475 = CARTESIAN_POINT ( 'NONE',  ( 1.600000000000001000, 1.399999999999999900, -1.649999999999999900 ) ) ;
#9476 = FILL_AREA_STYLE_COLOUR ( '', #11138 ) ;
#9477 = VECTOR ( 'NONE', #10378, 1000.000000000000000 ) ;
#9478 = VERTEX_POINT ( 'NONE', #7608 ) ;
#9479 = LINE ( 'NONE', #1033, #4135 ) ;
#9480 = EDGE_CURVE ( 'NONE', #6905, #4297, #1104, .T. ) ;
#9481 = CARTESIAN_POINT ( 'NONE',  ( 1.927150250574183100, 1.228220309520728200, 1.659999999999999900 ) ) ;
#9482 = CIRCLE ( 'NONE', #2443, 0.09999999999999982500 ) ;
#9483 = SURFACE_STYLE_USAGE ( .BOTH. , #6863 ) ;
#9484 = PLANE ( 'NONE',  #4177 ) ;
#9485 = COLOUR_RGB ( '',0.2980392156862745100, 0.2980392156862745100, 0.2980392156862745100 ) ;
#9486 = CARTESIAN_POINT ( 'NONE',  ( -1.399999999999999700, -1.399999999999999700, -1.779999999999999800 ) ) ;
#9487 = VECTOR ( 'NONE', #3933, 1000.000000000000000 ) ;
#9488 = CARTESIAN_POINT ( 'NONE',  ( 2.674974281659774800, 1.177794334525313200, 1.659999999999999900 ) ) ;
#9489 = VECTOR ( 'NONE', #6045, 1000.000000000000000 ) ;
#9490 = CARTESIAN_POINT ( 'NONE',  ( 2.620743128607649900, 1.279831427931971400, 1.659999999999999900 ) ) ;
#9491 = ADVANCED_FACE ( 'NONE', ( #447 ), #8471, .T. ) ;
#9492 = CARTESIAN_POINT ( 'NONE',  ( 2.396302785946871100, 1.260143161497294400, 1.659999999999999900 ) ) ;
#9493 = CARTESIAN_POINT ( 'NONE',  ( 2.365326187110767800, 1.262029462473246700, 1.649999999999999900 ) ) ;
#9494 = FACE_OUTER_BOUND ( 'NONE', #3767, .T. ) ;
#9495 = DIRECTION ( 'NONE',  ( -1.000000000000000000, 0.0000000000000000000, -6.505213034913023400E-015 ) ) ;
#9496 = CARTESIAN_POINT ( 'NONE',  ( 2.496217790756276600, 1.385876910911449000, 1.659999999999999900 ) ) ;
#9497 = CARTESIAN_POINT ( 'NONE',  ( 2.340067438107554100, 1.221297150778330600, 1.659999999999999900 ) ) ;
#9498 = ORIENTED_EDGE ( 'NONE', *, *, #2956, .T. ) ;
#9499 = FACE_OUTER_BOUND ( 'NONE', #9766, .T. ) ;
#9500 = VECTOR ( 'NONE', #10429, 1000.000000000000100 ) ;
#9501 = VECTOR ( 'NONE', #3139, 1000.000000000000000 ) ;
#9502 = AXIS2_PLACEMENT_3D ( 'NONE', #3134, #1441, #10964 ) ;
#9503 = ORIENTED_EDGE ( 'NONE', *, *, #10832, .F. ) ;
#9504 = PRESENTATION_STYLE_ASSIGNMENT (( #7544 ) ) ;
#9505 = CARTESIAN_POINT ( 'NONE',  ( 2.299158285695976900, 1.219116115275255400, 1.659999999999999900 ) ) ;
#9506 = CARTESIAN_POINT ( 'NONE',  ( 0.0000000000000000000, 0.0000000000000000000, 1.649999999999999900 ) ) ;
#9507 = PLANE ( 'NONE',  #7362 ) ;
#9508 = ORIENTED_EDGE ( 'NONE', *, *, #6763, .T. ) ;
#9509 = PRESENTATION_STYLE_ASSIGNMENT (( #10164 ) ) ;
#9510 = ORIENTED_EDGE ( 'NONE', *, *, #4780, .F. ) ;
#9511 = SURFACE_STYLE_USAGE ( .BOTH. , #785 ) ;
#9512 = ORIENTED_EDGE ( 'NONE', *, *, #10200, .F. ) ;
#9513 = CARTESIAN_POINT ( 'NONE',  ( 1.777131965584517900, 1.123289498511300400, 1.659999999999999900 ) ) ;
#9514 = CARTESIAN_POINT ( 'NONE',  ( 2.313600277541560900, 1.177794334525312100, 1.649999999999999900 ) ) ;
#9515 = EDGE_CURVE ( 'NONE', #1284, #4151, #10114, .T. ) ;
#9516 = LINE ( 'NONE', #9053, #1195 ) ;
#9517 = DIRECTION ( 'NONE',  ( -0.0000000000000000000, -0.0000000000000000000, -1.000000000000000000 ) ) ;
#9518 = AXIS2_PLACEMENT_3D ( 'NONE', #7887, #2615, #9647 ) ;
#9519 = MECHANICAL_DESIGN_GEOMETRIC_PRESENTATION_REPRESENTATION (  '', ( #558 ), #4967 ) ;
#9520 = ADVANCED_FACE ( 'NONE', ( #2608 ), #3135, .T. ) ;
#9521 = FACE_OUTER_BOUND ( 'NONE', #3370, .T. ) ;
#9522 = FACE_OUTER_BOUND ( 'NONE', #8918, .T. ) ;
#9523 = ORIENTED_EDGE ( 'NONE', *, *, #10867, .F. ) ;
#9524 = CARTESIAN_POINT ( 'NONE',  ( 1.748439936688216200, 1.236418032062303100, 1.659999999999999900 ) ) ;
#9525 = ORIENTED_EDGE ( 'NONE', *, *, #9120, .F. ) ;
#9526 = DIRECTION ( 'NONE',  ( 1.000000000000000000, 0.0000000000000000000, -0.0000000000000000000 ) ) ;
#9527 = DIRECTION ( 'NONE',  ( -0.0000000000000000000, -1.000000000000000000, -0.0000000000000000000 ) ) ;
#9528 = CARTESIAN_POINT ( 'NONE',  ( 1.900097803712475600, 1.189691038591534500, 1.649999999999999900 ) ) ;
#9529 = FACE_OUTER_BOUND ( 'NONE', #242, .T. ) ;
#9530 = ORIENTED_EDGE ( 'NONE', *, *, #7336, .T. ) ;
#9531 = UNCERTAINTY_MEASURE_WITH_UNIT (LENGTH_MEASURE( 1.000000000000000100E-005 ), #3572, 'distance_accuracy_value', 'NONE');
#9532 = PLANE ( 'NONE',  #7485 ) ;
#9533 = EDGE_CURVE ( 'NONE', #3423, #1337, #9566, .T. ) ;
#9534 = VECTOR ( 'NONE', #1158, 1000.000000000000100 ) ;
#9535 = EDGE_CURVE ( 'NONE', #1465, #8897, #1779, .T. ) ;
#9536 = DIRECTION ( 'NONE',  ( 0.0000000000000000000, 1.000000000000000000, 0.0000000000000000000 ) ) ;
#9537 = ORIENTED_EDGE ( 'NONE', *, *, #2871, .F. ) ;
#9538 = DIRECTION ( 'NONE',  ( -0.0000000000000000000, -0.0000000000000000000, -1.000000000000000000 ) ) ;
#9539 = ORIENTED_EDGE ( 'NONE', *, *, #2537, .T. ) ;
#9540 = MECHANICAL_DESIGN_GEOMETRIC_PRESENTATION_REPRESENTATION (  '', ( #8392 ), #3298 ) ;
#9541 = CARTESIAN_POINT ( 'NONE',  ( 2.370248253719242600, 1.206619371310265500, 1.649999999999999900 ) ) ;
#9542 = CARTESIAN_POINT ( 'NONE',  ( 2.562827793961756800, 1.405270442818999500, 1.659999999999999900 ) ) ;
#9543 = SURFACE_STYLE_FILL_AREA ( #9739 ) ;
#9544 = B_SPLINE_SURFACE_WITH_KNOTS ( 'NONE', 3, 1, ( 
 ( #5756, #1434 ),
 ( #4789, #8454 ),
 ( #4936, #8416 ),
 ( #5833, #9207 ) ),
 .UNSPECIFIED., .F., .F., .F.,
 ( 4, 4 ),
 ( 2, 2 ),
 ( 12.00000000000000000, 13.00000000000000000 ),
 ( 0.0000000000000000000, 1.000000000000000000 ),
 .UNSPECIFIED. ) ;
#9545 = DIRECTION ( 'NONE',  ( 1.000000000000000000, 0.0000000000000000000, 0.0000000000000000000 ) ) ;
#9546 = VERTEX_POINT ( 'NONE', #7650 ) ;
#9547 = B_SPLINE_CURVE_WITH_KNOTS ( 'NONE', 3,
 ( #2054, #8214, #5487, #9888 ),
 .UNSPECIFIED., .F., .F.,
 ( 4, 4 ),
 ( 3.000000000000000000, 4.000000000000000000 ),
 .UNSPECIFIED. ) ;
#9548 = SPHERICAL_SURFACE ( 'NONE', #5255, 0.1000000000000000100 ) ;
#9549 = CARTESIAN_POINT ( 'NONE',  ( 1.554153906192529600, 1.342988425105930500, 1.649999999999999900 ) ) ;
#9550 = ORIENTED_EDGE ( 'NONE', *, *, #5585, .F. ) ;
#9551 =( NAMED_UNIT ( * ) SI_UNIT ( $, .STERADIAN. ) SOLID_ANGLE_UNIT ( ) );
#9552 = CARTESIAN_POINT ( 'NONE',  ( 3.950000000000000200, 0.6999999999999999600, -1.579999999999999800 ) ) ;
#9553 = FACE_OUTER_BOUND ( 'NONE', #6971, .T. ) ;
#9554 = ADVANCED_FACE ( 'NONE', ( #8886 ), #699, .F. ) ;
#9555 =( LENGTH_UNIT ( ) NAMED_UNIT ( * ) SI_UNIT ( .MILLI., .METRE. ) );
#9556 = ORIENTED_EDGE ( 'NONE', *, *, #5795, .T. ) ;
#9557 = EDGE_CURVE ( 'NONE', #681, #1678, #10929, .T. ) ;
#9558 = VERTEX_POINT ( 'NONE', #11132 ) ;
#9559 = CARTESIAN_POINT ( 'NONE',  ( 2.407473224537446800, 1.151386120864346300, 1.659999999999999900 ) ) ;
#9560 = CARTESIAN_POINT ( 'NONE',  ( 1.554153906192529600, 1.274947334263333300, 1.649999999999999900 ) ) ;
#9561 = CARTESIAN_POINT ( 'NONE',  ( 1.654166119638992300, 1.179034005541532500, 1.659999999999999900 ) ) ;
#9562 = FACE_OUTER_BOUND ( 'NONE', #1395, .T. ) ;
#9563 = VERTEX_POINT ( 'NONE', #1575 ) ;
#9564 = STYLED_ITEM ( 'NONE', ( #8154 ), #3432 ) ;
#9565 = VERTEX_POINT ( 'NONE', #6910 ) ;
#9566 = LINE ( 'NONE', #10256, #4073 ) ;
#9567 = LINE ( 'NONE', #10582, #10840 ) ;
#9568 = ORIENTED_EDGE ( 'NONE', *, *, #7441, .F. ) ;
#9569 = CARTESIAN_POINT ( 'NONE',  ( 2.252737597621278500, 1.403266248032198200, 1.649999999999999900 ) ) ;
#9570 = ORIENTED_EDGE ( 'NONE', *, *, #8029, .F. ) ;
#9571 = CARTESIAN_POINT ( 'NONE',  ( 1.731224716223094900, 1.172475771218660200, 1.659999999999999900 ) ) ;
#9572 = DIRECTION ( 'NONE',  ( 2.256792622091522000E-014, -1.000000000000000000, -0.0000000000000000000 ) ) ;
#9573 = CARTESIAN_POINT ( 'NONE',  ( 2.518381827221151800, 1.450541666236338000, 1.659999999999999900 ) ) ;
#9574 = ORIENTED_EDGE ( 'NONE', *, *, #6545, .F. ) ;
#9575 = EDGE_CURVE ( 'NONE', #1746, #1027, #1925, .T. ) ;
#9576 = ADVANCED_FACE ( 'NONE', ( #10367 ), #11172, .F. ) ;
#9577 = CARTESIAN_POINT ( 'NONE',  ( 2.506798760291815100, 1.376858034371234000, 1.659999999999999900 ) ) ;
#9578 = PLANE ( 'NONE',  #10406 ) ;
#9579 = MECHANICAL_DESIGN_GEOMETRIC_PRESENTATION_REPRESENTATION (  '', ( #2412 ), #4277 ) ;
#9580 = PLANE ( 'NONE',  #5799 ) ;
#9581 = CARTESIAN_POINT ( 'NONE',  ( -3.349999999999999200, 0.7000000000000000700, 0.0000000000000000000 ) ) ;
#9582 = CARTESIAN_POINT ( 'NONE',  ( 2.652928139005744900, 1.222122407455068900, 1.649999999999999900 ) ) ;
#9583 = CARTESIAN_POINT ( 'NONE',  ( 2.707218238964867100, 1.222358195076769900, 1.659999999999999900 ) ) ;
#9584 = ORIENTED_EDGE ( 'NONE', *, *, #8969, .F. ) ;
#9585 = CARTESIAN_POINT ( 'NONE',  ( 2.253769168466997400, 1.460975268508318600, 1.659999999999999900 ) ) ;
#9586 = EDGE_CURVE ( 'NONE', #9431, #6091, #4470, .T. ) ;
#9587 = PLANE ( 'NONE',  #4310 ) ;
#9588 = DIRECTION ( 'NONE',  ( 0.0000000000000000000, 0.0000000000000000000, -1.000000000000000000 ) ) ;
#9589 = ORIENTED_EDGE ( 'NONE', *, *, #5904, .T. ) ;
#9590 = CARTESIAN_POINT ( 'NONE',  ( 2.582309746226657300, 1.461270003036230700, 1.659999999999999900 ) ) ;
#9591 = EDGE_CURVE ( 'NONE', #9558, #6905, #2727, .T. ) ;
#9592 = VERTEX_POINT ( 'NONE', #7765 ) ;
#9593 = CARTESIAN_POINT ( 'NONE',  ( 2.506798760291815100, 1.460739480886619200, 1.659999999999999900 ) ) ;
#9594 = LINE ( 'NONE', #11229, #9194 ) ;
#9595 = CARTESIAN_POINT ( 'NONE',  ( 2.361406217895695400, 1.425842912835049800, 1.649999999999999900 ) ) ;
#9596 = DIRECTION ( 'NONE',  ( 0.0000000000000000000, 0.0000000000000000000, 1.000000000000000000 ) ) ;
#9597 = CARTESIAN_POINT ( 'NONE',  ( 1.997650683197032900, 1.355285008919082900, 1.659999999999999900 ) ) ;
#9598 = ORIENTED_EDGE ( 'NONE', *, *, #6154, .T. ) ;
#9599 = CARTESIAN_POINT ( 'NONE',  ( 2.252737597621278500, 1.403266248032198200, 1.659999999999999900 ) ) ;
#9600 = EDGE_CURVE ( 'NONE', #9460, #3361, #3383, .T. ) ;
#9601 = DIRECTION ( 'NONE',  ( 1.000000000000000000, 0.0000000000000000000, 0.0000000000000000000 ) ) ;
#9602 = LINE ( 'NONE', #285, #10274 ) ;
#9603 = STYLED_ITEM ( 'NONE', ( #7307 ), #1301 ) ;
#9604 = CARTESIAN_POINT ( 'NONE',  ( 2.299158285695976900, 1.219116115275255400, 1.649999999999999900 ) ) ;
#9605 = ORIENTED_EDGE ( 'NONE', *, *, #5403, .T. ) ;
#9606 =( GEOMETRIC_REPRESENTATION_CONTEXT ( 3 ) GLOBAL_UNCERTAINTY_ASSIGNED_CONTEXT ( ( #5659 ) ) GLOBAL_UNIT_ASSIGNED_CONTEXT ( ( #4059, #2376, #5907 ) ) REPRESENTATION_CONTEXT ( 'NONE', 'WORKASPACE' ) );
#9607 = CARTESIAN_POINT ( 'NONE',  ( 2.495893582775650500, 1.451897445062682300, 1.659999999999999900 ) ) ;
#9608 = ADVANCED_FACE ( 'NONE', ( #9553 ), #693, .T. ) ;
#9609 = EDGE_LOOP ( 'NONE', ( #6556, #5137, #6396, #1477 ) ) ;
#9610 = DIRECTION ( 'NONE',  ( -0.0000000000000000000, -0.0000000000000000000, -1.000000000000000000 ) ) ;
#9611 = VECTOR ( 'NONE', #4392, 999.9999999999998900 ) ;
#9612 = ORIENTED_EDGE ( 'NONE', *, *, #10625, .F. ) ;
#9613 = DIRECTION ( 'NONE',  ( 1.000000000000000000, 0.0000000000000000000, 0.0000000000000000000 ) ) ;
#9614 = EDGE_CURVE ( 'NONE', #4993, #725, #4711, .T. ) ;
#9615 = EDGE_CURVE ( 'NONE', #2478, #7748, #5759, .T. ) ;
#9616 = FACE_OUTER_BOUND ( 'NONE', #5834, .T. ) ;
#9617 = DIRECTION ( 'NONE',  ( 1.000000000000000000, 0.0000000000000000000, 0.0000000000000000000 ) ) ;
#9618 = ORIENTED_EDGE ( 'NONE', *, *, #8673, .T. ) ;
#9619 = FACE_OUTER_BOUND ( 'NONE', #138, .T. ) ;
#9620 = CARTESIAN_POINT ( 'NONE',  ( 2.334614849349471800, 1.228488673248018700, 1.659999999999999900 ) ) ;
#9621 =( LENGTH_UNIT ( ) NAMED_UNIT ( * ) SI_UNIT ( .MILLI., .METRE. ) );
#9622 = SURFACE_STYLE_FILL_AREA ( #7736 ) ;
#9623 = CARTESIAN_POINT ( 'NONE',  ( 1.804184459354364100, 1.506942875942944800, 1.659999999999999900 ) ) ;
#9624 = DIRECTION ( 'NONE',  ( 0.0000000000000000000, 0.0000000000000000000, 1.000000000000000000 ) ) ;
#9625 =( NAMED_UNIT ( * ) SI_UNIT ( $, .STERADIAN. ) SOLID_ANGLE_UNIT ( ) );
#9626 = CARTESIAN_POINT ( 'NONE',  ( 2.718889726251553900, 1.293094481667487600, 1.659999999999999900 ) ) ;
#9627 = B_SPLINE_CURVE_WITH_KNOTS ( 'NONE', 3,
 ( #8666, #8739, #2640, #4204 ),
 .UNSPECIFIED., .F., .F.,
 ( 4, 4 ),
 ( 4.000000000000000000, 5.000000000000000000 ),
 .UNSPECIFIED. ) ;
#9628 = ORIENTED_EDGE ( 'NONE', *, *, #6817, .F. ) ;
#9629 = VECTOR ( 'NONE', #5106, 1000.000000000000000 ) ;
#9630 = EDGE_CURVE ( 'NONE', #5340, #2610, #5511, .T. ) ;
#9631 = CARTESIAN_POINT ( 'NONE',  ( 2.349204208458616400, 1.233381266403778900, 1.649999999999999900 ) ) ;
#9632 = PLANE ( 'NONE',  #7654 ) ;
#9633 = ADVANCED_FACE ( 'NONE', ( #8351 ), #9578, .T. ) ;
#9634 = DIRECTION ( 'NONE',  ( -0.0000000000000000000, -0.0000000000000000000, -1.000000000000000000 ) ) ;
#9635 = EDGE_LOOP ( 'NONE', ( #11092, #1589, #8609, #4213 ) ) ;
#9636 = PRESENTATION_STYLE_ASSIGNMENT (( #8833 ) ) ;
#9637 = LINE ( 'NONE', #198, #6782 ) ;
#9638 = CARTESIAN_POINT ( 'NONE',  ( 2.625075726161089800, 1.293094481667487600, 1.659999999999999900 ) ) ;
#9639 = EDGE_LOOP ( 'NONE', ( #491, #5763, #3777, #4101 ) ) ;
#9640 = VERTEX_POINT ( 'NONE', #9711 ) ;
#9641 = CARTESIAN_POINT ( 'NONE',  ( 1.554153906192529600, 1.307738224431207900, 1.649999999999999900 ) ) ;
#9642 = ORIENTED_EDGE ( 'NONE', *, *, #9421, .T. ) ;
#9643 = CARTESIAN_POINT ( 'NONE',  ( 1.814021717023177400, 1.213464446471775200, 1.659999999999999900 ) ) ;
#9644 = DIRECTION ( 'NONE',  ( -0.0000000000000000000, -1.000000000000000000, -0.0000000000000000000 ) ) ;
#9645 = VECTOR ( 'NONE', #1948, 1000.000000000000000 ) ;
#9646 = CIRCLE ( 'NONE', #9884, 0.2000000000000000900 ) ;
#9647 = DIRECTION ( 'NONE',  ( 0.0000000000000000000, 0.0000000000000000000, 1.000000000000000000 ) ) ;
#9648 = VECTOR ( 'NONE', #9916, 1000.000000000000000 ) ;
#9649 = AXIS2_PLACEMENT_3D ( 'NONE', #2798, #7057, #8922 ) ;
#9650 = ORIENTED_EDGE ( 'NONE', *, *, #7426, .F. ) ;
#9651 = VERTEX_POINT ( 'NONE', #2773 ) ;
#9652 = DIRECTION ( 'NONE',  ( 0.1736481776669307200, 0.0000000000000000000, -0.9848077530122080200 ) ) ;
#9653 = LINE ( 'NONE', #1585, #7905 ) ;
#9654 = CARTESIAN_POINT ( 'NONE',  ( 2.333259070523130400, 1.232850744254171800, 1.659999999999999900 ) ) ;
#9655 = ORIENTED_EDGE ( 'NONE', *, *, #456, .F. ) ;
#9656 = CARTESIAN_POINT ( 'NONE',  ( 2.562827793961756800, 1.405270442818999500, 1.649999999999999900 ) ) ;
#9657 = CARTESIAN_POINT ( 'NONE',  ( 2.026342712093334600, 1.326592980022779800, 1.649999999999999900 ) ) ;
#9658 = ORIENTED_EDGE ( 'NONE', *, *, #706, .F. ) ;
#9659 = VECTOR ( 'NONE', #8046, 1000.000000000000000 ) ;
#9660 = EDGE_LOOP ( 'NONE', ( #2663, #3032, #8993, #9902 ) ) ;
#9661 = DIRECTION ( 'NONE',  ( 0.0000000000000000000, 0.0000000000000000000, 1.000000000000000000 ) ) ;
#9662 = ORIENTED_EDGE ( 'NONE', *, *, #3832, .T. ) ;
#9663 = EDGE_CURVE ( 'NONE', #8478, #7931, #6829, .T. ) ;
#9664 = PRESENTATION_STYLE_ASSIGNMENT (( #399 ) ) ;
#9665 = AXIS2_PLACEMENT_3D ( 'NONE', #2116, #6486, #7383 ) ;
#9666 = LINE ( 'NONE', #6480, #6947 ) ;
#9667 = VERTEX_POINT ( 'NONE', #2673 ) ;
#9668 = UNCERTAINTY_MEASURE_WITH_UNIT (LENGTH_MEASURE( 1.000000000000000100E-005 ), #5692, 'distance_accuracy_value', 'NONE');
#9669 = CARTESIAN_POINT ( 'NONE',  ( 1.687776808641531200, 1.391355031883523100, 1.659999999999999900 ) ) ;
#9670 = VECTOR ( 'NONE', #1109, 1000.000000000000200 ) ;
#9671 = CARTESIAN_POINT ( 'NONE',  ( 2.506798760291815100, 1.376858034371234000, 1.659999999999999900 ) ) ;
#9672 = ORIENTED_EDGE ( 'NONE', *, *, #9557, .T. ) ;
#9673 = VECTOR ( 'NONE', #1821, 1000.000000000000000 ) ;
#9674 = CARTESIAN_POINT ( 'NONE',  ( 2.625075726161089800, 1.293094481667487600, 1.649999999999999900 ) ) ;
#9675 = ORIENTED_EDGE ( 'NONE', *, *, #6302, .F. ) ;
#9676 = EDGE_CURVE ( 'NONE', #9141, #2394, #379, .T. ) ;
#9677 = EDGE_CURVE ( 'NONE', #5844, #7332, #7800, .T. ) ;
#9678 = CARTESIAN_POINT ( 'NONE',  ( -3.650000000000000400, 0.6999999999999999600, -0.2000000000000000100 ) ) ;
#9679 =( NAMED_UNIT ( * ) PLANE_ANGLE_UNIT ( ) SI_UNIT ( $, .RADIAN. ) );
#9680 = LINE ( 'NONE', #9205, #2725 ) ;
#9681 = DIRECTION ( 'NONE',  ( 0.0000000000000000000, 0.0000000000000000000, 1.000000000000000000 ) ) ;
#9682 = ORIENTED_EDGE ( 'NONE', *, *, #1362, .F. ) ;
#9683 = EDGE_LOOP ( 'NONE', ( #11106, #7401, #2532, #2778 ) ) ;
#9684 = ORIENTED_EDGE ( 'NONE', *, *, #9480, .F. ) ;
#9685 = CARTESIAN_POINT ( 'NONE',  ( 2.186481275847953500, 1.476006729408933600, 1.659999999999999900 ) ) ;
#9686 = EDGE_LOOP ( 'NONE', ( #10688, #10909, #9913, #7280 ) ) ;
#9687 = ADVANCED_FACE ( 'NONE', ( #5720 ), #7909, .F. ) ;
#9688 = CARTESIAN_POINT ( 'NONE',  ( 2.232400915226536100, 1.360706582266758800, 1.659999999999999900 ) ) ;
#9689 = CARTESIAN_POINT ( 'NONE',  ( 2.402109056137896800, 1.151916643013957600, 1.659999999999999900 ) ) ;
#9690 = EDGE_LOOP ( 'NONE', ( #7254, #1393, #3967, #8380 ) ) ;
#9691 = ORIENTED_EDGE ( 'NONE', *, *, #1935, .F. ) ;
#9692 = EDGE_CURVE ( 'NONE', #7870, #11057, #460, .T. ) ;
#9693 = VECTOR ( 'NONE', #2307, 1000.000000000000000 ) ;
#9694 = ORIENTED_EDGE ( 'NONE', *, *, #488, .F. ) ;
#9695 = ORIENTED_EDGE ( 'NONE', *, *, #4097, .T. ) ;
#9696 = CARTESIAN_POINT ( 'NONE',  ( 2.237116667665630200, 1.398904177025259300, 1.649999999999999900 ) ) ;
#9697 = CARTESIAN_POINT ( 'NONE',  ( 2.333170650164992000, 1.180682732894274600, 1.659999999999999900 ) ) ;
#9698 = B_SPLINE_CURVE_WITH_KNOTS ( 'NONE', 3,
 ( #7770, #10298, #3371, #11177 ),
 .UNSPECIFIED., .F., .F.,
 ( 4, 4 ),
 ( 9.000000000000000000, 10.00000000000000000 ),
 .UNSPECIFIED. ) ;
#9699 = CARTESIAN_POINT ( 'NONE',  ( 2.356926253078302800, 1.187638467742258500, 1.659999999999999900 ) ) ;
#9700 = ORIENTED_EDGE ( 'NONE', *, *, #5566, .F. ) ;
#9701 = CARTESIAN_POINT ( 'NONE',  ( 1.841074195156718400, 1.457756540691922400, 1.659999999999999900 ) ) ;
#9702 = CARTESIAN_POINT ( 'NONE',  ( 2.307145591390069600, 1.477951977290310700, 1.649999999999999900 ) ) ;
#9703 = VECTOR ( 'NONE', #5730, 1000.000000000000000 ) ;
#9704 = DIRECTION ( 'NONE',  ( 1.000000000000000000, 0.0000000000000000000, 0.0000000000000000000 ) ) ;
#9705 = DIRECTION ( 'NONE',  ( 0.0000000000000000000, 0.0000000000000000000, -1.000000000000000000 ) ) ;
#9706 = CARTESIAN_POINT ( 'NONE',  ( 2.407473224537446800, 1.151386120864346300, 1.659999999999999900 ) ) ;
#9707 = CARTESIAN_POINT ( 'NONE',  ( 1.763195831009000100, 1.222481897486788400, 1.659999999999999900 ) ) ;
#9708 = EDGE_LOOP ( 'NONE', ( #9432, #9829, #2953, #1496 ) ) ;
#9709 = CARTESIAN_POINT ( 'NONE',  ( 2.574705595419001500, 1.293094481667487600, 1.659999999999999900 ) ) ;
#9710 = ORIENTED_EDGE ( 'NONE', *, *, #1201, .T. ) ;
#9711 = CARTESIAN_POINT ( 'NONE',  ( 1.588584339304816200, 1.218383067487831500, 1.659999999999999900 ) ) ;
#9712 = LINE ( 'NONE', #6420, #2090 ) ;
#9713 = MECHANICAL_DESIGN_GEOMETRIC_PRESENTATION_REPRESENTATION (  '', ( #739 ), #5021 ) ;
#9714 = DIRECTION ( 'NONE',  ( -1.000000000000000000, 0.0000000000000000000, 0.0000000000000000000 ) ) ;
#9715 =( LENGTH_UNIT ( ) NAMED_UNIT ( * ) SI_UNIT ( .MILLI., .METRE. ) );
#9716 = ORIENTED_EDGE ( 'NONE', *, *, #2392, .T. ) ;
#9717 = CARTESIAN_POINT ( 'NONE',  ( 2.306143493996669800, 1.464512082837735600, 1.649999999999999900 ) ) ;
#9718 = ORIENTED_EDGE ( 'NONE', *, *, #9024, .T. ) ;
#9719 = CARTESIAN_POINT ( 'NONE',  ( 2.348703159762112000, 1.259848426970168600, 1.649999999999999900 ) ) ;
#9720 = FACE_OUTER_BOUND ( 'NONE', #8210, .T. ) ;
#9721 = DIRECTION ( 'NONE',  ( 0.0000000000000000000, -1.000000000000000000, 0.0000000000000000000 ) ) ;
#9722 = EDGE_CURVE ( 'NONE', #7222, #2680, #1246, .T. ) ;
#9723 = CARTESIAN_POINT ( 'NONE',  ( -1.399999999999999700, -1.399999999999999900, -1.779999999999999800 ) ) ;
#9724 = ORIENTED_EDGE ( 'NONE', *, *, #352, .F. ) ;
#9725 = UNCERTAINTY_MEASURE_WITH_UNIT (LENGTH_MEASURE( 1.000000000000000100E-005 ), #10701, 'distance_accuracy_value', 'NONE');
#9726 = CARTESIAN_POINT ( 'NONE',  ( 2.259221757225081900, 1.178030122147011500, 1.659999999999999900 ) ) ;
#9727 = ORIENTED_EDGE ( 'NONE', *, *, #11217, .F. ) ;
#9728 = PRESENTATION_LAYER_ASSIGNMENT (  '', '', ( #7934 ) ) ;
#9729 = CARTESIAN_POINT ( 'NONE',  ( 2.505796662898825300, 1.279831427931971400, 1.649999999999999900 ) ) ;
#9730 = CARTESIAN_POINT ( 'NONE',  ( 1.699253601437190200, 1.204446901640478000, 1.649999999999999900 ) ) ;
#9731 = CARTESIAN_POINT ( 'NONE',  ( 2.066511565057126200, 1.235598272317037100, 1.649999999999999900 ) ) ;
#9732 = VECTOR ( 'NONE', #1988, 1000.000000000000000 ) ;
#9733 = CARTESIAN_POINT ( 'NONE',  ( 2.552924713839388500, 1.177794334525312100, 1.649999999999999900 ) ) ;
#9734 = FACE_OUTER_BOUND ( 'NONE', #602, .T. ) ;
#9735 = VERTEX_POINT ( 'NONE', #10586 ) ;
#9736 = CARTESIAN_POINT ( 'NONE',  ( 1.605799583223415500, 1.309377806465408000, 1.649999999999999900 ) ) ;
#9737 = CARTESIAN_POINT ( 'NONE',  ( 2.431022513281774400, 1.147790359629502700, 1.649999999999999900 ) ) ;
#9738 = ORIENTED_EDGE ( 'NONE', *, *, #3956, .F. ) ;
#9739 = FILL_AREA_STYLE ('',( #2870 ) ) ;
#9740 = EDGE_CURVE ( 'NONE', #3373, #780, #6131, .T. ) ;
#9741 = EDGE_CURVE ( 'NONE', #5961, #6003, #568, .T. ) ;
#9742 = ADVANCED_FACE ( 'NONE', ( #7933 ), #8743, .T. ) ;
#9743 = AXIS2_PLACEMENT_3D ( 'NONE', #4863, #5832, #598 ) ;
#9744 = CARTESIAN_POINT ( 'NONE',  ( -3.650000000000000400, 0.6999999999999999600, -0.2999999999999999900 ) ) ;
#9745 = ORIENTED_EDGE ( 'NONE', *, *, #2761, .T. ) ;
#9746 = CARTESIAN_POINT ( 'NONE',  ( 2.333259070523128200, 1.245229594407525100, 1.659999999999999900 ) ) ;
#9747 = FILL_AREA_STYLE ('',( #169 ) ) ;
#9748 = LINE ( 'NONE', #1810, #10847 ) ;
#9749 = DIRECTION ( 'NONE',  ( -0.0000000000000000000, -0.0000000000000000000, -1.000000000000000000 ) ) ;
#9750 =( NAMED_UNIT ( * ) PLANE_ANGLE_UNIT ( ) SI_UNIT ( $, .RADIAN. ) );
#9751 = COLOUR_RGB ( '',0.2980392156862745100, 0.2980392156862745100, 0.2980392156862745100 ) ;
#9752 = FACE_OUTER_BOUND ( 'NONE', #10887, .T. ) ;
#9753 = EDGE_CURVE ( 'NONE', #1126, #7674, #6968, .T. ) ;
#9754 = FACE_OUTER_BOUND ( 'NONE', #10277, .T. ) ;
#9755 = CARTESIAN_POINT ( 'NONE',  ( 2.299158285695976900, 1.230139186602273700, 1.659999999999999900 ) ) ;
#9756 = B_SPLINE_CURVE_WITH_KNOTS ( 'NONE', 3,
 ( #2769, #10660, #3704, #5411 ),
 .UNSPECIFIED., .F., .F.,
 ( 4, 4 ),
 ( 2.000000000000000000, 3.000000000000000000 ),
 .UNSPECIFIED. ) ;
#9757 = MECHANICAL_DESIGN_GEOMETRIC_PRESENTATION_REPRESENTATION (  '', ( #3313 ), #8 ) ;
#9758 = CARTESIAN_POINT ( 'NONE',  ( 1.841074195156718400, 1.457756540691922400, 1.649999999999999900 ) ) ;
#9759 = VERTEX_POINT ( 'NONE', #3562 ) ;
#9760 = LINE ( 'NONE', #1592, #4412 ) ;
#9761 = LINE ( 'NONE', #5218, #7472 ) ;
#9762 = PLANE ( 'NONE',  #2269 ) ;
#9763 = CARTESIAN_POINT ( 'NONE',  ( -3.349999999999999200, -1.901519224698779300, 0.0000000000000000000 ) ) ;
#9764 = B_SPLINE_CURVE_WITH_KNOTS ( 'NONE', 3,
 ( #10737, #9106, #9302, #3059 ),
 .UNSPECIFIED., .F., .F.,
 ( 4, 4 ),
 ( 6.000000000000000000, 7.000000000000000000 ),
 .UNSPECIFIED. ) ;
#9765 = EDGE_CURVE ( 'NONE', #10430, #7253, #11178, .T. ) ;
#9766 = EDGE_LOOP ( 'NONE', ( #10810, #8751, #5172, #3524 ) ) ;
#9767 = FACE_OUTER_BOUND ( 'NONE', #5301, .T. ) ;
#9768 = CIRCLE ( 'NONE', #7675, 0.1000000000000000500 ) ;
#9769 = CARTESIAN_POINT ( 'NONE',  ( 1.732044491604669800, 1.123289498511300400, 1.659999999999999900 ) ) ;
#9770 = SURFACE_SIDE_STYLE ('',( #2544 ) ) ;
#9771 = FACE_OUTER_BOUND ( 'NONE', #2464, .T. ) ;
#9772 = ORIENTED_EDGE ( 'NONE', *, *, #4372, .T. ) ;
#9773 = PLANE ( 'NONE',  #5642 ) ;
#9774 = DIRECTION ( 'NONE',  ( -0.9848077530122080200, 0.0000000000000000000, -0.1736481776669305500 ) ) ;
#9775 = ORIENTED_EDGE ( 'NONE', *, *, #8261, .T. ) ;
#9776 =( GEOMETRIC_REPRESENTATION_CONTEXT ( 3 ) GLOBAL_UNCERTAINTY_ASSIGNED_CONTEXT ( ( #8157 ) ) GLOBAL_UNIT_ASSIGNED_CONTEXT ( ( #8071, #10554, #10700 ) ) REPRESENTATION_CONTEXT ( 'NONE', 'WORKASPACE' ) );
#9777 = ORIENTED_EDGE ( 'NONE', *, *, #2519, .F. ) ;
#9778 = DIRECTION ( 'NONE',  ( 0.0000000000000000000, 0.0000000000000000000, -1.000000000000000000 ) ) ;
#9779 = CARTESIAN_POINT ( 'NONE',  ( 1.911574596507741500, 1.228220309520728200, 1.659999999999999900 ) ) ;
#9780 = DIRECTION ( 'NONE',  ( 0.0000000000000000000, -0.0000000000000000000, -1.000000000000000000 ) ) ;
#9781 = VECTOR ( 'NONE', #4587, 1000.000000000000000 ) ;
#9782 = FACE_OUTER_BOUND ( 'NONE', #5623, .T. ) ;
#9783 = CARTESIAN_POINT ( 'NONE',  ( 2.640608235758599200, 1.202964663170001300, 1.659999999999999900 ) ) ;
#9784 = VERTEX_POINT ( 'NONE', #1981 ) ;
#9785 = VERTEX_POINT ( 'NONE', #10552 ) ;
#9786 = CARTESIAN_POINT ( 'NONE',  ( 2.256510199572397300, 1.392302123610610300, 1.649999999999999900 ) ) ;
#9787 = CARTESIAN_POINT ( 'NONE',  ( 1.651706824766879400, 1.440541320226799100, 1.659999999999999900 ) ) ;
#9788 = CARTESIAN_POINT ( 'NONE',  ( 2.000929784722163400, 1.179853765286806900, 1.659999999999999900 ) ) ;
#9789 = CYLINDRICAL_SURFACE ( 'NONE', #4675, 0.1000000000000000500 ) ;
#9790 = ORIENTED_EDGE ( 'NONE', *, *, #4008, .F. ) ;
#9791 = EDGE_CURVE ( 'NONE', #5228, #5820, #1230, .T. ) ;
#9792 = AXIS2_PLACEMENT_3D ( 'NONE', #9709, #203, #9780 ) ;
#9793 = DIRECTION ( 'NONE',  ( 0.0000000000000000000, 0.0000000000000000000, -1.000000000000000000 ) ) ;
#9794 = VECTOR ( 'NONE', #3278, 1000.000000000000000 ) ;
#9795 = ADVANCED_FACE ( 'NONE', ( #7240 ), #7170, .F. ) ;
#9796 = ORIENTED_EDGE ( 'NONE', *, *, #868, .T. ) ;
#9797 = DIRECTION ( 'NONE',  ( -0.0000000000000000000, -0.0000000000000000000, 1.000000000000000000 ) ) ;
#9798 = VERTEX_POINT ( 'NONE', #995 ) ;
#9799 = ORIENTED_EDGE ( 'NONE', *, *, #1163, .T. ) ;
#9800 =( LENGTH_UNIT ( ) NAMED_UNIT ( * ) SI_UNIT ( .MILLI., .METRE. ) );
#9801 = VECTOR ( 'NONE', #3790, 1000.000000000000200 ) ;
#9802 = CARTESIAN_POINT ( 'NONE',  ( 2.274754266822200900, 1.226720266083703300, 1.659999999999999900 ) ) ;
#9803 = CARTESIAN_POINT ( 'NONE',  ( 1.592683224029476400, 1.401192250462541100, 1.659999999999999900 ) ) ;
#9804 = CARTESIAN_POINT ( 'NONE',  ( 2.232400915226536100, 1.373851742191424300, 1.649999999999999900 ) ) ;
#9805 = VERTEX_POINT ( 'NONE', #9783 ) ;
#9806 = EDGE_CURVE ( 'NONE', #9640, #881, #9921, .T. ) ;
#9807 = VERTEX_POINT ( 'NONE', #6284 ) ;
#9808 = AXIS2_PLACEMENT_3D ( 'NONE', #7221, #7258, #8141 ) ;
#9809 = VECTOR ( 'NONE', #8021, 1000.000000000000000 ) ;
#9810 = ORIENTED_EDGE ( 'NONE', *, *, #3969, .T. ) ;
#9811 = CARTESIAN_POINT ( 'NONE',  ( 2.263613301684340900, 1.246939054667203900, 1.649999999999999900 ) ) ;
#9812 = DIRECTION ( 'NONE',  ( 0.0000000000000000000, 0.0000000000000000000, 1.000000000000000000 ) ) ;
#9813 = ORIENTED_EDGE ( 'NONE', *, *, #2899, .F. ) ;
#9814 = CARTESIAN_POINT ( 'NONE',  ( 2.574499281249226900, 1.476006729408936700, 1.659999999999999900 ) ) ;
#9815 = CARTESIAN_POINT ( 'NONE',  ( 2.582309746226657300, 1.461270003036230700, 1.659999999999999900 ) ) ;
#9816 = COLOUR_RGB ( '',0.2980392156862745100, 0.2980392156862745100, 0.2980392156862745100 ) ;
#9817 = VERTEX_POINT ( 'NONE', #10230 ) ;
#9818 = CARTESIAN_POINT ( 'NONE',  ( 2.356926253078302800, 1.187638467742258500, 1.649999999999999900 ) ) ;
#9819 = ORIENTED_EDGE ( 'NONE', *, *, #2611, .F. ) ;
#9820 = ORIENTED_EDGE ( 'NONE', *, *, #6436, .T. ) ;
#9821 = EDGE_CURVE ( 'NONE', #920, #7695, #7463, .T. ) ;
#9822 = ORIENTED_EDGE ( 'NONE', *, *, #1017, .F. ) ;
#9823 = EDGE_CURVE ( 'NONE', #1465, #9133, #10903, .T. ) ;
#9824 = VERTEX_POINT ( 'NONE', #2354 ) ;
#9825 = CARTESIAN_POINT ( 'NONE',  ( 2.237116667665630200, 1.416175620334375400, 1.659999999999999900 ) ) ;
#9826 = SURFACE_SIDE_STYLE ('',( #2975 ) ) ;
#9827 = CARTESIAN_POINT ( 'NONE',  ( 2.975150518713304900, -1.625150518713304200, 1.550000000000000000 ) ) ;
#9828 = CARTESIAN_POINT ( 'NONE',  ( 2.652928139005744900, 1.236505452395225900, 1.659999999999999900 ) ) ;
#9829 = ORIENTED_EDGE ( 'NONE', *, *, #5886, .F. ) ;
#9830 = CARTESIAN_POINT ( 'NONE',  ( 2.186481275847953500, 1.242930665093599200, 1.659999999999999900 ) ) ;
#9831 = DIRECTION ( 'NONE',  ( 0.0000000000000000000, -1.000000000000000000, 0.0000000000000000000 ) ) ;
#9832 = DIRECTION ( 'NONE',  ( -0.0000000000000000000, 1.000000000000000000, -0.0000000000000000000 ) ) ;
#9833 = CARTESIAN_POINT ( 'NONE',  ( 2.373961908765329600, 1.198779432880120500, 1.649999999999999900 ) ) ;
#9834 = DIRECTION ( 'NONE',  ( -0.1710878697460357100, -0.1710878697460360700, -0.9702875252478139200 ) ) ;
#9835 = CARTESIAN_POINT ( 'NONE',  ( 2.607597968682981500, 1.293094481667487600, 1.659999999999999900 ) ) ;
#9836 = EDGE_CURVE ( 'NONE', #10881, #10718, #1626, .T. ) ;
#9837 = ORIENTED_EDGE ( 'NONE', *, *, #5635, .F. ) ;
#9838 = FACE_OUTER_BOUND ( 'NONE', #6452, .T. ) ;
#9839 = CARTESIAN_POINT ( 'NONE',  ( 2.975150518713304500, 0.0000000000000000000, 1.649999999999999900 ) ) ;
#9840 = DIRECTION ( 'NONE',  ( 0.0000000000000000000, 0.0000000000000000000, -1.000000000000000000 ) ) ;
#9841 = AXIS2_PLACEMENT_3D ( 'NONE', #2877, #8994, #4772 ) ;
#9842 = VERTEX_POINT ( 'NONE', #6697 ) ;
#9843 = CARTESIAN_POINT ( 'NONE',  ( 2.422268897815973400, 1.162998661246394100, 1.659999999999999900 ) ) ;
#9844 = DIRECTION ( 'NONE',  ( -1.000000000000000000, 0.0000000000000000000, 0.0000000000000000000 ) ) ;
#9845 = EDGE_LOOP ( 'NONE', ( #1542, #250, #6144, #1366, #972, #7397, #8835, #8165 ) ) ;
#9846 = CARTESIAN_POINT ( 'NONE',  ( 2.256539673025503400, 1.224185549147294400, 1.649999999999999900 ) ) ;
#9847 = ADVANCED_FACE ( 'NONE', ( #10618 ), #2388, .F. ) ;
#9848 = SURFACE_STYLE_USAGE ( .BOTH. , #2874 ) ;
#9849 = FACE_OUTER_BOUND ( 'NONE', #6036, .T. ) ;
#9850 = CARTESIAN_POINT ( 'NONE',  ( 1.500000000000000900, -1.399999999999999700, -1.750000000000000000 ) ) ;
#9851 = ORIENTED_EDGE ( 'NONE', *, *, #2458, .T. ) ;
#9852 = FILL_AREA_STYLE_COLOUR ( '', #4991 ) ;
#9853 = AXIS2_PLACEMENT_3D ( 'NONE', #7684, #630, #9341 ) ;
#9854 = LINE ( 'NONE', #6909, #1967 ) ;
#9855 = SURFACE_SIDE_STYLE ('',( #4265 ) ) ;
#9856 = EDGE_LOOP ( 'NONE', ( #5758, #1247, #6412, #8883 ) ) ;
#9857 = UNCERTAINTY_MEASURE_WITH_UNIT (LENGTH_MEASURE( 1.000000000000000100E-005 ), #7322, 'distance_accuracy_value', 'NONE');
#9858 = CARTESIAN_POINT ( 'NONE',  ( -3.235798399904419800, 1.787317624603199400, 0.6476694583933099200 ) ) ;
#9859 = ORIENTED_EDGE ( 'NONE', *, *, #7304, .T. ) ;
#9860 = CARTESIAN_POINT ( 'NONE',  ( 2.726700191229772600, 1.278357755293995100, 1.659999999999999900 ) ) ;
#9861 = CARTESIAN_POINT ( 'NONE',  ( 2.405911131542119600, 1.462743675673420200, 1.649999999999999900 ) ) ;
#9862 = ORIENTED_EDGE ( 'NONE', *, *, #5232, .T. ) ;
#9863 = EDGE_CURVE ( 'NONE', #2066, #9297, #6539, .T. ) ;
#9864 =( NAMED_UNIT ( * ) SI_UNIT ( $, .STERADIAN. ) SOLID_ANGLE_UNIT ( ) );
#9865 = LINE ( 'NONE', #6439, #7715 ) ;
#9866 = DIRECTION ( 'NONE',  ( 7.051575668943865100E-014, -1.000000000000000000, 0.0000000000000000000 ) ) ;
#9867 = CARTESIAN_POINT ( 'NONE',  ( 2.262080682141720500, 1.201019415288620700, 1.649999999999999900 ) ) ;
#9868 = STYLED_ITEM ( 'NONE', ( #4971 ), #746 ) ;
#9869 = CARTESIAN_POINT ( 'NONE',  ( 2.273133226921448800, 1.215579300945054200, 1.649999999999999900 ) ) ;
#9870 = PLANE ( 'NONE',  #9665 ) ;
#9871 = VECTOR ( 'NONE', #403, 1000.000000000000000 ) ;
#9872 = FILL_AREA_STYLE ('',( #3766 ) ) ;
#9873 = DIRECTION ( 'NONE',  ( -0.0000000000000000000, -1.000000000000000000, -0.0000000000000000000 ) ) ;
#9874 = CARTESIAN_POINT ( 'NONE',  ( 2.524188097411783600, 1.419830328475432600, 1.659999999999999900 ) ) ;
#9875 = CYLINDRICAL_SURFACE ( 'NONE', #839, 0.1000000000000000500 ) ;
#9876 =( LENGTH_UNIT ( ) NAMED_UNIT ( * ) SI_UNIT ( .MILLI., .METRE. ) );
#9877 = LINE ( 'NONE', #8643, #7035 ) ;
#9878 = VERTEX_POINT ( 'NONE', #8423 ) ;
#9879 = DIRECTION ( 'NONE',  ( -1.000000000000000000, -0.0000000000000000000, -0.0000000000000000000 ) ) ;
#9880 = VECTOR ( 'NONE', #6010, 1000.000000000000000 ) ;
#9881 = VECTOR ( 'NONE', #862, 1000.000000000000000 ) ;
#9882 = EDGE_CURVE ( 'NONE', #9959, #2452, #2328, .T. ) ;
#9883 = EDGE_CURVE ( 'NONE', #4380, #10252, #2983, .T. ) ;
#9884 = AXIS2_PLACEMENT_3D ( 'NONE', #2996, #2214, #9109 ) ;
#9885 = DIRECTION ( 'NONE',  ( -7.051575668943863800E-014, 1.000000000000000000, -0.0000000000000000000 ) ) ;
#9886 = PRESENTATION_STYLE_ASSIGNMENT (( #11050 ) ) ;
#9887 =( GEOMETRIC_REPRESENTATION_CONTEXT ( 3 ) GLOBAL_UNCERTAINTY_ASSIGNED_CONTEXT ( ( #10249 ) ) GLOBAL_UNIT_ASSIGNED_CONTEXT ( ( #2425, #5138, #10307 ) ) REPRESENTATION_CONTEXT ( 'NONE', 'WORKASPACE' ) );
#9888 = CARTESIAN_POINT ( 'NONE',  ( 2.724460208820486800, 1.270282029242152600, 1.649999999999999900 ) ) ;
#9889 = CARTESIAN_POINT ( 'NONE',  ( 1.900097803712475600, 1.202807382149946300, 1.659999999999999900 ) ) ;
#9890 = ORIENTED_EDGE ( 'NONE', *, *, #5929, .F. ) ;
#9891 = FACE_OUTER_BOUND ( 'NONE', #10236, .T. ) ;
#9892 = VECTOR ( 'NONE', #3020, 1000.000000000000100 ) ;
#9893 = UNCERTAINTY_MEASURE_WITH_UNIT (LENGTH_MEASURE( 1.000000000000000100E-005 ), #6055, 'distance_accuracy_value', 'NONE');
#9894 = LINE ( 'NONE', #749, #7605 ) ;
#9895 = CARTESIAN_POINT ( 'NONE',  ( 1.731224716223094900, 1.236418032062303100, 1.649999999999999900 ) ) ;
#9896 = FILL_AREA_STYLE_COLOUR ( '', #7618 ) ;
#9897 = SURFACE_SIDE_STYLE ('',( #6209 ) ) ;
#9898 = LINE ( 'NONE', #666, #1179 ) ;
#9899 = FILL_AREA_STYLE ('',( #2100 ) ) ;
#9900 = DIRECTION ( 'NONE',  ( -0.0000000000000000000, -1.000000000000000000, -0.0000000000000000000 ) ) ;
#9901 =( LENGTH_UNIT ( ) NAMED_UNIT ( * ) SI_UNIT ( .MILLI., .METRE. ) );
#9902 = ORIENTED_EDGE ( 'NONE', *, *, #10483, .T. ) ;
#9903 = VECTOR ( 'NONE', #3945, 1000.000000000000000 ) ;
#9904 = CARTESIAN_POINT ( 'NONE',  ( 2.251912340944150600, 1.374500158151882500, 1.659999999999999900 ) ) ;
#9905 = EDGE_CURVE ( 'NONE', #7655, #6607, #5599, .T. ) ;
#9906 = SURFACE_STYLE_FILL_AREA ( #47 ) ;
#9907 = CARTESIAN_POINT ( 'NONE',  ( 2.299158285695976900, 1.211217229938904100, 1.659999999999999900 ) ) ;
#9908 = ORIENTED_EDGE ( 'NONE', *, *, #6465, .F. ) ;
#9909 = ADVANCED_FACE ( 'NONE', ( #10225 ), #11042, .T. ) ;
#9910 = ORIENTED_EDGE ( 'NONE', *, *, #10832, .T. ) ;
#9911 = FILL_AREA_STYLE_COLOUR ( '', #5641 ) ;
#9912 = DIRECTION ( 'NONE',  ( -0.0000000000000000000, 1.000000000000000000, -0.0000000000000000000 ) ) ;
#9913 = ORIENTED_EDGE ( 'NONE', *, *, #868, .F. ) ;
#9914 = PRESENTATION_LAYER_ASSIGNMENT (  '', '', ( #3468 ) ) ;
#9915 = SURFACE_STYLE_USAGE ( .BOTH. , #9129 ) ;
#9916 = DIRECTION ( 'NONE',  ( 0.0000000000000000000, 0.0000000000000000000, 1.000000000000000000 ) ) ;
#9917 = PLANE ( 'NONE',  #3284 ) ;
#9918 = CARTESIAN_POINT ( 'NONE',  ( 2.273545855259814000, 1.175849086643933900, 1.659999999999999900 ) ) ;
#9919 = LINE ( 'NONE', #6321, #6792 ) ;
#9920 = CARTESIAN_POINT ( 'NONE',  ( 2.281474214048492000, 1.372024388120897300, 1.659999999999999900 ) ) ;
#9921 = B_SPLINE_CURVE_WITH_KNOTS ( 'NONE', 3,
 ( #3676, #4537, #5415, #7659 ),
 .UNSPECIFIED., .F., .F.,
 ( 4, 4 ),
 ( 8.000000000000000000, 9.000000000000000000 ),
 .UNSPECIFIED. ) ;
#9922 = FILL_AREA_STYLE ('',( #6337 ) ) ;
#9923 = ORIENTED_EDGE ( 'NONE', *, *, #1657, .T. ) ;
#9924 = ORIENTED_EDGE ( 'NONE', *, *, #1311, .T. ) ;
#9925 = B_SPLINE_SURFACE_WITH_KNOTS ( 'NONE', 3, 1, ( 
 ( #7048, #1846 ),
 ( #5356, #6265 ),
 ( #1046, #8914 ),
 ( #2986, #4605 ) ),
 .UNSPECIFIED., .F., .F., .F.,
 ( 4, 4 ),
 ( 2, 2 ),
 ( 11.00000000000000000, 12.00000000000000000 ),
 ( 0.0000000000000000000, 1.000000000000000000 ),
 .UNSPECIFIED. ) ;
#9926 = EDGE_LOOP ( 'NONE', ( #11239, #2721, #6796, #3001 ) ) ;
#9927 = CARTESIAN_POINT ( 'NONE',  ( 2.299158285695976900, 1.243579081054058300, 1.659999999999999900 ) ) ;
#9928 = CARTESIAN_POINT ( 'NONE',  ( 2.388787055496564000, 1.192648954708865200, 1.649999999999999900 ) ) ;
#9929 = LINE ( 'NONE', #3388, #7634 ) ;
#9930 = LINE ( 'NONE', #2513, #2315 ) ;
#9931 = EDGE_LOOP ( 'NONE', ( #2077, #9423, #7242, #1816 ) ) ;
#9932 = DIRECTION ( 'NONE',  ( 0.0000000000000000000, -1.000000000000000000, 0.0000000000000000000 ) ) ;
#9933 = DIRECTION ( 'NONE',  ( -0.0000000000000000000, -1.000000000000000000, -0.0000000000000000000 ) ) ;
#9934 = VECTOR ( 'NONE', #9971, 1000.000000000000000 ) ;
#9935 = VECTOR ( 'NONE', #8309, 1000.000000000000000 ) ;
#9936 = VERTEX_POINT ( 'NONE', #1547 ) ;
#9937 = LINE ( 'NONE', #4724, #4604 ) ;
#9938 = DIRECTION ( 'NONE',  ( -0.0000000000000000000, -0.0000000000000000000, -1.000000000000000000 ) ) ;
#9939 = ORIENTED_EDGE ( 'NONE', *, *, #572, .F. ) ;
#9940 = SURFACE_STYLE_USAGE ( .BOTH. , #2883 ) ;
#9941 = CARTESIAN_POINT ( 'NONE',  ( -3.650000000000000400, -0.6999999999999999600, -5.421010862427522200E-017 ) ) ;
#9942 = EDGE_CURVE ( 'NONE', #2574, #10130, #17, .T. ) ;
#9943 = DIRECTION ( 'NONE',  ( -0.0000000000000000000, -0.0000000000000000000, -1.000000000000000000 ) ) ;
#9944 = B_SPLINE_SURFACE_WITH_KNOTS ( 'NONE', 3, 1, ( 
 ( #880, #10522 ),
 ( #8814, #10414 ),
 ( #6994, #2709 ),
 ( #5162, #4390 ) ),
 .UNSPECIFIED., .F., .F., .F.,
 ( 4, 4 ),
 ( 2, 2 ),
 ( 3.000000000000000000, 4.000000000000000000 ),
 ( 0.0000000000000000000, 1.000000000000000000 ),
 .UNSPECIFIED. ) ;
#9945 = VECTOR ( 'NONE', #3195, 1000.000000000000000 ) ;
#9946 = EDGE_CURVE ( 'NONE', #8359, #10539, #5276, .T. ) ;
#9947 = CARTESIAN_POINT ( 'NONE',  ( 1.900097803712475600, 1.202807382149946300, 1.659999999999999900 ) ) ;
#9948 = VECTOR ( 'NONE', #7681, 1000.000000000000000 ) ;
#9949 = STYLED_ITEM ( 'NONE', ( #6749 ), #7742 ) ;
#9950 = CARTESIAN_POINT ( 'NONE',  ( -1.399999999999999700, 1.399999999999999900, -1.779999999999999800 ) ) ;
#9951 = ORIENTED_EDGE ( 'NONE', *, *, #10312, .T. ) ;
#9952 = CARTESIAN_POINT ( 'NONE',  ( 2.186481275847957000, 1.229726558263511300, 1.659999999999999900 ) ) ;
#9953 = CARTESIAN_POINT ( 'NONE',  ( 2.262080682141720500, 1.201019415288620700, 1.659999999999999900 ) ) ;
#9954 = CARTESIAN_POINT ( 'NONE',  ( 2.283419461929862700, 1.464512082837735600, 1.649999999999999900 ) ) ;
#9955 = EDGE_LOOP ( 'NONE', ( #7707, #10742, #8302, #4729, #2306, #2800, #1037, #5576, #2462, #1150, #6689, #5989, #11158, #2729 ) ) ;
#9956 = PLANE ( 'NONE',  #6162 ) ;
#9957 = PLANE ( 'NONE',  #8150 ) ;
#9958 = ORIENTED_EDGE ( 'NONE', *, *, #10527, .F. ) ;
#9959 = VERTEX_POINT ( 'NONE', #9324 ) ;
#9960 = DIRECTION ( 'NONE',  ( -0.0000000000000000000, -0.0000000000000000000, -1.000000000000000000 ) ) ;
#9961 = CARTESIAN_POINT ( 'NONE',  ( 2.506798760291815100, 1.376858034371234000, 1.649999999999999900 ) ) ;
#9962 = ORIENTED_EDGE ( 'NONE', *, *, #11131, .F. ) ;
#9963 = EDGE_CURVE ( 'NONE', #10496, #6557, #10077, .T. ) ;
#9964 = FILL_AREA_STYLE_COLOUR ( '', #5654 ) ;
#9965 = MECHANICAL_DESIGN_GEOMETRIC_PRESENTATION_REPRESENTATION (  '', ( #989 ), #2875 ) ;
#9966 =( GEOMETRIC_REPRESENTATION_CONTEXT ( 3 ) GLOBAL_UNCERTAINTY_ASSIGNED_CONTEXT ( ( #6881 ) ) GLOBAL_UNIT_ASSIGNED_CONTEXT ( ( #8949, #3698, #1022 ) ) REPRESENTATION_CONTEXT ( 'NONE', 'WORKASPACE' ) );
#9967 = ORIENTED_EDGE ( 'NONE', *, *, #4980, .T. ) ;
#9968 = EDGE_LOOP ( 'NONE', ( #5236, #1874, #4825 ) ) ;
#9969 = CARTESIAN_POINT ( 'NONE',  ( 2.388787055496564000, 1.200194158611884900, 1.649999999999999900 ) ) ;
#9970 = EDGE_LOOP ( 'NONE', ( #3097, #6283, #5747, #2085 ) ) ;
#9971 = DIRECTION ( 'NONE',  ( -0.0000000000000000000, -0.0000000000000000000, -1.000000000000000000 ) ) ;
#9972 = ORIENTED_EDGE ( 'NONE', *, *, #6565, .T. ) ;
#9973 = ADVANCED_FACE ( 'NONE', ( #9407 ), #3783, .T. ) ;
#9974 = DIRECTION ( 'NONE',  ( 1.000000000000000000, -0.0000000000000000000, -0.0000000000000000000 ) ) ;
#9975 = DIRECTION ( 'NONE',  ( 0.3409177962187370200, 0.9400931103999005100, 0.0000000000000000000 ) ) ;
#9976 = FILL_AREA_STYLE ('',( #3825 ) ) ;
#9977 = CARTESIAN_POINT ( 'NONE',  ( 2.620978916229345300, 1.190939494449980500, 1.659999999999999900 ) ) ;
#9978 = ORIENTED_EDGE ( 'NONE', *, *, #6320, .F. ) ;
#9979 = EDGE_CURVE ( 'NONE', #3948, #786, #8285, .T. ) ;
#9980 = EDGE_CURVE ( 'NONE', #6435, #3485, #5017, .T. ) ;
#9981 = SURFACE_STYLE_FILL_AREA ( #4987 ) ;
#9982 = ADVANCED_FACE ( 'NONE', ( #9278 ), #2912, .F. ) ;
#9983 = CARTESIAN_POINT ( 'NONE',  ( 2.524188097411783600, 1.419830328475432600, 1.659999999999999900 ) ) ;
#9984 =( NAMED_UNIT ( * ) PLANE_ANGLE_UNIT ( ) SI_UNIT ( $, .RADIAN. ) );
#9985 = DIRECTION ( 'NONE',  ( 0.1710878697460357900, 0.1710878697460358200, -0.9702875252478137000 ) ) ;
#9986 = B_SPLINE_SURFACE_WITH_KNOTS ( 'NONE', 3, 1, ( 
 ( #5339, #6200 ),
 ( #1872, #8859 ),
 ( #3603, #9719 ),
 ( #10591, #6247 ) ),
 .UNSPECIFIED., .F., .F., .F.,
 ( 4, 4 ),
 ( 2, 2 ),
 ( 7.000000000000000000, 8.000000000000000000 ),
 ( 0.0000000000000000000, 1.000000000000000000 ),
 .UNSPECIFIED. ) ;
#9987 = MECHANICAL_DESIGN_GEOMETRIC_PRESENTATION_REPRESENTATION (  '', ( #9178 ), #919 ) ;
#9988 = ORIENTED_EDGE ( 'NONE', *, *, #8472, .F. ) ;
#9989 = CARTESIAN_POINT ( 'NONE',  ( 2.762274648694514200, 1.177794334525313200, 1.659999999999999900 ) ) ;
#9990 = ORIENTED_EDGE ( 'NONE', *, *, #6488, .F. ) ;
#9991 = CARTESIAN_POINT ( 'NONE',  ( 1.927150250574183100, 1.228220309520728200, 1.649999999999999900 ) ) ;
#9992 = CARTESIAN_POINT ( 'NONE',  ( 1.732044507240587200, 1.288063724729499300, 1.659999999999999900 ) ) ;
#9993 = ORIENTED_EDGE ( 'NONE', *, *, #4084, .T. ) ;
#9994 = DIRECTION ( 'NONE',  ( -0.3559357243698727500, -0.9345104387417477700, -0.0000000000000000000 ) ) ;
#9995 = CARTESIAN_POINT ( 'NONE',  ( -2.450000000000000200, -0.6999999999999999600, -1.879999999999999900 ) ) ;
#9996 = ORIENTED_EDGE ( 'NONE', *, *, #1819, .F. ) ;
#9997 = CARTESIAN_POINT ( 'NONE',  ( 2.590414945732000700, 1.476006729408936700, 1.659999999999999900 ) ) ;
#9998 = EDGE_CURVE ( 'NONE', #9565, #323, #7642, .T. ) ;
#9999 = CARTESIAN_POINT ( 'NONE',  ( 2.077168598107121100, 1.292162570364370700, 1.659999999999999900 ) ) ;
#10000 = VERTEX_POINT ( 'NONE', #9040 ) ;
#10001 = EDGE_CURVE ( 'NONE', #3528, #2258, #6959, .T. ) ;
#10002 = CARTESIAN_POINT ( 'NONE',  ( 2.323444410758892100, 1.365481281611668800, 1.659999999999999900 ) ) ;
#10003 = B_SPLINE_CURVE_WITH_KNOTS ( 'NONE', 3,
 ( #9336, #4089, #4195, #4958 ),
 .UNSPECIFIED., .F., .F.,
 ( 4, 4 ),
 ( 19.00000000000000000, 20.00000000000000000 ),
 .UNSPECIFIED. ) ;
#10004 = CARTESIAN_POINT ( 'NONE',  ( 2.323444410758892100, 1.379746432740977400, 1.659999999999999900 ) ) ;
#10005 = FACE_OUTER_BOUND ( 'NONE', #5967, .T. ) ;
#10006 = EDGE_LOOP ( 'NONE', ( #436, #8872, #8170, #11260 ) ) ;
#10007 =( LENGTH_UNIT ( ) NAMED_UNIT ( * ) SI_UNIT ( .MILLI., .METRE. ) );
#10008 = DIRECTION ( 'NONE',  ( 0.0000000000000000000, 1.000000000000000000, -0.0000000000000000000 ) ) ;
#10009 = ORIENTED_EDGE ( 'NONE', *, *, #1709, .F. ) ;
#10010 = DIRECTION ( 'NONE',  ( 0.0000000000000000000, 0.0000000000000000000, 1.000000000000000000 ) ) ;
#10011 = DIRECTION ( 'NONE',  ( -0.0000000000000000000, 1.000000000000000000, -0.0000000000000000000 ) ) ;
#10012 = PLANE ( 'NONE',  #4984 ) ;
#10013 = CARTESIAN_POINT ( 'NONE',  ( 2.668578542414895300, 1.219057168369049600, 1.659999999999999900 ) ) ;
#10014 = UNCERTAINTY_MEASURE_WITH_UNIT (LENGTH_MEASURE( 1.000000000000000100E-005 ), #8634, 'distance_accuracy_value', 'NONE');
#10015 = ORIENTED_EDGE ( 'NONE', *, *, #1573, .T. ) ;
#10016 = AXIS2_PLACEMENT_3D ( 'NONE', #9488, #10366, #6009 ) ;
#10017 = CARTESIAN_POINT ( 'NONE',  ( -3.349999999999999200, 0.6999999999999999600, -0.2000000000000000100 ) ) ;
#10018 = CARTESIAN_POINT ( 'NONE',  ( 2.355128372460883100, 1.213987734497011800, 1.659999999999999900 ) ) ;
#10019 = FILL_AREA_STYLE_COLOUR ( '', #7367 ) ;
#10020 = FACE_OUTER_BOUND ( 'NONE', #11272, .T. ) ;
#10021 = ORIENTED_EDGE ( 'NONE', *, *, #11230, .F. ) ;
#10022 = CARTESIAN_POINT ( 'NONE',  ( 1.716468821902309400, 1.452837904039948600, 1.649999999999999900 ) ) ;
#10023 = SURFACE_STYLE_USAGE ( .BOTH. , #10908 ) ;
#10024 = ADVANCED_FACE ( 'NONE', ( #8193 ), #7255, .T. ) ;
#10025 = CARTESIAN_POINT ( 'NONE',  ( 2.283832090268234100, 1.262029462473246700, 1.659999999999999900 ) ) ;
#10026 = EDGE_CURVE ( 'NONE', #5055, #5696, #11031, .T. ) ;
#10027 = SURFACE_STYLE_FILL_AREA ( #10435 ) ;
#10028 = CARTESIAN_POINT ( 'NONE',  ( 2.296269887327012900, 1.464512082837735600, 1.649999999999999900 ) ) ;
#10029 = CARTESIAN_POINT ( 'NONE',  ( 2.387166015595418000, 1.210156185640472300, 1.659999999999999900 ) ) ;
#10030 = PRESENTATION_LAYER_ASSIGNMENT (  '', '', ( #5113 ) ) ;
#10031 = DIRECTION ( 'NONE',  ( -0.0000000000000000000, -0.0000000000000000000, -1.000000000000000000 ) ) ;
#10032 = CARTESIAN_POINT ( 'NONE',  ( -1.400000000000000100, 1.600000000000000100, -1.750000000000000000 ) ) ;
#10033 = VECTOR ( 'NONE', #11284, 1000.000000000000000 ) ;
#10034 = PRESENTATION_LAYER_ASSIGNMENT (  '', '', ( #1641 ) ) ;
#10035 = CARTESIAN_POINT ( 'NONE',  ( 2.315015003273321900, 1.374618051962732500, 1.659999999999999900 ) ) ;
#10036 = ADVANCED_FACE ( 'NONE', ( #3239 ), #8592, .T. ) ;
#10037 = CYLINDRICAL_SURFACE ( 'NONE', #10904, 0.09999999999999988100 ) ;
#10038 = ORIENTED_EDGE ( 'NONE', *, *, #9158, .F. ) ;
#10039 = FACE_OUTER_BOUND ( 'NONE', #770, .T. ) ;
#10040 = FACE_OUTER_BOUND ( 'NONE', #8740, .T. ) ;
#10041 = CARTESIAN_POINT ( 'NONE',  ( 2.348437898687305100, 1.187638467742258500, 1.649999999999999900 ) ) ;
#10042 = FACE_OUTER_BOUND ( 'NONE', #4832, .T. ) ;
#10043 = CARTESIAN_POINT ( 'NONE',  ( 2.550301576544853300, 1.279831427931971400, 1.649999999999999900 ) ) ;
#10044 = EDGE_CURVE ( 'NONE', #5814, #4201, #6578, .T. ) ;
#10045 = EDGE_CURVE ( 'NONE', #3098, #7253, #2035, .T. ) ;
#10046 = AXIS2_PLACEMENT_3D ( 'NONE', #4233, #10362, #2549 ) ;
#10047 = CARTESIAN_POINT ( 'NONE',  ( 2.242657676781846000, 1.449657462654180300, 1.649999999999999900 ) ) ;
#10048 = CARTESIAN_POINT ( 'NONE',  ( 2.227714636239762000, 1.229726558263511300, 1.649999999999999900 ) ) ;
#10049 = CARTESIAN_POINT ( 'NONE',  ( 2.436416155133648500, 1.193002636142202600, 1.649999999999999900 ) ) ;
#10050 = VERTEX_POINT ( 'NONE', #4734 ) ;
#10051 = FACE_OUTER_BOUND ( 'NONE', #3083, .T. ) ;
#10052 = VECTOR ( 'NONE', #4748, 1000.000000000000000 ) ;
#10053 = EDGE_LOOP ( 'NONE', ( #41, #3177, #4070, #4203 ) ) ;
#10054 = CARTESIAN_POINT ( 'NONE',  ( 2.550301576544853300, 1.293094481667485400, 1.649999999999999900 ) ) ;
#10055 = VERTEX_POINT ( 'NONE', #3978 ) ;
#10056 = CARTESIAN_POINT ( 'NONE',  ( 2.387166015595418000, 1.210156185640472300, 1.649999999999999900 ) ) ;
#10057 = VERTEX_POINT ( 'NONE', #10745 ) ;
#10058 = SURFACE_SIDE_STYLE ('',( #1621 ) ) ;
#10059 = CARTESIAN_POINT ( 'NONE',  ( 2.463207523680653700, 1.476006729408933600, 1.659999999999999900 ) ) ;
#10060 = ORIENTED_EDGE ( 'NONE', *, *, #9226, .F. ) ;
#10061 = DIRECTION ( 'NONE',  ( 0.0000000000000000000, 0.0000000000000000000, 1.000000000000000000 ) ) ;
#10062 = EDGE_CURVE ( 'NONE', #1212, #7936, #4322, .T. ) ;
#10063 = DIRECTION ( 'NONE',  ( -1.000000000000000000, 0.0000000000000000000, 0.0000000000000000000 ) ) ;
#10064 = COLOUR_RGB ( '',0.6666666666666666300, 0.6666666666666666300, 0.6666666666666666300 ) ;
#10065 = FACE_OUTER_BOUND ( 'NONE', #1570, .T. ) ;
#10066 = ORIENTED_EDGE ( 'NONE', *, *, #1086, .T. ) ;
#10067 = CARTESIAN_POINT ( 'NONE',  ( 2.365326187110767800, 1.224480283674417500, 1.649999999999999900 ) ) ;
#10068 = ORIENTED_EDGE ( 'NONE', *, *, #6717, .T. ) ;
#10069 = CARTESIAN_POINT ( 'NONE',  ( 2.407473224537446800, 1.151386120864346300, 1.649999999999999900 ) ) ;
#10070 = STYLED_ITEM ( 'NONE', ( #4184 ), #4169 ) ;
#10071 = CARTESIAN_POINT ( 'NONE',  ( 2.066511565057126200, 1.235598272317037100, 1.649999999999999900 ) ) ;
#10072 = CARTESIAN_POINT ( 'NONE',  ( 2.617884203691399800, 1.360706582266757900, 1.659999999999999900 ) ) ;
#10073 = LINE ( 'NONE', #5885, #8050 ) ;
#10074 = CARTESIAN_POINT ( 'NONE',  ( 2.237116667665630200, 1.416175620334375400, 1.649999999999999900 ) ) ;
#10075 = COLOUR_RGB ( '',0.2980392156862745100, 0.2980392156862745100, 0.2980392156862745100 ) ;
#10076 = ORIENTED_EDGE ( 'NONE', *, *, #503, .F. ) ;
#10077 = B_SPLINE_CURVE_WITH_KNOTS ( 'NONE', 3,
 ( #3994, #4942, #1708, #6193 ),
 .UNSPECIFIED., .F., .F.,
 ( 4, 4 ),
 ( 3.000000000000000000, 4.000000000000000000 ),
 .UNSPECIFIED. ) ;
#10078 = CARTESIAN_POINT ( 'NONE',  ( 2.283419461929862700, 1.464512082837735600, 1.649999999999999900 ) ) ;
#10079 = LINE ( 'NONE', #3344, #9794 ) ;
#10080 = LINE ( 'NONE', #7292, #7649 ) ;
#10081 = CARTESIAN_POINT ( 'NONE',  ( 2.261785947614202800, 1.364007608974477900, 1.649999999999999900 ) ) ;
#10082 = ORIENTED_EDGE ( 'NONE', *, *, #8615, .F. ) ;
#10083 = ORIENTED_EDGE ( 'NONE', *, *, #8673, .F. ) ;
#10084 = ADVANCED_FACE ( 'NONE', ( #4049 ), #834, .F. ) ;
#10085 = VERTEX_POINT ( 'NONE', #3179 ) ;
#10086 = LINE ( 'NONE', #10018, #1758 ) ;
#10087 =( LENGTH_UNIT ( ) NAMED_UNIT ( * ) SI_UNIT ( .MILLI., .METRE. ) );
#10088 = DIRECTION ( 'NONE',  ( -0.0000000000000000000, -0.0000000000000000000, -1.000000000000000000 ) ) ;
#10089 = ORIENTED_EDGE ( 'NONE', *, *, #10532, .F. ) ;
#10090 = CARTESIAN_POINT ( 'NONE',  ( 1.741881764909005000, 1.474971757247668400, 1.649999999999999900 ) ) ;
#10091 = ADVANCED_FACE ( 'NONE', ( #5548 ), #4730, .T. ) ;
#10092 = PRESENTATION_LAYER_ASSIGNMENT (  '', '', ( #739 ) ) ;
#10093 = CARTESIAN_POINT ( 'NONE',  ( 2.237116667665630200, 1.434743895564411000, 1.649999999999999900 ) ) ;
#10094 = CARTESIAN_POINT ( 'NONE',  ( 2.365326187110767800, 1.224480283674417500, 1.659999999999999900 ) ) ;
#10095 = DIRECTION ( 'NONE',  ( 1.000000000000000000, -0.0000000000000000000, -0.0000000000000000000 ) ) ;
#10096 = ORIENTED_EDGE ( 'NONE', *, *, #6080, .F. ) ;
#10097 = CARTESIAN_POINT ( 'NONE',  ( 2.662772272223479700, 1.204733070335102700, 1.649999999999999900 ) ) ;
#10098 = ORIENTED_EDGE ( 'NONE', *, *, #6384, .F. ) ;
#10099 = EDGE_LOOP ( 'NONE', ( #3256, #4193, #7955, #7079 ) ) ;
#10100 = ORIENTED_EDGE ( 'NONE', *, *, #6919, .T. ) ;
#10101 = ADVANCED_FACE ( 'NONE', ( #8064 ), #8399, .F. ) ;
#10102 = CARTESIAN_POINT ( 'NONE',  ( 2.399279604674362500, 1.153036634218602000, 1.649999999999999900 ) ) ;
#10103 = B_SPLINE_CURVE_WITH_KNOTS ( 'NONE', 3,
 ( #14, #5111, #11236, #796 ),
 .UNSPECIFIED., .F., .F.,
 ( 4, 4 ),
 ( 5.000000000000000000, 6.000000000000000000 ),
 .UNSPECIFIED. ) ;
#10104 = CARTESIAN_POINT ( 'NONE',  ( 2.437889827771620800, 1.198131016919664400, 1.649999999999999900 ) ) ;
#10105 = DIRECTION ( 'NONE',  ( 0.0000000000000000000, 0.0000000000000000000, -1.000000000000000000 ) ) ;
#10106 = EDGE_CURVE ( 'NONE', #9592, #4790, #8727, .T. ) ;
#10107 = PRESENTATION_STYLE_ASSIGNMENT (( #2561 ) ) ;
#10108 = CARTESIAN_POINT ( 'NONE',  ( 2.558112041522270500, 1.392243176705186600, 1.659999999999999900 ) ) ;
#10109 = VERTEX_POINT ( 'NONE', #4928 ) ;
#10110 = VERTEX_POINT ( 'NONE', #9157 ) ;
#10111 = AXIS2_PLACEMENT_3D ( 'NONE', #2005, #6416, #3882 ) ;
#10112 = B_SPLINE_CURVE_WITH_KNOTS ( 'NONE', 3,
 ( #10669, #3792, #10633, #9828 ),
 .UNSPECIFIED., .F., .F.,
 ( 4, 4 ),
 ( 3.000000000000000000, 4.000000000000000000 ),
 .UNSPECIFIED. ) ;
#10113 = CARTESIAN_POINT ( 'NONE',  ( 1.900097803712475600, 1.202807382149946300, 1.649999999999999900 ) ) ;
#10114 = LINE ( 'NONE', #7575, #7252 ) ;
#10115 = ORIENTED_EDGE ( 'NONE', *, *, #4553, .F. ) ;
#10116 = EDGE_LOOP ( 'NONE', ( #5171, #8567, #10617, #671 ) ) ;
#10117 =( NAMED_UNIT ( * ) PLANE_ANGLE_UNIT ( ) SI_UNIT ( $, .RADIAN. ) );
#10118 = EDGE_LOOP ( 'NONE', ( #791, #2569, #10744, #3111 ) ) ;
#10119 = CARTESIAN_POINT ( 'NONE',  ( 2.601526437417155200, 1.405270442818999500, 1.659999999999999900 ) ) ;
#10120 = CARTESIAN_POINT ( 'NONE',  ( 2.323444410758892100, 1.365481281611668800, 1.659999999999999900 ) ) ;
#10121 = CARTESIAN_POINT ( 'NONE',  ( 2.574705595419003200, 1.177794334525313200, 1.659999999999999900 ) ) ;
#10122 = DIRECTION ( 'NONE',  ( -0.0000000000000000000, -0.0000000000000000000, -1.000000000000000000 ) ) ;
#10123 = ORIENTED_EDGE ( 'NONE', *, *, #5384, .F. ) ;
#10124 = EDGE_CURVE ( 'NONE', #6607, #10515, #1403, .T. ) ;
#10125 = EDGE_CURVE ( 'NONE', #323, #2216, #3125, .T. ) ;
#10126 = STYLED_ITEM ( 'NONE', ( #6826 ), #2275 ) ;
#10127 = B_SPLINE_SURFACE_WITH_KNOTS ( 'NONE', 3, 1, ( 
 ( #186, #7192 ),
 ( #2757, #2044 ),
 ( #1888, #1965 ),
 ( #1125, #6219 ) ),
 .UNSPECIFIED., .F., .F., .F.,
 ( 4, 4 ),
 ( 2, 2 ),
 ( 10.00000000000000000, 11.00000000000000000 ),
 ( 0.0000000000000000000, 1.000000000000000000 ),
 .UNSPECIFIED. ) ;
#10128 = DIRECTION ( 'NONE',  ( -0.9848077530122080200, 0.0000000000000000000, -0.1736481776669305500 ) ) ;
#10129 = DIRECTION ( 'NONE',  ( 1.000000000000000000, -0.0000000000000000000, -0.0000000000000000000 ) ) ;
#10130 = VERTEX_POINT ( 'NONE', #3039 ) ;
#10131 = CARTESIAN_POINT ( 'NONE',  ( 2.750514741048119700, 1.209330928962951200, 1.659999999999999900 ) ) ;
#10132 = LINE ( 'NONE', #3733, #8775 ) ;
#10133 = ORIENTED_EDGE ( 'NONE', *, *, #5080, .T. ) ;
#10134 = EDGE_CURVE ( 'NONE', #6940, #9141, #10086, .T. ) ;
#10135 = VERTEX_POINT ( 'NONE', #8337 ) ;
#10136 = CARTESIAN_POINT ( 'NONE',  ( 2.297095144003749000, 1.198838379785541500, 1.659999999999999900 ) ) ;
#10137 = CARTESIAN_POINT ( 'NONE',  ( 2.186481275847957000, 1.190939494449978000, 1.659999999999999900 ) ) ;
#10138 = CARTESIAN_POINT ( 'NONE',  ( 2.495215693362482500, 1.366070750666705600, 1.649999999999999900 ) ) ;
#10139 = ORIENTED_EDGE ( 'NONE', *, *, #5179, .T. ) ;
#10140 = CARTESIAN_POINT ( 'NONE',  ( 2.076348838361461400, 1.341348874343566400, 1.649999999999999900 ) ) ;
#10141 = CARTESIAN_POINT ( 'NONE',  ( 2.505796662898819500, 1.190939494449978700, 1.659999999999999900 ) ) ;
#10142 = ADVANCED_FACE ( 'NONE', ( #7229 ), #8412, .F. ) ;
#10143 = DIRECTION ( 'NONE',  ( 2.168404344971007700E-015, 1.000000000000000000, 0.0000000000000000000 ) ) ;
#10144 = DIRECTION ( 'NONE',  ( -1.000000000000000000, -0.0000000000000000000, -0.0000000000000000000 ) ) ;
#10145 = VECTOR ( 'NONE', #166, 1000.000000000000100 ) ;
#10146 = CARTESIAN_POINT ( 'NONE',  ( -3.349999999999999200, 2.000000000000000000, 0.0000000000000000000 ) ) ;
#10147 = DIRECTION ( 'NONE',  ( 1.000000000000000000, -0.0000000000000000000, -0.0000000000000000000 ) ) ;
#10148 = ORIENTED_EDGE ( 'NONE', *, *, #7567, .F. ) ;
#10149 = EDGE_CURVE ( 'NONE', #1288, #565, #9393, .T. ) ;
#10150 = ORIENTED_EDGE ( 'NONE', *, *, #2732, .T. ) ;
#10151 = ADVANCED_FACE ( 'NONE', ( #7790 ), #2455, .T. ) ;
#10152 = CARTESIAN_POINT ( 'NONE',  ( 1.997650683197032900, 1.355285008919082900, 1.649999999999999900 ) ) ;
#10153 = AXIS2_PLACEMENT_3D ( 'NONE', #10017, #7368, #3903 ) ;
#10154 = ORIENTED_EDGE ( 'NONE', *, *, #10746, .T. ) ;
#10155 = FACE_OUTER_BOUND ( 'NONE', #5381, .T. ) ;
#10156 = CARTESIAN_POINT ( 'NONE',  ( 2.277288983758615000, 1.187697414647680600, 1.659999999999999900 ) ) ;
#10157 = DIRECTION ( 'NONE',  ( -0.0000000000000000000, -0.0000000000000000000, -1.000000000000000000 ) ) ;
#10158 = CARTESIAN_POINT ( 'NONE',  ( 2.606419030573703800, 1.177794334525313200, 1.659999999999999900 ) ) ;
#10159 = UNCERTAINTY_MEASURE_WITH_UNIT (LENGTH_MEASURE( 1.000000000000000100E-005 ), #8943, 'distance_accuracy_value', 'NONE');
#10160 = CARTESIAN_POINT ( 'NONE',  ( 1.903376905237601300, 1.317575529006982600, 1.649999999999999900 ) ) ;
#10161 = LINE ( 'NONE', #5558, #2664 ) ;
#10162 = CARTESIAN_POINT ( 'NONE',  ( -1.400000000000000100, 1.600000000000000100, -1.649999999999999900 ) ) ;
#10163 = CARTESIAN_POINT ( 'NONE',  ( 2.581956064794108200, 1.461270003036230700, 1.659999999999999900 ) ) ;
#10164 = SURFACE_STYLE_USAGE ( .BOTH. , #8329 ) ;
#10165 = LINE ( 'NONE', #3274, #1580 ) ;
#10166 = VERTEX_POINT ( 'NONE', #5859 ) ;
#10167 = EDGE_CURVE ( 'NONE', #3385, #8084, #5854, .T. ) ;
#10168 = EDGE_CURVE ( 'NONE', #2160, #9050, #3250, .T. ) ;
#10169 = AXIS2_PLACEMENT_3D ( 'NONE', #2714, #9721, #1008 ) ;
#10170 = CARTESIAN_POINT ( 'NONE',  ( 2.348143164159788700, 1.239217010047907900, 1.659999999999999900 ) ) ;
#10171 = VECTOR ( 'NONE', #7506, 1000.000000000000000 ) ;
#10172 = B_SPLINE_CURVE_WITH_KNOTS ( 'NONE', 3,
 ( #3068, #6680, #10138, #4122 ),
 .UNSPECIFIED., .F., .F.,
 ( 4, 4 ),
 ( 5.000000000000000000, 6.000000000000000000 ),
 .UNSPECIFIED. ) ;
#10173 = CARTESIAN_POINT ( 'NONE',  ( 2.272720598582691000, 1.187697414647680600, 1.659999999999999900 ) ) ;
#10174 = CARTESIAN_POINT ( 'NONE',  ( 1.686957033260347600, 1.440541320226799100, 1.649999999999999900 ) ) ;
#10175 = SURFACE_STYLE_FILL_AREA ( #2370 ) ;
#10176 = CARTESIAN_POINT ( 'NONE',  ( 1.500000000000000900, -1.600000000000000100, -1.649999999999999900 ) ) ;
#10177 = B_SPLINE_CURVE_WITH_KNOTS ( 'NONE', 3,
 ( #10803, #10762, #306, #8281 ),
 .UNSPECIFIED., .F., .F.,
 ( 4, 4 ),
 ( 17.00000000000000000, 18.00000000000000000 ),
 .UNSPECIFIED. ) ;
#10178 = ORIENTED_EDGE ( 'NONE', *, *, #2589, .F. ) ;
#10179 = VECTOR ( 'NONE', #4194, 1000.000000000000000 ) ;
#10180 =( NAMED_UNIT ( * ) SI_UNIT ( $, .STERADIAN. ) SOLID_ANGLE_UNIT ( ) );
#10181 = PRESENTATION_STYLE_ASSIGNMENT (( #6414 ) ) ;
#10182 = LINE ( 'NONE', #11037, #6487 ) ;
#10183 = CARTESIAN_POINT ( 'NONE',  ( 2.402639578287098400, 1.412638806004960600, 1.649999999999999900 ) ) ;
#10184 = CARTESIAN_POINT ( 'NONE',  ( 1.951743449471527100, 1.464314716379716300, 1.649999999999999900 ) ) ;
#10185 = EDGE_CURVE ( 'NONE', #8076, #2066, #10227, .T. ) ;
#10186 = EDGE_CURVE ( 'NONE', #6004, #7674, #11179, .T. ) ;
#10187 = FACE_OUTER_BOUND ( 'NONE', #6893, .T. ) ;
#10188 = CARTESIAN_POINT ( 'NONE',  ( 2.384837612828778900, 1.244345390825370300, 1.659999999999999900 ) ) ;
#10189 = STYLED_ITEM ( 'NONE', ( #1845 ), #1532 ) ;
#10190 = FILL_AREA_STYLE ('',( #4824 ) ) ;
#10191 = VERTEX_POINT ( 'NONE', #3316 ) ;
#10192 = CIRCLE ( 'NONE', #9439, 0.1000000000000000500 ) ;
#10193 = ORIENTED_EDGE ( 'NONE', *, *, #3579, .T. ) ;
#10194 = DIRECTION ( 'NONE',  ( -0.0000000000000000000, -0.0000000000000000000, -1.000000000000000000 ) ) ;
#10195 = ORIENTED_EDGE ( 'NONE', *, *, #1573, .F. ) ;
#10196 = CARTESIAN_POINT ( 'NONE',  ( -1.499999999999999100, -1.399999999999999700, -1.779999999999999800 ) ) ;
#10197 = CARTESIAN_POINT ( 'NONE',  ( 2.396302785946871100, 1.260143161497294400, 1.649999999999999900 ) ) ;
#10198 = EDGE_CURVE ( 'NONE', #3852, #3681, #8207, .T. ) ;
#10199 = PRESENTATION_STYLE_ASSIGNMENT (( #7985 ) ) ;
#10200 = EDGE_CURVE ( 'NONE', #8624, #8084, #7387, .T. ) ;
#10201 = ORIENTED_EDGE ( 'NONE', *, *, #1771, .F. ) ;
#10202 = CARTESIAN_POINT ( 'NONE',  ( -3.650000000000000400, 0.6999999999999999600, -0.2999999999999999900 ) ) ;
#10203 = EDGE_LOOP ( 'NONE', ( #1460, #9612, #9391, #10763 ) ) ;
#10204 = DIRECTION ( 'NONE',  ( 1.000000000000000000, 0.0000000000000000000, 1.807003620809173900E-016 ) ) ;
#10205 = CARTESIAN_POINT ( 'NONE',  ( 1.400000000000000800, -1.399999999999999700, -1.779999999999999800 ) ) ;
#10206 = ORIENTED_EDGE ( 'NONE', *, *, #3865, .T. ) ;
#10207 = DIRECTION ( 'NONE',  ( -1.000000000000000000, 0.0000000000000000000, 0.0000000000000000000 ) ) ;
#10208 = ADVANCED_FACE ( 'NONE', ( #7924 ), #624, .F. ) ;
#10209 = FACE_OUTER_BOUND ( 'NONE', #8513, .T. ) ;
#10210 = CARTESIAN_POINT ( 'NONE',  ( 2.506798760291815100, 1.376858034371234000, 1.659999999999999900 ) ) ;
#10211 = VERTEX_POINT ( 'NONE', #2402 ) ;
#10212 = CARTESIAN_POINT ( 'NONE',  ( 1.699253617073105800, 1.439721552663572700, 1.649999999999999900 ) ) ;
#10213 = SURFACE_SIDE_STYLE ('',( #10175 ) ) ;
#10214 = CARTESIAN_POINT ( 'NONE',  ( 1.927150250574183100, 1.228220309520728200, 1.649999999999999900 ) ) ;
#10215 = EDGE_CURVE ( 'NONE', #8734, #662, #10003, .T. ) ;
#10216 = LINE ( 'NONE', #351, #5841 ) ;
#10217 = VERTEX_POINT ( 'NONE', #6824 ) ;
#10218 = DIRECTION ( 'NONE',  ( 1.000000000000000000, -2.168404344971008100E-015, 0.0000000000000000000 ) ) ;
#10219 = FACE_OUTER_BOUND ( 'NONE', #8722, .T. ) ;
#10220 = LINE ( 'NONE', #6242, #8595 ) ;
#10221 = CARTESIAN_POINT ( 'NONE',  ( 2.283625776098854800, 1.187697414647680600, 1.649999999999999900 ) ) ;
#10222 =( GEOMETRIC_REPRESENTATION_CONTEXT ( 3 ) GLOBAL_UNCERTAINTY_ASSIGNED_CONTEXT ( ( #8837 ) ) GLOBAL_UNIT_ASSIGNED_CONTEXT ( ( #9715, #2882, #7289 ) ) REPRESENTATION_CONTEXT ( 'NONE', 'WORKASPACE' ) );
#10223 = ORIENTED_EDGE ( 'NONE', *, *, #5078, .F. ) ;
#10224 = CARTESIAN_POINT ( 'NONE',  ( 2.552924713839388500, 1.190939494449978700, 1.659999999999999900 ) ) ;
#10225 = FACE_OUTER_BOUND ( 'NONE', #1279, .T. ) ;
#10226 = UNCERTAINTY_MEASURE_WITH_UNIT (LENGTH_MEASURE( 1.000000000000000100E-005 ), #6795, 'distance_accuracy_value', 'NONE');
#10227 = LINE ( 'NONE', #8510, #2331 ) ;
#10228 = ORIENTED_EDGE ( 'NONE', *, *, #2977, .F. ) ;
#10229 = DIRECTION ( 'NONE',  ( 0.0000000000000000000, 0.0000000000000000000, -1.000000000000000000 ) ) ;
#10230 = CARTESIAN_POINT ( 'NONE',  ( -2.975150518713303600, 1.723631294014524900, -1.567364817766693000 ) ) ;
#10231 = ORIENTED_EDGE ( 'NONE', *, *, #1444, .F. ) ;
#10232 = CARTESIAN_POINT ( 'NONE',  ( 2.581396069191789900, 1.457792135612236500, 1.649999999999999900 ) ) ;
#10233 = ORIENTED_EDGE ( 'NONE', *, *, #5779, .F. ) ;
#10234 = VERTEX_POINT ( 'NONE', #7710 ) ;
#10235 = AXIS2_PLACEMENT_3D ( 'NONE', #6084, #6866, #5188 ) ;
#10236 = EDGE_LOOP ( 'NONE', ( #3165, #8753, #1551, #1904 ) ) ;
#10237 = CARTESIAN_POINT ( 'NONE',  ( 1.814021717023177400, 1.205266723929413000, 1.659999999999999900 ) ) ;
#10238 =( NAMED_UNIT ( * ) SI_UNIT ( $, .STERADIAN. ) SOLID_ANGLE_UNIT ( ) );
#10239 = ORIENTED_EDGE ( 'NONE', *, *, #7093, .F. ) ;
#10240 = ORIENTED_EDGE ( 'NONE', *, *, #8436, .T. ) ;
#10241 = EDGE_LOOP ( 'NONE', ( #9182, #9201, #2386, #6568 ) ) ;
#10242 = VERTEX_POINT ( 'NONE', #9413 ) ;
#10243 = CARTESIAN_POINT ( 'NONE',  ( 2.433969858556160200, 1.198248910730513400, 1.659999999999999900 ) ) ;
#10244 = CARTESIAN_POINT ( 'NONE',  ( 1.654985918474443800, 1.233958752826503000, 1.649999999999999900 ) ) ;
#10245 = PLANE ( 'NONE',  #5277 ) ;
#10246 = EDGE_CURVE ( 'NONE', #10217, #4513, #3523, .T. ) ;
#10247 = SURFACE_SIDE_STYLE ('',( #10302 ) ) ;
#10248 = CARTESIAN_POINT ( 'NONE',  ( 2.323444410758892100, 1.457674241801383900, 1.649999999999999900 ) ) ;
#10249 = UNCERTAINTY_MEASURE_WITH_UNIT (LENGTH_MEASURE( 1.000000000000000100E-005 ), #2425, 'distance_accuracy_value', 'NONE');
#10250 =( GEOMETRIC_REPRESENTATION_CONTEXT ( 3 ) GLOBAL_UNCERTAINTY_ASSIGNED_CONTEXT ( ( #4956 ) ) GLOBAL_UNIT_ASSIGNED_CONTEXT ( ( #10087, #1518, #5684 ) ) REPRESENTATION_CONTEXT ( 'NONE', 'WORKASPACE' ) );
#10251 = DIRECTION ( 'NONE',  ( 0.0000000000000000000, 0.0000000000000000000, -1.000000000000000000 ) ) ;
#10252 = VERTEX_POINT ( 'NONE', #6744 ) ;
#10253 = ADVANCED_FACE ( 'NONE', ( #1231 ), #656, .F. ) ;
#10254 = COLOUR_RGB ( '',0.2980392156862745100, 0.2980392156862745100, 0.2980392156862745100 ) ;
#10255 = DIRECTION ( 'NONE',  ( -0.0000000000000000000, -1.000000000000000000, -0.0000000000000000000 ) ) ;
#10256 = CARTESIAN_POINT ( 'NONE',  ( 2.428605690156604900, 1.177971175241589600, 1.659999999999999900 ) ) ;
#10257 = CARTESIAN_POINT ( 'NONE',  ( 2.620743128607649900, 1.279831427931971400, 1.649999999999999900 ) ) ;
#10258 = CARTESIAN_POINT ( 'NONE',  ( -1.399999999999999700, -1.399999999999999900, -1.779999999999999800 ) ) ;
#10259 = ORIENTED_EDGE ( 'NONE', *, *, #5853, .T. ) ;
#10260 = ORIENTED_EDGE ( 'NONE', *, *, #5816, .F. ) ;
#10261 = ADVANCED_FACE ( 'NONE', ( #6540 ), #5896, .F. ) ;
#10262 = EDGE_CURVE ( 'NONE', #9735, #8586, #8738, .T. ) ;
#10263 = EDGE_CURVE ( 'NONE', #8348, #1337, #4463, .T. ) ;
#10264 = DIRECTION ( 'NONE',  ( 2.201855477212226200E-015, 1.000000000000000000, -0.0000000000000000000 ) ) ;
#10265 = STYLED_ITEM ( 'NONE', ( #5259 ), #2873 ) ;
#10266 = ORIENTED_EDGE ( 'NONE', *, *, #435, .T. ) ;
#10267 = AXIS2_PLACEMENT_3D ( 'NONE', #11246, #2528, #9545 ) ;
#10268 = FILL_AREA_STYLE ('',( #4137 ) ) ;
#10269 = CARTESIAN_POINT ( 'NONE',  ( 2.307145591390069600, 1.477951977290310700, 1.649999999999999900 ) ) ;
#10270 = CARTESIAN_POINT ( 'NONE',  ( 2.297095144003749000, 1.198838379785541500, 1.649999999999999900 ) ) ;
#10271 = EDGE_LOOP ( 'NONE', ( #1824, #2699, #8997, #8654 ) ) ;
#10272 =( NAMED_UNIT ( * ) SI_UNIT ( $, .STERADIAN. ) SOLID_ANGLE_UNIT ( ) );
#10273 = DIRECTION ( 'NONE',  ( 0.0000000000000000000, 1.000000000000000000, 0.0000000000000000000 ) ) ;
#10274 = VECTOR ( 'NONE', #8175, 1000.000000000000200 ) ;
#10275 = CARTESIAN_POINT ( 'NONE',  ( 2.370248253719242600, 1.206619371310265500, 1.659999999999999900 ) ) ;
#10276 = CARTESIAN_POINT ( 'NONE',  ( 2.254506004785988200, 1.182333246247737400, 1.659999999999999900 ) ) ;
#10277 = EDGE_LOOP ( 'NONE', ( #1523, #6230, #966, #8468 ) ) ;
#10278 = DIRECTION ( 'NONE',  ( 0.0000000000000000000, 1.000000000000000000, 0.0000000000000000000 ) ) ;
#10279 = EDGE_CURVE ( 'NONE', #5879, #8771, #4740, .T. ) ;
#10280 = ORIENTED_EDGE ( 'NONE', *, *, #9980, .T. ) ;
#10281 = CARTESIAN_POINT ( 'NONE',  ( 2.718889726251553900, 1.293094481667487600, 1.659999999999999900 ) ) ;
#10282 = CARTESIAN_POINT ( 'NONE',  ( 2.383953409246230200, 1.213810893780741000, 1.659999999999999900 ) ) ;
#10283 = DIRECTION ( 'NONE',  ( 0.0000000000000000000, 1.000000000000000000, -0.0000000000000000000 ) ) ;
#10284 = DIRECTION ( 'NONE',  ( 1.000000000000000000, 0.0000000000000000000, 0.0000000000000000000 ) ) ;
#10285 = FACE_OUTER_BOUND ( 'NONE', #10371, .T. ) ;
#10286 =( LENGTH_UNIT ( ) NAMED_UNIT ( * ) SI_UNIT ( .MILLI., .METRE. ) );
#10287 = LINE ( 'NONE', #7690, #6181 ) ;
#10288 = DIRECTION ( 'NONE',  ( -1.504528414727667400E-014, 1.000000000000000000, 0.0000000000000000000 ) ) ;
#10289 = DIRECTION ( 'NONE',  ( -0.0000000000000000000, -1.000000000000000000, -0.0000000000000000000 ) ) ;
#10290 = ADVANCED_FACE ( 'NONE', ( #2442 ), #9632, .F. ) ;
#10291 = ORIENTED_EDGE ( 'NONE', *, *, #1557, .T. ) ;
#10292 = LINE ( 'NONE', #4595, #5637 ) ;
#10293 = CARTESIAN_POINT ( 'NONE',  ( 2.450000000000000200, 0.6999999999999999600, -1.879999999999999900 ) ) ;
#10294 = CARTESIAN_POINT ( 'NONE',  ( 2.582958162187120300, 1.457438454178901600, 1.649999999999999900 ) ) ;
#10295 = FACE_OUTER_BOUND ( 'NONE', #8449, .T. ) ;
#10296 = CARTESIAN_POINT ( 'NONE',  ( 2.323444410758892100, 1.473236224850823900, 1.659999999999999900 ) ) ;
#10297 = EDGE_LOOP ( 'NONE', ( #4620, #6784, #9939, #4116 ) ) ;
#10298 = CARTESIAN_POINT ( 'NONE',  ( 2.252737597621278500, 1.431560762668328900, 1.649999999999999900 ) ) ;
#10299 = CARTESIAN_POINT ( 'NONE',  ( 2.462618054624836600, 1.462743675673420200, 1.649999999999999900 ) ) ;
#10300 = LINE ( 'NONE', #6417, #6068 ) ;
#10301 =( GEOMETRIC_REPRESENTATION_CONTEXT ( 3 ) GLOBAL_UNCERTAINTY_ASSIGNED_CONTEXT ( ( #5098 ) ) GLOBAL_UNIT_ASSIGNED_CONTEXT ( ( #3449, #4320, #7810 ) ) REPRESENTATION_CONTEXT ( 'NONE', 'WORKASPACE' ) );
#10302 = SURFACE_STYLE_FILL_AREA ( #9416 ) ;
#10303 =( LENGTH_UNIT ( ) NAMED_UNIT ( * ) SI_UNIT ( .MILLI., .METRE. ) );
#10304 = COLOUR_RGB ( '',0.6666666666666666300, 0.6666666666666666300, 0.6666666666666666300 ) ;
#10305 = CARTESIAN_POINT ( 'NONE',  ( 2.323444410758892100, 1.473236224850823900, 1.649999999999999900 ) ) ;
#10306 = VECTOR ( 'NONE', #150, 1000.000000000000000 ) ;
#10307 =( NAMED_UNIT ( * ) SI_UNIT ( $, .STERADIAN. ) SOLID_ANGLE_UNIT ( ) );
#10308 = DIRECTION ( 'NONE',  ( 0.0000000000000000000, 0.0000000000000000000, 1.000000000000000000 ) ) ;
#10309 = LINE ( 'NONE', #3270, #381 ) ;
#10310 = CARTESIAN_POINT ( 'NONE',  ( 2.365326187110767800, 1.224480283674417500, 1.649999999999999900 ) ) ;
#10311 = CARTESIAN_POINT ( 'NONE',  ( 2.247432376126760700, 1.199840477179337200, 1.649999999999999900 ) ) ;
#10312 = EDGE_CURVE ( 'NONE', #11228, #2149, #1630, .T. ) ;
#10313 = CARTESIAN_POINT ( 'NONE',  ( 3.349999999999999200, 0.6999999999999999600, 0.0000000000000000000 ) ) ;
#10314 = MECHANICAL_DESIGN_GEOMETRIC_PRESENTATION_REPRESENTATION (  '', ( #4597 ), #5550 ) ;
#10315 = ORIENTED_EDGE ( 'NONE', *, *, #4868, .F. ) ;
#10316 = AXIS2_PLACEMENT_3D ( 'NONE', #8642, #2389, #7739 ) ;
#10317 = ADVANCED_FACE ( 'NONE', ( #5561 ), #794, .F. ) ;
#10318 = CARTESIAN_POINT ( 'NONE',  ( -1.500000000000000200, 1.500000000000000000, -1.749999999999999300 ) ) ;
#10319 = FILL_AREA_STYLE ('',( #7564 ) ) ;
#10320 =( NAMED_UNIT ( * ) PLANE_ANGLE_UNIT ( ) SI_UNIT ( $, .RADIAN. ) );
#10321 = ORIENTED_EDGE ( 'NONE', *, *, #5672, .T. ) ;
#10322 = LINE ( 'NONE', #6241, #10589 ) ;
#10323 = CARTESIAN_POINT ( 'NONE',  ( 2.430315150415886200, 1.476006729408933600, 1.649999999999999900 ) ) ;
#10324 = ORIENTED_EDGE ( 'NONE', *, *, #4654, .T. ) ;
#10325 = FACE_OUTER_BOUND ( 'NONE', #6327, .T. ) ;
#10326 = PRESENTATION_STYLE_ASSIGNMENT (( #10969 ) ) ;
#10327 = VECTOR ( 'NONE', #7456, 1000.000000000000000 ) ;
#10328 = ORIENTED_EDGE ( 'NONE', *, *, #9821, .F. ) ;
#10329 = EDGE_CURVE ( 'NONE', #9097, #443, #2188, .T. ) ;
#10330 = EDGE_CURVE ( 'NONE', #5124, #315, #5018, .T. ) ;
#10331 = DIRECTION ( 'NONE',  ( -1.000000000000000000, 0.0000000000000000000, -1.807003620809173900E-016 ) ) ;
#10332 = ORIENTED_EDGE ( 'NONE', *, *, #4223, .T. ) ;
#10333 = CARTESIAN_POINT ( 'NONE',  ( 3.349999999999999200, -0.6999999999999999600, 0.0000000000000000000 ) ) ;
#10334 = AXIS2_PLACEMENT_3D ( 'NONE', #6514, #9196, #2965 ) ;
#10335 = CARTESIAN_POINT ( 'NONE',  ( 2.292968860619297300, 1.194417361873971300, 1.649999999999999900 ) ) ;
#10336 = CARTESIAN_POINT ( 'NONE',  ( 2.607008499627946600, 1.279831427931971400, 1.649999999999999900 ) ) ;
#10337 = VERTEX_POINT ( 'NONE', #1700 ) ;
#10338 =( GEOMETRIC_REPRESENTATION_CONTEXT ( 3 ) GLOBAL_UNCERTAINTY_ASSIGNED_CONTEXT ( ( #6517 ) ) GLOBAL_UNIT_ASSIGNED_CONTEXT ( ( #6656, #1439, #4028 ) ) REPRESENTATION_CONTEXT ( 'NONE', 'WORKASPACE' ) );
#10339 = FILL_AREA_STYLE ('',( #7419 ) ) ;
#10340 = B_SPLINE_CURVE_WITH_KNOTS ( 'NONE', 3,
 ( #3912, #4781, #3871, #3115 ),
 .UNSPECIFIED., .F., .F.,
 ( 4, 4 ),
 ( 2.000000000000000000, 3.000000000000000000 ),
 .UNSPECIFIED. ) ;
#10341 = PRESENTATION_STYLE_ASSIGNMENT (( #6787 ) ) ;
#10342 = CARTESIAN_POINT ( 'NONE',  ( 2.346021075562139100, 1.217642442637280500, 1.659999999999999900 ) ) ;
#10343 = ORIENTED_EDGE ( 'NONE', *, *, #2806, .T. ) ;
#10344 = DIRECTION ( 'NONE',  ( -0.9848077530122080200, 0.0000000000000000000, 0.1736481776669305500 ) ) ;
#10345 = PLANE ( 'NONE',  #1278 ) ;
#10346 = LINE ( 'NONE', #1316, #7507 ) ;
#10347 = EDGE_LOOP ( 'NONE', ( #8799, #5856, #9539, #2777 ) ) ;
#10348 = ADVANCED_FACE ( 'NONE', ( #9143 ), #4791, .T. ) ;
#10349 = CARTESIAN_POINT ( 'NONE',  ( 2.359254655845333600, 1.250299028280348100, 1.659999999999999900 ) ) ;
#10350 = EDGE_CURVE ( 'NONE', #7961, #876, #1902, .T. ) ;
#10351 = CARTESIAN_POINT ( 'NONE',  ( 1.732044491604669800, 1.123289498511300400, 1.649999999999999900 ) ) ;
#10352 = LINE ( 'NONE', #4948, #2 ) ;
#10353 = ORIENTED_EDGE ( 'NONE', *, *, #9791, .F. ) ;
#10354 = CARTESIAN_POINT ( 'NONE',  ( 2.313600277541560900, 1.177794334525312100, 1.649999999999999900 ) ) ;
#10355 = ORIENTED_EDGE ( 'NONE', *, *, #6975, .F. ) ;
#10356 = ORIENTED_EDGE ( 'NONE', *, *, #4709, .T. ) ;
#10357 = AXIS2_PLACEMENT_3D ( 'NONE', #9095, #10725, #10649 ) ;
#10358 = FACE_OUTER_BOUND ( 'NONE', #4104, .T. ) ;
#10359 = ORIENTED_EDGE ( 'NONE', *, *, #7137, .T. ) ;
#10360 = CARTESIAN_POINT ( 'NONE',  ( 2.323444410758892100, 1.473236224850823900, 1.659999999999999900 ) ) ;
#10361 = DIRECTION ( 'NONE',  ( -0.9434452330799597600, 0.3315284183576130400, 0.0000000000000000000 ) ) ;
#10362 = DIRECTION ( 'NONE',  ( 0.0000000000000000000, 0.0000000000000000000, -1.000000000000000000 ) ) ;
#10363 = SURFACE_STYLE_FILL_AREA ( #7256 ) ;
#10364 = FILL_AREA_STYLE_COLOUR ( '', #4410 ) ;
#10365 = ORIENTED_EDGE ( 'NONE', *, *, #5285, .T. ) ;
#10366 = DIRECTION ( 'NONE',  ( 0.9345104387417478800, -0.3559357243698727000, 0.0000000000000000000 ) ) ;
#10367 = FACE_OUTER_BOUND ( 'NONE', #3018, .T. ) ;
#10368 = UNCERTAINTY_MEASURE_WITH_UNIT (LENGTH_MEASURE( 1.000000000000000100E-005 ), #1187, 'distance_accuracy_value', 'NONE');
#10369 = VERTEX_POINT ( 'NONE', #5215 ) ;
#10370 = EDGE_CURVE ( 'NONE', #300, #9046, #8477, .T. ) ;
#10371 = EDGE_LOOP ( 'NONE', ( #7892, #3090, #7446, #8493 ) ) ;
#10372 = CARTESIAN_POINT ( 'NONE',  ( 2.518381827221150000, 1.387645318076548500, 1.659999999999999900 ) ) ;
#10373 = VERTEX_POINT ( 'NONE', #3512 ) ;
#10374 = CARTESIAN_POINT ( 'NONE',  ( 2.264880660152540900, 1.472293074363239900, 1.649999999999999900 ) ) ;
#10375 = PRESENTATION_LAYER_ASSIGNMENT (  '', '', ( #2204 ) ) ;
#10376 = CARTESIAN_POINT ( 'NONE',  ( 2.247432376126760700, 1.199840477179337200, 1.659999999999999900 ) ) ;
#10377 = VECTOR ( 'NONE', #10951, 1000.000000000000000 ) ;
#10378 = DIRECTION ( 'NONE',  ( -0.0000000000000000000, -0.0000000000000000000, -1.000000000000000000 ) ) ;
#10379 = CARTESIAN_POINT ( 'NONE',  ( 2.640608235758599200, 1.202964663170001300, 1.659999999999999900 ) ) ;
#10380 = ORIENTED_EDGE ( 'NONE', *, *, #10573, .T. ) ;
#10381 = ORIENTED_EDGE ( 'NONE', *, *, #4612, .F. ) ;
#10382 = ADVANCED_FACE ( 'NONE', ( #6401 ), #2548, .F. ) ;
#10383 = ORIENTED_EDGE ( 'NONE', *, *, #1917, .T. ) ;
#10384 = ORIENTED_EDGE ( 'NONE', *, *, #3724, .T. ) ;
#10385 = ORIENTED_EDGE ( 'NONE', *, *, #6835, .T. ) ;
#10386 = CARTESIAN_POINT ( 'NONE',  ( 2.259221757225081900, 1.178030122147011500, 1.659999999999999900 ) ) ;
#10387 =( NAMED_UNIT ( * ) PLANE_ANGLE_UNIT ( ) SI_UNIT ( $, .RADIAN. ) );
#10388 = ORIENTED_EDGE ( 'NONE', *, *, #3496, .F. ) ;
#10389 = SURFACE_SIDE_STYLE ('',( #7505 ) ) ;
#10390 = MECHANICAL_DESIGN_GEOMETRIC_PRESENTATION_REPRESENTATION (  '', ( #405 ), #2139 ) ;
#10391 = B_SPLINE_SURFACE_WITH_KNOTS ( 'NONE', 3, 1, ( 
 ( #8492, #5981 ),
 ( #2453, #6726 ),
 ( #8559, #5911 ),
 ( #6839, #2414 ) ),
 .UNSPECIFIED., .F., .F., .F.,
 ( 4, 4 ),
 ( 2, 2 ),
 ( 18.00000000000000000, 19.00000000000000000 ),
 ( 0.0000000000000000000, 1.000000000000000000 ),
 .UNSPECIFIED. ) ;
#10392 = FACE_OUTER_BOUND ( 'NONE', #4983, .T. ) ;
#10393 = AXIS2_PLACEMENT_3D ( 'NONE', #3224, #5788, #1467 ) ;
#10394 = CARTESIAN_POINT ( 'NONE',  ( 2.283832090268234100, 1.262029462473246700, 1.659999999999999900 ) ) ;
#10395 = DIRECTION ( 'NONE',  ( 1.000000000000000000, -0.0000000000000000000, -0.0000000000000000000 ) ) ;
#10396 = DIRECTION ( 'NONE',  ( -0.0000000000000000000, -0.0000000000000000000, -1.000000000000000000 ) ) ;
#10397 = ORIENTED_EDGE ( 'NONE', *, *, #647, .T. ) ;
#10398 = ORIENTED_EDGE ( 'NONE', *, *, #9263, .T. ) ;
#10399 = DIRECTION ( 'NONE',  ( 0.2524218971878337500, -0.9676172723861923300, 0.0000000000000000000 ) ) ;
#10400 = VECTOR ( 'NONE', #1325, 1000.000000000000000 ) ;
#10401 = CARTESIAN_POINT ( 'NONE',  ( 1.903376905237601700, 1.317575529006982800, 1.659999999999999900 ) ) ;
#10402 = CARTESIAN_POINT ( 'NONE',  ( 2.407473224537446800, 1.151386120864346300, 1.659999999999999900 ) ) ;
#10403 = EDGE_CURVE ( 'NONE', #9258, #525, #4608, .T. ) ;
#10404 = DIRECTION ( 'NONE',  ( 0.0000000000000000000, 0.0000000000000000000, -1.000000000000000000 ) ) ;
#10405 = MECHANICAL_DESIGN_GEOMETRIC_PRESENTATION_REPRESENTATION (  '', ( #7503 ), #10985 ) ;
#10406 = AXIS2_PLACEMENT_3D ( 'NONE', #10293, #6015, #10331 ) ;
#10407 = CARTESIAN_POINT ( 'NONE',  ( 2.607008499627946600, 1.279831427931971400, 1.659999999999999900 ) ) ;
#10408 = ADVANCED_FACE ( 'NONE', ( #21 ), #1741, .T. ) ;
#10409 = VERTEX_POINT ( 'NONE', #1055 ) ;
#10410 = VERTEX_POINT ( 'NONE', #10474 ) ;
#10411 = CARTESIAN_POINT ( 'NONE',  ( 2.384837612828778900, 1.258374754332191300, 1.649999999999999900 ) ) ;
#10412 = CIRCLE ( 'NONE', #2861, 0.1000000000000000500 ) ;
#10413 =( NAMED_UNIT ( * ) PLANE_ANGLE_UNIT ( ) SI_UNIT ( $, .RADIAN. ) );
#10414 = CARTESIAN_POINT ( 'NONE',  ( 2.581396069191789900, 1.457792135612236500, 1.649999999999999900 ) ) ;
#10415 = CARTESIAN_POINT ( 'NONE',  ( 2.648831329074791800, 1.210922495411777400, 1.649999999999999900 ) ) ;
#10416 = ORIENTED_EDGE ( 'NONE', *, *, #4291, .F. ) ;
#10417 =( LENGTH_UNIT ( ) NAMED_UNIT ( * ) SI_UNIT ( .MILLI., .METRE. ) );
#10418 = EDGE_CURVE ( 'NONE', #3974, #7630, #9007, .T. ) ;
#10419 = B_SPLINE_CURVE_WITH_KNOTS ( 'NONE', 3,
 ( #7786, #8540, #2540, #5026 ),
 .UNSPECIFIED., .F., .F.,
 ( 4, 4 ),
 ( 1.000000000000000000, 2.000000000000000000 ),
 .UNSPECIFIED. ) ;
#10420 = EDGE_CURVE ( 'NONE', #10539, #6965, #4334, .T. ) ;
#10421 = CIRCLE ( 'NONE', #3144, 0.09999999999999982500 ) ;
#10422 = AXIS2_PLACEMENT_3D ( 'NONE', #10457, #6064, #43 ) ;
#10423 = FILL_AREA_STYLE ('',( #4401 ) ) ;
#10424 = DIRECTION ( 'NONE',  ( 0.0000000000000000000, 0.0000000000000000000, 1.000000000000000000 ) ) ;
#10425 = DIRECTION ( 'NONE',  ( -0.0000000000000000000, -0.0000000000000000000, -1.000000000000000000 ) ) ;
#10426 = B_SPLINE_SURFACE_WITH_KNOTS ( 'NONE', 3, 1, ( 
 ( #5198, #3409 ),
 ( #6051, #7952 ),
 ( #6956, #2645 ),
 ( #27, #9541 ) ),
 .UNSPECIFIED., .F., .F., .F.,
 ( 4, 4 ),
 ( 2, 2 ),
 ( 3.000000000000000000, 4.000000000000000000 ),
 ( 0.0000000000000000000, 1.000000000000000000 ),
 .UNSPECIFIED. ) ;
#10427 = ORIENTED_EDGE ( 'NONE', *, *, #8262, .T. ) ;
#10428 = CARTESIAN_POINT ( 'NONE',  ( 2.237116667665630200, 1.416175620334375400, 1.649999999999999900 ) ) ;
#10429 = DIRECTION ( 'NONE',  ( 0.3493954794690900500, -0.9369753459545051600, -0.0000000000000000000 ) ) ;
#10430 = VERTEX_POINT ( 'NONE', #10613 ) ;
#10431 = EDGE_CURVE ( 'NONE', #3108, #5880, #10878, .T. ) ;
#10432 = ADVANCED_FACE ( 'NONE', ( #11044 ), #4611, .T. ) ;
#10433 = CARTESIAN_POINT ( 'NONE',  ( 2.227714636239762000, 1.242930665093599200, 1.659999999999999900 ) ) ;
#10434 = FACE_OUTER_BOUND ( 'NONE', #829, .T. ) ;
#10435 = FILL_AREA_STYLE ('',( #10364 ) ) ;
#10436 = AXIS2_PLACEMENT_3D ( 'NONE', #5598, #3878, #8200 ) ;
#10437 = CARTESIAN_POINT ( 'NONE',  ( 1.770573793805698000, 1.495466064579933800, 1.659999999999999900 ) ) ;
#10438 = ORIENTED_EDGE ( 'NONE', *, *, #8726, .F. ) ;
#10439 = VECTOR ( 'NONE', #6830, 1000.000000000000000 ) ;
#10440 = FACE_OUTER_BOUND ( 'NONE', #2584, .T. ) ;
#10441 = DIRECTION ( 'NONE',  ( 0.0000000000000000000, 0.0000000000000000000, -1.000000000000000000 ) ) ;
#10442 = B_SPLINE_SURFACE_WITH_KNOTS ( 'NONE', 3, 1, ( 
 ( #10451, #5200 ),
 ( #6999, #35 ),
 ( #1802, #101 ),
 ( #6164, #7072 ) ),
 .UNSPECIFIED., .F., .F., .F.,
 ( 4, 4 ),
 ( 2, 2 ),
 ( 7.000000000000000000, 8.000000000000000000 ),
 ( 0.0000000000000000000, 1.000000000000000000 ),
 .UNSPECIFIED. ) ;
#10443 = DIRECTION ( 'NONE',  ( 1.000000000000000000, -0.0000000000000000000, -0.0000000000000000000 ) ) ;
#10444 =( LENGTH_UNIT ( ) NAMED_UNIT ( * ) SI_UNIT ( .MILLI., .METRE. ) );
#10445 = LINE ( 'NONE', #9583, #7734 ) ;
#10446 = CARTESIAN_POINT ( 'NONE',  ( 2.640284027777977500, 1.268985197321233400, 1.659999999999999900 ) ) ;
#10447 = FACE_OUTER_BOUND ( 'NONE', #7624, .T. ) ;
#10448 = ORIENTED_EDGE ( 'NONE', *, *, #10922, .T. ) ;
#10449 = LINE ( 'NONE', #10844, #8152 ) ;
#10450 = PRESENTATION_STYLE_ASSIGNMENT (( #7360 ) ) ;
#10451 = CARTESIAN_POINT ( 'NONE',  ( 2.296269887327012900, 1.464512082837735600, 1.659999999999999900 ) ) ;
#10452 =( GEOMETRIC_REPRESENTATION_CONTEXT ( 3 ) GLOBAL_UNCERTAINTY_ASSIGNED_CONTEXT ( ( #3079 ) ) GLOBAL_UNIT_ASSIGNED_CONTEXT ( ( #6564, #4739, #3831 ) ) REPRESENTATION_CONTEXT ( 'NONE', 'WORKASPACE' ) );
#10453 = COLOUR_RGB ( '',0.2980392156862745100, 0.2980392156862745100, 0.2980392156862745100 ) ;
#10454 = FILL_AREA_STYLE_COLOUR ( '', #5793 ) ;
#10455 = CARTESIAN_POINT ( 'NONE',  ( 2.460378072217121100, 1.260143161497295800, 1.649999999999999900 ) ) ;
#10456 = ADVANCED_FACE ( 'NONE', ( #683 ), #9773, .F. ) ;
#10457 = CARTESIAN_POINT ( 'NONE',  ( 2.186481275847957000, 1.190939494449978000, 1.659999999999999900 ) ) ;
#10458 = ORIENTED_EDGE ( 'NONE', *, *, #4921, .T. ) ;
#10459 = SURFACE_STYLE_FILL_AREA ( #8479 ) ;
#10460 = VECTOR ( 'NONE', #1744, 1000.000000000000000 ) ;
#10461 = ORIENTED_EDGE ( 'NONE', *, *, #9265, .T. ) ;
#10462 = DIRECTION ( 'NONE',  ( 4.336808689942015400E-015, -1.000000000000000000, 0.0000000000000000000 ) ) ;
#10463 = ORIENTED_EDGE ( 'NONE', *, *, #4632, .T. ) ;
#10464 = FILL_AREA_STYLE ('',( #3465 ) ) ;
#10465 = CARTESIAN_POINT ( 'NONE',  ( 2.652928139005744900, 1.222122407455068900, 1.649999999999999900 ) ) ;
#10466 = EDGE_CURVE ( 'NONE', #10930, #3404, #10491, .T. ) ;
#10467 = ORIENTED_EDGE ( 'NONE', *, *, #10543, .T. ) ;
#10468 = AXIS2_PLACEMENT_3D ( 'NONE', #6695, #3963, #533 ) ;
#10469 = MECHANICAL_DESIGN_GEOMETRIC_PRESENTATION_REPRESENTATION (  '', ( #5785 ), #6370 ) ;
#10470 = VECTOR ( 'NONE', #6019, 1000.000000000000000 ) ;
#10471 = LINE ( 'NONE', #237, #4429 ) ;
#10472 = CARTESIAN_POINT ( 'NONE',  ( 1.699253601437190200, 1.222481897486788400, 1.659999999999999900 ) ) ;
#10473 = ORIENTED_EDGE ( 'NONE', *, *, #4172, .T. ) ;
#10474 = CARTESIAN_POINT ( 'NONE',  ( 2.750514741048119700, 1.209330928962951200, 1.659999999999999900 ) ) ;
#10475 = DIRECTION ( 'NONE',  ( 0.0000000000000000000, 0.0000000000000000000, -1.000000000000000000 ) ) ;
#10476 = ORIENTED_EDGE ( 'NONE', *, *, #4960, .T. ) ;
#10477 = DIRECTION ( 'NONE',  ( 0.0000000000000000000, 0.0000000000000000000, -1.000000000000000000 ) ) ;
#10478 = ORIENTED_EDGE ( 'NONE', *, *, #5711, .F. ) ;
#10479 = B_SPLINE_SURFACE_WITH_KNOTS ( 'NONE', 3, 1, ( 
 ( #1556, #3345 ),
 ( #3309, #3427 ),
 ( #5102, #1667 ),
 ( #9561, #6974 ) ),
 .UNSPECIFIED., .F., .F., .F.,
 ( 4, 4 ),
 ( 2, 2 ),
 ( 8.000000000000000000, 9.000000000000000000 ),
 ( 0.0000000000000000000, 1.000000000000000000 ),
 .UNSPECIFIED. ) ;
#10480 = DIRECTION ( 'NONE',  ( 0.0000000000000000000, -0.0000000000000000000, -1.000000000000000000 ) ) ;
#10481 = EDGE_CURVE ( 'NONE', #3050, #330, #3241, .T. ) ;
#10482 = LINE ( 'NONE', #6299, #5402 ) ;
#10483 = EDGE_CURVE ( 'NONE', #7422, #10736, #8465, .T. ) ;
#10484 = FACE_OUTER_BOUND ( 'NONE', #4931, .T. ) ;
#10485 = DIRECTION ( 'NONE',  ( 1.807003620809173900E-016, -0.0000000000000000000, 1.000000000000000000 ) ) ;
#10486 = ORIENTED_EDGE ( 'NONE', *, *, #6834, .T. ) ;
#10487 = PRESENTATION_LAYER_ASSIGNMENT (  '', '', ( #7140 ) ) ;
#10488 = DIRECTION ( 'NONE',  ( 0.0000000000000000000, 0.0000000000000000000, -1.000000000000000000 ) ) ;
#10489 = CARTESIAN_POINT ( 'NONE',  ( -1.400000000000013200, 1.500000000000000000, -1.055918637551110200E-014 ) ) ;
#10490 = AXIS2_PLACEMENT_3D ( 'NONE', #3608, #7005, #6969 ) ;
#10491 = LINE ( 'NONE', #4569, #11033 ) ;
#10492 = ORIENTED_EDGE ( 'NONE', *, *, #9158, .T. ) ;
#10493 = SURFACE_STYLE_FILL_AREA ( #3972 ) ;
#10494 = ADVANCED_FACE ( 'NONE', ( #10358 ), #3648, .T. ) ;
#10495 = CARTESIAN_POINT ( 'NONE',  ( 2.691420468292159600, 1.177794334525313200, 1.649999999999999900 ) ) ;
#10496 = VERTEX_POINT ( 'NONE', #8919 ) ;
#10497 = CARTESIAN_POINT ( 'NONE',  ( 2.399279604674362500, 1.153036634218602000, 1.649999999999999900 ) ) ;
#10498 = CARTESIAN_POINT ( 'NONE',  ( 1.400000000000000800, -1.399999999999999700, -1.750000000000000000 ) ) ;
#10499 = EDGE_CURVE ( 'NONE', #3858, #5880, #7514, .T. ) ;
#10500 = ORIENTED_EDGE ( 'NONE', *, *, #572, .T. ) ;
#10501 = DIRECTION ( 'NONE',  ( -0.0000000000000000000, 1.000000000000000000, -0.0000000000000000000 ) ) ;
#10502 = DIRECTION ( 'NONE',  ( -0.0000000000000000000, -0.0000000000000000000, -1.000000000000000000 ) ) ;
#10503 = B_SPLINE_CURVE_WITH_KNOTS ( 'NONE', 3,
 ( #3410, #847, #11211, #9496 ),
 .UNSPECIFIED., .F., .F.,
 ( 4, 4 ),
 ( 2.000000000000000000, 3.000000000000000000 ),
 .UNSPECIFIED. ) ;
#10504 = VECTOR ( 'NONE', #4099, 1000.000000000000000 ) ;
#10505 = AXIS2_PLACEMENT_3D ( 'NONE', #1694, #865, #2583 ) ;
#10506 = EDGE_LOOP ( 'NONE', ( #3480, #9658, #5545, #5376 ) ) ;
#10507 = VECTOR ( 'NONE', #3629, 1000.000000000000000 ) ;
#10508 = UNCERTAINTY_MEASURE_WITH_UNIT (LENGTH_MEASURE( 1.000000000000000100E-005 ), #1701, 'distance_accuracy_value', 'NONE');
#10509 = EDGE_LOOP ( 'NONE', ( #9343, #2475, #1416, #702 ) ) ;
#10510 = VERTEX_POINT ( 'NONE', #2209 ) ;
#10511 = ORIENTED_EDGE ( 'NONE', *, *, #1696, .F. ) ;
#10512 = CARTESIAN_POINT ( 'NONE',  ( 1.731224716223094900, 1.236418032062303100, 1.649999999999999900 ) ) ;
#10513 = CARTESIAN_POINT ( 'NONE',  ( 2.247432376126760700, 1.192472113992592200, 1.649999999999999900 ) ) ;
#10514 = CARTESIAN_POINT ( 'NONE',  ( 2.252737597621278500, 1.417059823917321500, 1.659999999999999900 ) ) ;
#10515 = VERTEX_POINT ( 'NONE', #7433 ) ;
#10516 = ORIENTED_EDGE ( 'NONE', *, *, #8052, .T. ) ;
#10517 = FACE_OUTER_BOUND ( 'NONE', #9319, .T. ) ;
#10518 = EDGE_LOOP ( 'NONE', ( #2447, #7348, #823 ) ) ;
#10519 =( NAMED_UNIT ( * ) PLANE_ANGLE_UNIT ( ) SI_UNIT ( $, .RADIAN. ) );
#10520 =( GEOMETRIC_REPRESENTATION_CONTEXT ( 3 ) GLOBAL_UNCERTAINTY_ASSIGNED_CONTEXT ( ( #7159 ) ) GLOBAL_UNIT_ASSIGNED_CONTEXT ( ( #9621, #4363, #8755 ) ) REPRESENTATION_CONTEXT ( 'NONE', 'WORKASPACE' ) );
#10521 = CARTESIAN_POINT ( 'NONE',  ( 1.696794290929159800, 1.288063724729499300, 1.649999999999999900 ) ) ;
#10522 = CARTESIAN_POINT ( 'NONE',  ( 2.581956064794108200, 1.461270003036230700, 1.649999999999999900 ) ) ;
#10523 = DIRECTION ( 'NONE',  ( 1.000000000000000000, 1.504528414727653500E-014, -0.0000000000000000000 ) ) ;
#10524 = EDGE_LOOP ( 'NONE', ( #4094, #2701, #8700, #7207 ) ) ;
#10525 = LINE ( 'NONE', #2320, #4641 ) ;
#10526 = CARTESIAN_POINT ( 'NONE',  ( 3.137317624603200600, 1.787317624603199900, -0.6303046406266170600 ) ) ;
#10527 = EDGE_CURVE ( 'NONE', #8084, #8734, #1321, .T. ) ;
#10528 = CARTESIAN_POINT ( 'NONE',  ( 1.400000000000000800, 1.399999999999999900, -1.779999999999999800 ) ) ;
#10529 = CARTESIAN_POINT ( 'NONE',  ( 2.402109056137896800, 1.151916643013957600, 1.649999999999999900 ) ) ;
#10530 = EDGE_LOOP ( 'NONE', ( #7475, #10096, #3641, #3124 ) ) ;
#10531 = CARTESIAN_POINT ( 'NONE',  ( 2.476352683604536000, 1.462743675673420200, 1.659999999999999900 ) ) ;
#10532 = EDGE_CURVE ( 'NONE', #4716, #2473, #2201, .T. ) ;
#10533 = MECHANICAL_DESIGN_GEOMETRIC_PRESENTATION_REPRESENTATION (  '', ( #2923 ), #822 ) ;
#10534 = ORIENTED_EDGE ( 'NONE', *, *, #2457, .F. ) ;
#10535 = CARTESIAN_POINT ( 'NONE',  ( 2.313600277541560900, 1.251654807106689500, 1.649999999999999900 ) ) ;
#10536 = LINE ( 'NONE', #3850, #10665 ) ;
#10537 = CARTESIAN_POINT ( 'NONE',  ( 2.283832090268234100, 1.262029462473246700, 1.649999999999999900 ) ) ;
#10538 = ORIENTED_EDGE ( 'NONE', *, *, #10955, .F. ) ;
#10539 = VERTEX_POINT ( 'NONE', #387 ) ;
#10540 = CARTESIAN_POINT ( 'NONE',  ( 2.505796662898819500, 1.229726558263511300, 1.659999999999999900 ) ) ;
#10541 = DIRECTION ( 'NONE',  ( -0.0000000000000000000, -1.000000000000000000, -0.0000000000000000000 ) ) ;
#10542 = DIRECTION ( 'NONE',  ( -1.000000000000000000, -0.0000000000000000000, -0.0000000000000000000 ) ) ;
#10543 = EDGE_CURVE ( 'NONE', #31, #954, #9395, .T. ) ;
#10544 = ADVANCED_FACE ( 'NONE', ( #10761 ), #3026, .F. ) ;
#10545 = DIRECTION ( 'NONE',  ( -1.000000000000000000, 0.0000000000000000000, 0.0000000000000000000 ) ) ;
#10546 = STYLED_ITEM ( 'NONE', ( #2177 ), #2089 ) ;
#10547 = DIRECTION ( 'NONE',  ( -0.0000000000000000000, -0.0000000000000000000, -1.000000000000000000 ) ) ;
#10548 = ORIENTED_EDGE ( 'NONE', *, *, #9421, .F. ) ;
#10549 = DIRECTION ( 'NONE',  ( -0.0000000000000000000, -0.0000000000000000000, -1.000000000000000000 ) ) ;
#10550 = ORIENTED_EDGE ( 'NONE', *, *, #11069, .T. ) ;
#10551 = CARTESIAN_POINT ( 'NONE',  ( 2.762274648694514200, 1.177794334525313200, 1.659999999999999900 ) ) ;
#10552 = CARTESIAN_POINT ( 'NONE',  ( 1.400000000000000800, 1.500000000000000000, -1.779999999999999800 ) ) ;
#10553 = CARTESIAN_POINT ( 'NONE',  ( 1.654985918474443800, 1.233958752826503000, 1.659999999999999900 ) ) ;
#10554 =( NAMED_UNIT ( * ) PLANE_ANGLE_UNIT ( ) SI_UNIT ( $, .RADIAN. ) );
#10555 = ORIENTED_EDGE ( 'NONE', *, *, #7886, .F. ) ;
#10556 = EDGE_CURVE ( 'NONE', #281, #9784, #10216, .T. ) ;
#10557 = EDGE_CURVE ( 'NONE', #10888, #5426, #1216, .T. ) ;
#10558 = CARTESIAN_POINT ( 'NONE',  ( 2.460378072217121100, 1.260143161497295800, 1.659999999999999900 ) ) ;
#10559 = ORIENTED_EDGE ( 'NONE', *, *, #6647, .T. ) ;
#10560 = ORIENTED_EDGE ( 'NONE', *, *, #9088, .F. ) ;
#10561 = LINE ( 'NONE', #4348, #8289 ) ;
#10562 = CARTESIAN_POINT ( 'NONE',  ( 2.337355880454870000, 1.224892912013173100, 1.659999999999999900 ) ) ;
#10563 = STYLED_ITEM ( 'NONE', ( #10341 ), #2763 ) ;
#10564 = UNCERTAINTY_MEASURE_WITH_UNIT (LENGTH_MEASURE( 1.000000000000000100E-005 ), #878, 'distance_accuracy_value', 'NONE');
#10565 = DIRECTION ( 'NONE',  ( -0.0000000000000000000, -0.0000000000000000000, -1.000000000000000000 ) ) ;
#10566 = B_SPLINE_SURFACE_WITH_KNOTS ( 'NONE', 3, 1, ( 
 ( #961, #2644 ),
 ( #4355, #3563 ),
 ( #7878, #997 ),
 ( #1753, #7108 ) ),
 .UNSPECIFIED., .F., .F., .F.,
 ( 4, 4 ),
 ( 2, 2 ),
 ( 11.00000000000000000, 12.00000000000000000 ),
 ( 0.0000000000000000000, 1.000000000000000000 ),
 .UNSPECIFIED. ) ;
#10567 = CARTESIAN_POINT ( 'NONE',  ( 2.296122520063057900, 1.477951977290310700, 1.649999999999999900 ) ) ;
#10568 = VECTOR ( 'NONE', #8797, 1000.000000000000000 ) ;
#10569 = PLANE ( 'NONE',  #4198 ) ;
#10570 =( NAMED_UNIT ( * ) PLANE_ANGLE_UNIT ( ) SI_UNIT ( $, .RADIAN. ) );
#10571 = B_SPLINE_CURVE_WITH_KNOTS ( 'NONE', 3,
 ( #9559, #896, #5390, #979 ),
 .UNSPECIFIED., .F., .F.,
 ( 4, 4 ),
 ( 4.000000000000000000, 5.000000000000000000 ),
 .UNSPECIFIED. ) ;
#10572 = FACE_OUTER_BOUND ( 'NONE', #10271, .T. ) ;
#10573 = EDGE_CURVE ( 'NONE', #10130, #2093, #813, .T. ) ;
#10574 = VECTOR ( 'NONE', #10063, 1000.000000000000000 ) ;
#10575 = FACE_OUTER_BOUND ( 'NONE', #5279, .T. ) ;
#10576 = EDGE_CURVE ( 'NONE', #11187, #627, #8067, .T. ) ;
#10577 = CARTESIAN_POINT ( 'NONE',  ( 1.841074195156718400, 1.457756540691922400, 1.649999999999999900 ) ) ;
#10578 = DIRECTION ( 'NONE',  ( -2.168404344971007700E-015, 0.0000000000000000000, -1.000000000000000000 ) ) ;
#10579 = CARTESIAN_POINT ( 'NONE',  ( -1.399999999999999700, 1.399999999999999900, -1.779999999999999800 ) ) ;
#10580 = CIRCLE ( 'NONE', #11259, 0.09999999999999982500 ) ;
#10581 = FILL_AREA_STYLE_COLOUR ( '', #6212 ) ;
#10582 = CARTESIAN_POINT ( 'NONE',  ( 2.279882647600057800, 1.216522451433417600, 1.659999999999999900 ) ) ;
#10583 = EDGE_LOOP ( 'NONE', ( #4747, #4478, #501, #9461 ) ) ;
#10584 = LINE ( 'NONE', #9076, #7328 ) ;
#10585 = DIRECTION ( 'NONE',  ( -0.0000000000000000000, -1.000000000000000000, -0.0000000000000000000 ) ) ;
#10586 = CARTESIAN_POINT ( 'NONE',  ( 2.550301576544853300, 1.293094481667485400, 1.649999999999999900 ) ) ;
#10587 = CARTESIAN_POINT ( 'NONE',  ( 2.437005624189463800, 1.195242618550703000, 1.659999999999999900 ) ) ;
#10588 = SURFACE_SIDE_STYLE ('',( #5118 ) ) ;
#10589 = VECTOR ( 'NONE', #6483, 1000.000000000000200 ) ;
#10590 = DIRECTION ( 'NONE',  ( 0.1387416884823198200, -0.9903286039881282800, 0.0000000000000000000 ) ) ;
#10591 = CARTESIAN_POINT ( 'NONE',  ( 2.342513734685435000, 1.255486355963231400, 1.659999999999999900 ) ) ;
#10592 = PRESENTATION_LAYER_ASSIGNMENT (  '', '', ( #676 ) ) ;
#10593 = ORIENTED_EDGE ( 'NONE', *, *, #5000, .F. ) ;
#10594 = ADVANCED_FACE ( 'NONE', ( #5552 ), #3935, .F. ) ;
#10595 = ORIENTED_EDGE ( 'NONE', *, *, #915, .T. ) ;
#10596 = CARTESIAN_POINT ( 'NONE',  ( 2.662772272223479700, 1.204733070335102700, 1.649999999999999900 ) ) ;
#10597 = CARTESIAN_POINT ( 'NONE',  ( 2.620743128607649900, 1.279831427931971400, 1.649999999999999900 ) ) ;
#10598 = ORIENTED_EDGE ( 'NONE', *, *, #11131, .T. ) ;
#10599 = CARTESIAN_POINT ( 'NONE',  ( 1.997650683197032900, 1.355285008919082900, 1.649999999999999900 ) ) ;
#10600 = DIRECTION ( 'NONE',  ( 1.504528414727653200E-014, -1.000000000000000000, -0.0000000000000000000 ) ) ;
#10601 = CIRCLE ( 'NONE', #872, 0.1000000000000000500 ) ;
#10602 = ORIENTED_EDGE ( 'NONE', *, *, #934, .F. ) ;
#10603 = DIRECTION ( 'NONE',  ( -0.0000000000000000000, 1.000000000000000000, -0.0000000000000000000 ) ) ;
#10604 = DIRECTION ( 'NONE',  ( 0.0000000000000000000, 0.0000000000000000000, -1.000000000000000000 ) ) ;
#10605 = ORIENTED_EDGE ( 'NONE', *, *, #4385, .T. ) ;
#10606 = EDGE_CURVE ( 'NONE', #5993, #9667, #7791, .T. ) ;
#10607 = PRESENTATION_LAYER_ASSIGNMENT (  '', '', ( #9603 ) ) ;
#10608 = FACE_OUTER_BOUND ( 'NONE', #3745, .T. ) ;
#10609 = VECTOR ( 'NONE', #5504, 1000.000000000000000 ) ;
#10610 = ORIENTED_EDGE ( 'NONE', *, *, #4920, .T. ) ;
#10611 = DIRECTION ( 'NONE',  ( -0.0000000000000000000, -0.0000000000000000000, -1.000000000000000000 ) ) ;
#10612 = CARTESIAN_POINT ( 'NONE',  ( 2.299158285695976900, 1.177794334525312100, 1.649999999999999900 ) ) ;
#10613 = CARTESIAN_POINT ( 'NONE',  ( 2.299158285695976900, 1.211217229938904100, 1.649999999999999900 ) ) ;
#10614 = LINE ( 'NONE', #1985, #9138 ) ;
#10615 = CARTESIAN_POINT ( 'NONE',  ( 1.814021717023177400, 1.213464446471775200, 1.659999999999999900 ) ) ;
#10616 = VERTEX_POINT ( 'NONE', #10043 ) ;
#10617 = ORIENTED_EDGE ( 'NONE', *, *, #3169, .F. ) ;
#10618 = FACE_OUTER_BOUND ( 'NONE', #3310, .T. ) ;
#10619 = CARTESIAN_POINT ( 'NONE',  ( 2.333170650164992000, 1.180682732894274600, 1.659999999999999900 ) ) ;
#10620 = CARTESIAN_POINT ( 'NONE',  ( 2.373961908765329600, 1.191352122787952200, 1.659999999999999900 ) ) ;
#10621 = B_SPLINE_SURFACE_WITH_KNOTS ( 'NONE', 3, 1, ( 
 ( #5572, #6427 ),
 ( #3100, #9221 ),
 ( #1298, #7439 ),
 ( #10778, #5526 ) ),
 .UNSPECIFIED., .F., .F., .F.,
 ( 4, 4 ),
 ( 2, 2 ),
 ( 19.00000000000000000, 20.00000000000000000 ),
 ( 0.0000000000000000000, 1.000000000000000000 ),
 .UNSPECIFIED. ) ;
#10622 = CARTESIAN_POINT ( 'NONE',  ( 2.365326187110767800, 1.262029462473246700, 1.659999999999999900 ) ) ;
#10623 = ORIENTED_EDGE ( 'NONE', *, *, #7732, .T. ) ;
#10624 = EDGE_CURVE ( 'NONE', #5254, #1476, #7644, .T. ) ;
#10625 = EDGE_CURVE ( 'NONE', #10252, #8061, #945, .T. ) ;
#10626 = CARTESIAN_POINT ( 'NONE',  ( 2.283832090268234100, 1.262029462473246700, 1.659999999999999900 ) ) ;
#10627 = CARTESIAN_POINT ( 'NONE',  ( 2.437889827771620800, 1.198131016919664400, 1.659999999999999900 ) ) ;
#10628 = AXIS2_PLACEMENT_3D ( 'NONE', #8995, #8925, #1138 ) ;
#10629 = CARTESIAN_POINT ( 'NONE',  ( 2.358075717735266300, 1.227309735137952500, 1.649999999999999900 ) ) ;
#10630 = FILL_AREA_STYLE ('',( #4506 ) ) ;
#10631 = VERTEX_POINT ( 'NONE', #1328 ) ;
#10632 = CARTESIAN_POINT ( 'NONE',  ( 2.262080682141720500, 1.201019415288620700, 1.659999999999999900 ) ) ;
#10633 = CARTESIAN_POINT ( 'NONE',  ( 2.652928139005744900, 1.222122407455068900, 1.659999999999999900 ) ) ;
#10634 = EDGE_LOOP ( 'NONE', ( #11068, #8424, #9243, #9293 ) ) ;
#10635 = ORIENTED_EDGE ( 'NONE', *, *, #54, .F. ) ;
#10636 = ORIENTED_EDGE ( 'NONE', *, *, #8450, .F. ) ;
#10637 = SURFACE_SIDE_STYLE ('',( #4532 ) ) ;
#10638 = B_SPLINE_CURVE_WITH_KNOTS ( 'NONE', 3,
 ( #991, #8016, #5295, #7978, #9707, #1900, #7104 ),
 .UNSPECIFIED., .F., .F.,
 ( 4, 3, 4 ),
 ( 0.0000000000000000000, 1.000000000000000000, 2.000000000000000000 ),
 .UNSPECIFIED. ) ;
#10639 = ORIENTED_EDGE ( 'NONE', *, *, #4672, .T. ) ;
#10640 = CARTESIAN_POINT ( 'NONE',  ( 2.254506004785988200, 1.182333246247737400, 1.649999999999999900 ) ) ;
#10641 = ORIENTED_EDGE ( 'NONE', *, *, #10499, .T. ) ;
#10642 = DIRECTION ( 'NONE',  ( 0.0000000000000000000, 0.0000000000000000000, 1.000000000000000000 ) ) ;
#10643 = EDGE_CURVE ( 'NONE', #7060, #7333, #5266, .T. ) ;
#10644 = CARTESIAN_POINT ( 'NONE',  ( 1.962400482521522200, 1.355285008919082900, 1.649999999999999900 ) ) ;
#10645 = EDGE_LOOP ( 'NONE', ( #5831, #76, #8590, #5211 ) ) ;
#10646 = ORIENTED_EDGE ( 'NONE', *, *, #9309, .F. ) ;
#10647 = CARTESIAN_POINT ( 'NONE',  ( 2.264880660152540900, 1.472293074363239900, 1.659999999999999900 ) ) ;
#10648 = CARTESIAN_POINT ( 'NONE',  ( 3.650000000000000400, 0.6999999999999999600, -0.2999999999999999900 ) ) ;
#10649 = DIRECTION ( 'NONE',  ( 0.0000000000000000000, 0.0000000000000000000, -1.000000000000000000 ) ) ;
#10650 = ORIENTED_EDGE ( 'NONE', *, *, #9418, .T. ) ;
#10651 = B_SPLINE_CURVE_WITH_KNOTS ( 'NONE', 3,
 ( #6129, #3488, #4586, #6359 ),
 .UNSPECIFIED., .F., .F.,
 ( 4, 4 ),
 ( 2.000000000000000000, 3.000000000000000000 ),
 .UNSPECIFIED. ) ;
#10652 = AXIS2_PLACEMENT_3D ( 'NONE', #6192, #8065, #8096 ) ;
#10653 = ORIENTED_EDGE ( 'NONE', *, *, #7203, .F. ) ;
#10654 = CARTESIAN_POINT ( 'NONE',  ( 1.687776808641531200, 1.391355031883523100, 1.659999999999999900 ) ) ;
#10655 = DIRECTION ( 'NONE',  ( 0.0000000000000000000, 0.0000000000000000000, -1.000000000000000000 ) ) ;
#10656 = DIRECTION ( 'NONE',  ( 0.1736481776669307200, 0.0000000000000000000, -0.9848077530122080200 ) ) ;
#10657 = ADVANCED_FACE ( 'NONE', ( #5708 ), #5604, .F. ) ;
#10658 = CARTESIAN_POINT ( 'NONE',  ( 2.247432376126760700, 1.199840477179337200, 1.649999999999999900 ) ) ;
#10659 = SURFACE_SIDE_STYLE ('',( #8439 ) ) ;
#10660 = CARTESIAN_POINT ( 'NONE',  ( 2.495215693362482500, 1.470937295536899600, 1.659999999999999900 ) ) ;
#10661 = EDGE_LOOP ( 'NONE', ( #6095, #1691, #941, #188 ) ) ;
#10662 = CARTESIAN_POINT ( 'NONE',  ( 2.279882647600057800, 1.216522451433417600, 1.659999999999999900 ) ) ;
#10663 = ORIENTED_EDGE ( 'NONE', *, *, #6228, .F. ) ;
#10664 =( NAMED_UNIT ( * ) SI_UNIT ( $, .STERADIAN. ) SOLID_ANGLE_UNIT ( ) );
#10665 = VECTOR ( 'NONE', #6454, 1000.000000000000000 ) ;
#10666 = AXIS2_PLACEMENT_3D ( 'NONE', #9552, #5135, #1662 ) ;
#10667 = CARTESIAN_POINT ( 'NONE',  ( 2.445199244052944200, 1.373851742191424300, 1.659999999999999900 ) ) ;
#10668 = CARTESIAN_POINT ( 'NONE',  ( 1.686957033260347600, 1.440541320226799100, 1.659999999999999900 ) ) ;
#10669 = CARTESIAN_POINT ( 'NONE',  ( 2.640608235758599200, 1.202964663170001300, 1.659999999999999900 ) ) ;
#10670 = ORIENTED_EDGE ( 'NONE', *, *, #3306, .T. ) ;
#10671 = CARTESIAN_POINT ( 'NONE',  ( 2.242038734274099700, 1.384992707329286900, 1.649999999999999900 ) ) ;
#10672 = DIRECTION ( 'NONE',  ( 0.0000000000000000000, 0.0000000000000000000, 1.000000000000000000 ) ) ;
#10673 = ORIENTED_EDGE ( 'NONE', *, *, #3280, .F. ) ;
#10674 = CIRCLE ( 'NONE', #7343, 0.09999999999999982500 ) ;
#10675 = EDGE_CURVE ( 'NONE', #10965, #6280, #5146, .T. ) ;
#10676 =( NAMED_UNIT ( * ) PLANE_ANGLE_UNIT ( ) SI_UNIT ( $, .RADIAN. ) );
#10677 = ORIENTED_EDGE ( 'NONE', *, *, #1002, .F. ) ;
#10678 = CARTESIAN_POINT ( 'NONE',  ( 1.900097803712473400, 1.457756540691922400, 1.649999999999999900 ) ) ;
#10679 = CARTESIAN_POINT ( 'NONE',  ( 3.650000000000000400, -0.6999999999999999600, -0.2000000000000000100 ) ) ;
#10680 = ORIENTED_EDGE ( 'NONE', *, *, #353, .F. ) ;
#10681 = AXIS2_PLACEMENT_3D ( 'NONE', #6104, #2619, #892 ) ;
#10682 = CARTESIAN_POINT ( 'NONE',  ( 2.346964226050116700, 1.175849086643933900, 1.659999999999999900 ) ) ;
#10683 = FILL_AREA_STYLE_COLOUR ( '', #10304 ) ;
#10684 = DIRECTION ( 'NONE',  ( -1.000000000000000000, 0.0000000000000000000, 1.807003620809173900E-016 ) ) ;
#10685 = CIRCLE ( 'NONE', #8648, 0.1000000000000000500 ) ;
#10686 = B_SPLINE_CURVE_WITH_KNOTS ( 'NONE', 3,
 ( #8373, #4959, #9231, #3979 ),
 .UNSPECIFIED., .F., .F.,
 ( 4, 4 ),
 ( 2.000000000000000000, 3.000000000000000000 ),
 .UNSPECIFIED. ) ;
#10687 = PLANE ( 'NONE',  #1606 ) ;
#10688 = ORIENTED_EDGE ( 'NONE', *, *, #3392, .T. ) ;
#10689 = EDGE_CURVE ( 'NONE', #10754, #3530, #3051, .T. ) ;
#10690 = EDGE_CURVE ( 'NONE', #1833, #11051, #7232, .T. ) ;
#10691 = PRESENTATION_STYLE_ASSIGNMENT (( #9119 ) ) ;
#10692 = ORIENTED_EDGE ( 'NONE', *, *, #10690, .F. ) ;
#10693 = VECTOR ( 'NONE', #6290, 1000.000000000000000 ) ;
#10694 = STYLED_ITEM ( 'NONE', ( #9664 ), #10024 ) ;
#10695 = CARTESIAN_POINT ( 'NONE',  ( 2.342513734685435000, 1.255486355963231400, 1.649999999999999900 ) ) ;
#10696 = CARTESIAN_POINT ( 'NONE',  ( 2.379502917881548100, 1.182392193153162000, 1.659999999999999900 ) ) ;
#10697 = B_SPLINE_SURFACE_WITH_KNOTS ( 'NONE', 3, 1, ( 
 ( #10668, #4627 ),
 ( #9787, #5374 ),
 ( #1073, #8073 ),
 ( #2025, #247 ) ),
 .UNSPECIFIED., .F., .F., .F.,
 ( 4, 4 ),
 ( 2, 2 ),
 ( 5.000000000000000000, 6.000000000000000000 ),
 ( 0.0000000000000000000, 1.000000000000000000 ),
 .UNSPECIFIED. ) ;
#10698 = CARTESIAN_POINT ( 'NONE',  ( 2.606330610214778500, 1.190939494449980500, 1.649999999999999900 ) ) ;
#10699 = CIRCLE ( 'NONE', #1276, 0.1000000000000000500 ) ;
#10700 =( NAMED_UNIT ( * ) SI_UNIT ( $, .STERADIAN. ) SOLID_ANGLE_UNIT ( ) );
#10701 =( LENGTH_UNIT ( ) NAMED_UNIT ( * ) SI_UNIT ( .MILLI., .METRE. ) );
#10702 = DIRECTION ( 'NONE',  ( 1.000000000000000000, 0.0000000000000000000, 0.0000000000000000000 ) ) ;
#10703 = LINE ( 'NONE', #6927, #8415 ) ;
#10704 = ORIENTED_EDGE ( 'NONE', *, *, #2853, .F. ) ;
#10705 = CIRCLE ( 'NONE', #7827, 0.1000000000000000500 ) ;
#10706 = CARTESIAN_POINT ( 'NONE',  ( 2.606419030573703800, 1.177794334525313200, 1.649999999999999900 ) ) ;
#10707 = FACE_OUTER_BOUND ( 'NONE', #5674, .T. ) ;
#10708 = UNCERTAINTY_MEASURE_WITH_UNIT (LENGTH_MEASURE( 1.000000000000000100E-005 ), #559, 'distance_accuracy_value', 'NONE');
#10709 = DIRECTION ( 'NONE',  ( 0.0000000000000000000, -0.0000000000000000000, -1.000000000000000000 ) ) ;
#10710 = EDGE_CURVE ( 'NONE', #8336, #8348, #6946, .T. ) ;
#10711 = CARTESIAN_POINT ( 'NONE',  ( 2.547030023289829100, 1.360706582266761900, 1.649999999999999900 ) ) ;
#10712 = ADVANCED_FACE ( 'NONE', ( #1616 ), #5686, .F. ) ;
#10713 = FACE_OUTER_BOUND ( 'NONE', #5603, .T. ) ;
#10714 = DIRECTION ( 'NONE',  ( -0.0000000000000000000, -0.0000000000000000000, 1.000000000000000000 ) ) ;
#10715 = CARTESIAN_POINT ( 'NONE',  ( 2.237116667665630200, 1.416175620334375400, 1.659999999999999900 ) ) ;
#10716 = CARTESIAN_POINT ( 'NONE',  ( 2.435738265721259400, 1.191470016598803500, 1.649999999999999900 ) ) ;
#10717 = CARTESIAN_POINT ( 'NONE',  ( -1.399999999999999700, 1.399999999999999900, -1.779999999999999800 ) ) ;
#10718 = VERTEX_POINT ( 'NONE', #10160 ) ;
#10719 = LINE ( 'NONE', #4680, #6769 ) ;
#10720 = DIRECTION ( 'NONE',  ( 1.000000000000000000, -0.0000000000000000000, -0.0000000000000000000 ) ) ;
#10721 = FACE_OUTER_BOUND ( 'NONE', #8271, .T. ) ;
#10722 = CARTESIAN_POINT ( 'NONE',  ( 1.654166119638992300, 1.179034005541532500, 1.659999999999999900 ) ) ;
#10723 = ORIENTED_EDGE ( 'NONE', *, *, #1654, .F. ) ;
#10724 = CARTESIAN_POINT ( 'NONE',  ( 1.705811788852312300, 1.438901777282389800, 1.659999999999999900 ) ) ;
#10725 = DIRECTION ( 'NONE',  ( 1.000000000000000000, -0.0000000000000000000, 0.0000000000000000000 ) ) ;
#10726 = PLANE ( 'NONE',  #10111 ) ;
#10727 = LINE ( 'NONE', #1541, #7756 ) ;
#10728 = EDGE_CURVE ( 'NONE', #5820, #10988, #3926, .T. ) ;
#10729 = ORIENTED_EDGE ( 'NONE', *, *, #851, .T. ) ;
#10730 = FACE_OUTER_BOUND ( 'NONE', #5434, .T. ) ;
#10731 = DIRECTION ( 'NONE',  ( -0.0000000000000000000, -1.000000000000000000, -0.0000000000000000000 ) ) ;
#10732 = CARTESIAN_POINT ( 'NONE',  ( 2.421237326969862400, 1.139007270710988600, 1.649999999999999900 ) ) ;
#10733 = LINE ( 'NONE', #7834, #3890 ) ;
#10734 = ORIENTED_EDGE ( 'NONE', *, *, #4868, .T. ) ;
#10735 = CARTESIAN_POINT ( 'NONE',  ( 1.955842310742314000, 1.355285008919082900, 1.659999999999999900 ) ) ;
#10736 = VERTEX_POINT ( 'NONE', #1410 ) ;
#10737 = CARTESIAN_POINT ( 'NONE',  ( 2.342513734685435000, 1.255486355963231400, 1.659999999999999900 ) ) ;
#10738 = VERTEX_POINT ( 'NONE', #4075 ) ;
#10739 =( NAMED_UNIT ( * ) PLANE_ANGLE_UNIT ( ) SI_UNIT ( $, .RADIAN. ) );
#10740 = CARTESIAN_POINT ( 'NONE',  ( 1.696794290929159800, 1.288063724729499300, 1.659999999999999900 ) ) ;
#10741 = PRESENTATION_STYLE_ASSIGNMENT (( #4575 ) ) ;
#10742 = ORIENTED_EDGE ( 'NONE', *, *, #8760, .T. ) ;
#10743 = CARTESIAN_POINT ( 'NONE',  ( 2.323444410758892100, 1.379746432740977400, 1.649999999999999900 ) ) ;
#10744 = ORIENTED_EDGE ( 'NONE', *, *, #4671, .F. ) ;
#10745 = CARTESIAN_POINT ( 'NONE',  ( 2.230986189494375900, 1.293094481667485400, 1.649999999999999900 ) ) ;
#10746 = EDGE_CURVE ( 'NONE', #5993, #9651, #5693, .T. ) ;
#10747 = FILL_AREA_STYLE_COLOUR ( '', #1715 ) ;
#10748 = ORIENTED_EDGE ( 'NONE', *, *, #6609, .T. ) ;
#10749 = ORIENTED_EDGE ( 'NONE', *, *, #3900, .F. ) ;
#10750 = EDGE_CURVE ( 'NONE', #10410, #2059, #269, .T. ) ;
#10751 = PLANE ( 'NONE',  #543 ) ;
#10752 = CARTESIAN_POINT ( 'NONE',  ( 2.727348607189448200, 1.274526206437453200, 1.659999999999999900 ) ) ;
#10753 = LINE ( 'NONE', #5740, #3636 ) ;
#10754 = VERTEX_POINT ( 'NONE', #4880 ) ;
#10755 = ORIENTED_EDGE ( 'NONE', *, *, #9448, .T. ) ;
#10756 =( NAMED_UNIT ( * ) PLANE_ANGLE_UNIT ( ) SI_UNIT ( $, .RADIAN. ) );
#10757 = SURFACE_STYLE_FILL_AREA ( #9899 ) ;
#10758 = CARTESIAN_POINT ( 'NONE',  ( 2.361406217895683400, 1.412638806004960600, 1.649999999999999900 ) ) ;
#10759 = B_SPLINE_CURVE_WITH_KNOTS ( 'NONE', 3,
 ( #2847, #4507, #5419, #5338 ),
 .UNSPECIFIED., .F., .F.,
 ( 4, 4 ),
 ( 17.00000000000000000, 18.00000000000000000 ),
 .UNSPECIFIED. ) ;
#10760 = B_SPLINE_SURFACE_WITH_KNOTS ( 'NONE', 3, 1, ( 
 ( #8304, #11017 ),
 ( #4856, #6682 ),
 ( #9419, #4200 ),
 ( #6718, #5010 ) ),
 .UNSPECIFIED., .F., .F., .F.,
 ( 4, 4 ),
 ( 2, 2 ),
 ( 19.00000000000000000, 20.00000000000000000 ),
 ( 0.0000000000000000000, 1.000000000000000000 ),
 .UNSPECIFIED. ) ;
#10761 = FACE_OUTER_BOUND ( 'NONE', #6986, .T. ) ;
#10762 = CARTESIAN_POINT ( 'NONE',  ( 1.626293889578141800, 1.247075112020049200, 1.659999999999999900 ) ) ;
#10763 = ORIENTED_EDGE ( 'NONE', *, *, #2314, .T. ) ;
#10764 = SURFACE_STYLE_USAGE ( .BOTH. , #3614 ) ;
#10765 = VECTOR ( 'NONE', #1171, 1000.000000000000100 ) ;
#10766 = EDGE_CURVE ( 'NONE', #9140, #10, #6378, .T. ) ;
#10767 = CARTESIAN_POINT ( 'NONE',  ( 2.461940165212449700, 1.373851742191424300, 1.649999999999999900 ) ) ;
#10768 = ORIENTED_EDGE ( 'NONE', *, *, #11130, .F. ) ;
#10769 = AXIS2_PLACEMENT_3D ( 'NONE', #988, #953, #7974 ) ;
#10770 = CARTESIAN_POINT ( 'NONE',  ( 2.460378072217121100, 1.260143161497295800, 1.659999999999999900 ) ) ;
#10771 = AXIS2_PLACEMENT_3D ( 'NONE', #2268, #11093, #6723 ) ;
#10772 = VECTOR ( 'NONE', #10542, 1000.000000000000000 ) ;
#10773 = CARTESIAN_POINT ( 'NONE',  ( 2.584107626844474500, 1.453194276983599700, 1.659999999999999900 ) ) ;
#10774 = ORIENTED_EDGE ( 'NONE', *, *, #6116, .F. ) ;
#10775 = CARTESIAN_POINT ( 'NONE',  ( 2.396302785946871100, 1.260143161497294400, 1.659999999999999900 ) ) ;
#10776 = ADVANCED_FACE ( 'NONE', ( #4308 ), #1127, .F. ) ;
#10777 = FILL_AREA_STYLE_COLOUR ( '', #4012 ) ;
#10778 = CARTESIAN_POINT ( 'NONE',  ( 2.355511527346536600, 1.175849086643933900, 1.659999999999999900 ) ) ;
#10779 = ORIENTED_EDGE ( 'NONE', *, *, #6702, .T. ) ;
#10780 = VECTOR ( 'NONE', #4130, 1000.000000000000000 ) ;
#10781 = ORIENTED_EDGE ( 'NONE', *, *, #10999, .F. ) ;
#10782 = EDGE_CURVE ( 'NONE', #42, #1050, #4037, .T. ) ;
#10783 = ORIENTED_EDGE ( 'NONE', *, *, #3533, .F. ) ;
#10784 = EDGE_CURVE ( 'NONE', #4219, #4753, #3772, .T. ) ;
#10785 = VERTEX_POINT ( 'NONE', #4031 ) ;
#10786 = ADVANCED_FACE ( 'NONE', ( #8857 ), #8737, .F. ) ;
#10787 = SURFACE_STYLE_USAGE ( .BOTH. , #1177 ) ;
#10788 = CARTESIAN_POINT ( 'NONE',  ( 2.624663097823114500, 1.177794334525313200, 1.649999999999999900 ) ) ;
#10789 =( NAMED_UNIT ( * ) SI_UNIT ( $, .STERADIAN. ) SOLID_ANGLE_UNIT ( ) );
#10790 = DIRECTION ( 'NONE',  ( -1.000000000000000000, 0.0000000000000000000, 0.0000000000000000000 ) ) ;
#10791 = DIRECTION ( 'NONE',  ( -1.000000000000000000, 0.0000000000000000000, 0.0000000000000000000 ) ) ;
#10792 = ORIENTED_EDGE ( 'NONE', *, *, #5947, .F. ) ;
#10793 = VERTEX_POINT ( 'NONE', #3245 ) ;
#10794 = DIRECTION ( 'NONE',  ( -0.0000000000000000000, -0.0000000000000000000, -1.000000000000000000 ) ) ;
#10795 = FACE_OUTER_BOUND ( 'NONE', #5681, .T. ) ;
#10796 = DIRECTION ( 'NONE',  ( 0.0000000000000000000, -1.000000000000000000, 0.0000000000000000000 ) ) ;
#10797 = ORIENTED_EDGE ( 'NONE', *, *, #900, .F. ) ;
#10798 = CARTESIAN_POINT ( 'NONE',  ( 1.841074195156718400, 1.457756540691922400, 1.659999999999999900 ) ) ;
#10799 = CARTESIAN_POINT ( 'NONE',  ( 2.505796662898825300, 1.242930665093601600, 1.659999999999999900 ) ) ;
#10800 = CARTESIAN_POINT ( 'NONE',  ( 2.582309746226657300, 1.461270003036230700, 1.649999999999999900 ) ) ;
#10801 = DIRECTION ( 'NONE',  ( 0.3559357243698827400, -0.9345104387417441100, 0.0000000000000000000 ) ) ;
#10802 = EDGE_CURVE ( 'NONE', #6555, #1656, #6243, .T. ) ;
#10803 = CARTESIAN_POINT ( 'NONE',  ( 1.654985918474443800, 1.233958752826503000, 1.659999999999999900 ) ) ;
#10804 = ORIENTED_EDGE ( 'NONE', *, *, #4813, .T. ) ;
#10805 = PRESENTATION_STYLE_ASSIGNMENT (( #3336 ) ) ;
#10806 = CARTESIAN_POINT ( 'NONE',  ( 2.496217790756276600, 1.385876910911449000, 1.659999999999999900 ) ) ;
#10807 = B_SPLINE_CURVE_WITH_KNOTS ( 'NONE', 3,
 ( #6382, #8986, #3056, #3166 ),
 .UNSPECIFIED., .F., .F.,
 ( 4, 4 ),
 ( 7.000000000000000000, 8.000000000000000000 ),
 .UNSPECIFIED. ) ;
#10808 =( NAMED_UNIT ( * ) SI_UNIT ( $, .STERADIAN. ) SOLID_ANGLE_UNIT ( ) );
#10809 = CARTESIAN_POINT ( 'NONE',  ( 2.617884203691399800, 1.360706582266757900, 1.649999999999999900 ) ) ;
#10810 = ORIENTED_EDGE ( 'NONE', *, *, #3463, .T. ) ;
#10811 = CARTESIAN_POINT ( 'NONE',  ( 2.725786514194117800, 1.274879887870000900, 1.659999999999999900 ) ) ;
#10812 = CARTESIAN_POINT ( 'NONE',  ( 2.373961908765329600, 1.191352122787952200, 1.659999999999999900 ) ) ;
#10813 = VERTEX_POINT ( 'NONE', #2536 ) ;
#10814 = DIRECTION ( 'NONE',  ( 0.0000000000000000000, 1.000000000000000000, 0.0000000000000000000 ) ) ;
#10815 = SURFACE_STYLE_FILL_AREA ( #1371 ) ;
#10816 = DIRECTION ( 'NONE',  ( 0.0000000000000000000, -0.0000000000000000000, -1.000000000000000000 ) ) ;
#10817 = VERTEX_POINT ( 'NONE', #1620 ) ;
#10818 = CARTESIAN_POINT ( 'NONE',  ( 2.313600277541560900, 1.177794334525312100, 1.659999999999999900 ) ) ;
#10819 = B_SPLINE_SURFACE_WITH_KNOTS ( 'NONE', 3, 1, ( 
 ( #7809, #807 ),
 ( #7722, #11242 ),
 ( #2487, #10257 ),
 ( #3408, #6837 ) ),
 .UNSPECIFIED., .F., .F., .F.,
 ( 4, 4 ),
 ( 2, 2 ),
 ( 5.000000000000000000, 6.000000000000000000 ),
 ( 0.0000000000000000000, 1.000000000000000000 ),
 .UNSPECIFIED. ) ;
#10820 = ORIENTED_EDGE ( 'NONE', *, *, #2614, .T. ) ;
#10821 = CARTESIAN_POINT ( 'NONE',  ( 2.361406217895695400, 1.425842912835049800, 1.659999999999999900 ) ) ;
#10822 = VECTOR ( 'NONE', #61, 1000.000000000000000 ) ;
#10823 = FILL_AREA_STYLE ('',( #6398 ) ) ;
#10824 = PLANE ( 'NONE',  #7867 ) ;
#10825 = ORIENTED_EDGE ( 'NONE', *, *, #3969, .F. ) ;
#10826 = DIRECTION ( 'NONE',  ( 0.9369753459439895700, 0.3493954794972899400, -0.0000000000000000000 ) ) ;
#10827 = ORIENTED_EDGE ( 'NONE', *, *, #5333, .T. ) ;
#10828 = CARTESIAN_POINT ( 'NONE',  ( 2.346522124259034800, 1.476006729408933600, 1.659999999999999900 ) ) ;
#10829 = ADVANCED_FACE ( 'NONE', ( #2572 ), #6854, .T. ) ;
#10830 = VECTOR ( 'NONE', #5983, 1000.000000000000000 ) ;
#10831 = VERTEX_POINT ( 'NONE', #1552 ) ;
#10832 = EDGE_CURVE ( 'NONE', #10409, #2597, #4448, .T. ) ;
#10833 =( LENGTH_UNIT ( ) NAMED_UNIT ( * ) SI_UNIT ( .MILLI., .METRE. ) );
#10834 = CARTESIAN_POINT ( 'NONE',  ( 2.975150518713304900, -1.723631294014524900, 1.567364817766693000 ) ) ;
#10835 = CARTESIAN_POINT ( 'NONE',  ( 1.554153906192529600, 1.274947334263333300, 1.649999999999999900 ) ) ;
#10836 = B_SPLINE_SURFACE_WITH_KNOTS ( 'NONE', 3, 1, ( 
 ( #6992, #4426 ),
 ( #918, #10521 ),
 ( #5262, #96 ),
 ( #10553, #8893 ) ),
 .UNSPECIFIED., .F., .F., .F.,
 ( 4, 4 ),
 ( 2, 2 ),
 ( 16.00000000000000000, 17.00000000000000000 ),
 ( 0.0000000000000000000, 1.000000000000000000 ),
 .UNSPECIFIED. ) ;
#10837 = CARTESIAN_POINT ( 'NONE',  ( 2.625075726161089800, 1.293094481667487600, 1.659999999999999900 ) ) ;
#10838 = ORIENTED_EDGE ( 'NONE', *, *, #11000, .T. ) ;
#10839 = CARTESIAN_POINT ( 'NONE',  ( 1.925510731083255300, 1.228220309520728200, 1.649999999999999900 ) ) ;
#10840 = VECTOR ( 'NONE', #6315, 1000.000000000000000 ) ;
#10841 = SURFACE_STYLE_USAGE ( .BOTH. , #7391 ) ;
#10842 = ORIENTED_EDGE ( 'NONE', *, *, #10481, .F. ) ;
#10843 = COLOUR_RGB ( '',0.6666666666666666300, 0.6666666666666666300, 0.6666666666666666300 ) ;
#10844 = CARTESIAN_POINT ( 'NONE',  ( -2.450000000000000200, 0.6999999999999999600, -1.879999999999999900 ) ) ;
#10845 = EDGE_CURVE ( 'NONE', #1027, #7359, #1358, .T. ) ;
#10846 = EDGE_CURVE ( 'NONE', #2216, #1866, #4582, .T. ) ;
#10847 = VECTOR ( 'NONE', #8791, 1000.000000000000000 ) ;
#10848 = PRESENTATION_LAYER_ASSIGNMENT (  '', '', ( #10265 ) ) ;
#10849 = CARTESIAN_POINT ( 'NONE',  ( 2.279882647600057800, 1.216522451433417600, 1.649999999999999900 ) ) ;
#10850 = VECTOR ( 'NONE', #4930, 1000.000000000000000 ) ;
#10851 = CARTESIAN_POINT ( 'NONE',  ( 1.972237755826254900, 1.177394454778384600, 1.649999999999999900 ) ) ;
#10852 = SURFACE_STYLE_USAGE ( .BOTH. , #4806 ) ;
#10853 = CYLINDRICAL_SURFACE ( 'NONE', #3631, 0.1000000000000000500 ) ;
#10854 = B_SPLINE_SURFACE_WITH_KNOTS ( 'NONE', 3, 1, ( 
 ( #5452, #2878 ),
 ( #6316, #3784 ),
 ( #8174, #7250 ),
 ( #6279, #2770 ) ),
 .UNSPECIFIED., .F., .F., .F.,
 ( 4, 4 ),
 ( 2, 2 ),
 ( 6.000000000000000000, 7.000000000000000000 ),
 ( 0.0000000000000000000, 1.000000000000000000 ),
 .UNSPECIFIED. ) ;
#10855 = LINE ( 'NONE', #5600, #7604 ) ;
#10856 = LINE ( 'NONE', #8254, #7319 ) ;
#10857 = DIRECTION ( 'NONE',  ( -0.0000000000000000000, -1.000000000000000000, 0.0000000000000000000 ) ) ;
#10858 = MANIFOLD_SOLID_BREP ( '͹̨-����3', #3657 ) ;
#10859 = DIRECTION ( 'NONE',  ( -1.000000000000000000, -0.0000000000000000000, -0.0000000000000000000 ) ) ;
#10860 = VECTOR ( 'NONE', #8246, 1000.000000000000000 ) ;
#10861 = CARTESIAN_POINT ( 'NONE',  ( 2.583547631242149900, 1.454785843431639600, 1.659999999999999900 ) ) ;
#10862 = CARTESIAN_POINT ( 'NONE',  ( 2.271600607378438900, 1.376091724599924700, 1.649999999999999900 ) ) ;
#10863 = DIRECTION ( 'NONE',  ( 0.9409537876827146500, -0.3385350342956439100, 0.0000000000000000000 ) ) ;
#10864 = ORIENTED_EDGE ( 'NONE', *, *, #8436, .F. ) ;
#10865 = LINE ( 'NONE', #476, #3481 ) ;
#10866 = CARTESIAN_POINT ( 'NONE',  ( 2.407473224537446800, 1.151386120864346300, 1.649999999999999900 ) ) ;
#10867 = EDGE_CURVE ( 'NONE', #11187, #833, #10073, .T. ) ;
#10868 = CIRCLE ( 'NONE', #9853, 0.2000000000000000900 ) ;
#10869 = PLANE ( 'NONE',  #5658 ) ;
#10870 = VERTEX_POINT ( 'NONE', #9472 ) ;
#10871 = CARTESIAN_POINT ( 'NONE',  ( 1.927150250574183100, 1.228220309520728200, 1.659999999999999900 ) ) ;
#10872 =( NAMED_UNIT ( * ) SI_UNIT ( $, .STERADIAN. ) SOLID_ANGLE_UNIT ( ) );
#10873 = VECTOR ( 'NONE', #5671, 1000.000000000000000 ) ;
#10874 = AXIS2_PLACEMENT_3D ( 'NONE', #1666, #1525, #8651 ) ;
#10875 = FILL_AREA_STYLE ('',( #8278 ) ) ;
#10876 = CARTESIAN_POINT ( 'NONE',  ( 2.582309746226657300, 1.461270003036230700, 1.659999999999999900 ) ) ;
#10877 = LINE ( 'NONE', #8383, #9254 ) ;
#10878 = B_SPLINE_CURVE_WITH_KNOTS ( 'NONE', 3,
 ( #276, #9846, #6226, #7201 ),
 .UNSPECIFIED., .F., .F.,
 ( 4, 4 ),
 ( 9.000000000000000000, 10.00000000000000000 ),
 .UNSPECIFIED. ) ;
#10879 = CARTESIAN_POINT ( 'NONE',  ( 2.252737597621278500, 1.417059823917321500, 1.659999999999999900 ) ) ;
#10880 = ORIENTED_EDGE ( 'NONE', *, *, #9741, .F. ) ;
#10881 = VERTEX_POINT ( 'NONE', #4255 ) ;
#10882 = EDGE_LOOP ( 'NONE', ( #7782, #4010, #9790, #11097 ) ) ;
#10883 = CARTESIAN_POINT ( 'NONE',  ( 1.606619327332769800, 1.198708520878374800, 1.649999999999999900 ) ) ;
#10884 = LINE ( 'NONE', #6476, #9781 ) ;
#10885 = LINE ( 'NONE', #7371, #5966 ) ;
#10886 = ADVANCED_FACE ( 'NONE', ( #3358 ), #9507, .F. ) ;
#10887 = EDGE_LOOP ( 'NONE', ( #5365, #4622, #8408, #4721 ) ) ;
#10888 = VERTEX_POINT ( 'NONE', #1690 ) ;
#10889 = DIRECTION ( 'NONE',  ( -0.0000000000000000000, -0.0000000000000000000, -1.000000000000000000 ) ) ;
#10890 = LINE ( 'NONE', #10799, #10609 ) ;
#10891 = CARTESIAN_POINT ( 'NONE',  ( 2.668578542414895300, 1.236918080733201600, 1.649999999999999900 ) ) ;
#10892 = EDGE_LOOP ( 'NONE', ( #1255, #7626, #9682, #9598 ) ) ;
#10893 = ADVANCED_FACE ( 'NONE', ( #10608 ), #4997, .F. ) ;
#10894 = LINE ( 'NONE', #4883, #2712 ) ;
#10895 = FACE_BOUND ( 'NONE', #1330, .T. ) ;
#10896 = CARTESIAN_POINT ( 'NONE',  ( 2.624663097823114500, 1.177794334525313200, 1.659999999999999900 ) ) ;
#10897 = ORIENTED_EDGE ( 'NONE', *, *, #4341, .T. ) ;
#10898 = CARTESIAN_POINT ( 'NONE',  ( 2.026342712093334600, 1.291342779347270700, 1.659999999999999900 ) ) ;
#10899 = CARTESIAN_POINT ( 'NONE',  ( 2.253769168466997400, 1.460975268508318600, 1.649999999999999900 ) ) ;
#10900 = VERTEX_POINT ( 'NONE', #4142 ) ;
#10901 = EDGE_CURVE ( 'NONE', #7408, #8072, #4792, .T. ) ;
#10902 = CARTESIAN_POINT ( 'NONE',  ( 2.724460208820486800, 1.270282029242152600, 1.659999999999999900 ) ) ;
#10903 = LINE ( 'NONE', #6732, #8206 ) ;
#10904 = AXIS2_PLACEMENT_3D ( 'NONE', #6799, #2420, #10229 ) ;
#10905 = B_SPLINE_CURVE_WITH_KNOTS ( 'NONE', 3,
 ( #8522, #5050, #4973, #7610 ),
 .UNSPECIFIED., .F., .F.,
 ( 4, 4 ),
 ( 15.00000000000000000, 16.00000000000000000 ),
 .UNSPECIFIED. ) ;
#10906 = VECTOR ( 'NONE', #7051, 1000.000000000000000 ) ;
#10907 = MECHANICAL_DESIGN_GEOMETRIC_PRESENTATION_REPRESENTATION (  '', ( #1926 ), #10250 ) ;
#10908 = SURFACE_SIDE_STYLE ('',( #6770 ) ) ;
#10909 = ORIENTED_EDGE ( 'NONE', *, *, #10312, .F. ) ;
#10910 = FILL_AREA_STYLE_COLOUR ( '', #355 ) ;
#10911 = VECTOR ( 'NONE', #9749, 1000.000000000000000 ) ;
#10912 = DIRECTION ( 'NONE',  ( -0.0000000000000000000, -0.0000000000000000000, -1.000000000000000000 ) ) ;
#10913 = CARTESIAN_POINT ( 'NONE',  ( 2.256775460647202800, 1.443114356144166400, 1.659999999999999900 ) ) ;
#10914 = EDGE_LOOP ( 'NONE', ( #6278, #5640, #1669, #7660 ) ) ;
#10915 = CARTESIAN_POINT ( 'NONE',  ( 1.400000000000000800, -1.399999999999999900, -1.779999999999999800 ) ) ;
#10916 = B_SPLINE_SURFACE_WITH_KNOTS ( 'NONE', 3, 1, ( 
 ( #4445, #1693 ),
 ( #113, #9560 ),
 ( #6141, #1813 ),
 ( #1775, #8794 ) ),
 .UNSPECIFIED., .F., .F., .F.,
 ( 4, 4 ),
 ( 2, 2 ),
 ( 7.000000000000000000, 8.000000000000000000 ),
 ( 0.0000000000000000000, 1.000000000000000000 ),
 .UNSPECIFIED. ) ;
#10917 = CARTESIAN_POINT ( 'NONE',  ( 1.967319103537973800, 1.227400549775460300, 1.649999999999999900 ) ) ;
#10918 = ORIENTED_EDGE ( 'NONE', *, *, #5046, .F. ) ;
#10919 = ORIENTED_EDGE ( 'NONE', *, *, #6899, .F. ) ;
#10920 = CARTESIAN_POINT ( 'NONE',  ( 2.293676223485176200, 1.372024388120897300, 1.659999999999999900 ) ) ;
#10921 = VERTEX_POINT ( 'NONE', #145 ) ;
#10922 = EDGE_CURVE ( 'NONE', #3917, #10369, #9653, .T. ) ;
#10923 = EDGE_CURVE ( 'NONE', #3404, #1324, #5535, .T. ) ;
#10924 = CARTESIAN_POINT ( 'NONE',  ( 2.524188097411783600, 1.419830328475432600, 1.649999999999999900 ) ) ;
#10925 =( GEOMETRIC_REPRESENTATION_CONTEXT ( 3 ) GLOBAL_UNCERTAINTY_ASSIGNED_CONTEXT ( ( #465 ) ) GLOBAL_UNIT_ASSIGNED_CONTEXT ( ( #4331, #4207, #10664 ) ) REPRESENTATION_CONTEXT ( 'NONE', 'WORKASPACE' ) );
#10926 = ORIENTED_EDGE ( 'NONE', *, *, #3881, .T. ) ;
#10927 = UNCERTAINTY_MEASURE_WITH_UNIT (LENGTH_MEASURE( 1.000000000000000100E-005 ), #10303, 'distance_accuracy_value', 'NONE');
#10928 = ORIENTED_EDGE ( 'NONE', *, *, #2981, .F. ) ;
#10929 = LINE ( 'NONE', #4862, #830 ) ;
#10930 = VERTEX_POINT ( 'NONE', #9656 ) ;
#10931 = CARTESIAN_POINT ( 'NONE',  ( 1.951743449471527100, 1.464314716379716300, 1.659999999999999900 ) ) ;
#10932 = ORIENTED_EDGE ( 'NONE', *, *, #7241, .T. ) ;
#10933 = CARTESIAN_POINT ( 'NONE',  ( 2.237116667665630200, 1.416175620334375400, 1.649999999999999900 ) ) ;
#10934 = DIRECTION ( 'NONE',  ( 1.000000000000000000, -0.0000000000000000000, -0.0000000000000000000 ) ) ;
#10935 = B_SPLINE_SURFACE_WITH_KNOTS ( 'NONE', 3, 1, ( 
 ( #7403, #6511 ),
 ( #3037, #9156 ),
 ( #11046, #5819 ),
 ( #8406, #7487 ) ),
 .UNSPECIFIED., .F., .F., .F.,
 ( 4, 4 ),
 ( 2, 2 ),
 ( 9.000000000000000000, 10.00000000000000000 ),
 ( 0.0000000000000000000, 1.000000000000000000 ),
 .UNSPECIFIED. ) ;
#10936 = DIRECTION ( 'NONE',  ( 1.000000000000000000, 0.0000000000000000000, 0.0000000000000000000 ) ) ;
#10937 = ORIENTED_EDGE ( 'NONE', *, *, #3819, .F. ) ;
#10938 = EDGE_CURVE ( 'NONE', #7655, #3, #2700, .T. ) ;
#10939 = VECTOR ( 'NONE', #3801, 1000.000000000000000 ) ;
#10940 = DIRECTION ( 'NONE',  ( -1.000000000000000000, 0.0000000000000000000, 0.0000000000000000000 ) ) ;
#10941 = DIRECTION ( 'NONE',  ( -1.000000000000000000, 0.0000000000000000000, 0.0000000000000000000 ) ) ;
#10942 = ADVANCED_FACE ( 'NONE', ( #4846 ), #6108, .F. ) ;
#10943 = CARTESIAN_POINT ( 'NONE',  ( 1.727945630333487700, 1.465134487852311400, 1.649999999999999900 ) ) ;
#10944 = AXIS2_PLACEMENT_3D ( 'NONE', #7705, #787, #9596 ) ;
#10945 = EDGE_LOOP ( 'NONE', ( #5884, #6731, #7512, #958 ) ) ;
#10946 = CARTESIAN_POINT ( 'NONE',  ( -1.500000000000000900, 1.500000000000000000, -1.649999999999999900 ) ) ;
#10947 = ORIENTED_EDGE ( 'NONE', *, *, #6594, .T. ) ;
#10948 = ADVANCED_FACE ( 'NONE', ( #402 ), #1188, .T. ) ;
#10949 = SURFACE_STYLE_USAGE ( .BOTH. , #7376 ) ;
#10950 = CARTESIAN_POINT ( 'NONE',  ( 2.232400915226536100, 1.373851742191424300, 1.659999999999999900 ) ) ;
#10951 = DIRECTION ( 'NONE',  ( -1.000000000000000000, -0.0000000000000000000, -0.0000000000000000000 ) ) ;
#10952 =( NAMED_UNIT ( * ) PLANE_ANGLE_UNIT ( ) SI_UNIT ( $, .RADIAN. ) );
#10953 = CARTESIAN_POINT ( 'NONE',  ( 2.237116667665630200, 1.434743895564411000, 1.649999999999999900 ) ) ;
#10954 = ORIENTED_EDGE ( 'NONE', *, *, #9364, .F. ) ;
#10955 = EDGE_CURVE ( 'NONE', #9807, #6816, #6508, .T. ) ;
#10956 = B_SPLINE_CURVE_WITH_KNOTS ( 'NONE', 3,
 ( #9049, #7378, #5667, #6440 ),
 .UNSPECIFIED., .F., .F.,
 ( 4, 4 ),
 ( 4.000000000000000000, 5.000000000000000000 ),
 .UNSPECIFIED. ) ;
#10957 = ORIENTED_EDGE ( 'NONE', *, *, #10134, .T. ) ;
#10958 = ADVANCED_FACE ( 'NONE', ( #7484 ), #1727, .F. ) ;
#10959 = CARTESIAN_POINT ( 'NONE',  ( 2.274754266822200900, 1.226720266083703300, 1.659999999999999900 ) ) ;
#10960 = VECTOR ( 'NONE', #9517, 1000.000000000000000 ) ;
#10961 =( GEOMETRIC_REPRESENTATION_CONTEXT ( 3 ) GLOBAL_UNCERTAINTY_ASSIGNED_CONTEXT ( ( #6096 ) ) GLOBAL_UNIT_ASSIGNED_CONTEXT ( ( #6196, #7068, #998 ) ) REPRESENTATION_CONTEXT ( 'NONE', 'WORKASPACE' ) );
#10962 = ORIENTED_EDGE ( 'NONE', *, *, #6060, .F. ) ;
#10963 = DIRECTION ( 'NONE',  ( -0.0000000000000000000, -0.0000000000000000000, -1.000000000000000000 ) ) ;
#10964 = DIRECTION ( 'NONE',  ( -1.000000000000000000, -4.196089704209765800E-014, 0.0000000000000000000 ) ) ;
#10965 = VERTEX_POINT ( 'NONE', #1809 ) ;
#10966 = CARTESIAN_POINT ( 'NONE',  ( 1.727945630333487700, 1.465134487852311400, 1.649999999999999900 ) ) ;
#10967 = DIRECTION ( 'NONE',  ( 0.0000000000000000000, -1.000000000000000000, 0.0000000000000000000 ) ) ;
#10968 = VECTOR ( 'NONE', #2517, 1000.000000000000000 ) ;
#10969 = SURFACE_STYLE_USAGE ( .BOTH. , #9270 ) ;
#10970 = B_SPLINE_SURFACE_WITH_KNOTS ( 'NONE', 3, 1, ( 
 ( #10724, #1930 ),
 ( #6373, #4518 ),
 ( #185, #8086 ),
 ( #5394, #221 ) ),
 .UNSPECIFIED., .F., .F., .F.,
 ( 4, 4 ),
 ( 2, 2 ),
 ( 4.000000000000000000, 5.000000000000000000 ),
 ( 0.0000000000000000000, 1.000000000000000000 ),
 .UNSPECIFIED. ) ;
#10971 = CARTESIAN_POINT ( 'NONE',  ( 2.437005624189463800, 1.195242618550703000, 1.659999999999999900 ) ) ;
#10972 = EDGE_CURVE ( 'NONE', #6634, #5228, #7629, .T. ) ;
#10973 = ORIENTED_EDGE ( 'NONE', *, *, #5348, .F. ) ;
#10974 = MECHANICAL_DESIGN_GEOMETRIC_PRESENTATION_REPRESENTATION (  '', ( #7855 ), #5624 ) ;
#10975 = B_SPLINE_CURVE_WITH_KNOTS ( 'NONE', 3,
 ( #9758, #10678, #4514, #5433 ),
 .UNSPECIFIED., .F., .F.,
 ( 4, 4 ),
 ( 21.00000000000000000, 22.00000000000000000 ),
 .UNSPECIFIED. ) ;
#10976 = CARTESIAN_POINT ( 'NONE',  ( 2.292968860619297300, 1.194417361873971300, 1.659999999999999900 ) ) ;
#10977 = CARTESIAN_POINT ( 'NONE',  ( 2.346522124259034800, 1.360706582266758800, 1.659999999999999900 ) ) ;
#10978 = VECTOR ( 'NONE', #8717, 1000.000000000000000 ) ;
#10979 = ORIENTED_EDGE ( 'NONE', *, *, #5145, .F. ) ;
#10980 = CARTESIAN_POINT ( 'NONE',  ( 2.314956056367898800, 1.361001316793882100, 1.659999999999999900 ) ) ;
#10981 = CARTESIAN_POINT ( 'NONE',  ( 2.186481275847953500, 1.279831427931967400, 1.659999999999999900 ) ) ;
#10982 = CARTESIAN_POINT ( 'NONE',  ( 2.255478628726285400, 1.254366364759375500, 1.659999999999999900 ) ) ;
#10983 = EDGE_CURVE ( 'NONE', #1825, #1250, #4020, .T. ) ;
#10984 = FILL_AREA_STYLE ('',( #4972 ) ) ;
#10985 =( GEOMETRIC_REPRESENTATION_CONTEXT ( 3 ) GLOBAL_UNCERTAINTY_ASSIGNED_CONTEXT ( ( #5596 ) ) GLOBAL_UNIT_ASSIGNED_CONTEXT ( ( #7204, #1973, #8953 ) ) REPRESENTATION_CONTEXT ( 'NONE', 'WORKASPACE' ) );
#10986 = VECTOR ( 'NONE', #11104, 1000.000000000000000 ) ;
#10987 = PLANE ( 'NONE',  #3069 ) ;
#10988 = VERTEX_POINT ( 'NONE', #2624 ) ;
#10989 = LINE ( 'NONE', #5664, #3192 ) ;
#10990 = VECTOR ( 'NONE', #2626, 1000.000000000000000 ) ;
#10991 = CARTESIAN_POINT ( 'NONE',  ( 2.247432376126760700, 1.215225619512504400, 1.659999999999999900 ) ) ;
#10992 = LINE ( 'NONE', #10558, #6629 ) ;
#10993 = VECTOR ( 'NONE', #6325, 999.9999999999998900 ) ;
#10994 = VERTEX_POINT ( 'NONE', #3540 ) ;
#10995 = VECTOR ( 'NONE', #4452, 1000.000000000000000 ) ;
#10996 = CARTESIAN_POINT ( 'NONE',  ( 2.356926253078302800, 1.187638467742258500, 1.649999999999999900 ) ) ;
#10997 = CARTESIAN_POINT ( 'NONE',  ( 1.732044491604669800, 1.123289498511300400, 1.659999999999999900 ) ) ;
#10998 = VECTOR ( 'NONE', #9974, 1000.000000000000000 ) ;
#10999 = EDGE_CURVE ( 'NONE', #4201, #4214, #1731, .T. ) ;
#11000 = EDGE_CURVE ( 'NONE', #9267, #6887, #1627, .T. ) ;
#11001 = ADVANCED_FACE ( 'NONE', ( #8032 ), #7962, .T. ) ;
#11002 = ORIENTED_EDGE ( 'NONE', *, *, #367, .F. ) ;
#11003 = CARTESIAN_POINT ( 'NONE',  ( 2.242657676781846000, 1.449657462654180300, 1.659999999999999900 ) ) ;
#11004 = AXIS2_PLACEMENT_3D ( 'NONE', #2357, #1482, #3168 ) ;
#11005 = CARTESIAN_POINT ( 'NONE',  ( 1.566450490004893200, 1.242976203841510600, 1.659999999999999900 ) ) ;
#11006 = CARTESIAN_POINT ( 'NONE',  ( 2.186481275847957000, 1.190939494449978000, 1.649999999999999900 ) ) ;
#11007 = DIRECTION ( 'NONE',  ( 0.0000000000000000000, -0.0000000000000000000, -1.000000000000000000 ) ) ;
#11008 = ORIENTED_EDGE ( 'NONE', *, *, #6975, .T. ) ;
#11009 = VECTOR ( 'NONE', #622, 1000.000000000000100 ) ;
#11010 = LINE ( 'NONE', #4638, #2557 ) ;
#11011 = ADVANCED_FACE ( 'NONE', ( #9771 ), #4290, .F. ) ;
#11012 = ORIENTED_EDGE ( 'NONE', *, *, #9054, .T. ) ;
#11013 = ORIENTED_EDGE ( 'NONE', *, *, #9191, .T. ) ;
#11014 = CARTESIAN_POINT ( 'NONE',  ( 2.640284027777977500, 1.268985197321233400, 1.649999999999999900 ) ) ;
#11015 = CARTESIAN_POINT ( 'NONE',  ( 2.399279604674362500, 1.140186208821061000, 1.659999999999999900 ) ) ;
#11016 = EDGE_CURVE ( 'NONE', #525, #7294, #783, .T. ) ;
#11017 = CARTESIAN_POINT ( 'NONE',  ( 1.687776808641531200, 1.391355031883523100, 1.649999999999999900 ) ) ;
#11018 = VECTOR ( 'NONE', #9831, 1000.000000000000000 ) ;
#11019 = CARTESIAN_POINT ( 'NONE',  ( 1.793527426304371500, 1.260191471214383400, 1.659999999999999900 ) ) ;
#11020 = EDGE_LOOP ( 'NONE', ( #4444, #4102, #10260, #2862 ) ) ;
#11021 = SURFACE_SIDE_STYLE ('',( #2477 ) ) ;
#11022 = CARTESIAN_POINT ( 'NONE',  ( 2.422268897815973400, 1.162998661246394100, 1.649999999999999900 ) ) ;
#11023 = CARTESIAN_POINT ( 'NONE',  ( 1.592683224029476400, 1.401192250462541100, 1.659999999999999900 ) ) ;
#11024 = VECTOR ( 'NONE', #8646, 1000.000000000000000 ) ;
#11025 = ORIENTED_EDGE ( 'NONE', *, *, #2330, .T. ) ;
#11026 = VERTEX_POINT ( 'NONE', #5347 ) ;
#11027 = FACE_OUTER_BOUND ( 'NONE', #9124, .T. ) ;
#11028 = VECTOR ( 'NONE', #3354, 1000.000000000000000 ) ;
#11029 = ORIENTED_EDGE ( 'NONE', *, *, #2916, .F. ) ;
#11030 = ORIENTED_EDGE ( 'NONE', *, *, #11069, .F. ) ;
#11031 = LINE ( 'NONE', #1265, #8463 ) ;
#11032 = CARTESIAN_POINT ( 'NONE',  ( 2.373961908765329600, 1.201962565776993200, 1.659999999999999900 ) ) ;
#11033 = VECTOR ( 'NONE', #9704, 1000.000000000000000 ) ;
#11034 = CARTESIAN_POINT ( 'NONE',  ( 2.230986189494375900, 1.293094481667485400, 1.659999999999999900 ) ) ;
#11035 = ORIENTED_EDGE ( 'NONE', *, *, #10062, .T. ) ;
#11036 = CARTESIAN_POINT ( 'NONE',  ( 2.490912569261756200, 1.177794334525312100, 1.659999999999999900 ) ) ;
#11037 = CARTESIAN_POINT ( 'NONE',  ( 2.552924713839388500, 1.190939494449978700, 1.649999999999999900 ) ) ;
#11038 = VECTOR ( 'NONE', #9933, 1000.000000000000000 ) ;
#11039 =( NAMED_UNIT ( * ) PLANE_ANGLE_UNIT ( ) SI_UNIT ( $, .RADIAN. ) );
#11040 = DIRECTION ( 'NONE',  ( -1.000000000000000000, -0.0000000000000000000, -0.0000000000000000000 ) ) ;
#11041 = EDGE_LOOP ( 'NONE', ( #4121, #2492, #7895, #2028 ) ) ;
#11042 = SPHERICAL_SURFACE ( 'NONE', #4461, 0.1000000000000000100 ) ;
#11043 =( NAMED_UNIT ( * ) PLANE_ANGLE_UNIT ( ) SI_UNIT ( $, .RADIAN. ) );
#11044 = FACE_OUTER_BOUND ( 'NONE', #11173, .T. ) ;
#11045 = ORIENTED_EDGE ( 'NONE', *, *, #9765, .F. ) ;
#11046 = CARTESIAN_POINT ( 'NONE',  ( 2.256775460647202800, 1.443114356144166400, 1.659999999999999900 ) ) ;
#11047 = CARTESIAN_POINT ( 'NONE',  ( 2.266265912431597100, 1.191411069693372600, 1.649999999999999900 ) ) ;
#11048 = DIRECTION ( 'NONE',  ( 0.0000000000000000000, 0.0000000000000000000, 1.000000000000000000 ) ) ;
#11049 = EDGE_CURVE ( 'NONE', #7216, #6543, #5957, .T. ) ;
#11050 = SURFACE_STYLE_USAGE ( .BOTH. , #10213 ) ;
#11051 = VERTEX_POINT ( 'NONE', #219 ) ;
#11052 = AXIS2_PLACEMENT_3D ( 'NONE', #2676, #2563, #6913 ) ;
#11053 = B_SPLINE_CURVE_WITH_KNOTS ( 'NONE', 3,
 ( #7421, #3960, #10953, #10074 ),
 .UNSPECIFIED., .F., .F.,
 ( 4, 4 ),
 ( 3.000000000000000000, 4.000000000000000000 ),
 .UNSPECIFIED. ) ;
#11054 = COLOUR_RGB ( '',0.2980392156862745100, 0.2980392156862745100, 0.2980392156862745100 ) ;
#11055 = CARTESIAN_POINT ( 'NONE',  ( 2.278998444017893600, 1.477951977290310700, 1.659999999999999900 ) ) ;
#11056 = VERTEX_POINT ( 'NONE', #10679 ) ;
#11057 = VERTEX_POINT ( 'NONE', #8195 ) ;
#11058 = CARTESIAN_POINT ( 'NONE',  ( 2.718889726251553900, 1.293094481667487600, 1.649999999999999900 ) ) ;
#11059 = ORIENTED_EDGE ( 'NONE', *, *, #4372, .F. ) ;
#11060 = FILL_AREA_STYLE_COLOUR ( '', #4342 ) ;
#11061 = PLANE ( 'NONE',  #9743 ) ;
#11062 =( NAMED_UNIT ( * ) SI_UNIT ( $, .STERADIAN. ) SOLID_ANGLE_UNIT ( ) );
#11063 = B_SPLINE_SURFACE_WITH_KNOTS ( 'NONE', 3, 1, ( 
 ( #5364, #236 ),
 ( #8809, #2839 ),
 ( #1062, #1100 ),
 ( #8882, #1941 ) ),
 .UNSPECIFIED., .F., .F., .F.,
 ( 4, 4 ),
 ( 2, 2 ),
 ( 1.000000000000000000, 2.000000000000000000 ),
 ( 0.0000000000000000000, 1.000000000000000000 ),
 .UNSPECIFIED. ) ;
#11064 = EDGE_LOOP ( 'NONE', ( #5969, #7946, #4509, #1206 ) ) ;
#11065 = ORIENTED_EDGE ( 'NONE', *, *, #7136, .T. ) ;
#11066 = LINE ( 'NONE', #4784, #2068 ) ;
#11067 = ADVANCED_FACE ( 'NONE', ( #7345 ), #1024, .F. ) ;
#11068 = ORIENTED_EDGE ( 'NONE', *, *, #8950, .T. ) ;
#11069 = EDGE_CURVE ( 'NONE', #3036, #3390, #5120, .T. ) ;
#11070 = EDGE_CURVE ( 'NONE', #876, #3346, #9365, .T. ) ;
#11071 = STYLED_ITEM ( 'NONE', ( #10326 ), #3163 ) ;
#11072 = STYLED_ITEM ( 'NONE', ( #8330 ), #10893 ) ;
#11073 = DIRECTION ( 'NONE',  ( -0.0000000000000000000, -0.0000000000000000000, -1.000000000000000000 ) ) ;
#11074 = CARTESIAN_POINT ( 'NONE',  ( 1.686957033260347600, 1.440541320226799100, 1.659999999999999900 ) ) ;
#11075 = ORIENTED_EDGE ( 'NONE', *, *, #9244, .T. ) ;
#11076 = DIRECTION ( 'NONE',  ( 0.1710878697460357900, 0.1710878697460358200, -0.9702875252478137000 ) ) ;
#11077 = FACE_OUTER_BOUND ( 'NONE', #10006, .T. ) ;
#11078 = DIRECTION ( 'NONE',  ( -0.0000000000000000000, -1.000000000000000000, -0.0000000000000000000 ) ) ;
#11079 = DIRECTION ( 'NONE',  ( -1.000000000000000000, -0.0000000000000000000, -0.0000000000000000000 ) ) ;
#11080 = CARTESIAN_POINT ( 'NONE',  ( 0.0000000000000000000, -1.500000000000000000, 0.0000000000000000000 ) ) ;
#11081 = VERTEX_POINT ( 'NONE', #5469 ) ;
#11082 = EDGE_CURVE ( 'NONE', #10211, #828, #253, .T. ) ;
#11083 = ORIENTED_EDGE ( 'NONE', *, *, #2138, .T. ) ;
#11084 = CARTESIAN_POINT ( 'NONE',  ( 2.348143164159788700, 1.242518036754840500, 1.659999999999999900 ) ) ;
#11085 = LINE ( 'NONE', #5805, #7831 ) ;
#11086 = CARTESIAN_POINT ( 'NONE',  ( 1.814021717023177400, 1.213464446471775200, 1.659999999999999900 ) ) ;
#11087 = CARTESIAN_POINT ( 'NONE',  ( 2.648713435263156100, 1.261734727945336600, 1.649999999999999900 ) ) ;
#11088 = ORIENTED_EDGE ( 'NONE', *, *, #10124, .T. ) ;
#11089 = STYLED_ITEM ( 'NONE', ( #9081 ), #3780 ) ;
#11090 = CARTESIAN_POINT ( 'NONE',  ( 2.490912569261756200, 1.177794334525312100, 1.659999999999999900 ) ) ;
#11091 = CARTESIAN_POINT ( 'NONE',  ( 3.251519224698779600, 2.000000000000000000, 0.0000000000000000000 ) ) ;
#11092 = ORIENTED_EDGE ( 'NONE', *, *, #9630, .T. ) ;
#11093 = DIRECTION ( 'NONE',  ( 0.0000000000000000000, 1.000000000000000000, 0.0000000000000000000 ) ) ;
#11094 = VECTOR ( 'NONE', #9035, 1000.000000000000000 ) ;
#11095 = DIRECTION ( 'NONE',  ( 1.000000000000000000, -0.0000000000000000000, -0.0000000000000000000 ) ) ;
#11096 = CARTESIAN_POINT ( 'NONE',  ( 1.958301621250341900, 1.355285008919082900, 1.649999999999999900 ) ) ;
#11097 = ORIENTED_EDGE ( 'NONE', *, *, #2161, .T. ) ;
#11098 = VERTEX_POINT ( 'NONE', #6367 ) ;
#11099 = CARTESIAN_POINT ( 'NONE',  ( 2.552924713839388500, 1.177794334525312100, 1.659999999999999900 ) ) ;
#11100 = LINE ( 'NONE', #2261, #5777 ) ;
#11101 = ORIENTED_EDGE ( 'NONE', *, *, #1771, .T. ) ;
#11102 = FACE_OUTER_BOUND ( 'NONE', #6827, .T. ) ;
#11103 = CARTESIAN_POINT ( 'NONE',  ( 2.333170650164992000, 1.180682732894274600, 1.649999999999999900 ) ) ;
#11104 = DIRECTION ( 'NONE',  ( -0.0000000000000000000, 1.000000000000000000, -0.0000000000000000000 ) ) ;
#11105 = SURFACE_SIDE_STYLE ('',( #6667 ) ) ;
#11106 = ORIENTED_EDGE ( 'NONE', *, *, #554, .T. ) ;
#11107 = ORIENTED_EDGE ( 'NONE', *, *, #6319, .F. ) ;
#11108 = COLOUR_RGB ( '',0.6666666666666666300, 0.6666666666666666300, 0.6666666666666666300 ) ;
#11109 = CARTESIAN_POINT ( 'NONE',  ( 2.430315150415888900, 1.360706582266761400, 1.659999999999999900 ) ) ;
#11110 = PRESENTATION_STYLE_ASSIGNMENT (( #4417 ) ) ;
#11111 = CARTESIAN_POINT ( 'NONE',  ( 1.732044491604669800, 1.123289498511300400, 1.659999999999999900 ) ) ;
#11112 =( NAMED_UNIT ( * ) PLANE_ANGLE_UNIT ( ) SI_UNIT ( $, .RADIAN. ) );
#11113 = FACE_BOUND ( 'NONE', #121, .T. ) ;
#11114 = ORIENTED_EDGE ( 'NONE', *, *, #8389, .T. ) ;
#11115 = B_SPLINE_SURFACE_WITH_KNOTS ( 'NONE', 3, 1, ( 
 ( #10360, #8691 ),
 ( #8798, #5213 ),
 ( #7095, #9702 ),
 ( #5184, #4376 ) ),
 .UNSPECIFIED., .F., .F., .F.,
 ( 4, 4 ),
 ( 2, 2 ),
 ( 5.000000000000000000, 6.000000000000000000 ),
 ( 0.0000000000000000000, 1.000000000000000000 ),
 .UNSPECIFIED. ) ;
#11116 = EDGE_CURVE ( 'NONE', #7076, #1533, #6818, .T. ) ;
#11117 = CIRCLE ( 'NONE', #7633, 0.09999999999999982500 ) ;
#11118 =( NAMED_UNIT ( * ) SI_UNIT ( $, .STERADIAN. ) SOLID_ANGLE_UNIT ( ) );
#11119 = EDGE_CURVE ( 'NONE', #273, #7819, #11010, .T. ) ;
#11120 = ADVANCED_FACE ( 'NONE', ( #4162 ), #337, .F. ) ;
#11121 = CARTESIAN_POINT ( 'NONE',  ( 1.731224716223094900, 1.172475771218660200, 1.649999999999999900 ) ) ;
#11122 = VECTOR ( 'NONE', #7268, 1000.000000000000000 ) ;
#11123 = CARTESIAN_POINT ( 'NONE',  ( 2.405911131542119600, 1.462743675673420200, 1.649999999999999900 ) ) ;
#11124 = DIRECTION ( 'NONE',  ( 1.000000000000000000, 0.0000000000000000000, 0.0000000000000000000 ) ) ;
#11125 = FACE_OUTER_BOUND ( 'NONE', #6006, .T. ) ;
#11126 = DIRECTION ( 'NONE',  ( 0.0000000000000000000, 0.0000000000000000000, -1.000000000000000000 ) ) ;
#11127 = LINE ( 'NONE', #4741, #10574 ) ;
#11128 = VECTOR ( 'NONE', #2905, 1000.000000000000000 ) ;
#11129 = FILL_AREA_STYLE_COLOUR ( '', #10843 ) ;
#11130 = EDGE_CURVE ( 'NONE', #5689, #8624, #4953, .T. ) ;
#11131 = EDGE_CURVE ( 'NONE', #7545, #9936, #4887, .T. ) ;
#11132 = CARTESIAN_POINT ( 'NONE',  ( 2.233609326788925200, 1.177794334525310800, 1.659999999999999900 ) ) ;
#11133 = VECTOR ( 'NONE', #10684, 1000.000000000000000 ) ;
#11134 = CARTESIAN_POINT ( 'NONE',  ( 2.607008499627946600, 1.279831427931971400, 1.649999999999999900 ) ) ;
#11135 = PRESENTATION_LAYER_ASSIGNMENT (  '', '', ( #3091 ) ) ;
#11136 = VERTEX_POINT ( 'NONE', #3646 ) ;
#11137 = VECTOR ( 'NONE', #3788, 1000.000000000000000 ) ;
#11138 = COLOUR_RGB ( '',0.2980392156862745100, 0.2980392156862745100, 0.2980392156862745100 ) ;
#11139 = VECTOR ( 'NONE', #4459, 999.9999999999998900 ) ;
#11140 = ORIENTED_EDGE ( 'NONE', *, *, #4707, .T. ) ;
#11141 = DIRECTION ( 'NONE',  ( -0.0000000000000000000, -1.000000000000000000, -0.0000000000000000000 ) ) ;
#11142 = VERTEX_POINT ( 'NONE', #1994 ) ;
#11143 = DIRECTION ( 'NONE',  ( -0.1710878697460360700, -0.1710878697460360700, -0.9702875252478139200 ) ) ;
#11144 = DIRECTION ( 'NONE',  ( -0.0000000000000000000, -1.000000000000000000, -0.0000000000000000000 ) ) ;
#11145 = ADVANCED_FACE ( 'NONE', ( #3621 ), #8504, .T. ) ;
#11146 = FILL_AREA_STYLE ('',( #4183 ) ) ;
#11147 = EDGE_CURVE ( 'NONE', #4481, #7422, #7558, .T. ) ;
#11148 = LINE ( 'NONE', #883, #5377 ) ;
#11149 = EDGE_CURVE ( 'NONE', #7277, #49, #395, .T. ) ;
#11150 = ORIENTED_EDGE ( 'NONE', *, *, #6385, .T. ) ;
#11151 = CARTESIAN_POINT ( 'NONE',  ( 1.687776808641531200, 1.391355031883523100, 1.659999999999999900 ) ) ;
#11152 = ORIENTED_EDGE ( 'NONE', *, *, #10675, .F. ) ;
#11153 = PRODUCT_DEFINITION_FORMATION_WITH_SPECIFIED_SOURCE ( '�κ�', '', #5771, .NOT_KNOWN. ) ;
#11154 = CARTESIAN_POINT ( 'NONE',  ( 2.227714636239762000, 1.242930665093599200, 1.649999999999999900 ) ) ;
#11155 = ORIENTED_EDGE ( 'NONE', *, *, #6867, .T. ) ;
#11156 = STYLED_ITEM ( 'NONE', ( #4710 ), #3089 ) ;
#11157 = FACE_BOUND ( 'NONE', #2419, .T. ) ;
#11158 = ORIENTED_EDGE ( 'NONE', *, *, #4110, .T. ) ;
#11159 = CARTESIAN_POINT ( 'NONE',  ( 1.996011163706104900, 1.399552707518137100, 1.659999999999999900 ) ) ;
#11160 = VERTEX_POINT ( 'NONE', #1398 ) ;
#11161 = DIRECTION ( 'NONE',  ( 0.0000000000000000000, 1.000000000000000000, -0.0000000000000000000 ) ) ;
#11162 = CARTESIAN_POINT ( 'NONE',  ( 1.930429352099704200, 1.227400549775460300, 1.649999999999999900 ) ) ;
#11163 =( NAMED_UNIT ( * ) PLANE_ANGLE_UNIT ( ) SI_UNIT ( $, .RADIAN. ) );
#11164 = CARTESIAN_POINT ( 'NONE',  ( 2.506798760291815100, 1.376858034371234000, 1.649999999999999900 ) ) ;
#11165 = EDGE_CURVE ( 'NONE', #1889, #6270, #2813, .T. ) ;
#11166 = SURFACE_STYLE_FILL_AREA ( #7960 ) ;
#11167 = CARTESIAN_POINT ( 'NONE',  ( 2.299158285695976900, 1.190526866111214900, 1.659999999999999900 ) ) ;
#11168 = ORIENTED_EDGE ( 'NONE', *, *, #4109, .T. ) ;
#11169 = EDGE_CURVE ( 'NONE', #992, #10988, #10877, .T. ) ;
#11170 = SURFACE_STYLE_USAGE ( .BOTH. , #4904 ) ;
#11171 = LINE ( 'NONE', #1137, #950 ) ;
#11172 = PLANE ( 'NONE',  #640 ) ;
#11173 = EDGE_LOOP ( 'NONE', ( #9444, #6437, #2944, #1353, #11140, #8524 ) ) ;
#11174 = PLANE ( 'NONE',  #9089 ) ;
#11175 = EDGE_LOOP ( 'NONE', ( #3044, #4431, #5850, #3227 ) ) ;
#11176 = B_SPLINE_SURFACE_WITH_KNOTS ( 'NONE', 3, 1, ( 
 ( #10094, #5768 ),
 ( #7437, #9331 ),
 ( #4035, #4840 ),
 ( #5691, #6707 ) ),
 .UNSPECIFIED., .F., .F., .F.,
 ( 4, 4 ),
 ( 2, 2 ),
 ( 14.00000000000000000, 15.00000000000000000 ),
 ( 0.0000000000000000000, 1.000000000000000000 ),
 .UNSPECIFIED. ) ;
#11177 = CARTESIAN_POINT ( 'NONE',  ( 2.264851186699830900, 1.451720604346405500, 1.649999999999999900 ) ) ;
#11178 = LINE ( 'NONE', #6194, #1767 ) ;
#11179 = LINE ( 'NONE', #11123, #6820 ) ;
#11180 = ORIENTED_EDGE ( 'NONE', *, *, #8322, .F. ) ;
#11181 = ADVANCED_FACE ( 'NONE', ( #4992 ), #8685, .T. ) ;
#11182 = COLOUR_RGB ( '',0.2980392156862745100, 0.2980392156862745100, 0.2980392156862745100 ) ;
#11183 = CARTESIAN_POINT ( 'NONE',  ( 2.662772272223479700, 1.267629418494891100, 1.659999999999999900 ) ) ;
#11184 = ORIENTED_EDGE ( 'NONE', *, *, #4454, .F. ) ;
#11185 = CARTESIAN_POINT ( 'NONE',  ( 2.496217790756276600, 1.385876910911449000, 1.659999999999999900 ) ) ;
#11186 =( NAMED_UNIT ( * ) SI_UNIT ( $, .STERADIAN. ) SOLID_ANGLE_UNIT ( ) );
#11187 = VERTEX_POINT ( 'NONE', #10072 ) ;
#11188 = MECHANICAL_DESIGN_GEOMETRIC_PRESENTATION_REPRESENTATION (  '', ( #676 ), #1264 ) ;
#11189 = EDGE_LOOP ( 'NONE', ( #4676, #1161, #8991, #9716 ) ) ;
#11190 = CARTESIAN_POINT ( 'NONE',  ( 2.405911131542119600, 1.462743675673420200, 1.659999999999999900 ) ) ;
#11191 = DIRECTION ( 'NONE',  ( 0.0000000000000000000, 0.0000000000000000000, -1.000000000000000000 ) ) ;
#11192 = CARTESIAN_POINT ( 'NONE',  ( 2.249790252346502800, 1.186636370348465300, 1.659999999999999900 ) ) ;
#11193 = CARTESIAN_POINT ( 'NONE',  ( 2.171597182211292100, 1.360706582266758800, 1.659999999999999900 ) ) ;
#11194 = ORIENTED_EDGE ( 'NONE', *, *, #8871, .T. ) ;
#11195 = ORIENTED_EDGE ( 'NONE', *, *, #8891, .T. ) ;
#11196 = EDGE_LOOP ( 'NONE', ( #3384, #8984, #9286, #2499 ) ) ;
#11197 = DIRECTION ( 'NONE',  ( 0.0000000000000000000, -1.000000000000000000, 0.0000000000000000000 ) ) ;
#11198 = ORIENTED_EDGE ( 'NONE', *, *, #4768, .F. ) ;
#11199 =( NAMED_UNIT ( * ) SI_UNIT ( $, .STERADIAN. ) SOLID_ANGLE_UNIT ( ) );
#11200 = EDGE_CURVE ( 'NONE', #4025, #9297, #1336, .T. ) ;
#11201 =( NAMED_UNIT ( * ) SI_UNIT ( $, .STERADIAN. ) SOLID_ANGLE_UNIT ( ) );
#11202 = AXIS2_PLACEMENT_3D ( 'NONE', #6643, #8451, #5753 ) ;
#11203 = CARTESIAN_POINT ( 'NONE',  ( 2.186481275847957000, 1.190939494449978000, 1.659999999999999900 ) ) ;
#11204 = VERTEX_POINT ( 'NONE', #3920 ) ;
#11205 = UNCERTAINTY_MEASURE_WITH_UNIT (LENGTH_MEASURE( 1.000000000000000100E-005 ), #2064, 'distance_accuracy_value', 'NONE');
#11206 = ADVANCED_FACE ( 'NONE', ( #7073 ), #9956, .T. ) ;
#11207 = CARTESIAN_POINT ( 'NONE',  ( 2.299158285695976900, 1.230139186602273700, 1.659999999999999900 ) ) ;
#11208 = DIRECTION ( 'NONE',  ( -0.0000000000000000000, 1.000000000000000000, -0.0000000000000000000 ) ) ;
#11209 = DIRECTION ( 'NONE',  ( -1.000000000000000000, 0.0000000000000000000, 0.0000000000000000000 ) ) ;
#11210 = CARTESIAN_POINT ( 'NONE',  ( 2.589589689055269900, 1.190939494449980500, 1.649999999999999900 ) ) ;
#11211 = CARTESIAN_POINT ( 'NONE',  ( 2.488024170892792200, 1.377860131765026800, 1.659999999999999900 ) ) ;
#11212 = ORIENTED_EDGE ( 'NONE', *, *, #4690, .T. ) ;
#11213 = DIRECTION ( 'NONE',  ( -0.0000000000000000000, -0.0000000000000000000, -1.000000000000000000 ) ) ;
#11214 = ORIENTED_EDGE ( 'NONE', *, *, #9740, .F. ) ;
#11215 = EDGE_CURVE ( 'NONE', #5124, #2842, #2156, .T. ) ;
#11216 = B_SPLINE_CURVE_WITH_KNOTS ( 'NONE', 3,
 ( #10004, #10035, #2202, #10920 ),
 .UNSPECIFIED., .F., .F.,
 ( 4, 4 ),
 ( 12.00000000000000000, 13.00000000000000000 ),
 .UNSPECIFIED. ) ;
#11217 = EDGE_CURVE ( 'NONE', #1126, #8225, #8703, .T. ) ;
#11218 = CARTESIAN_POINT ( 'NONE',  ( 3.650000000000000400, 0.6999999999999999600, -0.2999999999999999900 ) ) ;
#11219 = VECTOR ( 'NONE', #2240, 1000.000000000000000 ) ;
#11220 = STYLED_ITEM ( 'NONE', ( #6103 ), #10858 ) ;
#11221 = CARTESIAN_POINT ( 'NONE',  ( 2.383953409246230200, 1.213810893780741000, 1.659999999999999900 ) ) ;
#11222 = CARTESIAN_POINT ( 'NONE',  ( 2.490912569261756200, 1.177794334525312100, 1.659999999999999900 ) ) ;
#11223 = PLANE ( 'NONE',  #1752 ) ;
#11224 = VERTEX_POINT ( 'NONE', #4705 ) ;
#11225 =( NAMED_UNIT ( * ) PLANE_ANGLE_UNIT ( ) SI_UNIT ( $, .RADIAN. ) );
#11226 = DIRECTION ( 'NONE',  ( -1.000000000000000000, -0.0000000000000000000, -0.0000000000000000000 ) ) ;
#11227 = CARTESIAN_POINT ( 'NONE',  ( -3.254401861300145100, -1.904401861300146100, 0.03371306231658871600 ) ) ;
#11228 = VERTEX_POINT ( 'NONE', #6481 ) ;
#11229 = CARTESIAN_POINT ( 'NONE',  ( 2.726700191229772600, 1.278357755293995100, 1.659999999999999900 ) ) ;
#11230 = EDGE_CURVE ( 'NONE', #3565, #4219, #2426, .T. ) ;
#11231 = ORIENTED_EDGE ( 'NONE', *, *, #10045, .T. ) ;
#11232 = ADVANCED_FACE ( 'NONE', ( #2011 ), #1275, .F. ) ;
#11233 = CARTESIAN_POINT ( 'NONE',  ( 2.186481275847953500, 1.242930665093599200, 1.649999999999999900 ) ) ;
#11234 = CARTESIAN_POINT ( 'NONE',  ( 3.350000000000001000, 0.7000000000000000700, 0.0000000000000000000 ) ) ;
#11235 = DIRECTION ( 'NONE',  ( -0.1710878697460358800, -0.1710878697460358800, -0.9702875252478138100 ) ) ;
#11236 = CARTESIAN_POINT ( 'NONE',  ( 2.639606138365591500, 1.183158502924475600, 1.649999999999999900 ) ) ;
#11237 = CARTESIAN_POINT ( 'NONE',  ( -3.650000000000000400, 0.6999999999999999600, -1.879999999999999700 ) ) ;
#11238 = DIRECTION ( 'NONE',  ( 0.0000000000000000000, 0.0000000000000000000, -1.000000000000000000 ) ) ;
#11239 = ORIENTED_EDGE ( 'NONE', *, *, #2019, .T. ) ;
#11240 = CARTESIAN_POINT ( 'NONE',  ( 2.359254655845333600, 1.250299028280348100, 1.649999999999999900 ) ) ;
#11241 =( NAMED_UNIT ( * ) PLANE_ANGLE_UNIT ( ) SI_UNIT ( $, .RADIAN. ) );
#11242 = CARTESIAN_POINT ( 'NONE',  ( 2.631854620292796800, 1.276235666696343700, 1.649999999999999900 ) ) ;
#11243 = VERTEX_POINT ( 'NONE', #10834 ) ;
#11244 = DIRECTION ( 'NONE',  ( -1.000000000000000000, 0.0000000000000000000, -0.0000000000000000000 ) ) ;
#11245 = CYLINDRICAL_SURFACE ( 'NONE', #2365, 0.1000000000000000500 ) ;
#11246 = CARTESIAN_POINT ( 'NONE',  ( -3.650000000000000400, -0.6999999999999999600, -0.2999999999999999900 ) ) ;
#11247 = CARTESIAN_POINT ( 'NONE',  ( 2.348143164159788700, 1.239217010047907900, 1.649999999999999900 ) ) ;
#11248 = TOROIDAL_SURFACE ( 'NONE', #6690, 0.2000000000000000100, 0.1000000000000000100 ) ;
#11249 = AXIS2_PLACEMENT_3D ( 'NONE', #7029, #9613, #10488 ) ;
#11250 = CARTESIAN_POINT ( 'NONE',  ( 2.378677661204811500, 1.248294833493548200, 1.659999999999999900 ) ) ;
#11251 = ORIENTED_EDGE ( 'NONE', *, *, #9037, .T. ) ;
#11252 = LINE ( 'NONE', #59, #9880 ) ;
#11253 = DIRECTION ( 'NONE',  ( 0.0000000000000000000, 0.0000000000000000000, 1.000000000000000000 ) ) ;
#11254 = VECTOR ( 'NONE', #6067, 1000.000000000000000 ) ;
#11255 = ADVANCED_FACE ( 'NONE', ( #4430 ), #1317, .F. ) ;
#11256 = CARTESIAN_POINT ( 'NONE',  ( 2.518381827221151800, 1.450541666236338000, 1.659999999999999900 ) ) ;
#11257 = LINE ( 'NONE', #7272, #11133 ) ;
#11258 = EDGE_CURVE ( 'NONE', #10135, #10994, #8435, .T. ) ;
#11259 = AXIS2_PLACEMENT_3D ( 'NONE', #11218, #2384, #4250 ) ;
#11260 = ORIENTED_EDGE ( 'NONE', *, *, #10690, .T. ) ;
#11261 = VECTOR ( 'NONE', #8292, 1000.000000000000100 ) ;
#11262 = CARTESIAN_POINT ( 'NONE',  ( 2.348143164159788700, 1.239217010047907900, 1.649999999999999900 ) ) ;
#11263 = DIRECTION ( 'NONE',  ( -0.0000000000000000000, -0.0000000000000000000, -1.000000000000000000 ) ) ;
#11264 = DIRECTION ( 'NONE',  ( -1.000000000000000000, -0.0000000000000000000, -0.0000000000000000000 ) ) ;
#11265 = PLANE ( 'NONE',  #3517 ) ;
#11266 = DIRECTION ( 'NONE',  ( -0.0000000000000000000, -1.000000000000000000, -0.0000000000000000000 ) ) ;
#11267 = VERTEX_POINT ( 'NONE', #454 ) ;
#11268 = CARTESIAN_POINT ( 'NONE',  ( 2.352534708619046000, 1.247233789194329900, 1.649999999999999900 ) ) ;
#11269 = ORIENTED_EDGE ( 'NONE', *, *, #6301, .T. ) ;
#11270 = EDGE_CURVE ( 'NONE', #8318, #2768, #2502, .T. ) ;
#11271 = EDGE_CURVE ( 'NONE', #6555, #5844, #4224, .T. ) ;
#11272 = EDGE_LOOP ( 'NONE', ( #3830, #10259, #836, #705, #3729, #684, #7417, #5737 ) ) ;
#11273 = PRESENTATION_LAYER_ASSIGNMENT (  '', '', ( #4458 ) ) ;
#11274 = DIRECTION ( 'NONE',  ( 0.1736481776669307200, 0.0000000000000000000, -0.9848077530122080200 ) ) ;
#11275 = DIRECTION ( 'NONE',  ( -1.000000000000000000, 0.0000000000000000000, 0.0000000000000000000 ) ) ;
#11276 = CARTESIAN_POINT ( 'NONE',  ( 2.652928139005744900, 1.222122407455068900, 1.659999999999999900 ) ) ;
#11277 = FACE_OUTER_BOUND ( 'NONE', #1860, .T. ) ;
#11278 = CARTESIAN_POINT ( 'NONE',  ( 0.0000000000000000000, 0.0000000000000000000, 0.0000000000000000000 ) ) ;
#11279 = ADVANCED_FACE ( 'NONE', ( #6322 ), #2607, .F. ) ;
#11280 = B_SPLINE_CURVE_WITH_KNOTS ( 'NONE', 3,
 ( #10743, #6354, #9113, #2023 ),
 .UNSPECIFIED., .F., .F.,
 ( 4, 4 ),
 ( 12.00000000000000000, 13.00000000000000000 ),
 .UNSPECIFIED. ) ;
#11281 = VECTOR ( 'NONE', #9960, 1000.000000000000000 ) ;
#11282 = CARTESIAN_POINT ( 'NONE',  ( 2.348143164159788700, 1.242518036754840500, 1.649999999999999900 ) ) ;
#11283 = ORIENTED_EDGE ( 'NONE', *, *, #1817, .T. ) ;
#11284 = DIRECTION ( 'NONE',  ( -0.0000000000000000000, -0.0000000000000000000, -1.000000000000000000 ) ) ;
#11285 = VECTOR ( 'NONE', #11076, 1000.000000000000200 ) ;
#11286 = CARTESIAN_POINT ( 'NONE',  ( 2.388787055496564000, 1.200194158611884900, 1.659999999999999900 ) ) ;
#11287 = CARTESIAN_POINT ( 'NONE',  ( 2.361406217895692700, 1.462743675673420200, 1.649999999999999900 ) ) ;
#11288 = ORIENTED_EDGE ( 'NONE', *, *, #8075, .F. ) ;
#11289 = DIRECTION ( 'NONE',  ( -1.000000000000000000, 0.0000000000000000000, 0.0000000000000000000 ) ) ;
#11290 = EDGE_CURVE ( 'NONE', #10813, #3007, #7000, .T. ) ;
ENDSEC;
END-ISO-10303-21;
